ISO-10303-21;
HEADER;
FILE_DESCRIPTION(('Open CASCADE Model'),'2;1');
FILE_NAME('Open CASCADE Shape Model','2026-05-27T17:59:58',('Author'),(
    'Open CASCADE'),'Open CASCADE STEP processor 7.9','Open CASCADE 7.9'
  ,'Unknown');
FILE_SCHEMA((
'AP242_MANAGED_MODEL_BASED_3D_ENGINEERING_MIM_LF {1 0 10303 442 1 1 4 }'
    ));
ENDSEC;
DATA;
#1 = APPLICATION_PROTOCOL_DEFINITION('international standard',
  'ap242_managed_model_based_3d_engineering',2013,#2);
#2 = APPLICATION_CONTEXT('Managed model based 3d engineering');
#3 = SHAPE_DEFINITION_REPRESENTATION(#4,#10);
#4 = PRODUCT_DEFINITION_SHAPE('','',#5);
#5 = PRODUCT_DEFINITION('design','',#6,#9);
#6 = PRODUCT_DEFINITION_FORMATION('','',#7);
#7 = PRODUCT('rj45plug','rj45plug','',(#8));
#8 = PRODUCT_CONTEXT('',#2,'mechanical');
#9 = PRODUCT_DEFINITION_CONTEXT('part definition',#2,'design');
#10 = ADVANCED_BREP_SHAPE_REPRESENTATION('',(#11,#15),#2873);
#11 = AXIS2_PLACEMENT_3D('',#12,#13,#14);
#12 = CARTESIAN_POINT('',(0.,0.,0.));
#13 = DIRECTION('',(0.,0.,1.));
#14 = DIRECTION('',(1.,0.,-0.));
#15 = MANIFOLD_SOLID_BREP('',#16);
#16 = CLOSED_SHELL('',(#17,#134,#336,#527,#708,#790,#909,#1033,#1721,
    #1771,#1852,#1906,#1988,#2061,#2189,#2312,#2383,#2446,#2518,#2612,
    #2640,#2647,#2704,#2737,#2770,#2800,#2808,#2839,#2848,#2857,#2866));
#17 = ADVANCED_FACE('',(#18),#33,.T.);
#18 = FACE_BOUND('',#19,.T.);
#19 = EDGE_LOOP('',(#20,#56,#84,#113));
#20 = ORIENTED_EDGE('',*,*,#21,.F.);
#21 = EDGE_CURVE('',#22,#24,#26,.T.);
#22 = VERTEX_POINT('',#23);
#23 = CARTESIAN_POINT('',(12.,1.592040838892E-15,3.));
#24 = VERTEX_POINT('',#25);
#25 = CARTESIAN_POINT('',(-12.,0.,3.));
#26 = SURFACE_CURVE('',#27,(#32,#44),.PCURVE_S1.);
#27 = CIRCLE('',#28,12.);
#28 = AXIS2_PLACEMENT_3D('',#29,#30,#31);
#29 = CARTESIAN_POINT('',(0.,0.,3.));
#30 = DIRECTION('',(0.,0.,1.));
#31 = DIRECTION('',(1.,0.,-0.));
#32 = PCURVE('',#33,#38);
#33 = CONICAL_SURFACE('',#34,12.,0.785398163397);
#34 = AXIS2_PLACEMENT_3D('',#35,#36,#37);
#35 = CARTESIAN_POINT('',(0.,0.,3.));
#36 = DIRECTION('',(0.,0.,-1.));
#37 = DIRECTION('',(-1.,0.,0.));
#38 = DEFINITIONAL_REPRESENTATION('',(#39),#43);
#39 = LINE('',#40,#41);
#40 = CARTESIAN_POINT('',(3.14159265359,0.));
#41 = VECTOR('',#42,1.);
#42 = DIRECTION('',(-1.,0.));
#43 = ( GEOMETRIC_REPRESENTATION_CONTEXT(2) 
PARAMETRIC_REPRESENTATION_CONTEXT() REPRESENTATION_CONTEXT('2D SPACE',''
  ) );
#44 = PCURVE('',#45,#50);
#45 = PLANE('',#46);
#46 = AXIS2_PLACEMENT_3D('',#47,#48,#49);
#47 = CARTESIAN_POINT('',(0.,0.,3.));
#48 = DIRECTION('',(0.,0.,1.));
#49 = DIRECTION('',(1.,0.,-0.));
#50 = DEFINITIONAL_REPRESENTATION('',(#51),#55);
#51 = CIRCLE('',#52,12.);
#52 = AXIS2_PLACEMENT_2D('',#53,#54);
#53 = CARTESIAN_POINT('',(0.,0.));
#54 = DIRECTION('',(1.,0.));
#55 = ( GEOMETRIC_REPRESENTATION_CONTEXT(2) 
PARAMETRIC_REPRESENTATION_CONTEXT() REPRESENTATION_CONTEXT('2D SPACE',''
  ) );
#56 = ORIENTED_EDGE('',*,*,#57,.T.);
#57 = EDGE_CURVE('',#22,#58,#60,.T.);
#58 = VERTEX_POINT('',#59);
#59 = CARTESIAN_POINT('',(14.,1.714505518806E-15,1.));
#60 = SURFACE_CURVE('',#61,(#65,#72),.PCURVE_S1.);
#61 = LINE('',#62,#63);
#62 = CARTESIAN_POINT('',(12.,1.469576158977E-15,3.));
#63 = VECTOR('',#64,1.);
#64 = DIRECTION('',(0.707106781187,8.659560562355E-17,-0.707106781187));
#65 = PCURVE('',#33,#66);
#66 = DEFINITIONAL_REPRESENTATION('',(#67),#71);
#67 = LINE('',#68,#69);
#68 = CARTESIAN_POINT('',(3.14159265359,-7.498798913309E-33));
#69 = VECTOR('',#70,1.);
#70 = DIRECTION('',(0.,1.));
#71 = ( GEOMETRIC_REPRESENTATION_CONTEXT(2) 
PARAMETRIC_REPRESENTATION_CONTEXT() REPRESENTATION_CONTEXT('2D SPACE',''
  ) );
#72 = PCURVE('',#73,#78);
#73 = CONICAL_SURFACE('',#74,12.,0.785398163397);
#74 = AXIS2_PLACEMENT_3D('',#75,#76,#77);
#75 = CARTESIAN_POINT('',(0.,0.,3.));
#76 = DIRECTION('',(0.,0.,-1.));
#77 = DIRECTION('',(-1.,0.,0.));
#78 = DEFINITIONAL_REPRESENTATION('',(#79),#83);
#79 = LINE('',#80,#81);
#80 = CARTESIAN_POINT('',(3.14159265359,-7.498798913309E-33));
#81 = VECTOR('',#82,1.);
#82 = DIRECTION('',(0.,1.));
#83 = ( GEOMETRIC_REPRESENTATION_CONTEXT(2) 
PARAMETRIC_REPRESENTATION_CONTEXT() REPRESENTATION_CONTEXT('2D SPACE',''
  ) );
#84 = ORIENTED_EDGE('',*,*,#85,.F.);
#85 = EDGE_CURVE('',#86,#58,#88,.T.);
#86 = VERTEX_POINT('',#87);
#87 = CARTESIAN_POINT('',(-14.,0.,1.));
#88 = SURFACE_CURVE('',#89,(#94,#101),.PCURVE_S1.);
#89 = CIRCLE('',#90,14.);
#90 = AXIS2_PLACEMENT_3D('',#91,#92,#93);
#91 = CARTESIAN_POINT('',(0.,0.,1.));
#92 = DIRECTION('',(0.,0.,-1.));
#93 = DIRECTION('',(1.,0.,0.));
#94 = PCURVE('',#33,#95);
#95 = DEFINITIONAL_REPRESENTATION('',(#96),#100);
#96 = LINE('',#97,#98);
#97 = CARTESIAN_POINT('',(-3.14159265359,2.));
#98 = VECTOR('',#99,1.);
#99 = DIRECTION('',(1.,0.));
#100 = ( GEOMETRIC_REPRESENTATION_CONTEXT(2) 
PARAMETRIC_REPRESENTATION_CONTEXT() REPRESENTATION_CONTEXT('2D SPACE',''
  ) );
#101 = PCURVE('',#102,#107);
#102 = CYLINDRICAL_SURFACE('',#103,14.);
#103 = AXIS2_PLACEMENT_3D('',#104,#105,#106);
#104 = CARTESIAN_POINT('',(0.,0.,3.));
#105 = DIRECTION('',(-0.,-0.,-1.));
#106 = DIRECTION('',(-1.,0.,0.));
#107 = DEFINITIONAL_REPRESENTATION('',(#108),#112);
#108 = LINE('',#109,#110);
#109 = CARTESIAN_POINT('',(-3.14159265359,2.));
#110 = VECTOR('',#111,1.);
#111 = DIRECTION('',(1.,0.));
#112 = ( GEOMETRIC_REPRESENTATION_CONTEXT(2) 
PARAMETRIC_REPRESENTATION_CONTEXT() REPRESENTATION_CONTEXT('2D SPACE',''
  ) );
#113 = ORIENTED_EDGE('',*,*,#114,.F.);
#114 = EDGE_CURVE('',#24,#86,#115,.T.);
#115 = SURFACE_CURVE('',#116,(#120,#127),.PCURVE_S1.);
#116 = LINE('',#117,#118);
#117 = CARTESIAN_POINT('',(-12.,0.,3.));
#118 = VECTOR('',#119,1.);
#119 = DIRECTION('',(-0.707106781187,0.,-0.707106781187));
#120 = PCURVE('',#33,#121);
#121 = DEFINITIONAL_REPRESENTATION('',(#122),#126);
#122 = LINE('',#123,#124);
#123 = CARTESIAN_POINT('',(0.,0.));
#124 = VECTOR('',#125,1.);
#125 = DIRECTION('',(0.,1.));
#126 = ( GEOMETRIC_REPRESENTATION_CONTEXT(2) 
PARAMETRIC_REPRESENTATION_CONTEXT() REPRESENTATION_CONTEXT('2D SPACE',''
  ) );
#127 = PCURVE('',#73,#128);
#128 = DEFINITIONAL_REPRESENTATION('',(#129),#133);
#129 = LINE('',#130,#131);
#130 = CARTESIAN_POINT('',(6.28318530718,0.));
#131 = VECTOR('',#132,1.);
#132 = DIRECTION('',(0.,1.));
#133 = ( GEOMETRIC_REPRESENTATION_CONTEXT(2) 
PARAMETRIC_REPRESENTATION_CONTEXT() REPRESENTATION_CONTEXT('2D SPACE',''
  ) );
#134 = ADVANCED_FACE('',(#135),#166,.F.);
#135 = FACE_BOUND('',#136,.F.);
#136 = EDGE_LOOP('',(#137,#277,#305));
#137 = ORIENTED_EDGE('',*,*,#138,.T.);
#138 = EDGE_CURVE('',#139,#141,#143,.T.);
#139 = VERTEX_POINT('',#140);
#140 = CARTESIAN_POINT('',(7.442445834536,8.1,-3.614593917138));
#141 = VERTEX_POINT('',#142);
#142 = CARTESIAN_POINT('',(4.,10.24695076596,-5.));
#143 = SURFACE_CURVE('',#144,(#165,#221),.PCURVE_S1.);
#144 = B_SPLINE_CURVE_WITH_KNOTS('',3,(#145,#146,#147,#148,#149,#150,
    #151,#152,#153,#154,#155,#156,#157,#158,#159,#160,#161,#162,#163,
    #164),.UNSPECIFIED.,.F.,.F.,(4,2,2,2,2,2,2,2,2,4),(
    8.575136454143E-03,9.23736818257E-03,9.899599910997E-03,
    1.056183163942E-02,1.122406336785E-02,1.188629509628E-02,
    1.221741096049E-02,1.25485268247E-02,1.321075855313E-02,
    1.387299028156E-02),.UNSPECIFIED.);
#145 = CARTESIAN_POINT('',(7.442445834536,8.1,-3.614593917138));
#146 = CARTESIAN_POINT('',(7.313527591011,8.218452721545,-3.480367869146
    ));
#147 = CARTESIAN_POINT('',(7.167722994403,8.346518401769,-3.366340056516
    ));
#148 = CARTESIAN_POINT('',(6.857152751811,8.603492226643,-3.184039933626
    ));
#149 = CARTESIAN_POINT('',(6.690378491849,8.734185188239,-3.114219818463
    ));
#150 = CARTESIAN_POINT('',(6.340454512368,8.991428798764,-3.02088906827)
  );
#151 = CARTESIAN_POINT('',(6.160502786753,9.115748422333,-2.997864019573
    ));
#152 = CARTESIAN_POINT('',(5.790073896174,9.355410635654,-3.002441325115
    ));
#153 = CARTESIAN_POINT('',(5.598391724416,9.471189919516,-3.03114592243)
  );
#154 = CARTESIAN_POINT('',(5.227293958362,9.68095172307,-3.145114300288)
  );
#155 = CARTESIAN_POINT('',(5.04222228895,9.7781070346,-3.232428240937));
#156 = CARTESIAN_POINT('',(4.789271956202,9.90311667241,-3.404835550557)
  );
#157 = CARTESIAN_POINT('',(4.708759301759,9.941562281766,-3.469108821845
    ));
#158 = CARTESIAN_POINT('',(4.556181065038,10.012406746968,
    -3.612081694338));
#159 = CARTESIAN_POINT('',(4.483429925265,10.045097926596,-3.69174600975
    ));
#160 = CARTESIAN_POINT('',(4.286528687602,10.131446925738,
    -3.946401765408));
#161 = CARTESIAN_POINT('',(4.181582919037,10.174498363412,
    -4.138434619464));
#162 = CARTESIAN_POINT('',(4.037251082226,10.232627050514,
    -4.556657839752));
#163 = CARTESIAN_POINT('',(4.,10.24695076596,-4.776017347641));
#164 = CARTESIAN_POINT('',(4.,10.24695076596,-5.));
#165 = PCURVE('',#166,#171);
#166 = CYLINDRICAL_SURFACE('',#167,2.);
#167 = AXIS2_PLACEMENT_3D('',#168,#169,#170);
#168 = CARTESIAN_POINT('',(6.,0.943145750508,-5.));
#169 = DIRECTION('',(5.421010862428E-17,1.,-0.));
#170 = DIRECTION('',(-1.,5.421010862428E-17,0.));
#171 = DEFINITIONAL_REPRESENTATION('',(#172),#220);
#172 = B_SPLINE_CURVE_WITH_KNOTS('',3,(#173,#174,#175,#176,#177,#178,
    #179,#180,#181,#182,#183,#184,#185,#186,#187,#188,#189,#190,#191,
    #192,#193,#194,#195,#196,#197,#198,#199,#200,#201,#202,#203,#204,
    #205,#206,#207,#208,#209,#210,#211,#212,#213,#214,#215,#216,#217,
    #218,#219),.UNSPECIFIED.,.F.,.F.,(4,1,1,1,1,1,1,1,1,1,1,1,1,1,1,1,1,
    1,1,1,1,1,1,1,1,1,1,1,1,1,1,1,1,1,1,1,1,1,1,1,1,1,1,1,4),(
    8.575136454143E-03,8.695542222948E-03,8.815947991753E-03,
    8.936353760558E-03,9.056759529363E-03,9.177165298168E-03,
    9.297571066972E-03,9.417976835777E-03,9.538382604582E-03,
    9.658788373387E-03,9.779194142192E-03,9.899599910997E-03,
    1.00200056798E-02,1.014041144861E-02,1.026081721741E-02,
    1.038122298622E-02,1.050162875502E-02,1.062203452383E-02,
    1.074244029263E-02,1.086284606144E-02,1.098325183024E-02,
    1.110365759905E-02,1.122406336785E-02,1.134446913666E-02,
    1.146487490546E-02,1.158528067427E-02,1.170568644307E-02,
    1.182609221187E-02,1.194649798068E-02,1.206690374948E-02,
    1.218730951829E-02,1.230771528709E-02,1.24281210559E-02,
    1.25485268247E-02,1.266893259351E-02,1.278933836231E-02,
    1.290974413112E-02,1.303014989992E-02,1.315055566873E-02,
    1.327096143753E-02,1.339136720634E-02,1.351177297514E-02,
    1.363217874395E-02,1.375258451275E-02,1.387299028156E-02),
  .QUASI_UNIFORM_KNOTS.);
#173 = CARTESIAN_POINT('',(2.376362454977,7.156854249492));
#174 = CARTESIAN_POINT('',(2.359444021823,7.178391107955));
#175 = CARTESIAN_POINT('',(2.325699835924,7.222100435234));
#176 = CARTESIAN_POINT('',(2.275366985415,7.289239389428));
#177 = CARTESIAN_POINT('',(2.225319692372,7.357622981266));
#178 = CARTESIAN_POINT('',(2.175571488896,7.426915487582));
#179 = CARTESIAN_POINT('',(2.126127194441,7.496801233188));
#180 = CARTESIAN_POINT('',(2.077039753748,7.566889748519));
#181 = CARTESIAN_POINT('',(2.027998276216,7.637357357622));
#182 = CARTESIAN_POINT('',(1.978976237135,7.708025098882));
#183 = CARTESIAN_POINT('',(1.929913161214,7.778750354549));
#184 = CARTESIAN_POINT('',(1.880773803378,7.84935706124));
#185 = CARTESIAN_POINT('',(1.83145141333,7.919766594232));
#186 = CARTESIAN_POINT('',(1.782096020349,7.989544019794));
#187 = CARTESIAN_POINT('',(1.73279571143,8.058402178792));
#188 = CARTESIAN_POINT('',(1.68337580743,8.126409240744));
#189 = CARTESIAN_POINT('',(1.63372528832,8.193539367749));
#190 = CARTESIAN_POINT('',(1.583714705151,8.259787422927));
#191 = CARTESIAN_POINT('',(1.533208874455,8.325159472735));
#192 = CARTESIAN_POINT('',(1.482046064555,8.389631008466));
#193 = CARTESIAN_POINT('',(1.43035013997,8.452922890904));
#194 = CARTESIAN_POINT('',(1.378206355186,8.514789722588));
#195 = CARTESIAN_POINT('',(1.325671490499,8.575010783233));
#196 = CARTESIAN_POINT('',(1.272917987818,8.633232902098));
#197 = CARTESIAN_POINT('',(1.219625105771,8.689608033089));
#198 = CARTESIAN_POINT('',(1.165543696618,8.744315309459));
#199 = CARTESIAN_POINT('',(1.110905132266,8.797029163319));
#200 = CARTESIAN_POINT('',(1.055810597697,8.847554994981));
#201 = CARTESIAN_POINT('',(1.000373802676,8.895679033092));
#202 = CARTESIAN_POINT('',(0.944727709055,8.941133224753));
#203 = CARTESIAN_POINT('',(0.888735019555,8.984057145026));
#204 = CARTESIAN_POINT('',(0.832253762557,9.024495347924));
#205 = CARTESIAN_POINT('',(0.774974006561,9.062579728961));
#206 = CARTESIAN_POINT('',(0.716735353567,9.098309556694));
#207 = CARTESIAN_POINT('',(0.658194149418,9.131232775465));
#208 = CARTESIAN_POINT('',(0.599615964462,9.161170396263));
#209 = CARTESIAN_POINT('',(0.54080169106,9.188276768713));
#210 = CARTESIAN_POINT('',(0.481728952388,9.212534337232));
#211 = CARTESIAN_POINT('',(0.422312986693,9.233973107267));
#212 = CARTESIAN_POINT('',(0.362502424559,9.252604745351));
#213 = CARTESIAN_POINT('',(0.302132263018,9.268466712648));
#214 = CARTESIAN_POINT('',(0.241944939926,9.281399036379));
#215 = CARTESIAN_POINT('',(0.181748165312,9.291433742576));
#216 = CARTESIAN_POINT('',(0.121451606904,9.2985813133));
#217 = CARTESIAN_POINT('',(6.093335017589E-02,9.302858005282));
#218 = CARTESIAN_POINT('',(2.036193720456E-02,9.303805015452));
#219 = CARTESIAN_POINT('',(0.,9.303805015452));
#220 = ( GEOMETRIC_REPRESENTATION_CONTEXT(2) 
PARAMETRIC_REPRESENTATION_CONTEXT() REPRESENTATION_CONTEXT('2D SPACE',''
  ) );
#221 = PCURVE('',#222,#227);
#222 = CYLINDRICAL_SURFACE('',#223,11.);
#223 = AXIS2_PLACEMENT_3D('',#224,#225,#226);
#224 = CARTESIAN_POINT('',(0.,0.,-8.));
#225 = DIRECTION('',(-0.,-0.,1.));
#226 = DIRECTION('',(1.,0.,0.));
#227 = DEFINITIONAL_REPRESENTATION('',(#228),#276);
#228 = B_SPLINE_CURVE_WITH_KNOTS('',3,(#229,#230,#231,#232,#233,#234,
    #235,#236,#237,#238,#239,#240,#241,#242,#243,#244,#245,#246,#247,
    #248,#249,#250,#251,#252,#253,#254,#255,#256,#257,#258,#259,#260,
    #261,#262,#263,#264,#265,#266,#267,#268,#269,#270,#271,#272,#273,
    #274,#275),.UNSPECIFIED.,.F.,.F.,(4,1,1,1,1,1,1,1,1,1,1,1,1,1,1,1,1,
    1,1,1,1,1,1,1,1,1,1,1,1,1,1,1,1,1,1,1,1,1,1,1,1,1,1,1,4),(
    8.575136454143E-03,8.695542222948E-03,8.815947991753E-03,
    8.936353760558E-03,9.056759529363E-03,9.177165298168E-03,
    9.297571066972E-03,9.417976835777E-03,9.538382604582E-03,
    9.658788373387E-03,9.779194142192E-03,9.899599910997E-03,
    1.00200056798E-02,1.014041144861E-02,1.026081721741E-02,
    1.038122298622E-02,1.050162875502E-02,1.062203452383E-02,
    1.074244029263E-02,1.086284606144E-02,1.098325183024E-02,
    1.110365759905E-02,1.122406336785E-02,1.134446913666E-02,
    1.146487490546E-02,1.158528067427E-02,1.170568644307E-02,
    1.182609221187E-02,1.194649798068E-02,1.206690374948E-02,
    1.218730951829E-02,1.230771528709E-02,1.24281210559E-02,
    1.25485268247E-02,1.266893259351E-02,1.278933836231E-02,
    1.290974413112E-02,1.303014989992E-02,1.315055566873E-02,
    1.327096143753E-02,1.339136720634E-02,1.351177297514E-02,
    1.363217874395E-02,1.375258451275E-02,1.387299028156E-02),
  .QUASI_UNIFORM_KNOTS.);
#229 = CARTESIAN_POINT('',(0.827679943145,4.385406082862));
#230 = CARTESIAN_POINT('',(0.83057373738,4.40981081886));
#231 = CARTESIAN_POINT('',(0.836475137519,4.457284898472));
#232 = CARTESIAN_POINT('',(0.845631200926,4.524392955851));
#233 = CARTESIAN_POINT('',(0.855053920238,4.587302079131));
#234 = CARTESIAN_POINT('',(0.864705412358,4.645912851391));
#235 = CARTESIAN_POINT('',(0.874550536366,4.70013902232));
#236 = CARTESIAN_POINT('',(0.884544558304,4.749845220034));
#237 = CARTESIAN_POINT('',(0.894718282283,4.795313497293));
#238 = CARTESIAN_POINT('',(0.905051750791,4.83644520851));
#239 = CARTESIAN_POINT('',(0.915530659817,4.873184435809));
#240 = CARTESIAN_POINT('',(0.926135530145,4.905458649848));
#241 = CARTESIAN_POINT('',(0.936862448412,4.933219039425));
#242 = CARTESIAN_POINT('',(0.947651041516,4.956338532256));
#243 = CARTESIAN_POINT('',(0.958458385449,4.974695898934));
#244 = CARTESIAN_POINT('',(0.969298015858,4.988246642148));
#245 = CARTESIAN_POINT('',(0.980168551467,4.996927897893));
#246 = CARTESIAN_POINT('',(0.99107195685,5.000673536836));
#247 = CARTESIAN_POINT('',(1.002011859849,4.999448857658));
#248 = CARTESIAN_POINT('',(1.012993006719,4.992931884541));
#249 = CARTESIAN_POINT('',(1.023962839133,4.981078733742));
#250 = CARTESIAN_POINT('',(1.034876207879,4.963820550277));
#251 = CARTESIAN_POINT('',(1.045692153883,4.941073384366));
#252 = CARTESIAN_POINT('',(1.056345185465,4.912838636648));
#253 = CARTESIAN_POINT('',(1.066863718547,4.878791400886));
#254 = CARTESIAN_POINT('',(1.077267701249,4.838771495101));
#255 = CARTESIAN_POINT('',(1.087483003298,4.792945255746));
#256 = CARTESIAN_POINT('',(1.097459758332,4.741392928421));
#257 = CARTESIAN_POINT('',(1.107144053043,4.684212603706));
#258 = CARTESIAN_POINT('',(1.116473181176,4.621517083117));
#259 = CARTESIAN_POINT('',(1.12544956563,4.553376167448));
#260 = CARTESIAN_POINT('',(1.134063348886,4.47970036634));
#261 = CARTESIAN_POINT('',(1.142324497311,4.400157434319));
#262 = CARTESIAN_POINT('',(1.150213199329,4.314575935819));
#263 = CARTESIAN_POINT('',(1.157607026378,4.224084026207));
#264 = CARTESIAN_POINT('',(1.164440278278,4.129300389535));
#265 = CARTESIAN_POINT('',(1.170720929681,4.030254206215));
#266 = CARTESIAN_POINT('',(1.176423301171,3.927177519027));
#267 = CARTESIAN_POINT('',(1.181530880816,3.820234595616));
#268 = CARTESIAN_POINT('',(1.186023461283,3.709657941803));
#269 = CARTESIAN_POINT('',(1.189885798519,3.595474885838));
#270 = CARTESIAN_POINT('',(1.193056844762,3.479483377522));
#271 = CARTESIAN_POINT('',(1.19553600901,3.361730601758));
#272 = CARTESIAN_POINT('',(1.197315095428,3.242461117775));
#273 = CARTESIAN_POINT('',(1.198387920347,3.121866580344));
#274 = CARTESIAN_POINT('',(1.198627791993,3.040724118611));
#275 = CARTESIAN_POINT('',(1.198627792835,3.));
#276 = ( GEOMETRIC_REPRESENTATION_CONTEXT(2) 
PARAMETRIC_REPRESENTATION_CONTEXT() REPRESENTATION_CONTEXT('2D SPACE',''
  ) );
#277 = ORIENTED_EDGE('',*,*,#278,.F.);
#278 = EDGE_CURVE('',#279,#141,#281,.T.);
#279 = VERTEX_POINT('',#280);
#280 = CARTESIAN_POINT('',(4.,8.1,-5.));
#281 = SURFACE_CURVE('',#282,(#286,#293),.PCURVE_S1.);
#282 = LINE('',#283,#284);
#283 = CARTESIAN_POINT('',(4.,0.943145750508,-5.));
#284 = VECTOR('',#285,1.);
#285 = DIRECTION('',(5.421010862428E-17,1.,-0.));
#286 = PCURVE('',#166,#287);
#287 = DEFINITIONAL_REPRESENTATION('',(#288),#292);
#288 = LINE('',#289,#290);
#289 = CARTESIAN_POINT('',(0.,0.));
#290 = VECTOR('',#291,1.);
#291 = DIRECTION('',(0.,1.));
#292 = ( GEOMETRIC_REPRESENTATION_CONTEXT(2) 
PARAMETRIC_REPRESENTATION_CONTEXT() REPRESENTATION_CONTEXT('2D SPACE',''
  ) );
#293 = PCURVE('',#294,#299);
#294 = CYLINDRICAL_SURFACE('',#295,2.);
#295 = AXIS2_PLACEMENT_3D('',#296,#297,#298);
#296 = CARTESIAN_POINT('',(6.,0.943145750508,-5.));
#297 = DIRECTION('',(5.421010862428E-17,1.,-0.));
#298 = DIRECTION('',(-1.,5.421010862428E-17,0.));
#299 = DEFINITIONAL_REPRESENTATION('',(#300),#304);
#300 = LINE('',#301,#302);
#301 = CARTESIAN_POINT('',(6.28318530718,0.));
#302 = VECTOR('',#303,1.);
#303 = DIRECTION('',(0.,1.));
#304 = ( GEOMETRIC_REPRESENTATION_CONTEXT(2) 
PARAMETRIC_REPRESENTATION_CONTEXT() REPRESENTATION_CONTEXT('2D SPACE',''
  ) );
#305 = ORIENTED_EDGE('',*,*,#306,.T.);
#306 = EDGE_CURVE('',#279,#139,#307,.T.);
#307 = SURFACE_CURVE('',#308,(#313,#320),.PCURVE_S1.);
#308 = CIRCLE('',#309,2.);
#309 = AXIS2_PLACEMENT_3D('',#310,#311,#312);
#310 = CARTESIAN_POINT('',(6.,8.1,-5.));
#311 = DIRECTION('',(5.421010862428E-17,1.,0.));
#312 = DIRECTION('',(1.,-5.421010862428E-17,8.673617379884E-16));
#313 = PCURVE('',#166,#314);
#314 = DEFINITIONAL_REPRESENTATION('',(#315),#319);
#315 = LINE('',#316,#317);
#316 = CARTESIAN_POINT('',(-3.14159265359,7.156854249492));
#317 = VECTOR('',#318,1.);
#318 = DIRECTION('',(1.,0.));
#319 = ( GEOMETRIC_REPRESENTATION_CONTEXT(2) 
PARAMETRIC_REPRESENTATION_CONTEXT() REPRESENTATION_CONTEXT('2D SPACE',''
  ) );
#320 = PCURVE('',#321,#326);
#321 = PLANE('',#322);
#322 = AXIS2_PLACEMENT_3D('',#323,#324,#325);
#323 = CARTESIAN_POINT('',(8.,8.1,3.));
#324 = DIRECTION('',(-5.421010862428E-17,-1.,0.));
#325 = DIRECTION('',(1.,-5.421010862428E-17,0.));
#326 = DEFINITIONAL_REPRESENTATION('',(#327),#335);
#327 = ( BOUNDED_CURVE() B_SPLINE_CURVE(2,(#328,#329,#330,#331,#332,#333
,#334),.UNSPECIFIED.,.T.,.F.) B_SPLINE_CURVE_WITH_KNOTS((1,2,2,2,2,1),(
    -2.094395102393,0.,2.094395102393,4.188790204786,6.28318530718,
8.377580409573),.UNSPECIFIED.) CURVE() GEOMETRIC_REPRESENTATION_ITEM() 
RATIONAL_B_SPLINE_CURVE((1.,0.5,1.,0.5,1.,0.5,1.)) REPRESENTATION_ITEM(
  '') );
#328 = CARTESIAN_POINT('',(-1.7763568394E-15,-8.));
#329 = CARTESIAN_POINT('',(1.33226762955E-15,-11.46410161513));
#330 = CARTESIAN_POINT('',(-3.,-9.732050807569));
#331 = CARTESIAN_POINT('',(-6.,-8.));
#332 = CARTESIAN_POINT('',(-3.,-6.267949192431));
#333 = CARTESIAN_POINT('',(-7.993605777301E-15,-4.535898384862));
#334 = CARTESIAN_POINT('',(-1.7763568394E-15,-8.));
#335 = ( GEOMETRIC_REPRESENTATION_CONTEXT(2) 
PARAMETRIC_REPRESENTATION_CONTEXT() REPRESENTATION_CONTEXT('2D SPACE',''
  ) );
#336 = ADVANCED_FACE('',(#337),#352,.F.);
#337 = FACE_BOUND('',#338,.F.);
#338 = EDGE_LOOP('',(#339,#379,#407,#436,#459));
#339 = ORIENTED_EDGE('',*,*,#340,.F.);
#340 = EDGE_CURVE('',#341,#343,#345,.T.);
#341 = VERTEX_POINT('',#342);
#342 = CARTESIAN_POINT('',(-4.5,8.1,-5.));
#343 = VERTEX_POINT('',#344);
#344 = CARTESIAN_POINT('',(-7.442445834536,8.1,-5.411521584404));
#345 = SURFACE_CURVE('',#346,(#351,#363),.PCURVE_S1.);
#346 = CIRCLE('',#347,1.5);
#347 = AXIS2_PLACEMENT_3D('',#348,#349,#350);
#348 = CARTESIAN_POINT('',(-6.,8.1,-5.));
#349 = DIRECTION('',(5.421010862428E-17,1.,0.));
#350 = DIRECTION('',(1.,-5.421010862428E-17,0.));
#351 = PCURVE('',#352,#357);
#352 = CYLINDRICAL_SURFACE('',#353,1.5);
#353 = AXIS2_PLACEMENT_3D('',#354,#355,#356);
#354 = CARTESIAN_POINT('',(-6.,11.6,-5.));
#355 = DIRECTION('',(-5.421010862428E-17,-1.,-0.));
#356 = DIRECTION('',(1.,-5.421010862428E-17,0.));
#357 = DEFINITIONAL_REPRESENTATION('',(#358),#362);
#358 = LINE('',#359,#360);
#359 = CARTESIAN_POINT('',(6.28318530718,3.5));
#360 = VECTOR('',#361,1.);
#361 = DIRECTION('',(-1.,0.));
#362 = ( GEOMETRIC_REPRESENTATION_CONTEXT(2) 
PARAMETRIC_REPRESENTATION_CONTEXT() REPRESENTATION_CONTEXT('2D SPACE',''
  ) );
#363 = PCURVE('',#364,#369);
#364 = PLANE('',#365);
#365 = AXIS2_PLACEMENT_3D('',#366,#367,#368);
#366 = CARTESIAN_POINT('',(8.,8.1,3.));
#367 = DIRECTION('',(-5.421010862428E-17,-1.,0.));
#368 = DIRECTION('',(1.,-5.421010862428E-17,0.));
#369 = DEFINITIONAL_REPRESENTATION('',(#370),#378);
#370 = ( BOUNDED_CURVE() B_SPLINE_CURVE(2,(#371,#372,#373,#374,#375,#376
,#377),.UNSPECIFIED.,.T.,.F.) B_SPLINE_CURVE_WITH_KNOTS((1,2,2,2,2,1),(
    -2.094395102393,0.,2.094395102393,4.188790204786,6.28318530718,
8.377580409573),.UNSPECIFIED.) CURVE() GEOMETRIC_REPRESENTATION_ITEM() 
RATIONAL_B_SPLINE_CURVE((1.,0.5,1.,0.5,1.,0.5,1.)) REPRESENTATION_ITEM(
  '') );
#371 = CARTESIAN_POINT('',(-12.5,-8.));
#372 = CARTESIAN_POINT('',(-12.5,-10.59807621135));
#373 = CARTESIAN_POINT('',(-14.75,-9.299038105677));
#374 = CARTESIAN_POINT('',(-17.,-8.));
#375 = CARTESIAN_POINT('',(-14.75,-6.700961894323));
#376 = CARTESIAN_POINT('',(-12.5,-5.401923788647));
#377 = CARTESIAN_POINT('',(-12.5,-8.));
#378 = ( GEOMETRIC_REPRESENTATION_CONTEXT(2) 
PARAMETRIC_REPRESENTATION_CONTEXT() REPRESENTATION_CONTEXT('2D SPACE',''
  ) );
#379 = ORIENTED_EDGE('',*,*,#380,.T.);
#380 = EDGE_CURVE('',#341,#381,#383,.T.);
#381 = VERTEX_POINT('',#382);
#382 = CARTESIAN_POINT('',(-4.5,6.6,-5.));
#383 = SURFACE_CURVE('',#384,(#388,#395),.PCURVE_S1.);
#384 = LINE('',#385,#386);
#385 = CARTESIAN_POINT('',(-4.5,11.6,-5.));
#386 = VECTOR('',#387,1.);
#387 = DIRECTION('',(-5.421010862428E-17,-1.,-0.));
#388 = PCURVE('',#352,#389);
#389 = DEFINITIONAL_REPRESENTATION('',(#390),#394);
#390 = LINE('',#391,#392);
#391 = CARTESIAN_POINT('',(6.28318530718,0.));
#392 = VECTOR('',#393,1.);
#393 = DIRECTION('',(0.,1.));
#394 = ( GEOMETRIC_REPRESENTATION_CONTEXT(2) 
PARAMETRIC_REPRESENTATION_CONTEXT() REPRESENTATION_CONTEXT('2D SPACE',''
  ) );
#395 = PCURVE('',#396,#401);
#396 = CYLINDRICAL_SURFACE('',#397,1.5);
#397 = AXIS2_PLACEMENT_3D('',#398,#399,#400);
#398 = CARTESIAN_POINT('',(-6.,11.6,-5.));
#399 = DIRECTION('',(-5.421010862428E-17,-1.,-0.));
#400 = DIRECTION('',(1.,-5.421010862428E-17,0.));
#401 = DEFINITIONAL_REPRESENTATION('',(#402),#406);
#402 = LINE('',#403,#404);
#403 = CARTESIAN_POINT('',(0.,0.));
#404 = VECTOR('',#405,1.);
#405 = DIRECTION('',(0.,1.));
#406 = ( GEOMETRIC_REPRESENTATION_CONTEXT(2) 
PARAMETRIC_REPRESENTATION_CONTEXT() REPRESENTATION_CONTEXT('2D SPACE',''
  ) );
#407 = ORIENTED_EDGE('',*,*,#408,.F.);
#408 = EDGE_CURVE('',#409,#381,#411,.T.);
#409 = VERTEX_POINT('',#410);
#410 = CARTESIAN_POINT('',(-7.5,6.6,-5.));
#411 = SURFACE_CURVE('',#412,(#417,#424),.PCURVE_S1.);
#412 = CIRCLE('',#413,1.5);
#413 = AXIS2_PLACEMENT_3D('',#414,#415,#416);
#414 = CARTESIAN_POINT('',(-6.,6.6,-5.));
#415 = DIRECTION('',(-5.421010862428E-17,-1.,0.));
#416 = DIRECTION('',(1.,-5.421010862428E-17,0.));
#417 = PCURVE('',#352,#418);
#418 = DEFINITIONAL_REPRESENTATION('',(#419),#423);
#419 = LINE('',#420,#421);
#420 = CARTESIAN_POINT('',(0.,5.));
#421 = VECTOR('',#422,1.);
#422 = DIRECTION('',(1.,0.));
#423 = ( GEOMETRIC_REPRESENTATION_CONTEXT(2) 
PARAMETRIC_REPRESENTATION_CONTEXT() REPRESENTATION_CONTEXT('2D SPACE',''
  ) );
#424 = PCURVE('',#425,#430);
#425 = PLANE('',#426);
#426 = AXIS2_PLACEMENT_3D('',#427,#428,#429);
#427 = CARTESIAN_POINT('',(8.,6.6,3.));
#428 = DIRECTION('',(-5.421010862428E-17,-1.,0.));
#429 = DIRECTION('',(1.,-5.421010862428E-17,0.));
#430 = DEFINITIONAL_REPRESENTATION('',(#431),#435);
#431 = CIRCLE('',#432,1.5);
#432 = AXIS2_PLACEMENT_2D('',#433,#434);
#433 = CARTESIAN_POINT('',(-14.,-8.));
#434 = DIRECTION('',(1.,0.));
#435 = ( GEOMETRIC_REPRESENTATION_CONTEXT(2) 
PARAMETRIC_REPRESENTATION_CONTEXT() REPRESENTATION_CONTEXT('2D SPACE',''
  ) );
#436 = ORIENTED_EDGE('',*,*,#437,.F.);
#437 = EDGE_CURVE('',#438,#409,#440,.T.);
#438 = VERTEX_POINT('',#439);
#439 = CARTESIAN_POINT('',(-7.500000000004,8.046738469712,
    -4.999999999996));
#440 = SURFACE_CURVE('',#441,(#445,#452),.PCURVE_S1.);
#441 = LINE('',#442,#443);
#442 = CARTESIAN_POINT('',(-7.5,11.6,-5.));
#443 = VECTOR('',#444,1.);
#444 = DIRECTION('',(-5.421010862428E-17,-1.,-0.));
#445 = PCURVE('',#352,#446);
#446 = DEFINITIONAL_REPRESENTATION('',(#447),#451);
#447 = LINE('',#448,#449);
#448 = CARTESIAN_POINT('',(3.14159265359,0.));
#449 = VECTOR('',#450,1.);
#450 = DIRECTION('',(0.,1.));
#451 = ( GEOMETRIC_REPRESENTATION_CONTEXT(2) 
PARAMETRIC_REPRESENTATION_CONTEXT() REPRESENTATION_CONTEXT('2D SPACE',''
  ) );
#452 = PCURVE('',#396,#453);
#453 = DEFINITIONAL_REPRESENTATION('',(#454),#458);
#454 = LINE('',#455,#456);
#455 = CARTESIAN_POINT('',(3.14159265359,0.));
#456 = VECTOR('',#457,1.);
#457 = DIRECTION('',(0.,1.));
#458 = ( GEOMETRIC_REPRESENTATION_CONTEXT(2) 
PARAMETRIC_REPRESENTATION_CONTEXT() REPRESENTATION_CONTEXT('2D SPACE',''
  ) );
#459 = ORIENTED_EDGE('',*,*,#460,.T.);
#460 = EDGE_CURVE('',#438,#343,#461,.T.);
#461 = SURFACE_CURVE('',#462,(#469,#498),.PCURVE_S1.);
#462 = B_SPLINE_CURVE_WITH_KNOTS('',3,(#463,#464,#465,#466,#467,#468),
  .UNSPECIFIED.,.F.,.F.,(4,2,4),(5.180914891254E-03,5.389938609782E-03,
    5.598962328311E-03),.UNSPECIFIED.);
#463 = CARTESIAN_POINT('',(-7.500000000004,8.046738469712,
    -4.999999999996));
#464 = CARTESIAN_POINT('',(-7.5,8.046738469715,-5.069872667116));
#465 = CARTESIAN_POINT('',(-7.494975459217,8.05142964592,-5.141023195431
    ));
#466 = CARTESIAN_POINT('',(-7.475506520408,8.069509200738,
    -5.278782484284));
#467 = CARTESIAN_POINT('',(-7.46115359835,8.082810923596,-5.345948022748
    ));
#468 = CARTESIAN_POINT('',(-7.442445834536,8.1,-5.411521584404));
#469 = PCURVE('',#352,#470);
#470 = DEFINITIONAL_REPRESENTATION('',(#471),#497);
#471 = B_SPLINE_CURVE_WITH_KNOTS('',3,(#472,#473,#474,#475,#476,#477,
    #478,#479,#480,#481,#482,#483,#484,#485,#486,#487,#488,#489,#490,
    #491,#492,#493,#494,#495,#496),.UNSPECIFIED.,.F.,.F.,(4,1,1,1,1,1,1,
    1,1,1,1,1,1,1,1,1,1,1,1,1,1,1,4),(5.180914891254E-03,
    5.199917047484E-03,5.218919203714E-03,5.237921359944E-03,
    5.256923516174E-03,5.275925672403E-03,5.294927828633E-03,
    5.313929984863E-03,5.332932141093E-03,5.351934297323E-03,
    5.370936453553E-03,5.389938609782E-03,5.408940766012E-03,
    5.427942922242E-03,5.446945078472E-03,5.465947234702E-03,
    5.484949390932E-03,5.503951547161E-03,5.522953703391E-03,
    5.541955859621E-03,5.560958015851E-03,5.579960172081E-03,
    5.598962328311E-03),.QUASI_UNIFORM_KNOTS.);
#472 = CARTESIAN_POINT('',(3.141592653587,3.553261530288));
#473 = CARTESIAN_POINT('',(3.145827354786,3.553261530287));
#474 = CARTESIAN_POINT('',(3.154310861083,3.553183990184));
#475 = CARTESIAN_POINT('',(3.167069876936,3.552836604015));
#476 = CARTESIAN_POINT('',(3.179854118199,3.552259686103));
#477 = CARTESIAN_POINT('',(3.192654968864,3.551454780811));
#478 = CARTESIAN_POINT('',(3.205463774602,3.550423432158));
#479 = CARTESIAN_POINT('',(3.218271856041,3.549167185443));
#480 = CARTESIAN_POINT('',(3.23107050178,3.547687581193));
#481 = CARTESIAN_POINT('',(3.243851077058,3.54598617774));
#482 = CARTESIAN_POINT('',(3.256604690357,3.544064466967));
#483 = CARTESIAN_POINT('',(3.269323511962,3.541924188751));
#484 = CARTESIAN_POINT('',(3.281995925217,3.539566157442));
#485 = CARTESIAN_POINT('',(3.294624692618,3.536994641505));
#486 = CARTESIAN_POINT('',(3.30722334261,3.534214053734));
#487 = CARTESIAN_POINT('',(3.319791077112,3.531225352809));
#488 = CARTESIAN_POINT('',(3.332330920203,3.528030422934));
#489 = CARTESIAN_POINT('',(3.344844852232,3.52463090032));
#490 = CARTESIAN_POINT('',(3.357335110785,3.521028487629));
#491 = CARTESIAN_POINT('',(3.369803839243,3.517224869717));
#492 = CARTESIAN_POINT('',(3.382253178492,3.513221736211));
#493 = CARTESIAN_POINT('',(3.394685238755,3.509020775459));
#494 = CARTESIAN_POINT('',(3.407102108098,3.504623676152));
#495 = CARTESIAN_POINT('',(3.415371258958,3.50156264331));
#496 = CARTESIAN_POINT('',(3.419503987106,3.5));
#497 = ( GEOMETRIC_REPRESENTATION_CONTEXT(2) 
PARAMETRIC_REPRESENTATION_CONTEXT() REPRESENTATION_CONTEXT('2D SPACE',''
  ) );
#498 = PCURVE('',#222,#499);
#499 = DEFINITIONAL_REPRESENTATION('',(#500),#526);
#500 = B_SPLINE_CURVE_WITH_KNOTS('',3,(#501,#502,#503,#504,#505,#506,
    #507,#508,#509,#510,#511,#512,#513,#514,#515,#516,#517,#518,#519,
    #520,#521,#522,#523,#524,#525),.UNSPECIFIED.,.F.,.F.,(4,1,1,1,1,1,1,
    1,1,1,1,1,1,1,1,1,1,1,1,1,1,1,4),(5.180914891254E-03,
    5.199917047484E-03,5.218919203714E-03,5.237921359944E-03,
    5.256923516174E-03,5.275925672403E-03,5.294927828633E-03,
    5.313929984863E-03,5.332932141093E-03,5.351934297323E-03,
    5.370936453553E-03,5.389938609782E-03,5.408940766012E-03,
    5.427942922242E-03,5.446945078472E-03,5.465947234702E-03,
    5.484949390932E-03,5.503951547161E-03,5.522953703391E-03,
    5.541955859621E-03,5.560958015851E-03,5.579960172081E-03,
    5.598962328311E-03),.QUASI_UNIFORM_KNOTS.);
#501 = CARTESIAN_POINT('',(2.321041570782,3.000000000004));
#502 = CARTESIAN_POINT('',(2.321041570782,2.993647939357));
#503 = CARTESIAN_POINT('',(2.321031241571,2.980922696394));
#504 = CARTESIAN_POINT('',(2.32098495016,2.961787464252));
#505 = CARTESIAN_POINT('',(2.320908051192,2.942620861888));
#506 = CARTESIAN_POINT('',(2.320800734712,2.923438886184));
#507 = CARTESIAN_POINT('',(2.320663190716,2.904257536223));
#508 = CARTESIAN_POINT('',(2.320495609362,2.885092802877));
#509 = CARTESIAN_POINT('',(2.320298180171,2.865960707669));
#510 = CARTESIAN_POINT('',(2.320071095009,2.846877157723));
#511 = CARTESIAN_POINT('',(2.319814536954,2.827858487111));
#512 = CARTESIAN_POINT('',(2.319528721858,2.808919436504));
#513 = CARTESIAN_POINT('',(2.319213743232,2.790080693243));
#514 = CARTESIAN_POINT('',(2.318870151162,2.771340751382));
#515 = CARTESIAN_POINT('',(2.318498489328,2.752681557086));
#516 = CARTESIAN_POINT('',(2.318098844803,2.734107249802));
#517 = CARTESIAN_POINT('',(2.31767142696,2.715616022307));
#518 = CARTESIAN_POINT('',(2.317216412359,2.697207660782));
#519 = CARTESIAN_POINT('',(2.316733986303,2.678881524456));
#520 = CARTESIAN_POINT('',(2.316224331703,2.660637086961));
#521 = CARTESIAN_POINT('',(2.315687632059,2.642473791275));
#522 = CARTESIAN_POINT('',(2.315124070665,2.624391088588));
#523 = CARTESIAN_POINT('',(2.314533830822,2.606388427891));
#524 = CARTESIAN_POINT('',(2.314122674121,2.594439648474));
#525 = CARTESIAN_POINT('',(2.313912710445,2.588478415596));
#526 = ( GEOMETRIC_REPRESENTATION_CONTEXT(2) 
PARAMETRIC_REPRESENTATION_CONTEXT() REPRESENTATION_CONTEXT('2D SPACE',''
  ) );
#527 = ADVANCED_FACE('',(#528),#545,.F.);
#528 = FACE_BOUND('',#529,.F.);
#529 = EDGE_LOOP('',(#530,#607,#635,#659,#682));
#530 = ORIENTED_EDGE('',*,*,#531,.T.);
#531 = EDGE_CURVE('',#532,#534,#536,.T.);
#532 = VERTEX_POINT('',#533);
#533 = CARTESIAN_POINT('',(7.442445834536,8.1,-5.411521584404));
#534 = VERTEX_POINT('',#535);
#535 = CARTESIAN_POINT('',(7.5,8.046738469716,-5.));
#536 = SURFACE_CURVE('',#537,(#544,#578),.PCURVE_S1.);
#537 = B_SPLINE_CURVE_WITH_KNOTS('',3,(#538,#539,#540,#541,#542,#543),
  .UNSPECIFIED.,.F.,.F.,(4,2,4),(9.93301457731E-03,1.014139359113E-02,
    1.034977260494E-02),.UNSPECIFIED.);
#538 = CARTESIAN_POINT('',(7.442445834536,8.1,-5.411521584404));
#539 = CARTESIAN_POINT('',(7.46116426615,8.082801121803,-5.345910630485)
  );
#540 = CARTESIAN_POINT('',(7.475681884215,8.069346582869,-5.277786427421
    ));
#541 = CARTESIAN_POINT('',(7.495008363766,8.05139885582,-5.140542929128)
  );
#542 = CARTESIAN_POINT('',(7.5,8.046738469716,-5.070677338562));
#543 = CARTESIAN_POINT('',(7.5,8.046738469716,-5.));
#544 = PCURVE('',#545,#550);
#545 = CYLINDRICAL_SURFACE('',#546,1.5);
#546 = AXIS2_PLACEMENT_3D('',#547,#548,#549);
#547 = CARTESIAN_POINT('',(6.,11.6,-5.));
#548 = DIRECTION('',(-5.421010862428E-17,-1.,-0.));
#549 = DIRECTION('',(1.,-5.421010862428E-17,0.));
#550 = DEFINITIONAL_REPRESENTATION('',(#551),#577);
#551 = B_SPLINE_CURVE_WITH_KNOTS('',3,(#552,#553,#554,#555,#556,#557,
    #558,#559,#560,#561,#562,#563,#564,#565,#566,#567,#568,#569,#570,
    #571,#572,#573,#574,#575,#576),.UNSPECIFIED.,.F.,.F.,(4,1,1,1,1,1,1,
    1,1,1,1,1,1,1,1,1,1,1,1,1,1,1,4),(9.93301457731E-03,
    9.951958124021E-03,9.970901670731E-03,9.989845217442E-03,
    1.000878876415E-02,1.002773231086E-02,1.004667585757E-02,
    1.006561940428E-02,1.008456295099E-02,1.01035064977E-02,
    1.012245004441E-02,1.014139359113E-02,1.016033713784E-02,
    1.017928068455E-02,1.019822423126E-02,1.021716777797E-02,
    1.023611132468E-02,1.025505487139E-02,1.02739984181E-02,
    1.029294196481E-02,1.031188551152E-02,1.033082905823E-02,
    1.034977260494E-02),.QUASI_UNIFORM_KNOTS.);
#552 = CARTESIAN_POINT('',(6.005273973664,3.5));
#553 = CARTESIAN_POINT('',(6.009409054442,3.501563534382));
#554 = CARTESIAN_POINT('',(6.017693153856,3.504628713238));
#555 = CARTESIAN_POINT('',(6.030156720454,3.509037492494));
#556 = CARTESIAN_POINT('',(6.042653313458,3.513253963362));
#557 = CARTESIAN_POINT('',(6.055178524198,3.517274806661));
#558 = CARTESIAN_POINT('',(6.067727940036,3.521096702547));
#559 = CARTESIAN_POINT('',(6.080297159693,3.524716333644));
#560 = CARTESIAN_POINT('',(6.092881766403,3.528130373371));
#561 = CARTESIAN_POINT('',(6.105477468747,3.531335529501));
#562 = CARTESIAN_POINT('',(6.11807961331,3.534328381595));
#563 = CARTESIAN_POINT('',(6.130685042516,3.537105987707));
#564 = CARTESIAN_POINT('',(6.143285199814,3.53966362013));
#565 = CARTESIAN_POINT('',(6.15589189992,3.542003215707));
#566 = CARTESIAN_POINT('',(6.168521753935,3.544128466773));
#567 = CARTESIAN_POINT('',(6.18117107612,3.546036401119));
#568 = CARTESIAN_POINT('',(6.193841646124,3.547725832294));
#569 = CARTESIAN_POINT('',(6.206533806404,3.549195095355));
#570 = CARTESIAN_POINT('',(6.219248312097,3.55044265357));
#571 = CARTESIAN_POINT('',(6.231985835712,3.551466935855));
#572 = CARTESIAN_POINT('',(6.244747099926,3.552266380327));
#573 = CARTESIAN_POINT('',(6.257532842957,3.552839422641));
#574 = CARTESIAN_POINT('',(6.270343825358,3.553184499111));
#575 = CARTESIAN_POINT('',(6.278901834013,3.553261530284));
#576 = CARTESIAN_POINT('',(6.28318530718,3.553261530284));
#577 = ( GEOMETRIC_REPRESENTATION_CONTEXT(2) 
PARAMETRIC_REPRESENTATION_CONTEXT() REPRESENTATION_CONTEXT('2D SPACE',''
  ) );
#578 = PCURVE('',#222,#579);
#579 = DEFINITIONAL_REPRESENTATION('',(#580),#606);
#580 = B_SPLINE_CURVE_WITH_KNOTS('',3,(#581,#582,#583,#584,#585,#586,
    #587,#588,#589,#590,#591,#592,#593,#594,#595,#596,#597,#598,#599,
    #600,#601,#602,#603,#604,#605),.UNSPECIFIED.,.F.,.F.,(4,1,1,1,1,1,1,
    1,1,1,1,1,1,1,1,1,1,1,1,1,1,1,4),(9.93301457731E-03,
    9.951958124021E-03,9.970901670731E-03,9.989845217442E-03,
    1.000878876415E-02,1.002773231086E-02,1.004667585757E-02,
    1.006561940428E-02,1.008456295099E-02,1.01035064977E-02,
    1.012245004441E-02,1.014139359113E-02,1.016033713784E-02,
    1.017928068455E-02,1.019822423126E-02,1.021716777797E-02,
    1.023611132468E-02,1.025505487139E-02,1.02739984181E-02,
    1.029294196481E-02,1.031188551152E-02,1.033082905823E-02,
    1.034977260494E-02),.QUASI_UNIFORM_KNOTS.);
#581 = CARTESIAN_POINT('',(0.827679943145,2.588478415596));
#582 = CARTESIAN_POINT('',(0.827469859741,2.594443047771));
#583 = CARTESIAN_POINT('',(0.827058147756,2.606413853421));
#584 = CARTESIAN_POINT('',(0.82646634548,2.624485599295));
#585 = CARTESIAN_POINT('',(0.825900710124,2.64266379583));
#586 = CARTESIAN_POINT('',(0.825361642939,2.660939357085));
#587 = CARTESIAN_POINT('',(0.824849545302,2.679303194169));
#588 = CARTESIAN_POINT('',(0.824364818301,2.697746229199));
#589 = CARTESIAN_POINT('',(0.8239078643,2.716259343205));
#590 = CARTESIAN_POINT('',(0.823479081078,2.734833570559));
#591 = CARTESIAN_POINT('',(0.823078883718,2.753459373352));
#592 = CARTESIAN_POINT('',(0.822707622896,2.772129349452));
#593 = CARTESIAN_POINT('',(0.822365889832,2.790828125909));
#594 = CARTESIAN_POINT('',(0.822053378179,2.809570077263));
#595 = CARTESIAN_POINT('',(0.821769572857,2.828376716789));
#596 = CARTESIAN_POINT('',(0.821514856383,2.847239810275));
#597 = CARTESIAN_POINT('',(0.821289370767,2.866159094323));
#598 = CARTESIAN_POINT('',(0.82109332247,2.885132169761));
#599 = CARTESIAN_POINT('',(0.820926900688,2.904157209698));
#600 = CARTESIAN_POINT('',(0.820790299255,2.923232233899));
#601 = CARTESIAN_POINT('',(0.820683710769,2.942355303219));
#602 = CARTESIAN_POINT('',(0.820607328168,2.9615244675));
#603 = CARTESIAN_POINT('',(0.820561344305,2.980737779539));
#604 = CARTESIAN_POINT('',(0.820551082808,2.993574787403));
#605 = CARTESIAN_POINT('',(0.820551082808,3.));
#606 = ( GEOMETRIC_REPRESENTATION_CONTEXT(2) 
PARAMETRIC_REPRESENTATION_CONTEXT() REPRESENTATION_CONTEXT('2D SPACE',''
  ) );
#607 = ORIENTED_EDGE('',*,*,#608,.T.);
#608 = EDGE_CURVE('',#534,#609,#611,.T.);
#609 = VERTEX_POINT('',#610);
#610 = CARTESIAN_POINT('',(7.5,6.6,-5.));
#611 = SURFACE_CURVE('',#612,(#616,#623),.PCURVE_S1.);
#612 = LINE('',#613,#614);
#613 = CARTESIAN_POINT('',(7.5,11.6,-5.));
#614 = VECTOR('',#615,1.);
#615 = DIRECTION('',(-5.421010862428E-17,-1.,-0.));
#616 = PCURVE('',#545,#617);
#617 = DEFINITIONAL_REPRESENTATION('',(#618),#622);
#618 = LINE('',#619,#620);
#619 = CARTESIAN_POINT('',(6.28318530718,0.));
#620 = VECTOR('',#621,1.);
#621 = DIRECTION('',(0.,1.));
#622 = ( GEOMETRIC_REPRESENTATION_CONTEXT(2) 
PARAMETRIC_REPRESENTATION_CONTEXT() REPRESENTATION_CONTEXT('2D SPACE',''
  ) );
#623 = PCURVE('',#624,#629);
#624 = CYLINDRICAL_SURFACE('',#625,1.5);
#625 = AXIS2_PLACEMENT_3D('',#626,#627,#628);
#626 = CARTESIAN_POINT('',(6.,11.6,-5.));
#627 = DIRECTION('',(-5.421010862428E-17,-1.,-0.));
#628 = DIRECTION('',(1.,-5.421010862428E-17,0.));
#629 = DEFINITIONAL_REPRESENTATION('',(#630),#634);
#630 = LINE('',#631,#632);
#631 = CARTESIAN_POINT('',(0.,0.));
#632 = VECTOR('',#633,1.);
#633 = DIRECTION('',(0.,1.));
#634 = ( GEOMETRIC_REPRESENTATION_CONTEXT(2) 
PARAMETRIC_REPRESENTATION_CONTEXT() REPRESENTATION_CONTEXT('2D SPACE',''
  ) );
#635 = ORIENTED_EDGE('',*,*,#636,.F.);
#636 = EDGE_CURVE('',#637,#609,#639,.T.);
#637 = VERTEX_POINT('',#638);
#638 = CARTESIAN_POINT('',(4.5,6.6,-5.));
#639 = SURFACE_CURVE('',#640,(#645,#652),.PCURVE_S1.);
#640 = CIRCLE('',#641,1.5);
#641 = AXIS2_PLACEMENT_3D('',#642,#643,#644);
#642 = CARTESIAN_POINT('',(6.,6.6,-5.));
#643 = DIRECTION('',(-5.421010862428E-17,-1.,0.));
#644 = DIRECTION('',(1.,-5.421010862428E-17,0.));
#645 = PCURVE('',#545,#646);
#646 = DEFINITIONAL_REPRESENTATION('',(#647),#651);
#647 = LINE('',#648,#649);
#648 = CARTESIAN_POINT('',(0.,5.));
#649 = VECTOR('',#650,1.);
#650 = DIRECTION('',(1.,0.));
#651 = ( GEOMETRIC_REPRESENTATION_CONTEXT(2) 
PARAMETRIC_REPRESENTATION_CONTEXT() REPRESENTATION_CONTEXT('2D SPACE',''
  ) );
#652 = PCURVE('',#425,#653);
#653 = DEFINITIONAL_REPRESENTATION('',(#654),#658);
#654 = CIRCLE('',#655,1.5);
#655 = AXIS2_PLACEMENT_2D('',#656,#657);
#656 = CARTESIAN_POINT('',(-2.,-8.));
#657 = DIRECTION('',(1.,0.));
#658 = ( GEOMETRIC_REPRESENTATION_CONTEXT(2) 
PARAMETRIC_REPRESENTATION_CONTEXT() REPRESENTATION_CONTEXT('2D SPACE',''
  ) );
#659 = ORIENTED_EDGE('',*,*,#660,.F.);
#660 = EDGE_CURVE('',#661,#637,#663,.T.);
#661 = VERTEX_POINT('',#662);
#662 = CARTESIAN_POINT('',(4.5,8.1,-5.));
#663 = SURFACE_CURVE('',#664,(#668,#675),.PCURVE_S1.);
#664 = LINE('',#665,#666);
#665 = CARTESIAN_POINT('',(4.5,11.6,-5.));
#666 = VECTOR('',#667,1.);
#667 = DIRECTION('',(-5.421010862428E-17,-1.,-0.));
#668 = PCURVE('',#545,#669);
#669 = DEFINITIONAL_REPRESENTATION('',(#670),#674);
#670 = LINE('',#671,#672);
#671 = CARTESIAN_POINT('',(3.14159265359,0.));
#672 = VECTOR('',#673,1.);
#673 = DIRECTION('',(0.,1.));
#674 = ( GEOMETRIC_REPRESENTATION_CONTEXT(2) 
PARAMETRIC_REPRESENTATION_CONTEXT() REPRESENTATION_CONTEXT('2D SPACE',''
  ) );
#675 = PCURVE('',#624,#676);
#676 = DEFINITIONAL_REPRESENTATION('',(#677),#681);
#677 = LINE('',#678,#679);
#678 = CARTESIAN_POINT('',(3.14159265359,0.));
#679 = VECTOR('',#680,1.);
#680 = DIRECTION('',(0.,1.));
#681 = ( GEOMETRIC_REPRESENTATION_CONTEXT(2) 
PARAMETRIC_REPRESENTATION_CONTEXT() REPRESENTATION_CONTEXT('2D SPACE',''
  ) );
#682 = ORIENTED_EDGE('',*,*,#683,.F.);
#683 = EDGE_CURVE('',#532,#661,#684,.T.);
#684 = SURFACE_CURVE('',#685,(#690,#697),.PCURVE_S1.);
#685 = CIRCLE('',#686,1.5);
#686 = AXIS2_PLACEMENT_3D('',#687,#688,#689);
#687 = CARTESIAN_POINT('',(6.,8.1,-5.));
#688 = DIRECTION('',(5.421010862428E-17,1.,0.));
#689 = DIRECTION('',(1.,-5.421010862428E-17,0.));
#690 = PCURVE('',#545,#691);
#691 = DEFINITIONAL_REPRESENTATION('',(#692),#696);
#692 = LINE('',#693,#694);
#693 = CARTESIAN_POINT('',(6.28318530718,3.5));
#694 = VECTOR('',#695,1.);
#695 = DIRECTION('',(-1.,0.));
#696 = ( GEOMETRIC_REPRESENTATION_CONTEXT(2) 
PARAMETRIC_REPRESENTATION_CONTEXT() REPRESENTATION_CONTEXT('2D SPACE',''
  ) );
#697 = PCURVE('',#321,#698);
#698 = DEFINITIONAL_REPRESENTATION('',(#699),#707);
#699 = ( BOUNDED_CURVE() B_SPLINE_CURVE(2,(#700,#701,#702,#703,#704,#705
,#706),.UNSPECIFIED.,.T.,.F.) B_SPLINE_CURVE_WITH_KNOTS((1,2,2,2,2,1),(
    -2.094395102393,0.,2.094395102393,4.188790204786,6.28318530718,
8.377580409573),.UNSPECIFIED.) CURVE() GEOMETRIC_REPRESENTATION_ITEM() 
RATIONAL_B_SPLINE_CURVE((1.,0.5,1.,0.5,1.,0.5,1.)) REPRESENTATION_ITEM(
  '') );
#700 = CARTESIAN_POINT('',(-0.5,-8.));
#701 = CARTESIAN_POINT('',(-0.5,-10.59807621135));
#702 = CARTESIAN_POINT('',(-2.75,-9.299038105677));
#703 = CARTESIAN_POINT('',(-5.,-8.));
#704 = CARTESIAN_POINT('',(-2.75,-6.700961894323));
#705 = CARTESIAN_POINT('',(-0.5,-5.401923788647));
#706 = CARTESIAN_POINT('',(-0.5,-8.));
#707 = ( GEOMETRIC_REPRESENTATION_CONTEXT(2) 
PARAMETRIC_REPRESENTATION_CONTEXT() REPRESENTATION_CONTEXT('2D SPACE',''
  ) );
#708 = ADVANCED_FACE('',(#709),#102,.T.);
#709 = FACE_BOUND('',#710,.T.);
#710 = EDGE_LOOP('',(#711,#712,#740,#769));
#711 = ORIENTED_EDGE('',*,*,#85,.T.);
#712 = ORIENTED_EDGE('',*,*,#713,.T.);
#713 = EDGE_CURVE('',#58,#714,#716,.T.);
#714 = VERTEX_POINT('',#715);
#715 = CARTESIAN_POINT('',(14.,1.714505518806E-15,0.));
#716 = SURFACE_CURVE('',#717,(#721,#728),.PCURVE_S1.);
#717 = LINE('',#718,#719);
#718 = CARTESIAN_POINT('',(14.,1.714505518806E-15,3.));
#719 = VECTOR('',#720,1.);
#720 = DIRECTION('',(-0.,-0.,-1.));
#721 = PCURVE('',#102,#722);
#722 = DEFINITIONAL_REPRESENTATION('',(#723),#727);
#723 = LINE('',#724,#725);
#724 = CARTESIAN_POINT('',(3.14159265359,0.));
#725 = VECTOR('',#726,1.);
#726 = DIRECTION('',(0.,1.));
#727 = ( GEOMETRIC_REPRESENTATION_CONTEXT(2) 
PARAMETRIC_REPRESENTATION_CONTEXT() REPRESENTATION_CONTEXT('2D SPACE',''
  ) );
#728 = PCURVE('',#729,#734);
#729 = CYLINDRICAL_SURFACE('',#730,14.);
#730 = AXIS2_PLACEMENT_3D('',#731,#732,#733);
#731 = CARTESIAN_POINT('',(0.,0.,3.));
#732 = DIRECTION('',(-0.,-0.,-1.));
#733 = DIRECTION('',(-1.,0.,0.));
#734 = DEFINITIONAL_REPRESENTATION('',(#735),#739);
#735 = LINE('',#736,#737);
#736 = CARTESIAN_POINT('',(3.14159265359,0.));
#737 = VECTOR('',#738,1.);
#738 = DIRECTION('',(0.,1.));
#739 = ( GEOMETRIC_REPRESENTATION_CONTEXT(2) 
PARAMETRIC_REPRESENTATION_CONTEXT() REPRESENTATION_CONTEXT('2D SPACE',''
  ) );
#740 = ORIENTED_EDGE('',*,*,#741,.T.);
#741 = EDGE_CURVE('',#714,#742,#744,.T.);
#742 = VERTEX_POINT('',#743);
#743 = CARTESIAN_POINT('',(-14.,0.,0.));
#744 = SURFACE_CURVE('',#745,(#750,#757),.PCURVE_S1.);
#745 = CIRCLE('',#746,14.);
#746 = AXIS2_PLACEMENT_3D('',#747,#748,#749);
#747 = CARTESIAN_POINT('',(0.,0.,0.));
#748 = DIRECTION('',(0.,0.,1.));
#749 = DIRECTION('',(1.,0.,-0.));
#750 = PCURVE('',#102,#751);
#751 = DEFINITIONAL_REPRESENTATION('',(#752),#756);
#752 = LINE('',#753,#754);
#753 = CARTESIAN_POINT('',(3.14159265359,3.));
#754 = VECTOR('',#755,1.);
#755 = DIRECTION('',(-1.,0.));
#756 = ( GEOMETRIC_REPRESENTATION_CONTEXT(2) 
PARAMETRIC_REPRESENTATION_CONTEXT() REPRESENTATION_CONTEXT('2D SPACE',''
  ) );
#757 = PCURVE('',#758,#763);
#758 = PLANE('',#759);
#759 = AXIS2_PLACEMENT_3D('',#760,#761,#762);
#760 = CARTESIAN_POINT('',(0.,0.,0.));
#761 = DIRECTION('',(0.,0.,1.));
#762 = DIRECTION('',(1.,0.,-0.));
#763 = DEFINITIONAL_REPRESENTATION('',(#764),#768);
#764 = CIRCLE('',#765,14.);
#765 = AXIS2_PLACEMENT_2D('',#766,#767);
#766 = CARTESIAN_POINT('',(0.,0.));
#767 = DIRECTION('',(1.,0.));
#768 = ( GEOMETRIC_REPRESENTATION_CONTEXT(2) 
PARAMETRIC_REPRESENTATION_CONTEXT() REPRESENTATION_CONTEXT('2D SPACE',''
  ) );
#769 = ORIENTED_EDGE('',*,*,#770,.F.);
#770 = EDGE_CURVE('',#86,#742,#771,.T.);
#771 = SURFACE_CURVE('',#772,(#776,#783),.PCURVE_S1.);
#772 = LINE('',#773,#774);
#773 = CARTESIAN_POINT('',(-14.,0.,3.));
#774 = VECTOR('',#775,1.);
#775 = DIRECTION('',(-0.,-0.,-1.));
#776 = PCURVE('',#102,#777);
#777 = DEFINITIONAL_REPRESENTATION('',(#778),#782);
#778 = LINE('',#779,#780);
#779 = CARTESIAN_POINT('',(0.,0.));
#780 = VECTOR('',#781,1.);
#781 = DIRECTION('',(0.,1.));
#782 = ( GEOMETRIC_REPRESENTATION_CONTEXT(2) 
PARAMETRIC_REPRESENTATION_CONTEXT() REPRESENTATION_CONTEXT('2D SPACE',''
  ) );
#783 = PCURVE('',#729,#784);
#784 = DEFINITIONAL_REPRESENTATION('',(#785),#789);
#785 = LINE('',#786,#787);
#786 = CARTESIAN_POINT('',(6.28318530718,0.));
#787 = VECTOR('',#788,1.);
#788 = DIRECTION('',(0.,1.));
#789 = ( GEOMETRIC_REPRESENTATION_CONTEXT(2) 
PARAMETRIC_REPRESENTATION_CONTEXT() REPRESENTATION_CONTEXT('2D SPACE',''
  ) );
#790 = ADVANCED_FACE('',(#791),#806,.T.);
#791 = FACE_BOUND('',#792,.T.);
#792 = EDGE_LOOP('',(#793,#824,#853,#882));
#793 = ORIENTED_EDGE('',*,*,#794,.T.);
#794 = EDGE_CURVE('',#795,#797,#799,.T.);
#795 = VERTEX_POINT('',#796);
#796 = CARTESIAN_POINT('',(11.,0.,-2.));
#797 = VERTEX_POINT('',#798);
#798 = CARTESIAN_POINT('',(-11.,1.347111479062E-15,-2.));
#799 = SURFACE_CURVE('',#800,(#805,#817),.PCURVE_S1.);
#800 = CIRCLE('',#801,11.);
#801 = AXIS2_PLACEMENT_3D('',#802,#803,#804);
#802 = CARTESIAN_POINT('',(2.602085213965E-15,0.,-2.));
#803 = DIRECTION('',(4.336808689942E-16,-0.,1.));
#804 = DIRECTION('',(1.,0.,-4.336808689942E-16));
#805 = PCURVE('',#806,#811);
#806 = TOROIDAL_SURFACE('',#807,10.475,0.725);
#807 = AXIS2_PLACEMENT_3D('',#808,#809,#810);
#808 = CARTESIAN_POINT('',(3.469446951954E-15,0.,-1.5));
#809 = DIRECTION('',(4.336808689942E-16,-0.,1.));
#810 = DIRECTION('',(1.,0.,-4.336808689942E-16));
#811 = DEFINITIONAL_REPRESENTATION('',(#812),#816);
#812 = LINE('',#813,#814);
#813 = CARTESIAN_POINT('',(0.,5.522172552955));
#814 = VECTOR('',#815,1.);
#815 = DIRECTION('',(1.,1.130863886743E-15));
#816 = ( GEOMETRIC_REPRESENTATION_CONTEXT(2) 
PARAMETRIC_REPRESENTATION_CONTEXT() REPRESENTATION_CONTEXT('2D SPACE',''
  ) );
#817 = PCURVE('',#222,#818);
#818 = DEFINITIONAL_REPRESENTATION('',(#819),#823);
#819 = LINE('',#820,#821);
#820 = CARTESIAN_POINT('',(0.,6.));
#821 = VECTOR('',#822,1.);
#822 = DIRECTION('',(1.,3.109875688542E-15));
#823 = ( GEOMETRIC_REPRESENTATION_CONTEXT(2) 
PARAMETRIC_REPRESENTATION_CONTEXT() REPRESENTATION_CONTEXT('2D SPACE',''
  ) );
#824 = ORIENTED_EDGE('',*,*,#825,.T.);
#825 = EDGE_CURVE('',#797,#826,#828,.T.);
#826 = VERTEX_POINT('',#827);
#827 = CARTESIAN_POINT('',(-11.,1.347111479062E-15,-1.));
#828 = SURFACE_CURVE('',#829,(#834,#841),.PCURVE_S1.);
#829 = CIRCLE('',#830,0.725);
#830 = AXIS2_PLACEMENT_3D('',#831,#832,#833);
#831 = CARTESIAN_POINT('',(-10.475,1.282817522107E-15,-1.5));
#832 = DIRECTION('',(1.224646799147E-16,1.,-5.311058880652E-32));
#833 = DIRECTION('',(-1.,1.224646799147E-16,-1.215432671457E-63));
#834 = PCURVE('',#806,#835);
#835 = DEFINITIONAL_REPRESENTATION('',(#836),#840);
#836 = LINE('',#837,#838);
#837 = CARTESIAN_POINT('',(3.14159265359,0.));
#838 = VECTOR('',#839,1.);
#839 = DIRECTION('',(0.,1.));
#840 = ( GEOMETRIC_REPRESENTATION_CONTEXT(2) 
PARAMETRIC_REPRESENTATION_CONTEXT() REPRESENTATION_CONTEXT('2D SPACE',''
  ) );
#841 = PCURVE('',#842,#847);
#842 = TOROIDAL_SURFACE('',#843,10.475,0.725);
#843 = AXIS2_PLACEMENT_3D('',#844,#845,#846);
#844 = CARTESIAN_POINT('',(3.469446951954E-15,0.,-1.5));
#845 = DIRECTION('',(4.336808689942E-16,-0.,1.));
#846 = DIRECTION('',(1.,0.,-4.336808689942E-16));
#847 = DEFINITIONAL_REPRESENTATION('',(#848),#852);
#848 = LINE('',#849,#850);
#849 = CARTESIAN_POINT('',(3.14159265359,0.));
#850 = VECTOR('',#851,1.);
#851 = DIRECTION('',(0.,1.));
#852 = ( GEOMETRIC_REPRESENTATION_CONTEXT(2) 
PARAMETRIC_REPRESENTATION_CONTEXT() REPRESENTATION_CONTEXT('2D SPACE',''
  ) );
#853 = ORIENTED_EDGE('',*,*,#854,.F.);
#854 = EDGE_CURVE('',#855,#826,#857,.T.);
#855 = VERTEX_POINT('',#856);
#856 = CARTESIAN_POINT('',(11.,0.,-1.));
#857 = SURFACE_CURVE('',#858,(#863,#870),.PCURVE_S1.);
#858 = CIRCLE('',#859,11.);
#859 = AXIS2_PLACEMENT_3D('',#860,#861,#862);
#860 = CARTESIAN_POINT('',(3.035766082959E-15,0.,-1.));
#861 = DIRECTION('',(4.336808689942E-16,-0.,1.));
#862 = DIRECTION('',(1.,0.,-4.336808689942E-16));
#863 = PCURVE('',#806,#864);
#864 = DEFINITIONAL_REPRESENTATION('',(#865),#869);
#865 = LINE('',#866,#867);
#866 = CARTESIAN_POINT('',(0.,7.044198061404));
#867 = VECTOR('',#868,1.);
#868 = DIRECTION('',(1.,0.));
#869 = ( GEOMETRIC_REPRESENTATION_CONTEXT(2) 
PARAMETRIC_REPRESENTATION_CONTEXT() REPRESENTATION_CONTEXT('2D SPACE',''
  ) );
#870 = PCURVE('',#871,#876);
#871 = CYLINDRICAL_SURFACE('',#872,11.);
#872 = AXIS2_PLACEMENT_3D('',#873,#874,#875);
#873 = CARTESIAN_POINT('',(0.,0.,-8.));
#874 = DIRECTION('',(-0.,-0.,1.));
#875 = DIRECTION('',(1.,0.,0.));
#876 = DEFINITIONAL_REPRESENTATION('',(#877),#881);
#877 = LINE('',#878,#879);
#878 = CARTESIAN_POINT('',(0.,7.));
#879 = VECTOR('',#880,1.);
#880 = DIRECTION('',(1.,3.109875688542E-15));
#881 = ( GEOMETRIC_REPRESENTATION_CONTEXT(2) 
PARAMETRIC_REPRESENTATION_CONTEXT() REPRESENTATION_CONTEXT('2D SPACE',''
  ) );
#882 = ORIENTED_EDGE('',*,*,#883,.F.);
#883 = EDGE_CURVE('',#795,#855,#884,.T.);
#884 = SURFACE_CURVE('',#885,(#890,#897),.PCURVE_S1.);
#885 = CIRCLE('',#886,0.725);
#886 = AXIS2_PLACEMENT_3D('',#887,#888,#889);
#887 = CARTESIAN_POINT('',(10.475,0.,-1.5));
#888 = DIRECTION('',(0.,-1.,0.));
#889 = DIRECTION('',(0.,0.,-1.));
#890 = PCURVE('',#806,#891);
#891 = DEFINITIONAL_REPRESENTATION('',(#892),#896);
#892 = LINE('',#893,#894);
#893 = CARTESIAN_POINT('',(0.,4.712388980385));
#894 = VECTOR('',#895,1.);
#895 = DIRECTION('',(0.,1.));
#896 = ( GEOMETRIC_REPRESENTATION_CONTEXT(2) 
PARAMETRIC_REPRESENTATION_CONTEXT() REPRESENTATION_CONTEXT('2D SPACE',''
  ) );
#897 = PCURVE('',#898,#903);
#898 = TOROIDAL_SURFACE('',#899,10.475,0.725);
#899 = AXIS2_PLACEMENT_3D('',#900,#901,#902);
#900 = CARTESIAN_POINT('',(3.469446951954E-15,0.,-1.5));
#901 = DIRECTION('',(4.336808689942E-16,-0.,1.));
#902 = DIRECTION('',(1.,0.,-4.336808689942E-16));
#903 = DEFINITIONAL_REPRESENTATION('',(#904),#908);
#904 = LINE('',#905,#906);
#905 = CARTESIAN_POINT('',(6.28318530718,-1.570796326795));
#906 = VECTOR('',#907,1.);
#907 = DIRECTION('',(0.,1.));
#908 = ( GEOMETRIC_REPRESENTATION_CONTEXT(2) 
PARAMETRIC_REPRESENTATION_CONTEXT() REPRESENTATION_CONTEXT('2D SPACE',''
  ) );
#909 = ADVANCED_FACE('',(#910),#898,.T.);
#910 = FACE_BOUND('',#911,.T.);
#911 = EDGE_LOOP('',(#912,#941,#942,#971));
#912 = ORIENTED_EDGE('',*,*,#913,.T.);
#913 = EDGE_CURVE('',#914,#795,#916,.T.);
#914 = VERTEX_POINT('',#915);
#915 = CARTESIAN_POINT('',(8.8,-6.6,-2.));
#916 = SURFACE_CURVE('',#917,(#922,#929),.PCURVE_S1.);
#917 = CIRCLE('',#918,11.);
#918 = AXIS2_PLACEMENT_3D('',#919,#920,#921);
#919 = CARTESIAN_POINT('',(2.602085213965E-15,0.,-2.));
#920 = DIRECTION('',(4.336808689942E-16,-0.,1.));
#921 = DIRECTION('',(1.,0.,-4.336808689942E-16));
#922 = PCURVE('',#898,#923);
#923 = DEFINITIONAL_REPRESENTATION('',(#924),#928);
#924 = LINE('',#925,#926);
#925 = CARTESIAN_POINT('',(0.,-0.761012754225));
#926 = VECTOR('',#927,1.);
#927 = DIRECTION('',(1.,-2.760456532439E-15));
#928 = ( GEOMETRIC_REPRESENTATION_CONTEXT(2) 
PARAMETRIC_REPRESENTATION_CONTEXT() REPRESENTATION_CONTEXT('2D SPACE',''
  ) );
#929 = PCURVE('',#930,#935);
#930 = CYLINDRICAL_SURFACE('',#931,11.);
#931 = AXIS2_PLACEMENT_3D('',#932,#933,#934);
#932 = CARTESIAN_POINT('',(0.,0.,-8.));
#933 = DIRECTION('',(-0.,-0.,1.));
#934 = DIRECTION('',(1.,0.,0.));
#935 = DEFINITIONAL_REPRESENTATION('',(#936),#940);
#936 = LINE('',#937,#938);
#937 = CARTESIAN_POINT('',(0.,6.));
#938 = VECTOR('',#939,1.);
#939 = DIRECTION('',(1.,-1.38022826622E-15));
#940 = ( GEOMETRIC_REPRESENTATION_CONTEXT(2) 
PARAMETRIC_REPRESENTATION_CONTEXT() REPRESENTATION_CONTEXT('2D SPACE',''
  ) );
#941 = ORIENTED_EDGE('',*,*,#883,.T.);
#942 = ORIENTED_EDGE('',*,*,#943,.F.);
#943 = EDGE_CURVE('',#944,#855,#946,.T.);
#944 = VERTEX_POINT('',#945);
#945 = CARTESIAN_POINT('',(8.8,-6.6,-1.));
#946 = SURFACE_CURVE('',#947,(#952,#959),.PCURVE_S1.);
#947 = CIRCLE('',#948,11.);
#948 = AXIS2_PLACEMENT_3D('',#949,#950,#951);
#949 = CARTESIAN_POINT('',(3.035766082959E-15,0.,-1.));
#950 = DIRECTION('',(4.336808689942E-16,-0.,1.));
#951 = DIRECTION('',(1.,0.,-4.336808689942E-16));
#952 = PCURVE('',#898,#953);
#953 = DEFINITIONAL_REPRESENTATION('',(#954),#958);
#954 = LINE('',#955,#956);
#955 = CARTESIAN_POINT('',(0.,0.761012754225));
#956 = VECTOR('',#957,1.);
#957 = DIRECTION('',(1.,1.38022826622E-15));
#958 = ( GEOMETRIC_REPRESENTATION_CONTEXT(2) 
PARAMETRIC_REPRESENTATION_CONTEXT() REPRESENTATION_CONTEXT('2D SPACE',''
  ) );
#959 = PCURVE('',#960,#965);
#960 = CYLINDRICAL_SURFACE('',#961,11.);
#961 = AXIS2_PLACEMENT_3D('',#962,#963,#964);
#962 = CARTESIAN_POINT('',(0.,0.,-8.));
#963 = DIRECTION('',(-0.,-0.,1.));
#964 = DIRECTION('',(1.,0.,0.));
#965 = DEFINITIONAL_REPRESENTATION('',(#966),#970);
#966 = LINE('',#967,#968);
#967 = CARTESIAN_POINT('',(0.,7.));
#968 = VECTOR('',#969,1.);
#969 = DIRECTION('',(1.,-1.38022826622E-15));
#970 = ( GEOMETRIC_REPRESENTATION_CONTEXT(2) 
PARAMETRIC_REPRESENTATION_CONTEXT() REPRESENTATION_CONTEXT('2D SPACE',''
  ) );
#971 = ORIENTED_EDGE('',*,*,#972,.F.);
#972 = EDGE_CURVE('',#914,#944,#973,.T.);
#973 = SURFACE_CURVE('',#974,(#985,#1014),.PCURVE_S1.);
#974 = B_SPLINE_CURVE_WITH_KNOTS('',3,(#975,#976,#977,#978,#979,#980,
    #981,#982,#983,#984),.UNSPECIFIED.,.F.,.F.,(4,2,2,2,4),(
    1.942561857289E-03,2.22887791198E-03,2.515193966671E-03,
    2.801510021362E-03,3.087826076054E-03),.UNSPECIFIED.);
#975 = CARTESIAN_POINT('',(8.8,-6.6,-2.));
#976 = CARTESIAN_POINT('',(8.873165666578,-6.6,-1.938540840075));
#977 = CARTESIAN_POINT('',(8.936269979965,-6.6,-1.863109445481));
#978 = CARTESIAN_POINT('',(9.024151835724,-6.6,-1.692357680854));
#979 = CARTESIAN_POINT('',(9.04866643266,-6.6,-1.597509779212));
#980 = CARTESIAN_POINT('',(9.048846702591,-6.6,-1.40357919036));
#981 = CARTESIAN_POINT('',(9.024333538989,-6.6,-1.308214445335));
#982 = CARTESIAN_POINT('',(8.936708856475,-6.6,-1.137525740344));
#983 = CARTESIAN_POINT('',(8.873784911839,-6.6,-1.061979325944));
#984 = CARTESIAN_POINT('',(8.8,-6.6,-1.));
#985 = PCURVE('',#898,#986);
#986 = DEFINITIONAL_REPRESENTATION('',(#987),#1013);
#987 = B_SPLINE_CURVE_WITH_KNOTS('',3,(#988,#989,#990,#991,#992,#993,
    #994,#995,#996,#997,#998,#999,#1000,#1001,#1002,#1003,#1004,#1005,
    #1006,#1007,#1008,#1009,#1010,#1011,#1012),.UNSPECIFIED.,.F.,.F.,(4,
    1,1,1,1,1,1,1,1,1,1,1,1,1,1,1,1,1,1,1,1,1,4),(1.942561857289E-03,
    1.994619321778E-03,2.046676786267E-03,2.098734250757E-03,
    2.150791715246E-03,2.202849179735E-03,2.254906644225E-03,
    2.306964108714E-03,2.359021573203E-03,2.411079037692E-03,
    2.463136502182E-03,2.515193966671E-03,2.56725143116E-03,
    2.61930889565E-03,2.671366360139E-03,2.723423824628E-03,
    2.775481289118E-03,2.827538753607E-03,2.879596218096E-03,
    2.931653682586E-03,2.983711147075E-03,3.035768611564E-03,
    3.087826076054E-03),.QUASI_UNIFORM_KNOTS.);
#988 = CARTESIAN_POINT('',(5.639684198386,-0.761012754225));
#989 = CARTESIAN_POINT('',(5.640409826752,-0.739727136305));
#990 = CARTESIAN_POINT('',(5.641820515665,-0.6967267085));
#991 = CARTESIAN_POINT('',(5.643799307007,-0.63104550697));
#992 = CARTESIAN_POINT('',(5.645625258181,-0.564298618242));
#993 = CARTESIAN_POINT('',(5.647282979546,-0.496573417028));
#994 = CARTESIAN_POINT('',(5.648757317156,-0.42793762593));
#995 = CARTESIAN_POINT('',(5.650032546591,-0.358387298829));
#996 = CARTESIAN_POINT('',(5.651094009203,-0.288112570631));
#997 = CARTESIAN_POINT('',(5.651935134758,-0.217174307938));
#998 = CARTESIAN_POINT('',(5.652547665336,-0.145619882828));
#999 = CARTESIAN_POINT('',(5.65292326004,-7.353487002856E-02));
#1000 = CARTESIAN_POINT('',(5.653053467967,-7.621751947193E-04));
#1001 = CARTESIAN_POINT('',(5.652927894815,7.207748939487E-02));
#1002 = CARTESIAN_POINT('',(5.652555158216,0.144315310052));
#1003 = CARTESIAN_POINT('',(5.651944920648,0.216055646096));
#1004 = CARTESIAN_POINT('',(5.651105959698,0.287155252914));
#1005 = CARTESIAN_POINT('',(5.650047081883,0.357519017735));
#1006 = CARTESIAN_POINT('',(5.648775756851,0.427006209718));
#1007 = CARTESIAN_POINT('',(5.647305197696,0.495629050191));
#1008 = CARTESIAN_POINT('',(5.645649351552,0.56340345211));
#1009 = CARTESIAN_POINT('',(5.643821727008,0.630296341107));
#1010 = CARTESIAN_POINT('',(5.641835987561,0.696252972213));
#1011 = CARTESIAN_POINT('',(5.640415963855,0.739547029228));
#1012 = CARTESIAN_POINT('',(5.639684198386,0.761012754225));
#1013 = ( GEOMETRIC_REPRESENTATION_CONTEXT(2) 
PARAMETRIC_REPRESENTATION_CONTEXT() REPRESENTATION_CONTEXT('2D SPACE',''
  ) );
#1014 = PCURVE('',#1015,#1020);
#1015 = PLANE('',#1016);
#1016 = AXIS2_PLACEMENT_3D('',#1017,#1018,#1019);
#1017 = CARTESIAN_POINT('',(0.,-6.6,27.775435713781));
#1018 = DIRECTION('',(0.,-1.,0.));
#1019 = DIRECTION('',(0.,-0.,-1.));
#1020 = DEFINITIONAL_REPRESENTATION('',(#1021),#1032);
#1021 = B_SPLINE_CURVE_WITH_KNOTS('',3,(#1022,#1023,#1024,#1025,#1026,
    #1027,#1028,#1029,#1030,#1031),.UNSPECIFIED.,.F.,.F.,(4,2,2,2,4),(
    1.942561857289E-03,2.22887791198E-03,2.515193966671E-03,
    2.801510021362E-03,3.087826076054E-03),.UNSPECIFIED.);
#1022 = CARTESIAN_POINT('',(29.775435713781,8.8));
#1023 = CARTESIAN_POINT('',(29.713976553856,8.873165666578));
#1024 = CARTESIAN_POINT('',(29.638545159262,8.936269979965));
#1025 = CARTESIAN_POINT('',(29.467793394635,9.024151835724));
#1026 = CARTESIAN_POINT('',(29.372945492993,9.04866643266));
#1027 = CARTESIAN_POINT('',(29.179014904141,9.048846702591));
#1028 = CARTESIAN_POINT('',(29.083650159116,9.024333538989));
#1029 = CARTESIAN_POINT('',(28.912961454125,8.936708856475));
#1030 = CARTESIAN_POINT('',(28.837415039725,8.873784911839));
#1031 = CARTESIAN_POINT('',(28.775435713781,8.8));
#1032 = ( GEOMETRIC_REPRESENTATION_CONTEXT(2) 
PARAMETRIC_REPRESENTATION_CONTEXT() REPRESENTATION_CONTEXT('2D SPACE',''
  ) );
#1033 = ADVANCED_FACE('',(#1034,#1276,#1640),#222,.T.);
#1034 = FACE_BOUND('',#1035,.T.);
#1035 = EDGE_LOOP('',(#1036,#1037,#1163,#1184,#1185,#1255));
#1036 = ORIENTED_EDGE('',*,*,#138,.T.);
#1037 = ORIENTED_EDGE('',*,*,#1038,.T.);
#1038 = EDGE_CURVE('',#141,#1039,#1041,.T.);
#1039 = VERTEX_POINT('',#1040);
#1040 = CARTESIAN_POINT('',(7.442445834536,8.1,-6.385406082862));
#1041 = SURFACE_CURVE('',#1042,(#1061,#1112),.PCURVE_S1.);
#1042 = B_SPLINE_CURVE_WITH_KNOTS('',3,(#1043,#1044,#1045,#1046,#1047,
    #1048,#1049,#1050,#1051,#1052,#1053,#1054,#1055,#1056,#1057,#1058,
    #1059,#1060),.UNSPECIFIED.,.F.,.F.,(4,2,2,2,2,2,2,2,4),(0.,
    6.618560267476E-04,1.323712053495E-03,1.985568080243E-03,
    2.64742410699E-03,3.309280133738E-03,3.971136160486E-03,
    4.632992187233E-03,5.294848213981E-03),.UNSPECIFIED.);
#1043 = CARTESIAN_POINT('',(4.,10.24695076596,-5.));
#1044 = CARTESIAN_POINT('',(4.,10.24695076596,-5.223855581041));
#1045 = CARTESIAN_POINT('',(4.036934772901,10.232751232706,
    -5.442018762563));
#1046 = CARTESIAN_POINT('',(4.181119656469,10.174688131308,
    -5.860627659455));
#1047 = CARTESIAN_POINT('',(4.285767590524,10.131773048726,
    -6.052472606115));
#1048 = CARTESIAN_POINT('',(4.548844035515,10.016418865614,
    -6.392995946534));
#1049 = CARTESIAN_POINT('',(4.703795071664,9.945368662923,
    -6.536966278566));
#1050 = CARTESIAN_POINT('',(5.044200973334,9.777120356131,
    -6.768858608911));
#1051 = CARTESIAN_POINT('',(5.22599162229,9.68169777946,-6.854526919298)
  );
#1052 = CARTESIAN_POINT('',(5.600463455021,9.47000894498,-6.969449063162
    ));
#1053 = CARTESIAN_POINT('',(5.787999692955,9.356745556407,
    -6.997510059538));
#1054 = CARTESIAN_POINT('',(6.162085883909,9.114731230943,
    -7.002178497133));
#1055 = CARTESIAN_POINT('',(6.343262858117,8.989424241378,-6.97855319132
    ));
#1056 = CARTESIAN_POINT('',(6.691554802021,8.733259769994,
    -6.885272944813));
#1057 = CARTESIAN_POINT('',(6.859255400546,8.601790464899,
    -6.814875028031));
#1058 = CARTESIAN_POINT('',(7.168107342166,8.346162051095,
    -6.633283945894));
#1059 = CARTESIAN_POINT('',(7.312701063435,8.219212152004,
    -6.520492688115));
#1060 = CARTESIAN_POINT('',(7.442445834536,8.1,-6.385406082862));
#1061 = PCURVE('',#222,#1062);
#1062 = DEFINITIONAL_REPRESENTATION('',(#1063),#1111);
#1063 = B_SPLINE_CURVE_WITH_KNOTS('',3,(#1064,#1065,#1066,#1067,#1068,
    #1069,#1070,#1071,#1072,#1073,#1074,#1075,#1076,#1077,#1078,#1079,
    #1080,#1081,#1082,#1083,#1084,#1085,#1086,#1087,#1088,#1089,#1090,
    #1091,#1092,#1093,#1094,#1095,#1096,#1097,#1098,#1099,#1100,#1101,
    #1102,#1103,#1104,#1105,#1106,#1107,#1108,#1109,#1110),
  .UNSPECIFIED.,.F.,.F.,(4,1,1,1,1,1,1,1,1,1,1,1,1,1,1,1,1,1,1,1,1,1,1,1
    ,1,1,1,1,1,1,1,1,1,1,1,1,1,1,1,1,1,1,1,1,4),(0.,1.203374594087E-04,
    2.406749188173E-04,3.61012378226E-04,4.813498376346E-04,
    6.016872970433E-04,7.220247564519E-04,8.423622158606E-04,
    9.626996752692E-04,1.083037134678E-03,1.203374594087E-03,
    1.323712053495E-03,1.444049512904E-03,1.564386972312E-03,
    1.684724431721E-03,1.80506189113E-03,1.925399350538E-03,
    2.045736809947E-03,2.166074269356E-03,2.286411728764E-03,
    2.406749188173E-03,2.527086647582E-03,2.64742410699E-03,
    2.767761566399E-03,2.888099025808E-03,3.008436485216E-03,
    3.128773944625E-03,3.249111404034E-03,3.369448863442E-03,
    3.489786322851E-03,3.61012378226E-03,3.730461241668E-03,
    3.850798701077E-03,3.971136160486E-03,4.091473619894E-03,
    4.211811079303E-03,4.332148538711E-03,4.45248599812E-03,
    4.572823457529E-03,4.693160916937E-03,4.813498376346E-03,
    4.933835835755E-03,5.054173295163E-03,5.174510754572E-03,
    5.294848213981E-03),.QUASI_UNIFORM_KNOTS.);
#1064 = CARTESIAN_POINT('',(1.198627792835,3.));
#1065 = CARTESIAN_POINT('',(1.198627792001,2.959298985265));
#1066 = CARTESIAN_POINT('',(1.198389963478,2.878273458892));
#1067 = CARTESIAN_POINT('',(1.197324361854,2.757977551529));
#1068 = CARTESIAN_POINT('',(1.19555471132,2.639042158983));
#1069 = CARTESIAN_POINT('',(1.193085163123,2.52156700489));
#1070 = CARTESIAN_POINT('',(1.189922202031,2.4057201891));
#1071 = CARTESIAN_POINT('',(1.18606350931,2.291414715605));
#1072 = CARTESIAN_POINT('',(1.181578433841,2.180799364835));
#1073 = CARTESIAN_POINT('',(1.176478589085,2.073831442194));
#1074 = CARTESIAN_POINT('',(1.170780317042,1.970700379646));
#1075 = CARTESIAN_POINT('',(1.16450217103,1.871583440772));
#1076 = CARTESIAN_POINT('',(1.157648473037,1.776474436133));
#1077 = CARTESIAN_POINT('',(1.150277578858,1.686113156749));
#1078 = CARTESIAN_POINT('',(1.142456692262,1.601154191155));
#1079 = CARTESIAN_POINT('',(1.134198810012,1.521502057571));
#1080 = CARTESIAN_POINT('',(1.125530580516,1.44725904173));
#1081 = CARTESIAN_POINT('',(1.116477292765,1.378486429633));
#1082 = CARTESIAN_POINT('',(1.107054965197,1.315211738699));
#1083 = CARTESIAN_POINT('',(1.097371313929,1.257956674256));
#1084 = CARTESIAN_POINT('',(1.087436024452,1.206581908718));
#1085 = CARTESIAN_POINT('',(1.077268439716,1.161027414779));
#1086 = CARTESIAN_POINT('',(1.066890906291,1.121224592054));
#1087 = CARTESIAN_POINT('',(1.056303301637,1.087059832195));
#1088 = CARTESIAN_POINT('',(1.045591462108,1.058608131787));
#1089 = CARTESIAN_POINT('',(1.034823917311,1.035887065328));
#1090 = CARTESIAN_POINT('',(1.023983141491,1.01872409999));
#1091 = CARTESIAN_POINT('',(1.01307344137,1.006996969283));
#1092 = CARTESIAN_POINT('',(1.002097559754,1.000572448687));
#1093 = CARTESIAN_POINT('',(0.991042366807,0.999310879473));
#1094 = CARTESIAN_POINT('',(0.980046331234,1.003147205702));
#1095 = CARTESIAN_POINT('',(0.969101120803,1.011973053457));
#1096 = CARTESIAN_POINT('',(0.958215037779,1.025681141668));
#1097 = CARTESIAN_POINT('',(0.947391176735,1.044171796734));
#1098 = CARTESIAN_POINT('',(0.936637091396,1.067313822324));
#1099 = CARTESIAN_POINT('',(0.925947932533,1.095094505571));
#1100 = CARTESIAN_POINT('',(0.915344696715,1.127485841089));
#1101 = CARTESIAN_POINT('',(0.90486037696,1.164342578691));
#1102 = CARTESIAN_POINT('',(0.894525734339,1.205546655588));
#1103 = CARTESIAN_POINT('',(0.884369162438,1.250988504193));
#1104 = CARTESIAN_POINT('',(0.874431249054,1.300497388715));
#1105 = CARTESIAN_POINT('',(0.864645935581,1.35439298171));
#1106 = CARTESIAN_POINT('',(0.855048158489,1.412662607675));
#1107 = CARTESIAN_POINT('',(0.845661879397,1.475323364555));
#1108 = CARTESIAN_POINT('',(0.836514153169,1.542384369781));
#1109 = CARTESIAN_POINT('',(0.830592290439,1.590032716183));
#1110 = CARTESIAN_POINT('',(0.827679943145,1.614593917138));
#1111 = ( GEOMETRIC_REPRESENTATION_CONTEXT(2) 
PARAMETRIC_REPRESENTATION_CONTEXT() REPRESENTATION_CONTEXT('2D SPACE',''
  ) );
#1112 = PCURVE('',#294,#1113);
#1113 = DEFINITIONAL_REPRESENTATION('',(#1114),#1162);
#1114 = B_SPLINE_CURVE_WITH_KNOTS('',3,(#1115,#1116,#1117,#1118,#1119,
    #1120,#1121,#1122,#1123,#1124,#1125,#1126,#1127,#1128,#1129,#1130,
    #1131,#1132,#1133,#1134,#1135,#1136,#1137,#1138,#1139,#1140,#1141,
    #1142,#1143,#1144,#1145,#1146,#1147,#1148,#1149,#1150,#1151,#1152,
    #1153,#1154,#1155,#1156,#1157,#1158,#1159,#1160,#1161),
  .UNSPECIFIED.,.F.,.F.,(4,1,1,1,1,1,1,1,1,1,1,1,1,1,1,1,1,1,1,1,1,1,1,1
    ,1,1,1,1,1,1,1,1,1,1,1,1,1,1,1,1,1,1,1,1,4),(0.,1.203374594087E-04,
    2.406749188173E-04,3.61012378226E-04,4.813498376346E-04,
    6.016872970433E-04,7.220247564519E-04,8.423622158606E-04,
    9.626996752692E-04,1.083037134678E-03,1.203374594087E-03,
    1.323712053495E-03,1.444049512904E-03,1.564386972312E-03,
    1.684724431721E-03,1.80506189113E-03,1.925399350538E-03,
    2.045736809947E-03,2.166074269356E-03,2.286411728764E-03,
    2.406749188173E-03,2.527086647582E-03,2.64742410699E-03,
    2.767761566399E-03,2.888099025808E-03,3.008436485216E-03,
    3.128773944625E-03,3.249111404034E-03,3.369448863442E-03,
    3.489786322851E-03,3.61012378226E-03,3.730461241668E-03,
    3.850798701077E-03,3.971136160486E-03,4.091473619894E-03,
    4.211811079303E-03,4.332148538711E-03,4.45248599812E-03,
    4.572823457529E-03,4.693160916937E-03,4.813498376346E-03,
    4.933835835755E-03,5.054173295163E-03,5.174510754572E-03,
    5.294848213981E-03),.QUASI_UNIFORM_KNOTS.);
#1115 = CARTESIAN_POINT('',(6.28318530718,9.303805015452));
#1116 = CARTESIAN_POINT('',(6.262834684956,9.303805015452));
#1117 = CARTESIAN_POINT('',(6.222322211927,9.302866218494));
#1118 = CARTESIAN_POINT('',(6.161956776127,9.298618686416));
#1119 = CARTESIAN_POINT('',(6.101834257,9.291509417603));
#1120 = CARTESIAN_POINT('',(6.041784905436,9.281514102116));
#1121 = CARTESIAN_POINT('',(5.981678656917,9.268615523725));
#1122 = CARTESIAN_POINT('',(5.921256256733,9.252770001202));
#1123 = CARTESIAN_POINT('',(5.861442458748,9.234172607724));
#1124 = CARTESIAN_POINT('',(5.802032964166,9.212769844072));
#1125 = CARTESIAN_POINT('',(5.742947174568,9.188532756186));
#1126 = CARTESIAN_POINT('',(5.684110534251,9.161440575822));
#1127 = CARTESIAN_POINT('',(5.625339443308,9.131415246321));
#1128 = CARTESIAN_POINT('',(5.566921240658,9.098599678865));
#1129 = CARTESIAN_POINT('',(5.509143108639,9.063179122569));
#1130 = CARTESIAN_POINT('',(5.451836390557,9.025118384053));
#1131 = CARTESIAN_POINT('',(5.394962970768,8.984437719656));
#1132 = CARTESIAN_POINT('',(5.338474716928,8.941156029337));
#1133 = CARTESIAN_POINT('',(5.28228652709,8.895242188857));
#1134 = CARTESIAN_POINT('',(5.22683196916,8.847133258151));
#1135 = CARTESIAN_POINT('',(5.171961941914,8.796824092861));
#1136 = CARTESIAN_POINT('',(5.117598478971,8.744349409371));
#1137 = CARTESIAN_POINT('',(5.063683799394,8.689765160299));
#1138 = CARTESIAN_POINT('',(5.010061791523,8.633002492581));
#1139 = CARTESIAN_POINT('',(4.957005076192,8.574470539652));
#1140 = CARTESIAN_POINT('',(4.904696442894,8.514534800208));
#1141 = CARTESIAN_POINT('',(4.852902422271,8.453084022608));
#1142 = CARTESIAN_POINT('',(4.801502176743,8.390127434321));
#1143 = CARTESIAN_POINT('',(4.750373502752,8.325669096708));
#1144 = CARTESIAN_POINT('',(4.699333110602,8.259613256458));
#1145 = CARTESIAN_POINT('',(4.648901369784,8.192789244611));
#1146 = CARTESIAN_POINT('',(4.598911834485,8.125179229939));
#1147 = CARTESIAN_POINT('',(4.549280294882,8.056859078976));
#1148 = CARTESIAN_POINT('',(4.49990223825,7.987873043549));
#1149 = CARTESIAN_POINT('',(4.450700789443,7.918298136552));
#1150 = CARTESIAN_POINT('',(4.401544190845,7.848111941312));
#1151 = CARTESIAN_POINT('',(4.352399932036,7.777491919579));
#1152 = CARTESIAN_POINT('',(4.30329807464,7.706711374357));
#1153 = CARTESIAN_POINT('',(4.254259053936,7.636023406683));
#1154 = CARTESIAN_POINT('',(4.205291339362,7.565666084212));
#1155 = CARTESIAN_POINT('',(4.156463390021,7.495957810096));
#1156 = CARTESIAN_POINT('',(4.107320527791,7.42649475937));
#1157 = CARTESIAN_POINT('',(4.057854904438,7.357588395544));
#1158 = CARTESIAN_POINT('',(4.008004382894,7.289469556854));
#1159 = CARTESIAN_POINT('',(3.957714110955,7.222390692438));
#1160 = CARTESIAN_POINT('',(3.923849849493,7.17852918622));
#1161 = CARTESIAN_POINT('',(3.906822852203,7.156854249492));
#1162 = ( GEOMETRIC_REPRESENTATION_CONTEXT(2) 
PARAMETRIC_REPRESENTATION_CONTEXT() REPRESENTATION_CONTEXT('2D SPACE',''
  ) );
#1163 = ORIENTED_EDGE('',*,*,#1164,.T.);
#1164 = EDGE_CURVE('',#1039,#532,#1165,.T.);
#1165 = SURFACE_CURVE('',#1166,(#1170,#1177),.PCURVE_S1.);
#1166 = LINE('',#1167,#1168);
#1167 = CARTESIAN_POINT('',(7.442445834536,8.1,-8.));
#1168 = VECTOR('',#1169,1.);
#1169 = DIRECTION('',(-0.,-0.,1.));
#1170 = PCURVE('',#222,#1171);
#1171 = DEFINITIONAL_REPRESENTATION('',(#1172),#1176);
#1172 = LINE('',#1173,#1174);
#1173 = CARTESIAN_POINT('',(0.827679943145,0.));
#1174 = VECTOR('',#1175,1.);
#1175 = DIRECTION('',(0.,1.));
#1176 = ( GEOMETRIC_REPRESENTATION_CONTEXT(2) 
PARAMETRIC_REPRESENTATION_CONTEXT() REPRESENTATION_CONTEXT('2D SPACE',''
  ) );
#1177 = PCURVE('',#321,#1178);
#1178 = DEFINITIONAL_REPRESENTATION('',(#1179),#1183);
#1179 = LINE('',#1180,#1181);
#1180 = CARTESIAN_POINT('',(-0.557554165464,-11.));
#1181 = VECTOR('',#1182,1.);
#1182 = DIRECTION('',(0.,1.));
#1183 = ( GEOMETRIC_REPRESENTATION_CONTEXT(2) 
PARAMETRIC_REPRESENTATION_CONTEXT() REPRESENTATION_CONTEXT('2D SPACE',''
  ) );
#1184 = ORIENTED_EDGE('',*,*,#531,.T.);
#1185 = ORIENTED_EDGE('',*,*,#1186,.T.);
#1186 = EDGE_CURVE('',#534,#1187,#1189,.T.);
#1187 = VERTEX_POINT('',#1188);
#1188 = CARTESIAN_POINT('',(7.442445834536,8.1,-4.588478415596));
#1189 = SURFACE_CURVE('',#1190,(#1197,#1226),.PCURVE_S1.);
#1190 = B_SPLINE_CURVE_WITH_KNOTS('',3,(#1191,#1192,#1193,#1194,#1195,
    #1196),.UNSPECIFIED.,.F.,.F.,(4,2,4),(0.,2.09464694718E-04,
    4.18929389436E-04),.UNSPECIFIED.);
#1191 = CARTESIAN_POINT('',(7.5,8.046738469716,-5.));
#1192 = CARTESIAN_POINT('',(7.5,8.046738469716,-4.928954423604));
#1193 = CARTESIAN_POINT('',(7.494981587368,8.051423784953,
    -4.859200016862));
#1194 = CARTESIAN_POINT('',(7.47565218642,8.069374098872,-4.722069781181
    ));
#1195 = CARTESIAN_POINT('',(7.461308972411,8.082668162728,-4.654596587)
  );
#1196 = CARTESIAN_POINT('',(7.442445834536,8.1,-4.588478415596));
#1197 = PCURVE('',#222,#1198);
#1198 = DEFINITIONAL_REPRESENTATION('',(#1199),#1225);
#1199 = B_SPLINE_CURVE_WITH_KNOTS('',3,(#1200,#1201,#1202,#1203,#1204,
    #1205,#1206,#1207,#1208,#1209,#1210,#1211,#1212,#1213,#1214,#1215,
    #1216,#1217,#1218,#1219,#1220,#1221,#1222,#1223,#1224),
  .UNSPECIFIED.,.F.,.F.,(4,1,1,1,1,1,1,1,1,1,1,1,1,1,1,1,1,1,1,1,1,1,4),
  (0.,1.904224497436E-05,3.808448994872E-05,5.712673492309E-05,
    7.616897989745E-05,9.521122487181E-05,1.142534698462E-04,
    1.332957148205E-04,1.523379597949E-04,1.713802047693E-04,
    1.904224497436E-04,2.09464694718E-04,2.285069396923E-04,
    2.475491846667E-04,2.665914296411E-04,2.856336746154E-04,
    3.046759195898E-04,3.237181645642E-04,3.427604095385E-04,
    3.618026545129E-04,3.808448994872E-04,3.998871444616E-04,
    4.18929389436E-04),.QUASI_UNIFORM_KNOTS.);
#1200 = CARTESIAN_POINT('',(0.820551082808,3.));
#1201 = CARTESIAN_POINT('',(0.820551082808,3.006458688763));
#1202 = CARTESIAN_POINT('',(0.820561399278,3.019354724642));
#1203 = CARTESIAN_POINT('',(0.820607601334,3.03863521279));
#1204 = CARTESIAN_POINT('',(0.820684308678,3.057852594514));
#1205 = CARTESIAN_POINT('',(0.820791299257,3.077007329162));
#1206 = CARTESIAN_POINT('',(0.820928351003,3.096099875697));
#1207 = CARTESIAN_POINT('',(0.821095241917,3.11513069452));
#1208 = CARTESIAN_POINT('',(0.821291749786,3.134100240669));
#1209 = CARTESIAN_POINT('',(0.821517653216,3.15300898919));
#1210 = CARTESIAN_POINT('',(0.821772727796,3.171857340466));
#1211 = CARTESIAN_POINT('',(0.822056760406,3.190645973523));
#1212 = CARTESIAN_POINT('',(0.822369495799,3.209374527477));
#1213 = CARTESIAN_POINT('',(0.822710835965,3.228046522441));
#1214 = CARTESIAN_POINT('',(0.823080778918,3.246663833242));
#1215 = CARTESIAN_POINT('',(0.823479165472,3.265224453706));
#1216 = CARTESIAN_POINT('',(0.823905878607,3.283727417572));
#1217 = CARTESIAN_POINT('',(0.824360790052,3.302171479933));
#1218 = CARTESIAN_POINT('',(0.824843774602,3.320555470545));
#1219 = CARTESIAN_POINT('',(0.825354706281,3.33887819916));
#1220 = CARTESIAN_POINT('',(0.825893459372,3.357138480888));
#1221 = CARTESIAN_POINT('',(0.826459908141,3.375335129404));
#1222 = CARTESIAN_POINT('',(0.827053926904,3.393466958769));
#1223 = CARTESIAN_POINT('',(0.827468235652,3.405510841549));
#1224 = CARTESIAN_POINT('',(0.827679943145,3.411521584404));
#1225 = ( GEOMETRIC_REPRESENTATION_CONTEXT(2) 
PARAMETRIC_REPRESENTATION_CONTEXT() REPRESENTATION_CONTEXT('2D SPACE',''
  ) );
#1226 = PCURVE('',#624,#1227);
#1227 = DEFINITIONAL_REPRESENTATION('',(#1228),#1254);
#1228 = B_SPLINE_CURVE_WITH_KNOTS('',3,(#1229,#1230,#1231,#1232,#1233,
    #1234,#1235,#1236,#1237,#1238,#1239,#1240,#1241,#1242,#1243,#1244,
    #1245,#1246,#1247,#1248,#1249,#1250,#1251,#1252,#1253),
  .UNSPECIFIED.,.F.,.F.,(4,1,1,1,1,1,1,1,1,1,1,1,1,1,1,1,1,1,1,1,1,1,4),
  (0.,1.904224497436E-05,3.808448994872E-05,5.712673492309E-05,
    7.616897989745E-05,9.521122487181E-05,1.142534698462E-04,
    1.332957148205E-04,1.523379597949E-04,1.713802047693E-04,
    1.904224497436E-04,2.09464694718E-04,2.285069396923E-04,
    2.475491846667E-04,2.665914296411E-04,2.856336746154E-04,
    3.046759195898E-04,3.237181645642E-04,3.427604095385E-04,
    3.618026545129E-04,3.808448994872E-04,3.998871444616E-04,
    4.18929389436E-04),.QUASI_UNIFORM_KNOTS.);
#1229 = CARTESIAN_POINT('',(0.,3.553261530284));
#1230 = CARTESIAN_POINT('',(4.30579099325E-03,3.553261530284));
#1231 = CARTESIAN_POINT('',(1.290315089462E-02,3.553184087058));
#1232 = CARTESIAN_POINT('',(2.575892113506E-02,3.552837375285));
#1233 = CARTESIAN_POINT('',(3.857682615367E-02,3.552261899338));
#1234 = CARTESIAN_POINT('',(5.135924322923E-02,3.551459441943));
#1235 = CARTESIAN_POINT('',(6.410852820223E-02,3.55043178594));
#1236 = CARTESIAN_POINT('',(7.682701189078E-02,3.549180713743));
#1237 = CARTESIAN_POINT('',(8.951699357786E-02,3.547708009364));
#1238 = CARTESIAN_POINT('',(0.102180755995,3.546015450843));
#1239 = CARTESIAN_POINT('',(0.114820497726,3.544104838509));
#1240 = CARTESIAN_POINT('',(0.127438574862,3.541977889511));
#1241 = CARTESIAN_POINT('',(0.140036588635,3.539636631429));
#1242 = CARTESIAN_POINT('',(0.152618780224,3.537081933299));
#1243 = CARTESIAN_POINT('',(0.165188394334,3.534314148724));
#1244 = CARTESIAN_POINT('',(0.177745991276,3.531334789851));
#1245 = CARTESIAN_POINT('',(0.1902928434,3.528145058399));
#1246 = CARTESIAN_POINT('',(0.202830024348,3.524746239262));
#1247 = CARTESIAN_POINT('',(0.215358652439,3.52113959505));
#1248 = CARTESIAN_POINT('',(0.2278798248,3.517326394343));
#1249 = CARTESIAN_POINT('',(0.240394634479,3.513307904121));
#1250 = CARTESIAN_POINT('',(0.252904164955,3.509085391793));
#1251 = CARTESIAN_POINT('',(0.26540949215,3.504660124654));
#1252 = CARTESIAN_POINT('',(0.273744283452,3.50157562157));
#1253 = CARTESIAN_POINT('',(0.277911333516,3.5));
#1254 = ( GEOMETRIC_REPRESENTATION_CONTEXT(2) 
PARAMETRIC_REPRESENTATION_CONTEXT() REPRESENTATION_CONTEXT('2D SPACE',''
  ) );
#1255 = ORIENTED_EDGE('',*,*,#1256,.T.);
#1256 = EDGE_CURVE('',#1187,#139,#1257,.T.);
#1257 = SURFACE_CURVE('',#1258,(#1262,#1269),.PCURVE_S1.);
#1258 = LINE('',#1259,#1260);
#1259 = CARTESIAN_POINT('',(7.442445834536,8.1,-8.));
#1260 = VECTOR('',#1261,1.);
#1261 = DIRECTION('',(-0.,-0.,1.));
#1262 = PCURVE('',#222,#1263);
#1263 = DEFINITIONAL_REPRESENTATION('',(#1264),#1268);
#1264 = LINE('',#1265,#1266);
#1265 = CARTESIAN_POINT('',(0.827679943145,0.));
#1266 = VECTOR('',#1267,1.);
#1267 = DIRECTION('',(0.,1.));
#1268 = ( GEOMETRIC_REPRESENTATION_CONTEXT(2) 
PARAMETRIC_REPRESENTATION_CONTEXT() REPRESENTATION_CONTEXT('2D SPACE',''
  ) );
#1269 = PCURVE('',#321,#1270);
#1270 = DEFINITIONAL_REPRESENTATION('',(#1271),#1275);
#1271 = LINE('',#1272,#1273);
#1272 = CARTESIAN_POINT('',(-0.557554165464,-11.));
#1273 = VECTOR('',#1274,1.);
#1274 = DIRECTION('',(0.,1.));
#1275 = ( GEOMETRIC_REPRESENTATION_CONTEXT(2) 
PARAMETRIC_REPRESENTATION_CONTEXT() REPRESENTATION_CONTEXT('2D SPACE',''
  ) );
#1276 = FACE_BOUND('',#1277,.T.);
#1277 = EDGE_LOOP('',(#1278,#1527,#1550,#1618,#1619));
#1278 = ORIENTED_EDGE('',*,*,#1279,.T.);
#1279 = EDGE_CURVE('',#1280,#1282,#1284,.T.);
#1280 = VERTEX_POINT('',#1281);
#1281 = CARTESIAN_POINT('',(-7.442445834536,8.1,-6.385406082862));
#1282 = VERTEX_POINT('',#1283);
#1283 = CARTESIAN_POINT('',(-7.442445834536,8.1,-3.614593917138));
#1284 = SURFACE_CURVE('',#1285,(#1332,#1427),.PCURVE_S1.);
#1285 = B_SPLINE_CURVE_WITH_KNOTS('',3,(#1286,#1287,#1288,#1289,#1290,
    #1291,#1292,#1293,#1294,#1295,#1296,#1297,#1298,#1299,#1300,#1301,
    #1302,#1303,#1304,#1305,#1306,#1307,#1308,#1309,#1310,#1311,#1312,
    #1313,#1314,#1315,#1316,#1317,#1318,#1319,#1320,#1321,#1322,#1323,
    #1324,#1325,#1326,#1327,#1328,#1329,#1330,#1331),.UNSPECIFIED.,.F.,
  .F.,(4,2,2,2,2,2,2,2,2,2,2,2,2,2,2,2,2,2,2,2,2,2,4),(
    1.639560129412E-03,2.300999996763E-03,2.962439864114E-03,
    3.623879731465E-03,4.285319598816E-03,4.946759466167E-03,
    5.277479399842E-03,5.608199333518E-03,5.938919267193E-03,
    6.269639200869E-03,6.600359134544E-03,6.93107906822E-03,
    7.261799001895E-03,7.59251893557E-03,7.923238869246E-03,
    8.253958802921E-03,8.584678736597E-03,8.915398670272E-03,
    9.576838537623E-03,1.023827840497E-02,1.089971827232E-02,
    1.156115813968E-02,1.222259800703E-02),.UNSPECIFIED.);
#1286 = CARTESIAN_POINT('',(-7.442445834536,8.1,-6.385406082862));
#1287 = CARTESIAN_POINT('',(-7.313237447079,8.218719311731,
    -6.519934220554));
#1288 = CARTESIAN_POINT('',(-7.167669673216,8.346535883631,
    -6.63358674604));
#1289 = CARTESIAN_POINT('',(-6.858937221113,8.602042199263,
    -6.81501652135));
#1290 = CARTESIAN_POINT('',(-6.692375425029,8.732644404102,
    -6.88501549445));
#1291 = CARTESIAN_POINT('',(-6.343219223251,8.989468115734,
    -6.97860246343));
#1292 = CARTESIAN_POINT('',(-6.163487433392,9.113731467309,
    -7.001893169434));
#1293 = CARTESIAN_POINT('',(-5.793080315205,9.353550077986,
    -6.997871028558));
#1294 = CARTESIAN_POINT('',(-5.601812625694,9.469164233644,
    -6.969522823378));
#1295 = CARTESIAN_POINT('',(-5.231007128322,9.678943144815,
    -6.856400630298));
#1296 = CARTESIAN_POINT('',(-5.045927529836,9.776194270968,
    -6.769525487804));
#1297 = CARTESIAN_POINT('',(-4.793110138648,9.901259261518,
    -6.598056802853));
#1298 = CARTESIAN_POINT('',(-4.712547194477,9.939768646225,
    -6.534073816394));
#1299 = CARTESIAN_POINT('',(-4.559703711072,10.010804356688,
    -6.39156882715));
#1300 = CARTESIAN_POINT('',(-4.486773406395,10.043605587254,
    -6.312099152601));
#1301 = CARTESIAN_POINT('',(-4.355364464272,10.10128453099,
    -6.143080427822));
#1302 = CARTESIAN_POINT('',(-4.296473166818,10.126375119436,
    -6.053416268747));
#1303 = CARTESIAN_POINT('',(-4.192839434639,10.169722326989,
    -5.863631980439));
#1304 = CARTESIAN_POINT('',(-4.147751012111,10.188115394103,
    -5.762466192839));
#1305 = CARTESIAN_POINT('',(-4.075101809422,10.217391006753,
    -5.554028847866));
#1306 = CARTESIAN_POINT('',(-4.047614954924,10.228255774594,
    -5.447593962434));
#1307 = CARTESIAN_POINT('',(-4.01025460218,10.242961536565,
    -5.230349671794));
#1308 = CARTESIAN_POINT('',(-4.000408624519,10.246791254708,
    -5.118412809537));
#1309 = CARTESIAN_POINT('',(-3.999616690269,10.247100395312,
    -4.895818060525));
#1310 = CARTESIAN_POINT('',(-4.008451111014,10.243665724853,
    -4.785698966306));
#1311 = CARTESIAN_POINT('',(-4.04414518267,10.229626461089,
    -4.567768761206));
#1312 = CARTESIAN_POINT('',(-4.071431955956,10.218850736461,
    -4.458923850378));
#1313 = CARTESIAN_POINT('',(-4.142532782639,10.190235065532,
    -4.25036433074));
#1314 = CARTESIAN_POINT('',(-4.186175849638,10.172464487148,
    -4.150374591957));
#1315 = CARTESIAN_POINT('',(-4.288969539096,10.129552916051,
    -3.958752601786));
#1316 = CARTESIAN_POINT('',(-4.348721992566,10.104142690048,
    -3.866523395437));
#1317 = CARTESIAN_POINT('',(-4.47932188716,10.046927784188,
    -3.696532950914));
#1318 = CARTESIAN_POINT('',(-4.550405010548,10.015034480539,
    -3.618069664243));
#1319 = CARTESIAN_POINT('',(-4.703310167454,9.944142742093,
    -3.473680058277));
#1320 = CARTESIAN_POINT('',(-4.78562274407,9.904884902349,
    -3.407570824983));
#1321 = CARTESIAN_POINT('',(-5.03981642644,9.779364513973,
    -3.233585922347));
#1322 = CARTESIAN_POINT('',(-5.223502228695,9.683022980253,
    -3.146578166036));
#1323 = CARTESIAN_POINT('',(-5.596621371696,9.472261545754,
    -3.031394664824));
#1324 = CARTESIAN_POINT('',(-5.786244865816,9.357822981899,
    -3.002700271087));
#1325 = CARTESIAN_POINT('',(-6.159828171835,9.116249091661,
    -2.99766326009));
#1326 = CARTESIAN_POINT('',(-6.340626833177,8.991315775701,
    -3.020891473861));
#1327 = CARTESIAN_POINT('',(-6.691104053795,8.733638105467,
    -3.114457005384));
#1328 = CARTESIAN_POINT('',(-6.857520507312,8.60318554182,
    -3.184265190581));
#1329 = CARTESIAN_POINT('',(-7.167199684446,8.346953795155,
    -3.366023496122));
#1330 = CARTESIAN_POINT('',(-7.313230872648,8.218725352452,
    -3.480058934334));
#1331 = CARTESIAN_POINT('',(-7.442445834536,8.1,-3.614593917138));
#1332 = PCURVE('',#222,#1333);
#1333 = DEFINITIONAL_REPRESENTATION('',(#1334),#1426);
#1334 = B_SPLINE_CURVE_WITH_KNOTS('',3,(#1335,#1336,#1337,#1338,#1339,
    #1340,#1341,#1342,#1343,#1344,#1345,#1346,#1347,#1348,#1349,#1350,
    #1351,#1352,#1353,#1354,#1355,#1356,#1357,#1358,#1359,#1360,#1361,
    #1362,#1363,#1364,#1365,#1366,#1367,#1368,#1369,#1370,#1371,#1372,
    #1373,#1374,#1375,#1376,#1377,#1378,#1379,#1380,#1381,#1382,#1383,
    #1384,#1385,#1386,#1387,#1388,#1389,#1390,#1391,#1392,#1393,#1394,
    #1395,#1396,#1397,#1398,#1399,#1400,#1401,#1402,#1403,#1404,#1405,
    #1406,#1407,#1408,#1409,#1410,#1411,#1412,#1413,#1414,#1415,#1416,
    #1417,#1418,#1419,#1420,#1421,#1422,#1423,#1424,#1425),
  .UNSPECIFIED.,.F.,.F.,(4,1,1,1,1,1,1,1,1,1,1,1,1,1,1,1,1,1,1,1,1,1,1,1
    ,1,1,1,1,1,1,1,1,1,1,1,1,1,1,1,1,1,1,1,1,1,1,1,1,1,1,1,1,1,1,1,1,1,1
    ,1,1,1,1,1,1,1,1,1,1,1,1,1,1,1,1,1,1,1,1,1,1,1,1,1,1,1,1,1,1,4),(
    1.639560129412E-03,1.759821923476E-03,1.88008371754E-03,
    2.000345511604E-03,2.120607305668E-03,2.240869099731E-03,
    2.361130893795E-03,2.481392687859E-03,2.601654481923E-03,
    2.721916275987E-03,2.84217807005E-03,2.962439864114E-03,
    3.082701658178E-03,3.202963452242E-03,3.323225246306E-03,
    3.443487040369E-03,3.563748834433E-03,3.684010628497E-03,
    3.804272422561E-03,3.924534216625E-03,4.044796010688E-03,
    4.165057804752E-03,4.285319598816E-03,4.40558139288E-03,
    4.525843186944E-03,4.646104981007E-03,4.766366775071E-03,
    4.886628569135E-03,5.006890363199E-03,5.127152157263E-03,
    5.247413951326E-03,5.36767574539E-03,5.487937539454E-03,
    5.608199333518E-03,5.728461127582E-03,5.848722921645E-03,
    5.968984715709E-03,6.089246509773E-03,6.209508303837E-03,
    6.329770097901E-03,6.450031891964E-03,6.570293686028E-03,
    6.690555480092E-03,6.810817274156E-03,6.93107906822E-03,
    7.051340862283E-03,7.171602656347E-03,7.291864450411E-03,
    7.412126244475E-03,7.532388038539E-03,7.652649832602E-03,
    7.772911626666E-03,7.89317342073E-03,8.013435214794E-03,
    8.133697008858E-03,8.253958802921E-03,8.374220596985E-03,
    8.494482391049E-03,8.614744185113E-03,8.735005979177E-03,
    8.85526777324E-03,8.975529567304E-03,9.095791361368E-03,
    9.216053155432E-03,9.336314949496E-03,9.456576743559E-03,
    9.576838537623E-03,9.697100331687E-03,9.817362125751E-03,
    9.937623919815E-03,1.005788571388E-02,1.017814750794E-02,
    1.029840930201E-02,1.041867109607E-02,1.053893289013E-02,
    1.06591946842E-02,1.077945647826E-02,1.089971827232E-02,
    1.101998006639E-02,1.114024186045E-02,1.126050365452E-02,
    1.138076544858E-02,1.150102724264E-02,1.162128903671E-02,
    1.174155083077E-02,1.186181262484E-02,1.19820744189E-02,
    1.210233621296E-02,1.222259800703E-02),.QUASI_UNIFORM_KNOTS.);
#1335 = CARTESIAN_POINT('',(2.313912710445,1.614593917138));
#1336 = CARTESIAN_POINT('',(2.311012404137,1.59013425574));
#1337 = CARTESIAN_POINT('',(2.305102404201,1.542595102692));
#1338 = CARTESIAN_POINT('',(2.295947048804,1.475501569572));
#1339 = CARTESIAN_POINT('',(2.286538888009,1.412696623528));
#1340 = CARTESIAN_POINT('',(2.27691636921,1.354258193206));
#1341 = CARTESIAN_POINT('',(2.267114052048,1.300247351742));
#1342 = CARTESIAN_POINT('',(2.257180397236,1.250788056296));
#1343 = CARTESIAN_POINT('',(2.247048533034,1.205441006487));
#1344 = CARTESIAN_POINT('',(2.236746304566,1.164348855476));
#1345 = CARTESIAN_POINT('',(2.226290837716,1.127586550072));
#1346 = CARTESIAN_POINT('',(2.215705371704,1.095250340586));
#1347 = CARTESIAN_POINT('',(2.20499887775,1.067418969664));
#1348 = CARTESIAN_POINT('',(2.194230616915,1.044219907116));
#1349 = CARTESIAN_POINT('',(2.183438488218,1.025755217206));
#1350 = CARTESIAN_POINT('',(2.172610226307,1.012080241915));
#1351 = CARTESIAN_POINT('',(2.161746686115,1.003260813831));
#1352 = CARTESIAN_POINT('',(2.15084624998,0.999367525394));
#1353 = CARTESIAN_POINT('',(2.139903923158,1.000441439028));
#1354 = CARTESIAN_POINT('',(2.128928978552,1.006791343627));
#1355 = CARTESIAN_POINT('',(2.117969634077,1.01846271189));
#1356 = CARTESIAN_POINT('',(2.107068885039,1.035524412062));
#1357 = CARTESIAN_POINT('',(2.096265087129,1.058061372173));
#1358 = CARTESIAN_POINT('',(2.085620740922,1.08607088556));
#1359 = CARTESIAN_POINT('',(2.075106460015,1.119884724558));
#1360 = CARTESIAN_POINT('',(2.064704876721,1.159663264492));
#1361 = CARTESIAN_POINT('',(2.05449061252,1.205232431669));
#1362 = CARTESIAN_POINT('',(2.044514683878,1.25650568215));
#1363 = CARTESIAN_POINT('',(2.034831609703,1.313380802));
#1364 = CARTESIAN_POINT('',(2.025506216756,1.375730727518));
#1365 = CARTESIAN_POINT('',(2.016525415966,1.443553018262));
#1366 = CARTESIAN_POINT('',(2.007900573817,1.516940190258));
#1367 = CARTESIAN_POINT('',(1.999621852217,1.596242717446));
#1368 = CARTESIAN_POINT('',(1.991716187731,1.681560754462));
#1369 = CARTESIAN_POINT('',(1.984308190267,1.771735345306));
#1370 = CARTESIAN_POINT('',(1.977474780848,1.865959123046));
#1371 = CARTESIAN_POINT('',(1.971197573439,1.964331994778));
#1372 = CARTESIAN_POINT('',(1.965487884744,2.066724531191));
#1373 = CARTESIAN_POINT('',(1.960330389092,2.17382193742));
#1374 = CARTESIAN_POINT('',(1.955778388958,2.284750121062));
#1375 = CARTESIAN_POINT('',(1.951890897478,2.398545907672));
#1376 = CARTESIAN_POINT('',(1.948699660427,2.513978112053));
#1377 = CARTESIAN_POINT('',(1.946195285583,2.631134850153));
#1378 = CARTESIAN_POINT('',(1.944374866744,2.75023176397));
#1379 = CARTESIAN_POINT('',(1.943251605897,2.871299784781));
#1380 = CARTESIAN_POINT('',(1.942845691651,2.99300330168));
#1381 = CARTESIAN_POINT('',(1.943162203442,3.113994398314));
#1382 = CARTESIAN_POINT('',(1.944186717656,3.234020906281));
#1383 = CARTESIAN_POINT('',(1.945910511912,3.353051229808));
#1384 = CARTESIAN_POINT('',(1.948356577924,3.471639606254));
#1385 = CARTESIAN_POINT('',(1.951497848389,3.588568153085));
#1386 = CARTESIAN_POINT('',(1.955301380692,3.702387869664));
#1387 = CARTESIAN_POINT('',(1.959734345879,3.812746312076));
#1388 = CARTESIAN_POINT('',(1.964790822333,3.919733673612));
#1389 = CARTESIAN_POINT('',(1.970478612116,4.023533651001));
#1390 = CARTESIAN_POINT('',(1.976788124024,4.123855053784));
#1391 = CARTESIAN_POINT('',(1.983626317439,4.219380329282));
#1392 = CARTESIAN_POINT('',(1.990933193474,4.309454590037));
#1393 = CARTESIAN_POINT('',(1.998713595292,4.394493556209));
#1394 = CARTESIAN_POINT('',(2.006954054828,4.474486585689));
#1395 = CARTESIAN_POINT('',(2.015670488538,4.549533447318));
#1396 = CARTESIAN_POINT('',(2.024770621213,4.619039783161));
#1397 = CARTESIAN_POINT('',(2.034144005676,4.682295401116));
#1398 = CARTESIAN_POINT('',(2.043833495082,4.739811825576));
#1399 = CARTESIAN_POINT('',(2.053796493488,4.791551899015));
#1400 = CARTESIAN_POINT('',(2.063996739369,4.837504575727));
#1401 = CARTESIAN_POINT('',(2.074396593397,4.877657325172));
#1402 = CARTESIAN_POINT('',(2.084958353612,4.911977444329));
#1403 = CARTESIAN_POINT('',(2.095646948249,4.940514404932));
#1404 = CARTESIAN_POINT('',(2.106444491747,4.963431559435));
#1405 = CARTESIAN_POINT('',(2.117330407571,4.980809721751));
#1406 = CARTESIAN_POINT('',(2.128285371529,4.992751151516));
#1407 = CARTESIAN_POINT('',(2.139287944073,4.999354864013));
#1408 = CARTESIAN_POINT('',(2.150324242092,5.000711406219));
#1409 = CARTESIAN_POINT('',(2.161303414312,4.997009899969));
#1410 = CARTESIAN_POINT('',(2.172237538901,4.98831797384));
#1411 = CARTESIAN_POINT('',(2.183126789145,4.974716559263));
#1412 = CARTESIAN_POINT('',(2.193970639982,4.956288640155));
#1413 = CARTESIAN_POINT('',(2.204783076551,4.933095687648));
#1414 = CARTESIAN_POINT('',(2.215520542921,4.905283171516));
#1415 = CARTESIAN_POINT('',(2.226123720916,4.872988362735));
#1416 = CARTESIAN_POINT('',(2.236591076866,4.836263037799));
#1417 = CARTESIAN_POINT('',(2.246905011828,4.795185721439));
#1418 = CARTESIAN_POINT('',(2.257053753518,4.749813439915));
#1419 = CARTESIAN_POINT('',(2.267017734242,4.700262465133));
#1420 = CARTESIAN_POINT('',(2.276849104154,4.646126538159));
#1421 = CARTESIAN_POINT('',(2.286498162112,4.587552029227));
#1422 = CARTESIAN_POINT('',(2.295928047152,4.524621199947));
#1423 = CARTESIAN_POINT('',(2.30509828978,4.457433495681));
#1424 = CARTESIAN_POINT('',(2.311012256526,4.409866988826));
#1425 = CARTESIAN_POINT('',(2.313912710445,4.385406082862));
#1426 = ( GEOMETRIC_REPRESENTATION_CONTEXT(2) 
PARAMETRIC_REPRESENTATION_CONTEXT() REPRESENTATION_CONTEXT('2D SPACE',''
  ) );
#1427 = PCURVE('',#1428,#1433);
#1428 = CYLINDRICAL_SURFACE('',#1429,2.);
#1429 = AXIS2_PLACEMENT_3D('',#1430,#1431,#1432);
#1430 = CARTESIAN_POINT('',(-6.,0.943145750508,-5.));
#1431 = DIRECTION('',(5.421010862428E-17,1.,-0.));
#1432 = DIRECTION('',(-1.,5.421010862428E-17,0.));
#1433 = DEFINITIONAL_REPRESENTATION('',(#1434),#1526);
#1434 = B_SPLINE_CURVE_WITH_KNOTS('',3,(#1435,#1436,#1437,#1438,#1439,
    #1440,#1441,#1442,#1443,#1444,#1445,#1446,#1447,#1448,#1449,#1450,
    #1451,#1452,#1453,#1454,#1455,#1456,#1457,#1458,#1459,#1460,#1461,
    #1462,#1463,#1464,#1465,#1466,#1467,#1468,#1469,#1470,#1471,#1472,
    #1473,#1474,#1475,#1476,#1477,#1478,#1479,#1480,#1481,#1482,#1483,
    #1484,#1485,#1486,#1487,#1488,#1489,#1490,#1491,#1492,#1493,#1494,
    #1495,#1496,#1497,#1498,#1499,#1500,#1501,#1502,#1503,#1504,#1505,
    #1506,#1507,#1508,#1509,#1510,#1511,#1512,#1513,#1514,#1515,#1516,
    #1517,#1518,#1519,#1520,#1521,#1522,#1523,#1524,#1525),
  .UNSPECIFIED.,.F.,.F.,(4,1,1,1,1,1,1,1,1,1,1,1,1,1,1,1,1,1,1,1,1,1,1,1
    ,1,1,1,1,1,1,1,1,1,1,1,1,1,1,1,1,1,1,1,1,1,1,1,1,1,1,1,1,1,1,1,1,1,1
    ,1,1,1,1,1,1,1,1,1,1,1,1,1,1,1,1,1,1,1,1,1,1,1,1,1,1,1,1,1,1,4),(
    1.639560129412E-03,1.759821923476E-03,1.88008371754E-03,
    2.000345511604E-03,2.120607305668E-03,2.240869099731E-03,
    2.361130893795E-03,2.481392687859E-03,2.601654481923E-03,
    2.721916275987E-03,2.84217807005E-03,2.962439864114E-03,
    3.082701658178E-03,3.202963452242E-03,3.323225246306E-03,
    3.443487040369E-03,3.563748834433E-03,3.684010628497E-03,
    3.804272422561E-03,3.924534216625E-03,4.044796010688E-03,
    4.165057804752E-03,4.285319598816E-03,4.40558139288E-03,
    4.525843186944E-03,4.646104981007E-03,4.766366775071E-03,
    4.886628569135E-03,5.006890363199E-03,5.127152157263E-03,
    5.247413951326E-03,5.36767574539E-03,5.487937539454E-03,
    5.608199333518E-03,5.728461127582E-03,5.848722921645E-03,
    5.968984715709E-03,6.089246509773E-03,6.209508303837E-03,
    6.329770097901E-03,6.450031891964E-03,6.570293686028E-03,
    6.690555480092E-03,6.810817274156E-03,6.93107906822E-03,
    7.051340862283E-03,7.171602656347E-03,7.291864450411E-03,
    7.412126244475E-03,7.532388038539E-03,7.652649832602E-03,
    7.772911626666E-03,7.89317342073E-03,8.013435214794E-03,
    8.133697008858E-03,8.253958802921E-03,8.374220596985E-03,
    8.494482391049E-03,8.614744185113E-03,8.735005979177E-03,
    8.85526777324E-03,8.975529567304E-03,9.095791361368E-03,
    9.216053155432E-03,9.336314949496E-03,9.456576743559E-03,
    9.576838537623E-03,9.697100331687E-03,9.817362125751E-03,
    9.937623919815E-03,1.005788571388E-02,1.017814750794E-02,
    1.029840930201E-02,1.041867109607E-02,1.053893289013E-02,
    1.06591946842E-02,1.077945647826E-02,1.089971827232E-02,
    1.101998006639E-02,1.114024186045E-02,1.126050365452E-02,
    1.138076544858E-02,1.150102724264E-02,1.162128903671E-02,
    1.174155083077E-02,1.186181262484E-02,1.19820744189E-02,
    1.210233621296E-02,1.222259800703E-02),.QUASI_UNIFORM_KNOTS.);
#1435 = CARTESIAN_POINT('',(5.517955108567,7.156854249492));
#1436 = CARTESIAN_POINT('',(5.500998668494,7.178439578898));
#1437 = CARTESIAN_POINT('',(5.467206408715,7.222211769043));
#1438 = CARTESIAN_POINT('',(5.416880098959,7.289343749571));
#1439 = CARTESIAN_POINT('',(5.366912057478,7.35762067185));
#1440 = CARTESIAN_POINT('',(5.317312579213,7.426706274369));
#1441 = CARTESIAN_POINT('',(5.268078943593,7.496292182288));
#1442 = CARTESIAN_POINT('',(5.219277503573,7.565965982032));
#1443 = CARTESIAN_POINT('',(5.170426519407,7.636155365238));
#1444 = CARTESIAN_POINT('',(5.121540048385,7.706625234886));
#1445 = CARTESIAN_POINT('',(5.072573737939,7.777212550055));
#1446 = CARTESIAN_POINT('',(5.02351270255,7.84771415367));
#1447 = CARTESIAN_POINT('',(4.974275908386,7.918015297177));
#1448 = CARTESIAN_POINT('',(4.925008431771,7.987687714086));
#1449 = CARTESIAN_POINT('',(4.875775159667,8.056477941679));
#1450 = CARTESIAN_POINT('',(4.826408010656,8.124444115337));
#1451 = CARTESIAN_POINT('',(4.77679377241,8.191562681347));
#1452 = CARTESIAN_POINT('',(4.726804760348,8.257825244278));
#1453 = CARTESIAN_POINT('',(4.676299116871,8.323244464667));
#1454 = CARTESIAN_POINT('',(4.625181324674,8.387714325228));
#1455 = CARTESIAN_POINT('',(4.573555550433,8.450980957184));
#1456 = CARTESIAN_POINT('',(4.521497314963,8.512811454023));
#1457 = CARTESIAN_POINT('',(4.469051573018,8.573000093058));
#1458 = CARTESIAN_POINT('',(4.416378099993,8.631211454034));
#1459 = CARTESIAN_POINT('',(4.363151685489,8.687601723138));
#1460 = CARTESIAN_POINT('',(4.30913490391,8.742333851539));
#1461 = CARTESIAN_POINT('',(4.254563505039,8.795080024491));
#1462 = CARTESIAN_POINT('',(4.199546031271,8.845639182964));
#1463 = CARTESIAN_POINT('',(4.144200746358,8.893794010977));
#1464 = CARTESIAN_POINT('',(4.0886741799,8.93926546464));
#1465 = CARTESIAN_POINT('',(4.032767323766,8.982244905459));
#1466 = CARTESIAN_POINT('',(3.976344085494,9.022767656353));
#1467 = CARTESIAN_POINT('',(3.919089308884,9.060962982316));
#1468 = CARTESIAN_POINT('',(3.86089356769,9.096796617457));
#1469 = CARTESIAN_POINT('',(3.802432790912,9.129808534028));
#1470 = CARTESIAN_POINT('',(3.744082652479,9.159765098119));
#1471 = CARTESIAN_POINT('',(3.685561501189,9.186867169626));
#1472 = CARTESIAN_POINT('',(3.626769595797,9.211171166027));
#1473 = CARTESIAN_POINT('',(3.567173729337,9.23284174586));
#1474 = CARTESIAN_POINT('',(3.507085297678,9.251741328798));
#1475 = CARTESIAN_POINT('',(3.446857130896,9.267714675183));
#1476 = CARTESIAN_POINT('',(3.386909753426,9.280714522097));
#1477 = CARTESIAN_POINT('',(3.326974290705,9.290836839972));
#1478 = CARTESIAN_POINT('',(3.266728311273,9.298159954689));
#1479 = CARTESIAN_POINT('',(3.205948285203,9.302661272534));
#1480 = CARTESIAN_POINT('',(3.145088568907,9.304280058393));
#1481 = CARTESIAN_POINT('',(3.084599710833,9.303018940909));
#1482 = CARTESIAN_POINT('',(3.024384712759,9.298914606206));
#1483 = CARTESIAN_POINT('',(2.964246832125,9.291984478836));
#1484 = CARTESIAN_POINT('',(2.903673218077,9.282105114965));
#1485 = CARTESIAN_POINT('',(2.843072040443,9.269321035049));
#1486 = CARTESIAN_POINT('',(2.782971162089,9.253709461723));
#1487 = CARTESIAN_POINT('',(2.723376170597,9.235329879777));
#1488 = CARTESIAN_POINT('',(2.664052079126,9.214116101637));
#1489 = CARTESIAN_POINT('',(2.604696473119,9.189945677698));
#1490 = CARTESIAN_POINT('',(2.545261623583,9.162748280246));
#1491 = CARTESIAN_POINT('',(2.486364130135,9.13281851544));
#1492 = CARTESIAN_POINT('',(2.428257689425,9.100314577656));
#1493 = CARTESIAN_POINT('',(2.3705812193,9.065113494418));
#1494 = CARTESIAN_POINT('',(2.313212136293,9.02717173909));
#1495 = CARTESIAN_POINT('',(2.255888941237,8.986292855885));
#1496 = CARTESIAN_POINT('',(2.198986206006,8.942818503112));
#1497 = CARTESIAN_POINT('',(2.142996528641,8.897177683537));
#1498 = CARTESIAN_POINT('',(2.087443325803,8.849066396823));
#1499 = CARTESIAN_POINT('',(2.032358714766,8.798646261905));
#1500 = CARTESIAN_POINT('',(1.977755782403,8.74603963844));
#1501 = CARTESIAN_POINT('',(1.923663887491,8.691379212131));
#1502 = CARTESIAN_POINT('',(1.870124295871,8.634795623774));
#1503 = CARTESIAN_POINT('',(1.817155967075,8.576417367746));
#1504 = CARTESIAN_POINT('',(1.76467834888,8.516339551581));
#1505 = CARTESIAN_POINT('',(1.712645817539,8.45466132808));
#1506 = CARTESIAN_POINT('',(1.661010266377,8.391477248989));
#1507 = CARTESIAN_POINT('',(1.609740913902,8.32689622501));
#1508 = CARTESIAN_POINT('',(1.55878055926,8.260974332082));
#1509 = CARTESIAN_POINT('',(1.508419182324,8.194281069794));
#1510 = CARTESIAN_POINT('',(1.458477222662,8.126766987464));
#1511 = CARTESIAN_POINT('',(1.408831238719,8.058451203436));
#1512 = CARTESIAN_POINT('',(1.35936432157,7.989358810178));
#1513 = CARTESIAN_POINT('',(1.309898947385,7.919422434642));
#1514 = CARTESIAN_POINT('',(1.260526383763,7.848938591714));
#1515 = CARTESIAN_POINT('',(1.211392543529,7.778338198723));
#1516 = CARTESIAN_POINT('',(1.162380596536,7.707685789404));
#1517 = CARTESIAN_POINT('',(1.113448096365,7.637147097835));
#1518 = CARTESIAN_POINT('',(1.064524471264,7.566849440317));
#1519 = CARTESIAN_POINT('',(1.015585628857,7.496972603914));
#1520 = CARTESIAN_POINT('',(0.96621372168,7.427186096012));
#1521 = CARTESIAN_POINT('',(0.916483290586,7.357913688878));
#1522 = CARTESIAN_POINT('',(0.866404774119,7.289481518672));
#1523 = CARTESIAN_POINT('',(0.816000932589,7.222241892056));
#1524 = CARTESIAN_POINT('',(0.782187487264,7.178440677211));
#1525 = CARTESIAN_POINT('',(0.765230198613,7.156854249492));
#1526 = ( GEOMETRIC_REPRESENTATION_CONTEXT(2) 
PARAMETRIC_REPRESENTATION_CONTEXT() REPRESENTATION_CONTEXT('2D SPACE',''
  ) );
#1527 = ORIENTED_EDGE('',*,*,#1528,.T.);
#1528 = EDGE_CURVE('',#1282,#1529,#1531,.T.);
#1529 = VERTEX_POINT('',#1530);
#1530 = CARTESIAN_POINT('',(-7.442445834536,8.1,-4.588478415596));
#1531 = SURFACE_CURVE('',#1532,(#1536,#1543),.PCURVE_S1.);
#1532 = LINE('',#1533,#1534);
#1533 = CARTESIAN_POINT('',(-7.442445834536,8.1,-8.));
#1534 = VECTOR('',#1535,1.);
#1535 = DIRECTION('',(0.,0.,-1.));
#1536 = PCURVE('',#222,#1537);
#1537 = DEFINITIONAL_REPRESENTATION('',(#1538),#1542);
#1538 = LINE('',#1539,#1540);
#1539 = CARTESIAN_POINT('',(2.313912710445,0.));
#1540 = VECTOR('',#1541,1.);
#1541 = DIRECTION('',(0.,-1.));
#1542 = ( GEOMETRIC_REPRESENTATION_CONTEXT(2) 
PARAMETRIC_REPRESENTATION_CONTEXT() REPRESENTATION_CONTEXT('2D SPACE',''
  ) );
#1543 = PCURVE('',#364,#1544);
#1544 = DEFINITIONAL_REPRESENTATION('',(#1545),#1549);
#1545 = LINE('',#1546,#1547);
#1546 = CARTESIAN_POINT('',(-15.44244583453,-11.));
#1547 = VECTOR('',#1548,1.);
#1548 = DIRECTION('',(0.,-1.));
#1549 = ( GEOMETRIC_REPRESENTATION_CONTEXT(2) 
PARAMETRIC_REPRESENTATION_CONTEXT() REPRESENTATION_CONTEXT('2D SPACE',''
  ) );
#1550 = ORIENTED_EDGE('',*,*,#1551,.T.);
#1551 = EDGE_CURVE('',#1529,#438,#1552,.T.);
#1552 = SURFACE_CURVE('',#1553,(#1560,#1589),.PCURVE_S1.);
#1553 = B_SPLINE_CURVE_WITH_KNOTS('',3,(#1554,#1555,#1556,#1557,#1558,
    #1559),.UNSPECIFIED.,.F.,.F.,(4,2,4),(4.761692619417E-03,
    4.971303755335E-03,5.180914891254E-03),.UNSPECIFIED.);
#1554 = CARTESIAN_POINT('',(-7.442445834536,8.1,-4.588478415596));
#1555 = CARTESIAN_POINT('',(-7.461138510669,8.082824786466,
    -4.653999092633));
#1556 = CARTESIAN_POINT('',(-7.475797425272,8.069239530616,
    -4.722770698694));
#1557 = CARTESIAN_POINT('',(-7.495114639837,8.051299912553,
    -4.860478174865));
#1558 = CARTESIAN_POINT('',(-7.5,8.046738469716,-4.929930970377));
#1559 = CARTESIAN_POINT('',(-7.500000000004,8.046738469712,
    -4.999999999996));
#1560 = PCURVE('',#222,#1561);
#1561 = DEFINITIONAL_REPRESENTATION('',(#1562),#1588);
#1562 = B_SPLINE_CURVE_WITH_KNOTS('',3,(#1563,#1564,#1565,#1566,#1567,
    #1568,#1569,#1570,#1571,#1572,#1573,#1574,#1575,#1576,#1577,#1578,
    #1579,#1580,#1581,#1582,#1583,#1584,#1585,#1586,#1587),
  .UNSPECIFIED.,.F.,.F.,(4,1,1,1,1,1,1,1,1,1,1,1,1,1,1,1,1,1,1,1,1,1,4),
  (4.761692619417E-03,4.780748177228E-03,4.799803735038E-03,
    4.818859292849E-03,4.83791485066E-03,4.856970408471E-03,
    4.876025966282E-03,4.895081524092E-03,4.914137081903E-03,
    4.933192639714E-03,4.952248197525E-03,4.971303755335E-03,
    4.990359313146E-03,5.009414870957E-03,5.028470428768E-03,
    5.047525986579E-03,5.066581544389E-03,5.0856371022E-03,
    5.104692660011E-03,5.123748217822E-03,5.142803775633E-03,
    5.161859333443E-03,5.180914891254E-03),.QUASI_UNIFORM_KNOTS.);
#1563 = CARTESIAN_POINT('',(2.313912710445,3.411521584404));
#1564 = CARTESIAN_POINT('',(2.314122504786,3.405565159219));
#1565 = CARTESIAN_POINT('',(2.314533980439,3.393598574489));
#1566 = CARTESIAN_POINT('',(2.315126278981,3.37550177886));
#1567 = CARTESIAN_POINT('',(2.315693086747,3.3572723494));
#1568 = CARTESIAN_POINT('',(2.316233827867,3.338924570261));
#1569 = CARTESIAN_POINT('',(2.316747926325,3.320472727638));
#1570 = CARTESIAN_POINT('',(2.317234806475,3.301931100103));
#1571 = CARTESIAN_POINT('',(2.317693891092,3.283313994685));
#1572 = CARTESIAN_POINT('',(2.318124608653,3.264635612201));
#1573 = CARTESIAN_POINT('',(2.318526366177,3.245910549861));
#1574 = CARTESIAN_POINT('',(2.318898650595,3.227151925517));
#1575 = CARTESIAN_POINT('',(2.319240650434,3.208378378053));
#1576 = CARTESIAN_POINT('',(2.319552667723,3.189587941594));
#1577 = CARTESIAN_POINT('',(2.319835504336,3.170764288252));
#1578 = CARTESIAN_POINT('',(2.32008884861,3.151911694893));
#1579 = CARTESIAN_POINT('',(2.320312687254,3.133028917356));
#1580 = CARTESIAN_POINT('',(2.320506927022,3.114116190835));
#1581 = CARTESIAN_POINT('',(2.320671496084,3.095173354132));
#1582 = CARTESIAN_POINT('',(2.320806316863,3.076200352263));
#1583 = CARTESIAN_POINT('',(2.320911313313,3.057197101781));
#1584 = CARTESIAN_POINT('',(2.320986408969,3.038163526869));
#1585 = CARTESIAN_POINT('',(2.321031527474,3.019099549662));
#1586 = CARTESIAN_POINT('',(2.321041570782,3.006369911787));
#1587 = CARTESIAN_POINT('',(2.321041570782,3.000000000004));
#1588 = ( GEOMETRIC_REPRESENTATION_CONTEXT(2) 
PARAMETRIC_REPRESENTATION_CONTEXT() REPRESENTATION_CONTEXT('2D SPACE',''
  ) );
#1589 = PCURVE('',#396,#1590);
#1590 = DEFINITIONAL_REPRESENTATION('',(#1591),#1617);
#1591 = B_SPLINE_CURVE_WITH_KNOTS('',3,(#1592,#1593,#1594,#1595,#1596,
    #1597,#1598,#1599,#1600,#1601,#1602,#1603,#1604,#1605,#1606,#1607,
    #1608,#1609,#1610,#1611,#1612,#1613,#1614,#1615,#1616),
  .UNSPECIFIED.,.F.,.F.,(4,1,1,1,1,1,1,1,1,1,1,1,1,1,1,1,1,1,1,1,1,1,4),
  (4.761692619417E-03,4.780748177228E-03,4.799803735038E-03,
    4.818859292849E-03,4.83791485066E-03,4.856970408471E-03,
    4.876025966282E-03,4.895081524092E-03,4.914137081903E-03,
    4.933192639714E-03,4.952248197525E-03,4.971303755335E-03,
    4.990359313146E-03,5.009414870957E-03,5.028470428768E-03,
    5.047525986579E-03,5.066581544389E-03,5.0856371022E-03,
    5.104692660011E-03,5.123748217822E-03,5.142803775633E-03,
    5.161859333443E-03,5.180914891254E-03),.QUASI_UNIFORM_KNOTS.);
#1592 = CARTESIAN_POINT('',(2.863681320074,3.5));
#1593 = CARTESIAN_POINT('',(2.867810709668,3.501561383049));
#1594 = CARTESIAN_POINT('',(2.876091754554,3.504624811));
#1595 = CARTESIAN_POINT('',(2.888572159437,3.509037315717));
#1596 = CARTESIAN_POINT('',(2.901103453566,3.513262560384));
#1597 = CARTESIAN_POINT('',(2.913677649315,3.517295922384));
#1598 = CARTESIAN_POINT('',(2.926286748162,3.521132778281));
#1599 = CARTESIAN_POINT('',(2.938922756517,3.524768507692));
#1600 = CARTESIAN_POINT('',(2.951577675567,3.528198478835));
#1601 = CARTESIAN_POINT('',(2.964243609486,3.531418102476));
#1602 = CARTESIAN_POINT('',(2.976912427291,3.534422630587));
#1603 = CARTESIAN_POINT('',(2.989577092086,3.53720790777));
#1604 = CARTESIAN_POINT('',(3.00222676667,3.539767566899));
#1605 = CARTESIAN_POINT('',(3.014865145141,3.542103495127));
#1606 = CARTESIAN_POINT('',(3.027505625143,3.544221512345));
#1607 = CARTESIAN_POINT('',(3.040147175316,3.546119184166));
#1608 = CARTESIAN_POINT('',(3.052792650791,3.54779628793));
#1609 = CARTESIAN_POINT('',(3.065443883081,3.549252008348));
#1610 = CARTESIAN_POINT('',(3.07810299326,3.550485688924));
#1611 = CARTESIAN_POINT('',(3.090772037593,3.551496630615));
#1612 = CARTESIAN_POINT('',(3.10345309996,3.552284145776));
#1613 = CARTESIAN_POINT('',(3.116148264539,3.552847543711));
#1614 = CARTESIAN_POINT('',(3.128859620551,3.553186134539));
#1615 = CARTESIAN_POINT('',(3.137346045716,3.553261530287));
#1616 = CARTESIAN_POINT('',(3.141592653587,3.553261530288));
#1617 = ( GEOMETRIC_REPRESENTATION_CONTEXT(2) 
PARAMETRIC_REPRESENTATION_CONTEXT() REPRESENTATION_CONTEXT('2D SPACE',''
  ) );
#1618 = ORIENTED_EDGE('',*,*,#460,.T.);
#1619 = ORIENTED_EDGE('',*,*,#1620,.T.);
#1620 = EDGE_CURVE('',#343,#1280,#1621,.T.);
#1621 = SURFACE_CURVE('',#1622,(#1626,#1633),.PCURVE_S1.);
#1622 = LINE('',#1623,#1624);
#1623 = CARTESIAN_POINT('',(-7.442445834536,8.1,-8.));
#1624 = VECTOR('',#1625,1.);
#1625 = DIRECTION('',(0.,0.,-1.));
#1626 = PCURVE('',#222,#1627);
#1627 = DEFINITIONAL_REPRESENTATION('',(#1628),#1632);
#1628 = LINE('',#1629,#1630);
#1629 = CARTESIAN_POINT('',(2.313912710445,0.));
#1630 = VECTOR('',#1631,1.);
#1631 = DIRECTION('',(0.,-1.));
#1632 = ( GEOMETRIC_REPRESENTATION_CONTEXT(2) 
PARAMETRIC_REPRESENTATION_CONTEXT() REPRESENTATION_CONTEXT('2D SPACE',''
  ) );
#1633 = PCURVE('',#364,#1634);
#1634 = DEFINITIONAL_REPRESENTATION('',(#1635),#1639);
#1635 = LINE('',#1636,#1637);
#1636 = CARTESIAN_POINT('',(-15.44244583453,-11.));
#1637 = VECTOR('',#1638,1.);
#1638 = DIRECTION('',(0.,-1.));
#1639 = ( GEOMETRIC_REPRESENTATION_CONTEXT(2) 
PARAMETRIC_REPRESENTATION_CONTEXT() REPRESENTATION_CONTEXT('2D SPACE',''
  ) );
#1640 = FACE_BOUND('',#1641,.T.);
#1641 = EDGE_LOOP('',(#1642,#1673,#1699,#1700));
#1642 = ORIENTED_EDGE('',*,*,#1643,.F.);
#1643 = EDGE_CURVE('',#1644,#1646,#1648,.T.);
#1644 = VERTEX_POINT('',#1645);
#1645 = CARTESIAN_POINT('',(-11.,1.347111479062E-15,-8.));
#1646 = VERTEX_POINT('',#1647);
#1647 = CARTESIAN_POINT('',(11.,0.,-8.));
#1648 = SURFACE_CURVE('',#1649,(#1654,#1661),.PCURVE_S1.);
#1649 = CIRCLE('',#1650,11.);
#1650 = AXIS2_PLACEMENT_3D('',#1651,#1652,#1653);
#1651 = CARTESIAN_POINT('',(0.,0.,-8.));
#1652 = DIRECTION('',(0.,0.,-1.));
#1653 = DIRECTION('',(-1.,0.,0.));
#1654 = PCURVE('',#222,#1655);
#1655 = DEFINITIONAL_REPRESENTATION('',(#1656),#1660);
#1656 = LINE('',#1657,#1658);
#1657 = CARTESIAN_POINT('',(3.14159265359,0.));
#1658 = VECTOR('',#1659,1.);
#1659 = DIRECTION('',(-1.,0.));
#1660 = ( GEOMETRIC_REPRESENTATION_CONTEXT(2) 
PARAMETRIC_REPRESENTATION_CONTEXT() REPRESENTATION_CONTEXT('2D SPACE',''
  ) );
#1661 = PCURVE('',#1662,#1667);
#1662 = PLANE('',#1663);
#1663 = AXIS2_PLACEMENT_3D('',#1664,#1665,#1666);
#1664 = CARTESIAN_POINT('',(0.,0.,-8.));
#1665 = DIRECTION('',(0.,0.,-1.));
#1666 = DIRECTION('',(-1.,0.,-0.));
#1667 = DEFINITIONAL_REPRESENTATION('',(#1668),#1672);
#1668 = CIRCLE('',#1669,11.);
#1669 = AXIS2_PLACEMENT_2D('',#1670,#1671);
#1670 = CARTESIAN_POINT('',(0.,0.));
#1671 = DIRECTION('',(1.,0.));
#1672 = ( GEOMETRIC_REPRESENTATION_CONTEXT(2) 
PARAMETRIC_REPRESENTATION_CONTEXT() REPRESENTATION_CONTEXT('2D SPACE',''
  ) );
#1673 = ORIENTED_EDGE('',*,*,#1674,.T.);
#1674 = EDGE_CURVE('',#1644,#797,#1675,.T.);
#1675 = SURFACE_CURVE('',#1676,(#1680,#1687),.PCURVE_S1.);
#1676 = LINE('',#1677,#1678);
#1677 = CARTESIAN_POINT('',(-11.,1.347111479062E-15,-8.));
#1678 = VECTOR('',#1679,1.);
#1679 = DIRECTION('',(-0.,-0.,1.));
#1680 = PCURVE('',#222,#1681);
#1681 = DEFINITIONAL_REPRESENTATION('',(#1682),#1686);
#1682 = LINE('',#1683,#1684);
#1683 = CARTESIAN_POINT('',(3.14159265359,0.));
#1684 = VECTOR('',#1685,1.);
#1685 = DIRECTION('',(0.,1.));
#1686 = ( GEOMETRIC_REPRESENTATION_CONTEXT(2) 
PARAMETRIC_REPRESENTATION_CONTEXT() REPRESENTATION_CONTEXT('2D SPACE',''
  ) );
#1687 = PCURVE('',#1688,#1693);
#1688 = CYLINDRICAL_SURFACE('',#1689,11.);
#1689 = AXIS2_PLACEMENT_3D('',#1690,#1691,#1692);
#1690 = CARTESIAN_POINT('',(0.,0.,-8.));
#1691 = DIRECTION('',(-0.,-0.,1.));
#1692 = DIRECTION('',(1.,0.,0.));
#1693 = DEFINITIONAL_REPRESENTATION('',(#1694),#1698);
#1694 = LINE('',#1695,#1696);
#1695 = CARTESIAN_POINT('',(3.14159265359,0.));
#1696 = VECTOR('',#1697,1.);
#1697 = DIRECTION('',(0.,1.));
#1698 = ( GEOMETRIC_REPRESENTATION_CONTEXT(2) 
PARAMETRIC_REPRESENTATION_CONTEXT() REPRESENTATION_CONTEXT('2D SPACE',''
  ) );
#1699 = ORIENTED_EDGE('',*,*,#794,.F.);
#1700 = ORIENTED_EDGE('',*,*,#1701,.F.);
#1701 = EDGE_CURVE('',#1646,#795,#1702,.T.);
#1702 = SURFACE_CURVE('',#1703,(#1707,#1714),.PCURVE_S1.);
#1703 = LINE('',#1704,#1705);
#1704 = CARTESIAN_POINT('',(11.,0.,-8.));
#1705 = VECTOR('',#1706,1.);
#1706 = DIRECTION('',(-0.,-0.,1.));
#1707 = PCURVE('',#222,#1708);
#1708 = DEFINITIONAL_REPRESENTATION('',(#1709),#1713);
#1709 = LINE('',#1710,#1711);
#1710 = CARTESIAN_POINT('',(0.,0.));
#1711 = VECTOR('',#1712,1.);
#1712 = DIRECTION('',(0.,1.));
#1713 = ( GEOMETRIC_REPRESENTATION_CONTEXT(2) 
PARAMETRIC_REPRESENTATION_CONTEXT() REPRESENTATION_CONTEXT('2D SPACE',''
  ) );
#1714 = PCURVE('',#930,#1715);
#1715 = DEFINITIONAL_REPRESENTATION('',(#1716),#1720);
#1716 = LINE('',#1717,#1718);
#1717 = CARTESIAN_POINT('',(6.28318530718,0.));
#1718 = VECTOR('',#1719,1.);
#1719 = DIRECTION('',(0.,1.));
#1720 = ( GEOMETRIC_REPRESENTATION_CONTEXT(2) 
PARAMETRIC_REPRESENTATION_CONTEXT() REPRESENTATION_CONTEXT('2D SPACE',''
  ) );
#1721 = ADVANCED_FACE('',(#1722),#930,.T.);
#1722 = FACE_BOUND('',#1723,.T.);
#1723 = EDGE_LOOP('',(#1724,#1748,#1749,#1750));
#1724 = ORIENTED_EDGE('',*,*,#1725,.F.);
#1725 = EDGE_CURVE('',#1646,#1726,#1728,.T.);
#1726 = VERTEX_POINT('',#1727);
#1727 = CARTESIAN_POINT('',(8.8,-6.6,-8.));
#1728 = SURFACE_CURVE('',#1729,(#1734,#1741),.PCURVE_S1.);
#1729 = CIRCLE('',#1730,11.);
#1730 = AXIS2_PLACEMENT_3D('',#1731,#1732,#1733);
#1731 = CARTESIAN_POINT('',(0.,0.,-8.));
#1732 = DIRECTION('',(0.,0.,-1.));
#1733 = DIRECTION('',(-1.,0.,0.));
#1734 = PCURVE('',#930,#1735);
#1735 = DEFINITIONAL_REPRESENTATION('',(#1736),#1740);
#1736 = LINE('',#1737,#1738);
#1737 = CARTESIAN_POINT('',(9.424777960769,0.));
#1738 = VECTOR('',#1739,1.);
#1739 = DIRECTION('',(-1.,0.));
#1740 = ( GEOMETRIC_REPRESENTATION_CONTEXT(2) 
PARAMETRIC_REPRESENTATION_CONTEXT() REPRESENTATION_CONTEXT('2D SPACE',''
  ) );
#1741 = PCURVE('',#1662,#1742);
#1742 = DEFINITIONAL_REPRESENTATION('',(#1743),#1747);
#1743 = CIRCLE('',#1744,11.);
#1744 = AXIS2_PLACEMENT_2D('',#1745,#1746);
#1745 = CARTESIAN_POINT('',(0.,0.));
#1746 = DIRECTION('',(1.,0.));
#1747 = ( GEOMETRIC_REPRESENTATION_CONTEXT(2) 
PARAMETRIC_REPRESENTATION_CONTEXT() REPRESENTATION_CONTEXT('2D SPACE',''
  ) );
#1748 = ORIENTED_EDGE('',*,*,#1701,.T.);
#1749 = ORIENTED_EDGE('',*,*,#913,.F.);
#1750 = ORIENTED_EDGE('',*,*,#1751,.F.);
#1751 = EDGE_CURVE('',#1726,#914,#1752,.T.);
#1752 = SURFACE_CURVE('',#1753,(#1757,#1764),.PCURVE_S1.);
#1753 = LINE('',#1754,#1755);
#1754 = CARTESIAN_POINT('',(8.8,-6.6,-8.));
#1755 = VECTOR('',#1756,1.);
#1756 = DIRECTION('',(-0.,-0.,1.));
#1757 = PCURVE('',#930,#1758);
#1758 = DEFINITIONAL_REPRESENTATION('',(#1759),#1763);
#1759 = LINE('',#1760,#1761);
#1760 = CARTESIAN_POINT('',(5.639684198386,0.));
#1761 = VECTOR('',#1762,1.);
#1762 = DIRECTION('',(0.,1.));
#1763 = ( GEOMETRIC_REPRESENTATION_CONTEXT(2) 
PARAMETRIC_REPRESENTATION_CONTEXT() REPRESENTATION_CONTEXT('2D SPACE',''
  ) );
#1764 = PCURVE('',#1015,#1765);
#1765 = DEFINITIONAL_REPRESENTATION('',(#1766),#1770);
#1766 = LINE('',#1767,#1768);
#1767 = CARTESIAN_POINT('',(35.775435713781,8.8));
#1768 = VECTOR('',#1769,1.);
#1769 = DIRECTION('',(-1.,0.));
#1770 = ( GEOMETRIC_REPRESENTATION_CONTEXT(2) 
PARAMETRIC_REPRESENTATION_CONTEXT() REPRESENTATION_CONTEXT('2D SPACE',''
  ) );
#1771 = ADVANCED_FACE('',(#1772),#871,.T.);
#1772 = FACE_BOUND('',#1773,.T.);
#1773 = EDGE_LOOP('',(#1774,#1775,#1803,#1831));
#1774 = ORIENTED_EDGE('',*,*,#854,.T.);
#1775 = ORIENTED_EDGE('',*,*,#1776,.T.);
#1776 = EDGE_CURVE('',#826,#1777,#1779,.T.);
#1777 = VERTEX_POINT('',#1778);
#1778 = CARTESIAN_POINT('',(-11.,1.347111479062E-15,0.));
#1779 = SURFACE_CURVE('',#1780,(#1784,#1791),.PCURVE_S1.);
#1780 = LINE('',#1781,#1782);
#1781 = CARTESIAN_POINT('',(-11.,1.347111479062E-15,-8.));
#1782 = VECTOR('',#1783,1.);
#1783 = DIRECTION('',(-0.,-0.,1.));
#1784 = PCURVE('',#871,#1785);
#1785 = DEFINITIONAL_REPRESENTATION('',(#1786),#1790);
#1786 = LINE('',#1787,#1788);
#1787 = CARTESIAN_POINT('',(3.14159265359,0.));
#1788 = VECTOR('',#1789,1.);
#1789 = DIRECTION('',(0.,1.));
#1790 = ( GEOMETRIC_REPRESENTATION_CONTEXT(2) 
PARAMETRIC_REPRESENTATION_CONTEXT() REPRESENTATION_CONTEXT('2D SPACE',''
  ) );
#1791 = PCURVE('',#1792,#1797);
#1792 = CYLINDRICAL_SURFACE('',#1793,11.);
#1793 = AXIS2_PLACEMENT_3D('',#1794,#1795,#1796);
#1794 = CARTESIAN_POINT('',(0.,0.,-8.));
#1795 = DIRECTION('',(-0.,-0.,1.));
#1796 = DIRECTION('',(1.,0.,0.));
#1797 = DEFINITIONAL_REPRESENTATION('',(#1798),#1802);
#1798 = LINE('',#1799,#1800);
#1799 = CARTESIAN_POINT('',(3.14159265359,0.));
#1800 = VECTOR('',#1801,1.);
#1801 = DIRECTION('',(0.,1.));
#1802 = ( GEOMETRIC_REPRESENTATION_CONTEXT(2) 
PARAMETRIC_REPRESENTATION_CONTEXT() REPRESENTATION_CONTEXT('2D SPACE',''
  ) );
#1803 = ORIENTED_EDGE('',*,*,#1804,.T.);
#1804 = EDGE_CURVE('',#1777,#1805,#1807,.T.);
#1805 = VERTEX_POINT('',#1806);
#1806 = CARTESIAN_POINT('',(11.,0.,0.));
#1807 = SURFACE_CURVE('',#1808,(#1813,#1820),.PCURVE_S1.);
#1808 = CIRCLE('',#1809,11.);
#1809 = AXIS2_PLACEMENT_3D('',#1810,#1811,#1812);
#1810 = CARTESIAN_POINT('',(0.,0.,0.));
#1811 = DIRECTION('',(0.,0.,-1.));
#1812 = DIRECTION('',(-1.,0.,0.));
#1813 = PCURVE('',#871,#1814);
#1814 = DEFINITIONAL_REPRESENTATION('',(#1815),#1819);
#1815 = LINE('',#1816,#1817);
#1816 = CARTESIAN_POINT('',(3.14159265359,8.));
#1817 = VECTOR('',#1818,1.);
#1818 = DIRECTION('',(-1.,0.));
#1819 = ( GEOMETRIC_REPRESENTATION_CONTEXT(2) 
PARAMETRIC_REPRESENTATION_CONTEXT() REPRESENTATION_CONTEXT('2D SPACE',''
  ) );
#1820 = PCURVE('',#758,#1821);
#1821 = DEFINITIONAL_REPRESENTATION('',(#1822),#1830);
#1822 = ( BOUNDED_CURVE() B_SPLINE_CURVE(2,(#1823,#1824,#1825,#1826,
#1827,#1828,#1829),.UNSPECIFIED.,.T.,.F.) B_SPLINE_CURVE_WITH_KNOTS((1,2
    ,2,2,2,1),(-2.094395102393,0.,2.094395102393,4.188790204786,
6.28318530718,8.377580409573),.UNSPECIFIED.) CURVE() 
GEOMETRIC_REPRESENTATION_ITEM() RATIONAL_B_SPLINE_CURVE((1.,0.5,1.,0.5,
1.,0.5,1.)) REPRESENTATION_ITEM('') );
#1823 = CARTESIAN_POINT('',(-11.,0.));
#1824 = CARTESIAN_POINT('',(-11.,19.052558883258));
#1825 = CARTESIAN_POINT('',(5.5,9.526279441629));
#1826 = CARTESIAN_POINT('',(22.,2.694222958124E-15));
#1827 = CARTESIAN_POINT('',(5.5,-9.526279441629));
#1828 = CARTESIAN_POINT('',(-11.,-19.05255888325));
#1829 = CARTESIAN_POINT('',(-11.,0.));
#1830 = ( GEOMETRIC_REPRESENTATION_CONTEXT(2) 
PARAMETRIC_REPRESENTATION_CONTEXT() REPRESENTATION_CONTEXT('2D SPACE',''
  ) );
#1831 = ORIENTED_EDGE('',*,*,#1832,.F.);
#1832 = EDGE_CURVE('',#855,#1805,#1833,.T.);
#1833 = SURFACE_CURVE('',#1834,(#1838,#1845),.PCURVE_S1.);
#1834 = LINE('',#1835,#1836);
#1835 = CARTESIAN_POINT('',(11.,0.,-8.));
#1836 = VECTOR('',#1837,1.);
#1837 = DIRECTION('',(-0.,-0.,1.));
#1838 = PCURVE('',#871,#1839);
#1839 = DEFINITIONAL_REPRESENTATION('',(#1840),#1844);
#1840 = LINE('',#1841,#1842);
#1841 = CARTESIAN_POINT('',(0.,0.));
#1842 = VECTOR('',#1843,1.);
#1843 = DIRECTION('',(0.,1.));
#1844 = ( GEOMETRIC_REPRESENTATION_CONTEXT(2) 
PARAMETRIC_REPRESENTATION_CONTEXT() REPRESENTATION_CONTEXT('2D SPACE',''
  ) );
#1845 = PCURVE('',#960,#1846);
#1846 = DEFINITIONAL_REPRESENTATION('',(#1847),#1851);
#1847 = LINE('',#1848,#1849);
#1848 = CARTESIAN_POINT('',(6.28318530718,0.));
#1849 = VECTOR('',#1850,1.);
#1850 = DIRECTION('',(0.,1.));
#1851 = ( GEOMETRIC_REPRESENTATION_CONTEXT(2) 
PARAMETRIC_REPRESENTATION_CONTEXT() REPRESENTATION_CONTEXT('2D SPACE',''
  ) );
#1852 = ADVANCED_FACE('',(#1853),#960,.T.);
#1853 = FACE_BOUND('',#1854,.T.);
#1854 = EDGE_LOOP('',(#1855,#1856,#1857,#1885));
#1855 = ORIENTED_EDGE('',*,*,#943,.T.);
#1856 = ORIENTED_EDGE('',*,*,#1832,.T.);
#1857 = ORIENTED_EDGE('',*,*,#1858,.T.);
#1858 = EDGE_CURVE('',#1805,#1859,#1861,.T.);
#1859 = VERTEX_POINT('',#1860);
#1860 = CARTESIAN_POINT('',(8.8,-6.6,0.));
#1861 = SURFACE_CURVE('',#1862,(#1867,#1874),.PCURVE_S1.);
#1862 = CIRCLE('',#1863,11.);
#1863 = AXIS2_PLACEMENT_3D('',#1864,#1865,#1866);
#1864 = CARTESIAN_POINT('',(0.,0.,0.));
#1865 = DIRECTION('',(0.,0.,-1.));
#1866 = DIRECTION('',(-1.,0.,0.));
#1867 = PCURVE('',#960,#1868);
#1868 = DEFINITIONAL_REPRESENTATION('',(#1869),#1873);
#1869 = LINE('',#1870,#1871);
#1870 = CARTESIAN_POINT('',(9.424777960769,8.));
#1871 = VECTOR('',#1872,1.);
#1872 = DIRECTION('',(-1.,0.));
#1873 = ( GEOMETRIC_REPRESENTATION_CONTEXT(2) 
PARAMETRIC_REPRESENTATION_CONTEXT() REPRESENTATION_CONTEXT('2D SPACE',''
  ) );
#1874 = PCURVE('',#758,#1875);
#1875 = DEFINITIONAL_REPRESENTATION('',(#1876),#1884);
#1876 = ( BOUNDED_CURVE() B_SPLINE_CURVE(2,(#1877,#1878,#1879,#1880,
#1881,#1882,#1883),.UNSPECIFIED.,.T.,.F.) B_SPLINE_CURVE_WITH_KNOTS((1,2
    ,2,2,2,1),(-2.094395102393,0.,2.094395102393,4.188790204786,
6.28318530718,8.377580409573),.UNSPECIFIED.) CURVE() 
GEOMETRIC_REPRESENTATION_ITEM() RATIONAL_B_SPLINE_CURVE((1.,0.5,1.,0.5,
1.,0.5,1.)) REPRESENTATION_ITEM('') );
#1877 = CARTESIAN_POINT('',(-11.,0.));
#1878 = CARTESIAN_POINT('',(-11.,19.052558883258));
#1879 = CARTESIAN_POINT('',(5.5,9.526279441629));
#1880 = CARTESIAN_POINT('',(22.,2.694222958124E-15));
#1881 = CARTESIAN_POINT('',(5.5,-9.526279441629));
#1882 = CARTESIAN_POINT('',(-11.,-19.05255888325));
#1883 = CARTESIAN_POINT('',(-11.,0.));
#1884 = ( GEOMETRIC_REPRESENTATION_CONTEXT(2) 
PARAMETRIC_REPRESENTATION_CONTEXT() REPRESENTATION_CONTEXT('2D SPACE',''
  ) );
#1885 = ORIENTED_EDGE('',*,*,#1886,.F.);
#1886 = EDGE_CURVE('',#944,#1859,#1887,.T.);
#1887 = SURFACE_CURVE('',#1888,(#1892,#1899),.PCURVE_S1.);
#1888 = LINE('',#1889,#1890);
#1889 = CARTESIAN_POINT('',(8.8,-6.6,-8.));
#1890 = VECTOR('',#1891,1.);
#1891 = DIRECTION('',(-0.,-0.,1.));
#1892 = PCURVE('',#960,#1893);
#1893 = DEFINITIONAL_REPRESENTATION('',(#1894),#1898);
#1894 = LINE('',#1895,#1896);
#1895 = CARTESIAN_POINT('',(5.639684198386,0.));
#1896 = VECTOR('',#1897,1.);
#1897 = DIRECTION('',(0.,1.));
#1898 = ( GEOMETRIC_REPRESENTATION_CONTEXT(2) 
PARAMETRIC_REPRESENTATION_CONTEXT() REPRESENTATION_CONTEXT('2D SPACE',''
  ) );
#1899 = PCURVE('',#1015,#1900);
#1900 = DEFINITIONAL_REPRESENTATION('',(#1901),#1905);
#1901 = LINE('',#1902,#1903);
#1902 = CARTESIAN_POINT('',(35.775435713781,8.8));
#1903 = VECTOR('',#1904,1.);
#1904 = DIRECTION('',(-1.,0.));
#1905 = ( GEOMETRIC_REPRESENTATION_CONTEXT(2) 
PARAMETRIC_REPRESENTATION_CONTEXT() REPRESENTATION_CONTEXT('2D SPACE',''
  ) );
#1906 = ADVANCED_FACE('',(#1907),#1792,.T.);
#1907 = FACE_BOUND('',#1908,.T.);
#1908 = EDGE_LOOP('',(#1909,#1910,#1934,#1962));
#1909 = ORIENTED_EDGE('',*,*,#1776,.F.);
#1910 = ORIENTED_EDGE('',*,*,#1911,.T.);
#1911 = EDGE_CURVE('',#826,#1912,#1914,.T.);
#1912 = VERTEX_POINT('',#1913);
#1913 = CARTESIAN_POINT('',(-8.8,-6.6,-1.));
#1914 = SURFACE_CURVE('',#1915,(#1920,#1927),.PCURVE_S1.);
#1915 = CIRCLE('',#1916,11.);
#1916 = AXIS2_PLACEMENT_3D('',#1917,#1918,#1919);
#1917 = CARTESIAN_POINT('',(3.035766082959E-15,0.,-1.));
#1918 = DIRECTION('',(4.336808689942E-16,-0.,1.));
#1919 = DIRECTION('',(1.,0.,-4.336808689942E-16));
#1920 = PCURVE('',#1792,#1921);
#1921 = DEFINITIONAL_REPRESENTATION('',(#1922),#1926);
#1922 = LINE('',#1923,#1924);
#1923 = CARTESIAN_POINT('',(0.,7.));
#1924 = VECTOR('',#1925,1.);
#1925 = DIRECTION('',(1.,-1.38022826622E-15));
#1926 = ( GEOMETRIC_REPRESENTATION_CONTEXT(2) 
PARAMETRIC_REPRESENTATION_CONTEXT() REPRESENTATION_CONTEXT('2D SPACE',''
  ) );
#1927 = PCURVE('',#842,#1928);
#1928 = DEFINITIONAL_REPRESENTATION('',(#1929),#1933);
#1929 = LINE('',#1930,#1931);
#1930 = CARTESIAN_POINT('',(0.,7.044198061404));
#1931 = VECTOR('',#1932,1.);
#1932 = DIRECTION('',(1.,1.725285332774E-16));
#1933 = ( GEOMETRIC_REPRESENTATION_CONTEXT(2) 
PARAMETRIC_REPRESENTATION_CONTEXT() REPRESENTATION_CONTEXT('2D SPACE',''
  ) );
#1934 = ORIENTED_EDGE('',*,*,#1935,.F.);
#1935 = EDGE_CURVE('',#1936,#1912,#1938,.T.);
#1936 = VERTEX_POINT('',#1937);
#1937 = CARTESIAN_POINT('',(-8.8,-6.6,0.));
#1938 = SURFACE_CURVE('',#1939,(#1943,#1950),.PCURVE_S1.);
#1939 = LINE('',#1940,#1941);
#1940 = CARTESIAN_POINT('',(-8.8,-6.6,-8.));
#1941 = VECTOR('',#1942,1.);
#1942 = DIRECTION('',(0.,0.,-1.));
#1943 = PCURVE('',#1792,#1944);
#1944 = DEFINITIONAL_REPRESENTATION('',(#1945),#1949);
#1945 = LINE('',#1946,#1947);
#1946 = CARTESIAN_POINT('',(3.785093762383,0.));
#1947 = VECTOR('',#1948,1.);
#1948 = DIRECTION('',(0.,-1.));
#1949 = ( GEOMETRIC_REPRESENTATION_CONTEXT(2) 
PARAMETRIC_REPRESENTATION_CONTEXT() REPRESENTATION_CONTEXT('2D SPACE',''
  ) );
#1950 = PCURVE('',#1951,#1956);
#1951 = PLANE('',#1952);
#1952 = AXIS2_PLACEMENT_3D('',#1953,#1954,#1955);
#1953 = CARTESIAN_POINT('',(0.,-6.6,27.775435713781));
#1954 = DIRECTION('',(0.,-1.,0.));
#1955 = DIRECTION('',(0.,-0.,-1.));
#1956 = DEFINITIONAL_REPRESENTATION('',(#1957),#1961);
#1957 = LINE('',#1958,#1959);
#1958 = CARTESIAN_POINT('',(35.775435713781,-8.8));
#1959 = VECTOR('',#1960,1.);
#1960 = DIRECTION('',(1.,0.));
#1961 = ( GEOMETRIC_REPRESENTATION_CONTEXT(2) 
PARAMETRIC_REPRESENTATION_CONTEXT() REPRESENTATION_CONTEXT('2D SPACE',''
  ) );
#1962 = ORIENTED_EDGE('',*,*,#1963,.T.);
#1963 = EDGE_CURVE('',#1936,#1777,#1964,.T.);
#1964 = SURFACE_CURVE('',#1965,(#1970,#1977),.PCURVE_S1.);
#1965 = CIRCLE('',#1966,11.);
#1966 = AXIS2_PLACEMENT_3D('',#1967,#1968,#1969);
#1967 = CARTESIAN_POINT('',(0.,0.,0.));
#1968 = DIRECTION('',(0.,0.,-1.));
#1969 = DIRECTION('',(-1.,0.,0.));
#1970 = PCURVE('',#1792,#1971);
#1971 = DEFINITIONAL_REPRESENTATION('',(#1972),#1976);
#1972 = LINE('',#1973,#1974);
#1973 = CARTESIAN_POINT('',(9.424777960769,8.));
#1974 = VECTOR('',#1975,1.);
#1975 = DIRECTION('',(-1.,0.));
#1976 = ( GEOMETRIC_REPRESENTATION_CONTEXT(2) 
PARAMETRIC_REPRESENTATION_CONTEXT() REPRESENTATION_CONTEXT('2D SPACE',''
  ) );
#1977 = PCURVE('',#758,#1978);
#1978 = DEFINITIONAL_REPRESENTATION('',(#1979),#1987);
#1979 = ( BOUNDED_CURVE() B_SPLINE_CURVE(2,(#1980,#1981,#1982,#1983,
#1984,#1985,#1986),.UNSPECIFIED.,.T.,.F.) B_SPLINE_CURVE_WITH_KNOTS((1,2
    ,2,2,2,1),(-2.094395102393,0.,2.094395102393,4.188790204786,
6.28318530718,8.377580409573),.UNSPECIFIED.) CURVE() 
GEOMETRIC_REPRESENTATION_ITEM() RATIONAL_B_SPLINE_CURVE((1.,0.5,1.,0.5,
1.,0.5,1.)) REPRESENTATION_ITEM('') );
#1980 = CARTESIAN_POINT('',(-11.,0.));
#1981 = CARTESIAN_POINT('',(-11.,19.052558883258));
#1982 = CARTESIAN_POINT('',(5.5,9.526279441629));
#1983 = CARTESIAN_POINT('',(22.,2.694222958124E-15));
#1984 = CARTESIAN_POINT('',(5.5,-9.526279441629));
#1985 = CARTESIAN_POINT('',(-11.,-19.05255888325));
#1986 = CARTESIAN_POINT('',(-11.,0.));
#1987 = ( GEOMETRIC_REPRESENTATION_CONTEXT(2) 
PARAMETRIC_REPRESENTATION_CONTEXT() REPRESENTATION_CONTEXT('2D SPACE',''
  ) );
#1988 = ADVANCED_FACE('',(#1989),#1688,.T.);
#1989 = FACE_BOUND('',#1990,.T.);
#1990 = EDGE_LOOP('',(#1991,#1992,#2016,#2039));
#1991 = ORIENTED_EDGE('',*,*,#1674,.F.);
#1992 = ORIENTED_EDGE('',*,*,#1993,.F.);
#1993 = EDGE_CURVE('',#1994,#1644,#1996,.T.);
#1994 = VERTEX_POINT('',#1995);
#1995 = CARTESIAN_POINT('',(-8.8,-6.6,-8.));
#1996 = SURFACE_CURVE('',#1997,(#2002,#2009),.PCURVE_S1.);
#1997 = CIRCLE('',#1998,11.);
#1998 = AXIS2_PLACEMENT_3D('',#1999,#2000,#2001);
#1999 = CARTESIAN_POINT('',(0.,0.,-8.));
#2000 = DIRECTION('',(0.,0.,-1.));
#2001 = DIRECTION('',(-1.,0.,0.));
#2002 = PCURVE('',#1688,#2003);
#2003 = DEFINITIONAL_REPRESENTATION('',(#2004),#2008);
#2004 = LINE('',#2005,#2006);
#2005 = CARTESIAN_POINT('',(9.424777960769,0.));
#2006 = VECTOR('',#2007,1.);
#2007 = DIRECTION('',(-1.,0.));
#2008 = ( GEOMETRIC_REPRESENTATION_CONTEXT(2) 
PARAMETRIC_REPRESENTATION_CONTEXT() REPRESENTATION_CONTEXT('2D SPACE',''
  ) );
#2009 = PCURVE('',#1662,#2010);
#2010 = DEFINITIONAL_REPRESENTATION('',(#2011),#2015);
#2011 = CIRCLE('',#2012,11.);
#2012 = AXIS2_PLACEMENT_2D('',#2013,#2014);
#2013 = CARTESIAN_POINT('',(0.,0.));
#2014 = DIRECTION('',(1.,0.));
#2015 = ( GEOMETRIC_REPRESENTATION_CONTEXT(2) 
PARAMETRIC_REPRESENTATION_CONTEXT() REPRESENTATION_CONTEXT('2D SPACE',''
  ) );
#2016 = ORIENTED_EDGE('',*,*,#2017,.F.);
#2017 = EDGE_CURVE('',#2018,#1994,#2020,.T.);
#2018 = VERTEX_POINT('',#2019);
#2019 = CARTESIAN_POINT('',(-8.8,-6.6,-2.));
#2020 = SURFACE_CURVE('',#2021,(#2025,#2032),.PCURVE_S1.);
#2021 = LINE('',#2022,#2023);
#2022 = CARTESIAN_POINT('',(-8.8,-6.6,-8.));
#2023 = VECTOR('',#2024,1.);
#2024 = DIRECTION('',(0.,0.,-1.));
#2025 = PCURVE('',#1688,#2026);
#2026 = DEFINITIONAL_REPRESENTATION('',(#2027),#2031);
#2027 = LINE('',#2028,#2029);
#2028 = CARTESIAN_POINT('',(3.785093762383,0.));
#2029 = VECTOR('',#2030,1.);
#2030 = DIRECTION('',(0.,-1.));
#2031 = ( GEOMETRIC_REPRESENTATION_CONTEXT(2) 
PARAMETRIC_REPRESENTATION_CONTEXT() REPRESENTATION_CONTEXT('2D SPACE',''
  ) );
#2032 = PCURVE('',#1951,#2033);
#2033 = DEFINITIONAL_REPRESENTATION('',(#2034),#2038);
#2034 = LINE('',#2035,#2036);
#2035 = CARTESIAN_POINT('',(35.775435713781,-8.8));
#2036 = VECTOR('',#2037,1.);
#2037 = DIRECTION('',(1.,0.));
#2038 = ( GEOMETRIC_REPRESENTATION_CONTEXT(2) 
PARAMETRIC_REPRESENTATION_CONTEXT() REPRESENTATION_CONTEXT('2D SPACE',''
  ) );
#2039 = ORIENTED_EDGE('',*,*,#2040,.F.);
#2040 = EDGE_CURVE('',#797,#2018,#2041,.T.);
#2041 = SURFACE_CURVE('',#2042,(#2047,#2054),.PCURVE_S1.);
#2042 = CIRCLE('',#2043,11.);
#2043 = AXIS2_PLACEMENT_3D('',#2044,#2045,#2046);
#2044 = CARTESIAN_POINT('',(2.602085213965E-15,0.,-2.));
#2045 = DIRECTION('',(4.336808689942E-16,-0.,1.));
#2046 = DIRECTION('',(1.,0.,-4.336808689942E-16));
#2047 = PCURVE('',#1688,#2048);
#2048 = DEFINITIONAL_REPRESENTATION('',(#2049),#2053);
#2049 = LINE('',#2050,#2051);
#2050 = CARTESIAN_POINT('',(0.,6.));
#2051 = VECTOR('',#2052,1.);
#2052 = DIRECTION('',(1.,-1.38022826622E-15));
#2053 = ( GEOMETRIC_REPRESENTATION_CONTEXT(2) 
PARAMETRIC_REPRESENTATION_CONTEXT() REPRESENTATION_CONTEXT('2D SPACE',''
  ) );
#2054 = PCURVE('',#842,#2055);
#2055 = DEFINITIONAL_REPRESENTATION('',(#2056),#2060);
#2056 = LINE('',#2057,#2058);
#2057 = CARTESIAN_POINT('',(0.,5.522172552955));
#2058 = VECTOR('',#2059,1.);
#2059 = DIRECTION('',(1.,-1.38022826622E-15));
#2060 = ( GEOMETRIC_REPRESENTATION_CONTEXT(2) 
PARAMETRIC_REPRESENTATION_CONTEXT() REPRESENTATION_CONTEXT('2D SPACE',''
  ) );
#2061 = ADVANCED_FACE('',(#2062),#2076,.T.);
#2062 = FACE_BOUND('',#2063,.T.);
#2063 = EDGE_LOOP('',(#2064,#2099,#2122,#2145,#2168));
#2064 = ORIENTED_EDGE('',*,*,#2065,.T.);
#2065 = EDGE_CURVE('',#2066,#2068,#2070,.T.);
#2066 = VERTEX_POINT('',#2067);
#2067 = CARTESIAN_POINT('',(-8.,-6.6,3.));
#2068 = VERTEX_POINT('',#2069);
#2069 = CARTESIAN_POINT('',(-8.,-6.6,0.));
#2070 = SURFACE_CURVE('',#2071,(#2075,#2087),.PCURVE_S1.);
#2071 = LINE('',#2072,#2073);
#2072 = CARTESIAN_POINT('',(-8.,-6.6,3.));
#2073 = VECTOR('',#2074,1.);
#2074 = DIRECTION('',(-0.,-0.,-1.));
#2075 = PCURVE('',#2076,#2081);
#2076 = PLANE('',#2077);
#2077 = AXIS2_PLACEMENT_3D('',#2078,#2079,#2080);
#2078 = CARTESIAN_POINT('',(-8.,-6.6,3.));
#2079 = DIRECTION('',(1.,-1.314184451498E-16,0.));
#2080 = DIRECTION('',(1.314184451498E-16,1.,0.));
#2081 = DEFINITIONAL_REPRESENTATION('',(#2082),#2086);
#2082 = LINE('',#2083,#2084);
#2083 = CARTESIAN_POINT('',(0.,0.));
#2084 = VECTOR('',#2085,1.);
#2085 = DIRECTION('',(0.,-1.));
#2086 = ( GEOMETRIC_REPRESENTATION_CONTEXT(2) 
PARAMETRIC_REPRESENTATION_CONTEXT() REPRESENTATION_CONTEXT('2D SPACE',''
  ) );
#2087 = PCURVE('',#2088,#2093);
#2088 = PLANE('',#2089);
#2089 = AXIS2_PLACEMENT_3D('',#2090,#2091,#2092);
#2090 = CARTESIAN_POINT('',(8.,-6.6,3.));
#2091 = DIRECTION('',(0.,1.,-0.));
#2092 = DIRECTION('',(0.,0.,1.));
#2093 = DEFINITIONAL_REPRESENTATION('',(#2094),#2098);
#2094 = LINE('',#2095,#2096);
#2095 = CARTESIAN_POINT('',(0.,-16.));
#2096 = VECTOR('',#2097,1.);
#2097 = DIRECTION('',(-1.,0.));
#2098 = ( GEOMETRIC_REPRESENTATION_CONTEXT(2) 
PARAMETRIC_REPRESENTATION_CONTEXT() REPRESENTATION_CONTEXT('2D SPACE',''
  ) );
#2099 = ORIENTED_EDGE('',*,*,#2100,.T.);
#2100 = EDGE_CURVE('',#2068,#2101,#2103,.T.);
#2101 = VERTEX_POINT('',#2102);
#2102 = CARTESIAN_POINT('',(-8.,-6.6,-8.));
#2103 = SURFACE_CURVE('',#2104,(#2108,#2115),.PCURVE_S1.);
#2104 = LINE('',#2105,#2106);
#2105 = CARTESIAN_POINT('',(-8.,-6.6,3.));
#2106 = VECTOR('',#2107,1.);
#2107 = DIRECTION('',(0.,0.,-1.));
#2108 = PCURVE('',#2076,#2109);
#2109 = DEFINITIONAL_REPRESENTATION('',(#2110),#2114);
#2110 = LINE('',#2111,#2112);
#2111 = CARTESIAN_POINT('',(0.,0.));
#2112 = VECTOR('',#2113,1.);
#2113 = DIRECTION('',(0.,-1.));
#2114 = ( GEOMETRIC_REPRESENTATION_CONTEXT(2) 
PARAMETRIC_REPRESENTATION_CONTEXT() REPRESENTATION_CONTEXT('2D SPACE',''
  ) );
#2115 = PCURVE('',#1951,#2116);
#2116 = DEFINITIONAL_REPRESENTATION('',(#2117),#2121);
#2117 = LINE('',#2118,#2119);
#2118 = CARTESIAN_POINT('',(24.775435713781,-8.));
#2119 = VECTOR('',#2120,1.);
#2120 = DIRECTION('',(1.,0.));
#2121 = ( GEOMETRIC_REPRESENTATION_CONTEXT(2) 
PARAMETRIC_REPRESENTATION_CONTEXT() REPRESENTATION_CONTEXT('2D SPACE',''
  ) );
#2122 = ORIENTED_EDGE('',*,*,#2123,.F.);
#2123 = EDGE_CURVE('',#2124,#2101,#2126,.T.);
#2124 = VERTEX_POINT('',#2125);
#2125 = CARTESIAN_POINT('',(-8.,6.6,-8.));
#2126 = SURFACE_CURVE('',#2127,(#2131,#2138),.PCURVE_S1.);
#2127 = LINE('',#2128,#2129);
#2128 = CARTESIAN_POINT('',(-8.,0.,-8.));
#2129 = VECTOR('',#2130,1.);
#2130 = DIRECTION('',(0.,-1.,0.));
#2131 = PCURVE('',#2076,#2132);
#2132 = DEFINITIONAL_REPRESENTATION('',(#2133),#2137);
#2133 = LINE('',#2134,#2135);
#2134 = CARTESIAN_POINT('',(6.6,-11.));
#2135 = VECTOR('',#2136,1.);
#2136 = DIRECTION('',(-1.,0.));
#2137 = ( GEOMETRIC_REPRESENTATION_CONTEXT(2) 
PARAMETRIC_REPRESENTATION_CONTEXT() REPRESENTATION_CONTEXT('2D SPACE',''
  ) );
#2138 = PCURVE('',#1662,#2139);
#2139 = DEFINITIONAL_REPRESENTATION('',(#2140),#2144);
#2140 = LINE('',#2141,#2142);
#2141 = CARTESIAN_POINT('',(8.,0.));
#2142 = VECTOR('',#2143,1.);
#2143 = DIRECTION('',(-0.,-1.));
#2144 = ( GEOMETRIC_REPRESENTATION_CONTEXT(2) 
PARAMETRIC_REPRESENTATION_CONTEXT() REPRESENTATION_CONTEXT('2D SPACE',''
  ) );
#2145 = ORIENTED_EDGE('',*,*,#2146,.F.);
#2146 = EDGE_CURVE('',#2147,#2124,#2149,.T.);
#2147 = VERTEX_POINT('',#2148);
#2148 = CARTESIAN_POINT('',(-8.,6.6,3.));
#2149 = SURFACE_CURVE('',#2150,(#2154,#2161),.PCURVE_S1.);
#2150 = LINE('',#2151,#2152);
#2151 = CARTESIAN_POINT('',(-8.,6.6,3.));
#2152 = VECTOR('',#2153,1.);
#2153 = DIRECTION('',(-0.,-0.,-1.));
#2154 = PCURVE('',#2076,#2155);
#2155 = DEFINITIONAL_REPRESENTATION('',(#2156),#2160);
#2156 = LINE('',#2157,#2158);
#2157 = CARTESIAN_POINT('',(13.2,0.));
#2158 = VECTOR('',#2159,1.);
#2159 = DIRECTION('',(0.,-1.));
#2160 = ( GEOMETRIC_REPRESENTATION_CONTEXT(2) 
PARAMETRIC_REPRESENTATION_CONTEXT() REPRESENTATION_CONTEXT('2D SPACE',''
  ) );
#2161 = PCURVE('',#425,#2162);
#2162 = DEFINITIONAL_REPRESENTATION('',(#2163),#2167);
#2163 = LINE('',#2164,#2165);
#2164 = CARTESIAN_POINT('',(-16.,0.));
#2165 = VECTOR('',#2166,1.);
#2166 = DIRECTION('',(0.,-1.));
#2167 = ( GEOMETRIC_REPRESENTATION_CONTEXT(2) 
PARAMETRIC_REPRESENTATION_CONTEXT() REPRESENTATION_CONTEXT('2D SPACE',''
  ) );
#2168 = ORIENTED_EDGE('',*,*,#2169,.T.);
#2169 = EDGE_CURVE('',#2147,#2066,#2170,.T.);
#2170 = SURFACE_CURVE('',#2171,(#2175,#2182),.PCURVE_S1.);
#2171 = LINE('',#2172,#2173);
#2172 = CARTESIAN_POINT('',(-8.,-6.6,3.));
#2173 = VECTOR('',#2174,1.);
#2174 = DIRECTION('',(-1.314184451498E-16,-1.,-0.));
#2175 = PCURVE('',#2076,#2176);
#2176 = DEFINITIONAL_REPRESENTATION('',(#2177),#2181);
#2177 = LINE('',#2178,#2179);
#2178 = CARTESIAN_POINT('',(0.,0.));
#2179 = VECTOR('',#2180,1.);
#2180 = DIRECTION('',(-1.,0.));
#2181 = ( GEOMETRIC_REPRESENTATION_CONTEXT(2) 
PARAMETRIC_REPRESENTATION_CONTEXT() REPRESENTATION_CONTEXT('2D SPACE',''
  ) );
#2182 = PCURVE('',#45,#2183);
#2183 = DEFINITIONAL_REPRESENTATION('',(#2184),#2188);
#2184 = LINE('',#2185,#2186);
#2185 = CARTESIAN_POINT('',(-8.,-6.6));
#2186 = VECTOR('',#2187,1.);
#2187 = DIRECTION('',(-1.314184451498E-16,-1.));
#2188 = ( GEOMETRIC_REPRESENTATION_CONTEXT(2) 
PARAMETRIC_REPRESENTATION_CONTEXT() REPRESENTATION_CONTEXT('2D SPACE',''
  ) );
#2189 = ADVANCED_FACE('',(#2190),#2204,.T.);
#2190 = FACE_BOUND('',#2191,.T.);
#2191 = EDGE_LOOP('',(#2192,#2222,#2245,#2268,#2291));
#2192 = ORIENTED_EDGE('',*,*,#2193,.T.);
#2193 = EDGE_CURVE('',#2194,#2196,#2198,.T.);
#2194 = VERTEX_POINT('',#2195);
#2195 = CARTESIAN_POINT('',(8.,6.6,-8.));
#2196 = VERTEX_POINT('',#2197);
#2197 = CARTESIAN_POINT('',(8.,-6.6,-8.));
#2198 = SURFACE_CURVE('',#2199,(#2203,#2215),.PCURVE_S1.);
#2199 = LINE('',#2200,#2201);
#2200 = CARTESIAN_POINT('',(8.,0.,-8.));
#2201 = VECTOR('',#2202,1.);
#2202 = DIRECTION('',(0.,-1.,0.));
#2203 = PCURVE('',#2204,#2209);
#2204 = PLANE('',#2205);
#2205 = AXIS2_PLACEMENT_3D('',#2206,#2207,#2208);
#2206 = CARTESIAN_POINT('',(8.,-6.6,3.));
#2207 = DIRECTION('',(-1.,1.314184451498E-16,0.));
#2208 = DIRECTION('',(-1.314184451498E-16,-1.,0.));
#2209 = DEFINITIONAL_REPRESENTATION('',(#2210),#2214);
#2210 = LINE('',#2211,#2212);
#2211 = CARTESIAN_POINT('',(-6.6,-11.));
#2212 = VECTOR('',#2213,1.);
#2213 = DIRECTION('',(1.,0.));
#2214 = ( GEOMETRIC_REPRESENTATION_CONTEXT(2) 
PARAMETRIC_REPRESENTATION_CONTEXT() REPRESENTATION_CONTEXT('2D SPACE',''
  ) );
#2215 = PCURVE('',#1662,#2216);
#2216 = DEFINITIONAL_REPRESENTATION('',(#2217),#2221);
#2217 = LINE('',#2218,#2219);
#2218 = CARTESIAN_POINT('',(-8.,0.));
#2219 = VECTOR('',#2220,1.);
#2220 = DIRECTION('',(-0.,-1.));
#2221 = ( GEOMETRIC_REPRESENTATION_CONTEXT(2) 
PARAMETRIC_REPRESENTATION_CONTEXT() REPRESENTATION_CONTEXT('2D SPACE',''
  ) );
#2222 = ORIENTED_EDGE('',*,*,#2223,.T.);
#2223 = EDGE_CURVE('',#2196,#2224,#2226,.T.);
#2224 = VERTEX_POINT('',#2225);
#2225 = CARTESIAN_POINT('',(8.,-6.6,0.));
#2226 = SURFACE_CURVE('',#2227,(#2231,#2238),.PCURVE_S1.);
#2227 = LINE('',#2228,#2229);
#2228 = CARTESIAN_POINT('',(8.,-6.6,3.));
#2229 = VECTOR('',#2230,1.);
#2230 = DIRECTION('',(0.,0.,1.));
#2231 = PCURVE('',#2204,#2232);
#2232 = DEFINITIONAL_REPRESENTATION('',(#2233),#2237);
#2233 = LINE('',#2234,#2235);
#2234 = CARTESIAN_POINT('',(0.,0.));
#2235 = VECTOR('',#2236,1.);
#2236 = DIRECTION('',(0.,1.));
#2237 = ( GEOMETRIC_REPRESENTATION_CONTEXT(2) 
PARAMETRIC_REPRESENTATION_CONTEXT() REPRESENTATION_CONTEXT('2D SPACE',''
  ) );
#2238 = PCURVE('',#1015,#2239);
#2239 = DEFINITIONAL_REPRESENTATION('',(#2240),#2244);
#2240 = LINE('',#2241,#2242);
#2241 = CARTESIAN_POINT('',(24.775435713781,8.));
#2242 = VECTOR('',#2243,1.);
#2243 = DIRECTION('',(-1.,0.));
#2244 = ( GEOMETRIC_REPRESENTATION_CONTEXT(2) 
PARAMETRIC_REPRESENTATION_CONTEXT() REPRESENTATION_CONTEXT('2D SPACE',''
  ) );
#2245 = ORIENTED_EDGE('',*,*,#2246,.F.);
#2246 = EDGE_CURVE('',#2247,#2224,#2249,.T.);
#2247 = VERTEX_POINT('',#2248);
#2248 = CARTESIAN_POINT('',(8.,-6.6,3.));
#2249 = SURFACE_CURVE('',#2250,(#2254,#2261),.PCURVE_S1.);
#2250 = LINE('',#2251,#2252);
#2251 = CARTESIAN_POINT('',(8.,-6.6,3.));
#2252 = VECTOR('',#2253,1.);
#2253 = DIRECTION('',(-0.,-0.,-1.));
#2254 = PCURVE('',#2204,#2255);
#2255 = DEFINITIONAL_REPRESENTATION('',(#2256),#2260);
#2256 = LINE('',#2257,#2258);
#2257 = CARTESIAN_POINT('',(0.,0.));
#2258 = VECTOR('',#2259,1.);
#2259 = DIRECTION('',(0.,-1.));
#2260 = ( GEOMETRIC_REPRESENTATION_CONTEXT(2) 
PARAMETRIC_REPRESENTATION_CONTEXT() REPRESENTATION_CONTEXT('2D SPACE',''
  ) );
#2261 = PCURVE('',#2088,#2262);
#2262 = DEFINITIONAL_REPRESENTATION('',(#2263),#2267);
#2263 = LINE('',#2264,#2265);
#2264 = CARTESIAN_POINT('',(0.,0.));
#2265 = VECTOR('',#2266,1.);
#2266 = DIRECTION('',(-1.,0.));
#2267 = ( GEOMETRIC_REPRESENTATION_CONTEXT(2) 
PARAMETRIC_REPRESENTATION_CONTEXT() REPRESENTATION_CONTEXT('2D SPACE',''
  ) );
#2268 = ORIENTED_EDGE('',*,*,#2269,.T.);
#2269 = EDGE_CURVE('',#2247,#2270,#2272,.T.);
#2270 = VERTEX_POINT('',#2271);
#2271 = CARTESIAN_POINT('',(8.,6.6,3.));
#2272 = SURFACE_CURVE('',#2273,(#2277,#2284),.PCURVE_S1.);
#2273 = LINE('',#2274,#2275);
#2274 = CARTESIAN_POINT('',(8.,-6.6,3.));
#2275 = VECTOR('',#2276,1.);
#2276 = DIRECTION('',(1.314184451498E-16,1.,0.));
#2277 = PCURVE('',#2204,#2278);
#2278 = DEFINITIONAL_REPRESENTATION('',(#2279),#2283);
#2279 = LINE('',#2280,#2281);
#2280 = CARTESIAN_POINT('',(0.,0.));
#2281 = VECTOR('',#2282,1.);
#2282 = DIRECTION('',(-1.,0.));
#2283 = ( GEOMETRIC_REPRESENTATION_CONTEXT(2) 
PARAMETRIC_REPRESENTATION_CONTEXT() REPRESENTATION_CONTEXT('2D SPACE',''
  ) );
#2284 = PCURVE('',#45,#2285);
#2285 = DEFINITIONAL_REPRESENTATION('',(#2286),#2290);
#2286 = LINE('',#2287,#2288);
#2287 = CARTESIAN_POINT('',(8.,-6.6));
#2288 = VECTOR('',#2289,1.);
#2289 = DIRECTION('',(1.314184451498E-16,1.));
#2290 = ( GEOMETRIC_REPRESENTATION_CONTEXT(2) 
PARAMETRIC_REPRESENTATION_CONTEXT() REPRESENTATION_CONTEXT('2D SPACE',''
  ) );
#2291 = ORIENTED_EDGE('',*,*,#2292,.T.);
#2292 = EDGE_CURVE('',#2270,#2194,#2293,.T.);
#2293 = SURFACE_CURVE('',#2294,(#2298,#2305),.PCURVE_S1.);
#2294 = LINE('',#2295,#2296);
#2295 = CARTESIAN_POINT('',(8.,6.6,3.));
#2296 = VECTOR('',#2297,1.);
#2297 = DIRECTION('',(-0.,-0.,-1.));
#2298 = PCURVE('',#2204,#2299);
#2299 = DEFINITIONAL_REPRESENTATION('',(#2300),#2304);
#2300 = LINE('',#2301,#2302);
#2301 = CARTESIAN_POINT('',(-13.2,0.));
#2302 = VECTOR('',#2303,1.);
#2303 = DIRECTION('',(0.,-1.));
#2304 = ( GEOMETRIC_REPRESENTATION_CONTEXT(2) 
PARAMETRIC_REPRESENTATION_CONTEXT() REPRESENTATION_CONTEXT('2D SPACE',''
  ) );
#2305 = PCURVE('',#425,#2306);
#2306 = DEFINITIONAL_REPRESENTATION('',(#2307),#2311);
#2307 = LINE('',#2308,#2309);
#2308 = CARTESIAN_POINT('',(0.,0.));
#2309 = VECTOR('',#2310,1.);
#2310 = DIRECTION('',(0.,-1.));
#2311 = ( GEOMETRIC_REPRESENTATION_CONTEXT(2) 
PARAMETRIC_REPRESENTATION_CONTEXT() REPRESENTATION_CONTEXT('2D SPACE',''
  ) );
#2312 = ADVANCED_FACE('',(#2313),#1662,.T.);
#2313 = FACE_BOUND('',#2314,.T.);
#2314 = EDGE_LOOP('',(#2315,#2316,#2317,#2318,#2339,#2340,#2361,#2362));
#2315 = ORIENTED_EDGE('',*,*,#1993,.T.);
#2316 = ORIENTED_EDGE('',*,*,#1643,.T.);
#2317 = ORIENTED_EDGE('',*,*,#1725,.T.);
#2318 = ORIENTED_EDGE('',*,*,#2319,.T.);
#2319 = EDGE_CURVE('',#1726,#2196,#2320,.T.);
#2320 = SURFACE_CURVE('',#2321,(#2325,#2332),.PCURVE_S1.);
#2321 = LINE('',#2322,#2323);
#2322 = CARTESIAN_POINT('',(0.,-6.6,-8.));
#2323 = VECTOR('',#2324,1.);
#2324 = DIRECTION('',(-1.,0.,0.));
#2325 = PCURVE('',#1662,#2326);
#2326 = DEFINITIONAL_REPRESENTATION('',(#2327),#2331);
#2327 = LINE('',#2328,#2329);
#2328 = CARTESIAN_POINT('',(-0.,-6.6));
#2329 = VECTOR('',#2330,1.);
#2330 = DIRECTION('',(1.,0.));
#2331 = ( GEOMETRIC_REPRESENTATION_CONTEXT(2) 
PARAMETRIC_REPRESENTATION_CONTEXT() REPRESENTATION_CONTEXT('2D SPACE',''
  ) );
#2332 = PCURVE('',#1015,#2333);
#2333 = DEFINITIONAL_REPRESENTATION('',(#2334),#2338);
#2334 = LINE('',#2335,#2336);
#2335 = CARTESIAN_POINT('',(35.775435713781,0.));
#2336 = VECTOR('',#2337,1.);
#2337 = DIRECTION('',(-0.,-1.));
#2338 = ( GEOMETRIC_REPRESENTATION_CONTEXT(2) 
PARAMETRIC_REPRESENTATION_CONTEXT() REPRESENTATION_CONTEXT('2D SPACE',''
  ) );
#2339 = ORIENTED_EDGE('',*,*,#2193,.F.);
#2340 = ORIENTED_EDGE('',*,*,#2341,.T.);
#2341 = EDGE_CURVE('',#2194,#2124,#2342,.T.);
#2342 = SURFACE_CURVE('',#2343,(#2347,#2354),.PCURVE_S1.);
#2343 = LINE('',#2344,#2345);
#2344 = CARTESIAN_POINT('',(3.577867169202E-16,6.6,-8.));
#2345 = VECTOR('',#2346,1.);
#2346 = DIRECTION('',(-1.,5.421010862428E-17,0.));
#2347 = PCURVE('',#1662,#2348);
#2348 = DEFINITIONAL_REPRESENTATION('',(#2349),#2353);
#2349 = LINE('',#2350,#2351);
#2350 = CARTESIAN_POINT('',(-3.577867169202E-16,6.6));
#2351 = VECTOR('',#2352,1.);
#2352 = DIRECTION('',(1.,5.421010862428E-17));
#2353 = ( GEOMETRIC_REPRESENTATION_CONTEXT(2) 
PARAMETRIC_REPRESENTATION_CONTEXT() REPRESENTATION_CONTEXT('2D SPACE',''
  ) );
#2354 = PCURVE('',#425,#2355);
#2355 = DEFINITIONAL_REPRESENTATION('',(#2356),#2360);
#2356 = LINE('',#2357,#2358);
#2357 = CARTESIAN_POINT('',(-8.,-11.));
#2358 = VECTOR('',#2359,1.);
#2359 = DIRECTION('',(-1.,0.));
#2360 = ( GEOMETRIC_REPRESENTATION_CONTEXT(2) 
PARAMETRIC_REPRESENTATION_CONTEXT() REPRESENTATION_CONTEXT('2D SPACE',''
  ) );
#2361 = ORIENTED_EDGE('',*,*,#2123,.T.);
#2362 = ORIENTED_EDGE('',*,*,#2363,.T.);
#2363 = EDGE_CURVE('',#2101,#1994,#2364,.T.);
#2364 = SURFACE_CURVE('',#2365,(#2369,#2376),.PCURVE_S1.);
#2365 = LINE('',#2366,#2367);
#2366 = CARTESIAN_POINT('',(0.,-6.6,-8.));
#2367 = VECTOR('',#2368,1.);
#2368 = DIRECTION('',(-1.,0.,0.));
#2369 = PCURVE('',#1662,#2370);
#2370 = DEFINITIONAL_REPRESENTATION('',(#2371),#2375);
#2371 = LINE('',#2372,#2373);
#2372 = CARTESIAN_POINT('',(-0.,-6.6));
#2373 = VECTOR('',#2374,1.);
#2374 = DIRECTION('',(1.,0.));
#2375 = ( GEOMETRIC_REPRESENTATION_CONTEXT(2) 
PARAMETRIC_REPRESENTATION_CONTEXT() REPRESENTATION_CONTEXT('2D SPACE',''
  ) );
#2376 = PCURVE('',#1951,#2377);
#2377 = DEFINITIONAL_REPRESENTATION('',(#2378),#2382);
#2378 = LINE('',#2379,#2380);
#2379 = CARTESIAN_POINT('',(35.775435713781,0.));
#2380 = VECTOR('',#2381,1.);
#2381 = DIRECTION('',(-0.,-1.));
#2382 = ( GEOMETRIC_REPRESENTATION_CONTEXT(2) 
PARAMETRIC_REPRESENTATION_CONTEXT() REPRESENTATION_CONTEXT('2D SPACE',''
  ) );
#2383 = ADVANCED_FACE('',(#2384),#842,.T.);
#2384 = FACE_BOUND('',#2385,.T.);
#2385 = EDGE_LOOP('',(#2386,#2387,#2388,#2445));
#2386 = ORIENTED_EDGE('',*,*,#825,.F.);
#2387 = ORIENTED_EDGE('',*,*,#2040,.T.);
#2388 = ORIENTED_EDGE('',*,*,#2389,.F.);
#2389 = EDGE_CURVE('',#1912,#2018,#2390,.T.);
#2390 = SURFACE_CURVE('',#2391,(#2402,#2431),.PCURVE_S1.);
#2391 = B_SPLINE_CURVE_WITH_KNOTS('',3,(#2392,#2393,#2394,#2395,#2396,
    #2397,#2398,#2399,#2400,#2401),.UNSPECIFIED.,.F.,.F.,(4,2,2,2,4),(
    4.504321387213E-03,4.790758038255E-03,5.077194689297E-03,
    5.363631340339E-03,5.650067991381E-03),.UNSPECIFIED.);
#2392 = CARTESIAN_POINT('',(-8.8,-6.6,-1.));
#2393 = CARTESIAN_POINT('',(-8.874182189254,-6.6,-1.062313038973));
#2394 = CARTESIAN_POINT('',(-8.936706478494,-6.6,-1.137435020914));
#2395 = CARTESIAN_POINT('',(-9.024579170815,-6.6,-1.308779250198));
#2396 = CARTESIAN_POINT('',(-9.048812309925,-6.6,-1.404515412223));
#2397 = CARTESIAN_POINT('',(-9.048701134343,-6.6,-1.596164170376));
#2398 = CARTESIAN_POINT('',(-9.024137643225,-6.6,-1.692252665607));
#2399 = CARTESIAN_POINT('',(-8.936661393382,-6.6,-1.862480961835));
#2400 = CARTESIAN_POINT('',(-8.87402436017,-6.6,-1.937819537457));
#2401 = CARTESIAN_POINT('',(-8.8,-6.6,-2.));
#2402 = PCURVE('',#842,#2403);
#2403 = DEFINITIONAL_REPRESENTATION('',(#2404),#2430);
#2404 = B_SPLINE_CURVE_WITH_KNOTS('',3,(#2405,#2406,#2407,#2408,#2409,
    #2410,#2411,#2412,#2413,#2414,#2415,#2416,#2417,#2418,#2419,#2420,
    #2421,#2422,#2423,#2424,#2425,#2426,#2427,#2428,#2429),
  .UNSPECIFIED.,.F.,.F.,(4,1,1,1,1,1,1,1,1,1,1,1,1,1,1,1,1,1,1,1,1,1,4),
  (4.504321387213E-03,4.556400778312E-03,4.60848016941E-03,
    4.660559560509E-03,4.712638951607E-03,4.764718342706E-03,
    4.816797733804E-03,4.868877124903E-03,4.920956516001E-03,
    4.9730359071E-03,5.025115298199E-03,5.077194689297E-03,
    5.129274080396E-03,5.181353471494E-03,5.233432862593E-03,
    5.285512253691E-03,5.33759164479E-03,5.389671035888E-03,
    5.441750426987E-03,5.493829818085E-03,5.545909209184E-03,
    5.597988600283E-03,5.650067991381E-03),.QUASI_UNIFORM_KNOTS.);
#2405 = CARTESIAN_POINT('',(3.785093762383,7.044198061404));
#2406 = CARTESIAN_POINT('',(3.78435806272,7.022616245107));
#2407 = CARTESIAN_POINT('',(3.782933069721,6.979182085183));
#2408 = CARTESIAN_POINT('',(3.780945917196,6.91319722991));
#2409 = CARTESIAN_POINT('',(3.779120271467,6.846366426441));
#2410 = CARTESIAN_POINT('',(3.777467120926,6.778643389883));
#2411 = CARTESIAN_POINT('',(3.775997764025,6.709976430598));
#2412 = CARTESIAN_POINT('',(3.774722406325,6.640215981661));
#2413 = CARTESIAN_POINT('',(3.773663871576,6.569638145244));
#2414 = CARTESIAN_POINT('',(3.772827216688,6.498422898704));
#2415 = CARTESIAN_POINT('',(3.77222009806,6.426753566024));
#2416 = CARTESIAN_POINT('',(3.771850047359,6.35480142739));
#2417 = CARTESIAN_POINT('',(3.771724685743,6.282725170199));
#2418 = CARTESIAN_POINT('',(3.771853898786,6.210597668861));
#2419 = CARTESIAN_POINT('',(3.772229287735,6.138550194823));
#2420 = CARTESIAN_POINT('',(3.772841065523,6.066806958978));
#2421 = CARTESIAN_POINT('',(3.773680412602,5.995615117286));
#2422 = CARTESIAN_POINT('',(3.774738464577,5.92521541224));
#2423 = CARTESIAN_POINT('',(3.776007645644,5.855916888512));
#2424 = CARTESIAN_POINT('',(3.777474302101,5.787470970374));
#2425 = CARTESIAN_POINT('',(3.779126146522,5.719848048635));
#2426 = CARTESIAN_POINT('',(3.780951032584,5.653046250135));
#2427 = CARTESIAN_POINT('',(3.782936772558,5.587087869843));
#2428 = CARTESIAN_POINT('',(3.784359625612,5.543707976365));
#2429 = CARTESIAN_POINT('',(3.785093762383,5.522172552955));
#2430 = ( GEOMETRIC_REPRESENTATION_CONTEXT(2) 
PARAMETRIC_REPRESENTATION_CONTEXT() REPRESENTATION_CONTEXT('2D SPACE',''
  ) );
#2431 = PCURVE('',#1951,#2432);
#2432 = DEFINITIONAL_REPRESENTATION('',(#2433),#2444);
#2433 = B_SPLINE_CURVE_WITH_KNOTS('',3,(#2434,#2435,#2436,#2437,#2438,
    #2439,#2440,#2441,#2442,#2443),.UNSPECIFIED.,.F.,.F.,(4,2,2,2,4),(
    4.504321387213E-03,4.790758038255E-03,5.077194689297E-03,
    5.363631340339E-03,5.650067991381E-03),.UNSPECIFIED.);
#2434 = CARTESIAN_POINT('',(28.775435713781,-8.8));
#2435 = CARTESIAN_POINT('',(28.837748752754,-8.874182189254));
#2436 = CARTESIAN_POINT('',(28.912870734695,-8.936706478494));
#2437 = CARTESIAN_POINT('',(29.084214963979,-9.024579170815));
#2438 = CARTESIAN_POINT('',(29.179951126003,-9.048812309925));
#2439 = CARTESIAN_POINT('',(29.371599884157,-9.048701134343));
#2440 = CARTESIAN_POINT('',(29.467688379387,-9.024137643225));
#2441 = CARTESIAN_POINT('',(29.637916675615,-8.936661393382));
#2442 = CARTESIAN_POINT('',(29.713255251238,-8.87402436017));
#2443 = CARTESIAN_POINT('',(29.775435713781,-8.8));
#2444 = ( GEOMETRIC_REPRESENTATION_CONTEXT(2) 
PARAMETRIC_REPRESENTATION_CONTEXT() REPRESENTATION_CONTEXT('2D SPACE',''
  ) );
#2445 = ORIENTED_EDGE('',*,*,#1911,.F.);
#2446 = ADVANCED_FACE('',(#2447,#2472),#45,.T.);
#2447 = FACE_BOUND('',#2448,.T.);
#2448 = EDGE_LOOP('',(#2449,#2471));
#2449 = ORIENTED_EDGE('',*,*,#2450,.T.);
#2450 = EDGE_CURVE('',#24,#22,#2451,.T.);
#2451 = SURFACE_CURVE('',#2452,(#2457,#2464),.PCURVE_S1.);
#2452 = CIRCLE('',#2453,12.);
#2453 = AXIS2_PLACEMENT_3D('',#2454,#2455,#2456);
#2454 = CARTESIAN_POINT('',(0.,0.,3.));
#2455 = DIRECTION('',(0.,0.,1.));
#2456 = DIRECTION('',(1.,0.,-0.));
#2457 = PCURVE('',#45,#2458);
#2458 = DEFINITIONAL_REPRESENTATION('',(#2459),#2463);
#2459 = CIRCLE('',#2460,12.);
#2460 = AXIS2_PLACEMENT_2D('',#2461,#2462);
#2461 = CARTESIAN_POINT('',(0.,0.));
#2462 = DIRECTION('',(1.,0.));
#2463 = ( GEOMETRIC_REPRESENTATION_CONTEXT(2) 
PARAMETRIC_REPRESENTATION_CONTEXT() REPRESENTATION_CONTEXT('2D SPACE',''
  ) );
#2464 = PCURVE('',#73,#2465);
#2465 = DEFINITIONAL_REPRESENTATION('',(#2466),#2470);
#2466 = LINE('',#2467,#2468);
#2467 = CARTESIAN_POINT('',(9.424777960769,0.));
#2468 = VECTOR('',#2469,1.);
#2469 = DIRECTION('',(-1.,0.));
#2470 = ( GEOMETRIC_REPRESENTATION_CONTEXT(2) 
PARAMETRIC_REPRESENTATION_CONTEXT() REPRESENTATION_CONTEXT('2D SPACE',''
  ) );
#2471 = ORIENTED_EDGE('',*,*,#21,.T.);
#2472 = FACE_BOUND('',#2473,.T.);
#2473 = EDGE_LOOP('',(#2474,#2495,#2496,#2517));
#2474 = ORIENTED_EDGE('',*,*,#2475,.F.);
#2475 = EDGE_CURVE('',#2066,#2247,#2476,.T.);
#2476 = SURFACE_CURVE('',#2477,(#2481,#2488),.PCURVE_S1.);
#2477 = LINE('',#2478,#2479);
#2478 = CARTESIAN_POINT('',(8.,-6.6,3.));
#2479 = VECTOR('',#2480,1.);
#2480 = DIRECTION('',(1.,-0.,-0.));
#2481 = PCURVE('',#45,#2482);
#2482 = DEFINITIONAL_REPRESENTATION('',(#2483),#2487);
#2483 = LINE('',#2484,#2485);
#2484 = CARTESIAN_POINT('',(8.,-6.6));
#2485 = VECTOR('',#2486,1.);
#2486 = DIRECTION('',(1.,-0.));
#2487 = ( GEOMETRIC_REPRESENTATION_CONTEXT(2) 
PARAMETRIC_REPRESENTATION_CONTEXT() REPRESENTATION_CONTEXT('2D SPACE',''
  ) );
#2488 = PCURVE('',#2088,#2489);
#2489 = DEFINITIONAL_REPRESENTATION('',(#2490),#2494);
#2490 = LINE('',#2491,#2492);
#2491 = CARTESIAN_POINT('',(0.,0.));
#2492 = VECTOR('',#2493,1.);
#2493 = DIRECTION('',(0.,1.));
#2494 = ( GEOMETRIC_REPRESENTATION_CONTEXT(2) 
PARAMETRIC_REPRESENTATION_CONTEXT() REPRESENTATION_CONTEXT('2D SPACE',''
  ) );
#2495 = ORIENTED_EDGE('',*,*,#2169,.F.);
#2496 = ORIENTED_EDGE('',*,*,#2497,.F.);
#2497 = EDGE_CURVE('',#2270,#2147,#2498,.T.);
#2498 = SURFACE_CURVE('',#2499,(#2503,#2510),.PCURVE_S1.);
#2499 = LINE('',#2500,#2501);
#2500 = CARTESIAN_POINT('',(8.,6.6,3.));
#2501 = VECTOR('',#2502,1.);
#2502 = DIRECTION('',(-1.,5.421010862428E-17,0.));
#2503 = PCURVE('',#45,#2504);
#2504 = DEFINITIONAL_REPRESENTATION('',(#2505),#2509);
#2505 = LINE('',#2506,#2507);
#2506 = CARTESIAN_POINT('',(8.,6.6));
#2507 = VECTOR('',#2508,1.);
#2508 = DIRECTION('',(-1.,5.421010862428E-17));
#2509 = ( GEOMETRIC_REPRESENTATION_CONTEXT(2) 
PARAMETRIC_REPRESENTATION_CONTEXT() REPRESENTATION_CONTEXT('2D SPACE',''
  ) );
#2510 = PCURVE('',#425,#2511);
#2511 = DEFINITIONAL_REPRESENTATION('',(#2512),#2516);
#2512 = LINE('',#2513,#2514);
#2513 = CARTESIAN_POINT('',(0.,0.));
#2514 = VECTOR('',#2515,1.);
#2515 = DIRECTION('',(-1.,0.));
#2516 = ( GEOMETRIC_REPRESENTATION_CONTEXT(2) 
PARAMETRIC_REPRESENTATION_CONTEXT() REPRESENTATION_CONTEXT('2D SPACE',''
  ) );
#2517 = ORIENTED_EDGE('',*,*,#2269,.F.);
#2518 = ADVANCED_FACE('',(#2519,#2587),#758,.F.);
#2519 = FACE_BOUND('',#2520,.T.);
#2520 = EDGE_LOOP('',(#2521,#2522,#2543,#2564,#2585,#2586));
#2521 = ORIENTED_EDGE('',*,*,#1963,.F.);
#2522 = ORIENTED_EDGE('',*,*,#2523,.F.);
#2523 = EDGE_CURVE('',#2068,#1936,#2524,.T.);
#2524 = SURFACE_CURVE('',#2525,(#2529,#2536),.PCURVE_S1.);
#2525 = LINE('',#2526,#2527);
#2526 = CARTESIAN_POINT('',(0.,-6.6,0.));
#2527 = VECTOR('',#2528,1.);
#2528 = DIRECTION('',(-1.,0.,0.));
#2529 = PCURVE('',#758,#2530);
#2530 = DEFINITIONAL_REPRESENTATION('',(#2531),#2535);
#2531 = LINE('',#2532,#2533);
#2532 = CARTESIAN_POINT('',(0.,-6.6));
#2533 = VECTOR('',#2534,1.);
#2534 = DIRECTION('',(-1.,0.));
#2535 = ( GEOMETRIC_REPRESENTATION_CONTEXT(2) 
PARAMETRIC_REPRESENTATION_CONTEXT() REPRESENTATION_CONTEXT('2D SPACE',''
  ) );
#2536 = PCURVE('',#1951,#2537);
#2537 = DEFINITIONAL_REPRESENTATION('',(#2538),#2542);
#2538 = LINE('',#2539,#2540);
#2539 = CARTESIAN_POINT('',(27.775435713781,0.));
#2540 = VECTOR('',#2541,1.);
#2541 = DIRECTION('',(-0.,-1.));
#2542 = ( GEOMETRIC_REPRESENTATION_CONTEXT(2) 
PARAMETRIC_REPRESENTATION_CONTEXT() REPRESENTATION_CONTEXT('2D SPACE',''
  ) );
#2543 = ORIENTED_EDGE('',*,*,#2544,.T.);
#2544 = EDGE_CURVE('',#2068,#2224,#2545,.T.);
#2545 = SURFACE_CURVE('',#2546,(#2550,#2557),.PCURVE_S1.);
#2546 = LINE('',#2547,#2548);
#2547 = CARTESIAN_POINT('',(8.,-6.6,0.));
#2548 = VECTOR('',#2549,1.);
#2549 = DIRECTION('',(1.,-0.,-0.));
#2550 = PCURVE('',#758,#2551);
#2551 = DEFINITIONAL_REPRESENTATION('',(#2552),#2556);
#2552 = LINE('',#2553,#2554);
#2553 = CARTESIAN_POINT('',(8.,-6.6));
#2554 = VECTOR('',#2555,1.);
#2555 = DIRECTION('',(1.,-0.));
#2556 = ( GEOMETRIC_REPRESENTATION_CONTEXT(2) 
PARAMETRIC_REPRESENTATION_CONTEXT() REPRESENTATION_CONTEXT('2D SPACE',''
  ) );
#2557 = PCURVE('',#2088,#2558);
#2558 = DEFINITIONAL_REPRESENTATION('',(#2559),#2563);
#2559 = LINE('',#2560,#2561);
#2560 = CARTESIAN_POINT('',(-3.,0.));
#2561 = VECTOR('',#2562,1.);
#2562 = DIRECTION('',(0.,1.));
#2563 = ( GEOMETRIC_REPRESENTATION_CONTEXT(2) 
PARAMETRIC_REPRESENTATION_CONTEXT() REPRESENTATION_CONTEXT('2D SPACE',''
  ) );
#2564 = ORIENTED_EDGE('',*,*,#2565,.F.);
#2565 = EDGE_CURVE('',#1859,#2224,#2566,.T.);
#2566 = SURFACE_CURVE('',#2567,(#2571,#2578),.PCURVE_S1.);
#2567 = LINE('',#2568,#2569);
#2568 = CARTESIAN_POINT('',(0.,-6.6,0.));
#2569 = VECTOR('',#2570,1.);
#2570 = DIRECTION('',(-1.,0.,0.));
#2571 = PCURVE('',#758,#2572);
#2572 = DEFINITIONAL_REPRESENTATION('',(#2573),#2577);
#2573 = LINE('',#2574,#2575);
#2574 = CARTESIAN_POINT('',(0.,-6.6));
#2575 = VECTOR('',#2576,1.);
#2576 = DIRECTION('',(-1.,0.));
#2577 = ( GEOMETRIC_REPRESENTATION_CONTEXT(2) 
PARAMETRIC_REPRESENTATION_CONTEXT() REPRESENTATION_CONTEXT('2D SPACE',''
  ) );
#2578 = PCURVE('',#1015,#2579);
#2579 = DEFINITIONAL_REPRESENTATION('',(#2580),#2584);
#2580 = LINE('',#2581,#2582);
#2581 = CARTESIAN_POINT('',(27.775435713781,0.));
#2582 = VECTOR('',#2583,1.);
#2583 = DIRECTION('',(-0.,-1.));
#2584 = ( GEOMETRIC_REPRESENTATION_CONTEXT(2) 
PARAMETRIC_REPRESENTATION_CONTEXT() REPRESENTATION_CONTEXT('2D SPACE',''
  ) );
#2585 = ORIENTED_EDGE('',*,*,#1858,.F.);
#2586 = ORIENTED_EDGE('',*,*,#1804,.F.);
#2587 = FACE_BOUND('',#2588,.T.);
#2588 = EDGE_LOOP('',(#2589,#2611));
#2589 = ORIENTED_EDGE('',*,*,#2590,.F.);
#2590 = EDGE_CURVE('',#742,#714,#2591,.T.);
#2591 = SURFACE_CURVE('',#2592,(#2597,#2604),.PCURVE_S1.);
#2592 = CIRCLE('',#2593,14.);
#2593 = AXIS2_PLACEMENT_3D('',#2594,#2595,#2596);
#2594 = CARTESIAN_POINT('',(0.,0.,0.));
#2595 = DIRECTION('',(0.,0.,1.));
#2596 = DIRECTION('',(1.,0.,-0.));
#2597 = PCURVE('',#758,#2598);
#2598 = DEFINITIONAL_REPRESENTATION('',(#2599),#2603);
#2599 = CIRCLE('',#2600,14.);
#2600 = AXIS2_PLACEMENT_2D('',#2601,#2602);
#2601 = CARTESIAN_POINT('',(0.,0.));
#2602 = DIRECTION('',(1.,0.));
#2603 = ( GEOMETRIC_REPRESENTATION_CONTEXT(2) 
PARAMETRIC_REPRESENTATION_CONTEXT() REPRESENTATION_CONTEXT('2D SPACE',''
  ) );
#2604 = PCURVE('',#729,#2605);
#2605 = DEFINITIONAL_REPRESENTATION('',(#2606),#2610);
#2606 = LINE('',#2607,#2608);
#2607 = CARTESIAN_POINT('',(9.424777960769,3.));
#2608 = VECTOR('',#2609,1.);
#2609 = DIRECTION('',(-1.,0.));
#2610 = ( GEOMETRIC_REPRESENTATION_CONTEXT(2) 
PARAMETRIC_REPRESENTATION_CONTEXT() REPRESENTATION_CONTEXT('2D SPACE',''
  ) );
#2611 = ORIENTED_EDGE('',*,*,#741,.F.);
#2612 = ADVANCED_FACE('',(#2613),#729,.T.);
#2613 = FACE_BOUND('',#2614,.T.);
#2614 = EDGE_LOOP('',(#2615,#2616,#2638,#2639));
#2615 = ORIENTED_EDGE('',*,*,#713,.F.);
#2616 = ORIENTED_EDGE('',*,*,#2617,.T.);
#2617 = EDGE_CURVE('',#58,#86,#2618,.T.);
#2618 = SURFACE_CURVE('',#2619,(#2624,#2631),.PCURVE_S1.);
#2619 = CIRCLE('',#2620,14.);
#2620 = AXIS2_PLACEMENT_3D('',#2621,#2622,#2623);
#2621 = CARTESIAN_POINT('',(0.,0.,1.));
#2622 = DIRECTION('',(0.,0.,-1.));
#2623 = DIRECTION('',(1.,0.,0.));
#2624 = PCURVE('',#729,#2625);
#2625 = DEFINITIONAL_REPRESENTATION('',(#2626),#2630);
#2626 = LINE('',#2627,#2628);
#2627 = CARTESIAN_POINT('',(3.14159265359,2.));
#2628 = VECTOR('',#2629,1.);
#2629 = DIRECTION('',(1.,0.));
#2630 = ( GEOMETRIC_REPRESENTATION_CONTEXT(2) 
PARAMETRIC_REPRESENTATION_CONTEXT() REPRESENTATION_CONTEXT('2D SPACE',''
  ) );
#2631 = PCURVE('',#73,#2632);
#2632 = DEFINITIONAL_REPRESENTATION('',(#2633),#2637);
#2633 = LINE('',#2634,#2635);
#2634 = CARTESIAN_POINT('',(3.14159265359,2.));
#2635 = VECTOR('',#2636,1.);
#2636 = DIRECTION('',(1.,0.));
#2637 = ( GEOMETRIC_REPRESENTATION_CONTEXT(2) 
PARAMETRIC_REPRESENTATION_CONTEXT() REPRESENTATION_CONTEXT('2D SPACE',''
  ) );
#2638 = ORIENTED_EDGE('',*,*,#770,.T.);
#2639 = ORIENTED_EDGE('',*,*,#2590,.T.);
#2640 = ADVANCED_FACE('',(#2641),#2088,.T.);
#2641 = FACE_BOUND('',#2642,.T.);
#2642 = EDGE_LOOP('',(#2643,#2644,#2645,#2646));
#2643 = ORIENTED_EDGE('',*,*,#2544,.F.);
#2644 = ORIENTED_EDGE('',*,*,#2065,.F.);
#2645 = ORIENTED_EDGE('',*,*,#2475,.T.);
#2646 = ORIENTED_EDGE('',*,*,#2246,.T.);
#2647 = ADVANCED_FACE('',(#2648,#2673,#2698),#425,.T.);
#2648 = FACE_BOUND('',#2649,.T.);
#2649 = EDGE_LOOP('',(#2650,#2672));
#2650 = ORIENTED_EDGE('',*,*,#2651,.F.);
#2651 = EDGE_CURVE('',#381,#409,#2652,.T.);
#2652 = SURFACE_CURVE('',#2653,(#2658,#2665),.PCURVE_S1.);
#2653 = CIRCLE('',#2654,1.5);
#2654 = AXIS2_PLACEMENT_3D('',#2655,#2656,#2657);
#2655 = CARTESIAN_POINT('',(-6.,6.6,-5.));
#2656 = DIRECTION('',(-5.421010862428E-17,-1.,0.));
#2657 = DIRECTION('',(1.,-5.421010862428E-17,0.));
#2658 = PCURVE('',#425,#2659);
#2659 = DEFINITIONAL_REPRESENTATION('',(#2660),#2664);
#2660 = CIRCLE('',#2661,1.5);
#2661 = AXIS2_PLACEMENT_2D('',#2662,#2663);
#2662 = CARTESIAN_POINT('',(-14.,-8.));
#2663 = DIRECTION('',(1.,0.));
#2664 = ( GEOMETRIC_REPRESENTATION_CONTEXT(2) 
PARAMETRIC_REPRESENTATION_CONTEXT() REPRESENTATION_CONTEXT('2D SPACE',''
  ) );
#2665 = PCURVE('',#396,#2666);
#2666 = DEFINITIONAL_REPRESENTATION('',(#2667),#2671);
#2667 = LINE('',#2668,#2669);
#2668 = CARTESIAN_POINT('',(0.,5.));
#2669 = VECTOR('',#2670,1.);
#2670 = DIRECTION('',(1.,0.));
#2671 = ( GEOMETRIC_REPRESENTATION_CONTEXT(2) 
PARAMETRIC_REPRESENTATION_CONTEXT() REPRESENTATION_CONTEXT('2D SPACE',''
  ) );
#2672 = ORIENTED_EDGE('',*,*,#408,.F.);
#2673 = FACE_BOUND('',#2674,.T.);
#2674 = EDGE_LOOP('',(#2675,#2697));
#2675 = ORIENTED_EDGE('',*,*,#2676,.F.);
#2676 = EDGE_CURVE('',#609,#637,#2677,.T.);
#2677 = SURFACE_CURVE('',#2678,(#2683,#2690),.PCURVE_S1.);
#2678 = CIRCLE('',#2679,1.5);
#2679 = AXIS2_PLACEMENT_3D('',#2680,#2681,#2682);
#2680 = CARTESIAN_POINT('',(6.,6.6,-5.));
#2681 = DIRECTION('',(-5.421010862428E-17,-1.,0.));
#2682 = DIRECTION('',(1.,-5.421010862428E-17,0.));
#2683 = PCURVE('',#425,#2684);
#2684 = DEFINITIONAL_REPRESENTATION('',(#2685),#2689);
#2685 = CIRCLE('',#2686,1.5);
#2686 = AXIS2_PLACEMENT_2D('',#2687,#2688);
#2687 = CARTESIAN_POINT('',(-2.,-8.));
#2688 = DIRECTION('',(1.,0.));
#2689 = ( GEOMETRIC_REPRESENTATION_CONTEXT(2) 
PARAMETRIC_REPRESENTATION_CONTEXT() REPRESENTATION_CONTEXT('2D SPACE',''
  ) );
#2690 = PCURVE('',#624,#2691);
#2691 = DEFINITIONAL_REPRESENTATION('',(#2692),#2696);
#2692 = LINE('',#2693,#2694);
#2693 = CARTESIAN_POINT('',(0.,5.));
#2694 = VECTOR('',#2695,1.);
#2695 = DIRECTION('',(1.,0.));
#2696 = ( GEOMETRIC_REPRESENTATION_CONTEXT(2) 
PARAMETRIC_REPRESENTATION_CONTEXT() REPRESENTATION_CONTEXT('2D SPACE',''
  ) );
#2697 = ORIENTED_EDGE('',*,*,#636,.F.);
#2698 = FACE_BOUND('',#2699,.T.);
#2699 = EDGE_LOOP('',(#2700,#2701,#2702,#2703));
#2700 = ORIENTED_EDGE('',*,*,#2146,.T.);
#2701 = ORIENTED_EDGE('',*,*,#2341,.F.);
#2702 = ORIENTED_EDGE('',*,*,#2292,.F.);
#2703 = ORIENTED_EDGE('',*,*,#2497,.T.);
#2704 = ADVANCED_FACE('',(#2705),#624,.F.);
#2705 = FACE_BOUND('',#2706,.F.);
#2706 = EDGE_LOOP('',(#2707,#2708,#2709,#2710,#2736));
#2707 = ORIENTED_EDGE('',*,*,#2676,.F.);
#2708 = ORIENTED_EDGE('',*,*,#608,.F.);
#2709 = ORIENTED_EDGE('',*,*,#1186,.T.);
#2710 = ORIENTED_EDGE('',*,*,#2711,.F.);
#2711 = EDGE_CURVE('',#661,#1187,#2712,.T.);
#2712 = SURFACE_CURVE('',#2713,(#2718,#2725),.PCURVE_S1.);
#2713 = CIRCLE('',#2714,1.5);
#2714 = AXIS2_PLACEMENT_3D('',#2715,#2716,#2717);
#2715 = CARTESIAN_POINT('',(6.,8.1,-5.));
#2716 = DIRECTION('',(5.421010862428E-17,1.,0.));
#2717 = DIRECTION('',(1.,-5.421010862428E-17,0.));
#2718 = PCURVE('',#624,#2719);
#2719 = DEFINITIONAL_REPRESENTATION('',(#2720),#2724);
#2720 = LINE('',#2721,#2722);
#2721 = CARTESIAN_POINT('',(6.28318530718,3.5));
#2722 = VECTOR('',#2723,1.);
#2723 = DIRECTION('',(-1.,0.));
#2724 = ( GEOMETRIC_REPRESENTATION_CONTEXT(2) 
PARAMETRIC_REPRESENTATION_CONTEXT() REPRESENTATION_CONTEXT('2D SPACE',''
  ) );
#2725 = PCURVE('',#321,#2726);
#2726 = DEFINITIONAL_REPRESENTATION('',(#2727),#2735);
#2727 = ( BOUNDED_CURVE() B_SPLINE_CURVE(2,(#2728,#2729,#2730,#2731,
#2732,#2733,#2734),.UNSPECIFIED.,.T.,.F.) B_SPLINE_CURVE_WITH_KNOTS((1,2
    ,2,2,2,1),(-2.094395102393,0.,2.094395102393,4.188790204786,
6.28318530718,8.377580409573),.UNSPECIFIED.) CURVE() 
GEOMETRIC_REPRESENTATION_ITEM() RATIONAL_B_SPLINE_CURVE((1.,0.5,1.,0.5,
1.,0.5,1.)) REPRESENTATION_ITEM('') );
#2728 = CARTESIAN_POINT('',(-0.5,-8.));
#2729 = CARTESIAN_POINT('',(-0.5,-10.59807621135));
#2730 = CARTESIAN_POINT('',(-2.75,-9.299038105677));
#2731 = CARTESIAN_POINT('',(-5.,-8.));
#2732 = CARTESIAN_POINT('',(-2.75,-6.700961894323));
#2733 = CARTESIAN_POINT('',(-0.5,-5.401923788647));
#2734 = CARTESIAN_POINT('',(-0.5,-8.));
#2735 = ( GEOMETRIC_REPRESENTATION_CONTEXT(2) 
PARAMETRIC_REPRESENTATION_CONTEXT() REPRESENTATION_CONTEXT('2D SPACE',''
  ) );
#2736 = ORIENTED_EDGE('',*,*,#660,.T.);
#2737 = ADVANCED_FACE('',(#2738),#396,.F.);
#2738 = FACE_BOUND('',#2739,.F.);
#2739 = EDGE_LOOP('',(#2740,#2741,#2742,#2768,#2769));
#2740 = ORIENTED_EDGE('',*,*,#2651,.F.);
#2741 = ORIENTED_EDGE('',*,*,#380,.F.);
#2742 = ORIENTED_EDGE('',*,*,#2743,.F.);
#2743 = EDGE_CURVE('',#1529,#341,#2744,.T.);
#2744 = SURFACE_CURVE('',#2745,(#2750,#2757),.PCURVE_S1.);
#2745 = CIRCLE('',#2746,1.5);
#2746 = AXIS2_PLACEMENT_3D('',#2747,#2748,#2749);
#2747 = CARTESIAN_POINT('',(-6.,8.1,-5.));
#2748 = DIRECTION('',(5.421010862428E-17,1.,0.));
#2749 = DIRECTION('',(1.,-5.421010862428E-17,0.));
#2750 = PCURVE('',#396,#2751);
#2751 = DEFINITIONAL_REPRESENTATION('',(#2752),#2756);
#2752 = LINE('',#2753,#2754);
#2753 = CARTESIAN_POINT('',(6.28318530718,3.5));
#2754 = VECTOR('',#2755,1.);
#2755 = DIRECTION('',(-1.,0.));
#2756 = ( GEOMETRIC_REPRESENTATION_CONTEXT(2) 
PARAMETRIC_REPRESENTATION_CONTEXT() REPRESENTATION_CONTEXT('2D SPACE',''
  ) );
#2757 = PCURVE('',#364,#2758);
#2758 = DEFINITIONAL_REPRESENTATION('',(#2759),#2767);
#2759 = ( BOUNDED_CURVE() B_SPLINE_CURVE(2,(#2760,#2761,#2762,#2763,
#2764,#2765,#2766),.UNSPECIFIED.,.T.,.F.) B_SPLINE_CURVE_WITH_KNOTS((1,2
    ,2,2,2,1),(-2.094395102393,0.,2.094395102393,4.188790204786,
6.28318530718,8.377580409573),.UNSPECIFIED.) CURVE() 
GEOMETRIC_REPRESENTATION_ITEM() RATIONAL_B_SPLINE_CURVE((1.,0.5,1.,0.5,
1.,0.5,1.)) REPRESENTATION_ITEM('') );
#2760 = CARTESIAN_POINT('',(-12.5,-8.));
#2761 = CARTESIAN_POINT('',(-12.5,-10.59807621135));
#2762 = CARTESIAN_POINT('',(-14.75,-9.299038105677));
#2763 = CARTESIAN_POINT('',(-17.,-8.));
#2764 = CARTESIAN_POINT('',(-14.75,-6.700961894323));
#2765 = CARTESIAN_POINT('',(-12.5,-5.401923788647));
#2766 = CARTESIAN_POINT('',(-12.5,-8.));
#2767 = ( GEOMETRIC_REPRESENTATION_CONTEXT(2) 
PARAMETRIC_REPRESENTATION_CONTEXT() REPRESENTATION_CONTEXT('2D SPACE',''
  ) );
#2768 = ORIENTED_EDGE('',*,*,#1551,.T.);
#2769 = ORIENTED_EDGE('',*,*,#437,.T.);
#2770 = ADVANCED_FACE('',(#2771),#1428,.F.);
#2771 = FACE_BOUND('',#2772,.F.);
#2772 = EDGE_LOOP('',(#2773,#2774));
#2773 = ORIENTED_EDGE('',*,*,#1279,.T.);
#2774 = ORIENTED_EDGE('',*,*,#2775,.T.);
#2775 = EDGE_CURVE('',#1282,#1280,#2776,.T.);
#2776 = SURFACE_CURVE('',#2777,(#2782,#2789),.PCURVE_S1.);
#2777 = CIRCLE('',#2778,2.);
#2778 = AXIS2_PLACEMENT_3D('',#2779,#2780,#2781);
#2779 = CARTESIAN_POINT('',(-6.,8.1,-5.));
#2780 = DIRECTION('',(5.421010862428E-17,1.,0.));
#2781 = DIRECTION('',(1.,-5.421010862428E-17,0.));
#2782 = PCURVE('',#1428,#2783);
#2783 = DEFINITIONAL_REPRESENTATION('',(#2784),#2788);
#2784 = LINE('',#2785,#2786);
#2785 = CARTESIAN_POINT('',(-3.14159265359,7.156854249492));
#2786 = VECTOR('',#2787,1.);
#2787 = DIRECTION('',(1.,0.));
#2788 = ( GEOMETRIC_REPRESENTATION_CONTEXT(2) 
PARAMETRIC_REPRESENTATION_CONTEXT() REPRESENTATION_CONTEXT('2D SPACE',''
  ) );
#2789 = PCURVE('',#364,#2790);
#2790 = DEFINITIONAL_REPRESENTATION('',(#2791),#2799);
#2791 = ( BOUNDED_CURVE() B_SPLINE_CURVE(2,(#2792,#2793,#2794,#2795,
#2796,#2797,#2798),.UNSPECIFIED.,.T.,.F.) B_SPLINE_CURVE_WITH_KNOTS((1,2
    ,2,2,2,1),(-2.094395102393,0.,2.094395102393,4.188790204786,
6.28318530718,8.377580409573),.UNSPECIFIED.) CURVE() 
GEOMETRIC_REPRESENTATION_ITEM() RATIONAL_B_SPLINE_CURVE((1.,0.5,1.,0.5,
1.,0.5,1.)) REPRESENTATION_ITEM('') );
#2792 = CARTESIAN_POINT('',(-12.,-8.));
#2793 = CARTESIAN_POINT('',(-12.,-11.46410161513));
#2794 = CARTESIAN_POINT('',(-15.,-9.732050807569));
#2795 = CARTESIAN_POINT('',(-18.,-8.));
#2796 = CARTESIAN_POINT('',(-15.,-6.267949192431));
#2797 = CARTESIAN_POINT('',(-12.,-4.535898384862));
#2798 = CARTESIAN_POINT('',(-12.,-8.));
#2799 = ( GEOMETRIC_REPRESENTATION_CONTEXT(2) 
PARAMETRIC_REPRESENTATION_CONTEXT() REPRESENTATION_CONTEXT('2D SPACE',''
  ) );
#2800 = ADVANCED_FACE('',(#2801),#364,.F.);
#2801 = FACE_BOUND('',#2802,.T.);
#2802 = EDGE_LOOP('',(#2803,#2804,#2805,#2806,#2807));
#2803 = ORIENTED_EDGE('',*,*,#2775,.T.);
#2804 = ORIENTED_EDGE('',*,*,#1620,.F.);
#2805 = ORIENTED_EDGE('',*,*,#340,.F.);
#2806 = ORIENTED_EDGE('',*,*,#2743,.F.);
#2807 = ORIENTED_EDGE('',*,*,#1528,.F.);
#2808 = ADVANCED_FACE('',(#2809),#294,.F.);
#2809 = FACE_BOUND('',#2810,.F.);
#2810 = EDGE_LOOP('',(#2811,#2812,#2838));
#2811 = ORIENTED_EDGE('',*,*,#1038,.T.);
#2812 = ORIENTED_EDGE('',*,*,#2813,.T.);
#2813 = EDGE_CURVE('',#1039,#279,#2814,.T.);
#2814 = SURFACE_CURVE('',#2815,(#2820,#2827),.PCURVE_S1.);
#2815 = CIRCLE('',#2816,2.);
#2816 = AXIS2_PLACEMENT_3D('',#2817,#2818,#2819);
#2817 = CARTESIAN_POINT('',(6.,8.1,-5.));
#2818 = DIRECTION('',(5.421010862428E-17,1.,0.));
#2819 = DIRECTION('',(1.,-5.421010862428E-17,0.));
#2820 = PCURVE('',#294,#2821);
#2821 = DEFINITIONAL_REPRESENTATION('',(#2822),#2826);
#2822 = LINE('',#2823,#2824);
#2823 = CARTESIAN_POINT('',(3.14159265359,7.156854249492));
#2824 = VECTOR('',#2825,1.);
#2825 = DIRECTION('',(1.,0.));
#2826 = ( GEOMETRIC_REPRESENTATION_CONTEXT(2) 
PARAMETRIC_REPRESENTATION_CONTEXT() REPRESENTATION_CONTEXT('2D SPACE',''
  ) );
#2827 = PCURVE('',#321,#2828);
#2828 = DEFINITIONAL_REPRESENTATION('',(#2829),#2837);
#2829 = ( BOUNDED_CURVE() B_SPLINE_CURVE(2,(#2830,#2831,#2832,#2833,
#2834,#2835,#2836),.UNSPECIFIED.,.T.,.F.) B_SPLINE_CURVE_WITH_KNOTS((1,2
    ,2,2,2,1),(-2.094395102393,0.,2.094395102393,4.188790204786,
6.28318530718,8.377580409573),.UNSPECIFIED.) CURVE() 
GEOMETRIC_REPRESENTATION_ITEM() RATIONAL_B_SPLINE_CURVE((1.,0.5,1.,0.5,
1.,0.5,1.)) REPRESENTATION_ITEM('') );
#2830 = CARTESIAN_POINT('',(-1.7763568394E-15,-8.));
#2831 = CARTESIAN_POINT('',(-1.7763568394E-15,-11.46410161513));
#2832 = CARTESIAN_POINT('',(-3.,-9.732050807569));
#2833 = CARTESIAN_POINT('',(-6.,-8.));
#2834 = CARTESIAN_POINT('',(-3.,-6.267949192431));
#2835 = CARTESIAN_POINT('',(-4.884981308351E-15,-4.535898384862));
#2836 = CARTESIAN_POINT('',(-1.7763568394E-15,-8.));
#2837 = ( GEOMETRIC_REPRESENTATION_CONTEXT(2) 
PARAMETRIC_REPRESENTATION_CONTEXT() REPRESENTATION_CONTEXT('2D SPACE',''
  ) );
#2838 = ORIENTED_EDGE('',*,*,#278,.T.);
#2839 = ADVANCED_FACE('',(#2840),#321,.F.);
#2840 = FACE_BOUND('',#2841,.T.);
#2841 = EDGE_LOOP('',(#2842,#2843,#2844,#2845,#2846,#2847));
#2842 = ORIENTED_EDGE('',*,*,#2813,.T.);
#2843 = ORIENTED_EDGE('',*,*,#306,.T.);
#2844 = ORIENTED_EDGE('',*,*,#1256,.F.);
#2845 = ORIENTED_EDGE('',*,*,#2711,.F.);
#2846 = ORIENTED_EDGE('',*,*,#683,.F.);
#2847 = ORIENTED_EDGE('',*,*,#1164,.F.);
#2848 = ADVANCED_FACE('',(#2849),#1015,.T.);
#2849 = FACE_BOUND('',#2850,.T.);
#2850 = EDGE_LOOP('',(#2851,#2852,#2853,#2854,#2855,#2856));
#2851 = ORIENTED_EDGE('',*,*,#2319,.F.);
#2852 = ORIENTED_EDGE('',*,*,#1751,.T.);
#2853 = ORIENTED_EDGE('',*,*,#972,.T.);
#2854 = ORIENTED_EDGE('',*,*,#1886,.T.);
#2855 = ORIENTED_EDGE('',*,*,#2565,.T.);
#2856 = ORIENTED_EDGE('',*,*,#2223,.F.);
#2857 = ADVANCED_FACE('',(#2858),#1951,.T.);
#2858 = FACE_BOUND('',#2859,.T.);
#2859 = EDGE_LOOP('',(#2860,#2861,#2862,#2863,#2864,#2865));
#2860 = ORIENTED_EDGE('',*,*,#2523,.T.);
#2861 = ORIENTED_EDGE('',*,*,#1935,.T.);
#2862 = ORIENTED_EDGE('',*,*,#2389,.T.);
#2863 = ORIENTED_EDGE('',*,*,#2017,.T.);
#2864 = ORIENTED_EDGE('',*,*,#2363,.F.);
#2865 = ORIENTED_EDGE('',*,*,#2100,.F.);
#2866 = ADVANCED_FACE('',(#2867),#73,.T.);
#2867 = FACE_BOUND('',#2868,.T.);
#2868 = EDGE_LOOP('',(#2869,#2870,#2871,#2872));
#2869 = ORIENTED_EDGE('',*,*,#57,.F.);
#2870 = ORIENTED_EDGE('',*,*,#2450,.F.);
#2871 = ORIENTED_EDGE('',*,*,#114,.T.);
#2872 = ORIENTED_EDGE('',*,*,#2617,.F.);
#2873 = ( GEOMETRIC_REPRESENTATION_CONTEXT(3) 
GLOBAL_UNCERTAINTY_ASSIGNED_CONTEXT((#2877)) 
GLOBAL_UNIT_ASSIGNED_CONTEXT((#2874,#2875,#2876)) REPRESENTATION_CONTEXT
('Context #1','3D Context with UNIT and UNCERTAINTY') );
#2874 = ( LENGTH_UNIT() NAMED_UNIT(*) SI_UNIT(.MILLI.,.METRE.) );
#2875 = ( NAMED_UNIT(*) PLANE_ANGLE_UNIT() SI_UNIT($,.RADIAN.) );
#2876 = ( NAMED_UNIT(*) SI_UNIT($,.STERADIAN.) SOLID_ANGLE_UNIT() );
#2877 = UNCERTAINTY_MEASURE_WITH_UNIT(LENGTH_MEASURE(2.E-05),#2874,
  'distance_accuracy_value','confusion accuracy');
#2878 = PRODUCT_RELATED_PRODUCT_CATEGORY('part',$,(#7));
#2879 = MECHANICAL_DESIGN_GEOMETRIC_PRESENTATION_REPRESENTATION('',(
    #2880),#2873);
#2880 = STYLED_ITEM('color',(#2881),#15);
#2881 = PRESENTATION_STYLE_ASSIGNMENT((#2882));
#2882 = SURFACE_STYLE_USAGE(.BOTH.,#2883);
#2883 = SURFACE_SIDE_STYLE('',(#2884));
#2884 = SURFACE_STYLE_FILL_AREA(#2885);
#2885 = FILL_AREA_STYLE('',(#2886));
#2886 = FILL_AREA_STYLE_COLOUR('',#2887);
#2887 = COLOUR_RGB('',0.792156867455,0.819607826924,0.933333342953);
ENDSEC;
END-ISO-10303-21;
