ISO-10303-21;
HEADER;
FILE_DESCRIPTION(('Open CASCADE Model'),'2;1');
FILE_NAME('Open CASCADE Shape Model','2026-05-27T17:59:53',('Author'),(
    'Open CASCADE'),'Open CASCADE STEP processor 7.9','Open CASCADE 7.9'
  ,'Unknown');
FILE_SCHEMA((
'AP242_MANAGED_MODEL_BASED_3D_ENGINEERING_MIM_LF {1 0 10303 442 1 1 4 }'
    ));
ENDSEC;
DATA;
#1 = APPLICATION_PROTOCOL_DEFINITION('international standard',
  'ap242_managed_model_based_3d_engineering',2013,#2);
#2 = APPLICATION_CONTEXT('Managed model based 3d engineering');
#3 = SHAPE_DEFINITION_REPRESENTATION(#4,#10);
#4 = PRODUCT_DEFINITION_SHAPE('','',#5);
#5 = PRODUCT_DEFINITION('design','',#6,#9);
#6 = PRODUCT_DEFINITION_FORMATION('','',#7);
#7 = PRODUCT('Tr8x2 nut set','Tr8x2 nut set','',(#8));
#8 = PRODUCT_CONTEXT('',#2,'mechanical');
#9 = PRODUCT_DEFINITION_CONTEXT('part definition',#2,'design');
#10 = ADVANCED_BREP_SHAPE_REPRESENTATION('',(#11,#15),#11314);
#11 = AXIS2_PLACEMENT_3D('',#12,#13,#14);
#12 = CARTESIAN_POINT('',(0.,0.,0.));
#13 = DIRECTION('',(0.,0.,1.));
#14 = DIRECTION('',(1.,0.,-0.));
#15 = MANIFOLD_SOLID_BREP('',#16);
#16 = CLOSED_SHELL('',(#17,#159,#399,#516,#642,#724,#841,#914,#1026,
    #1360,#1760,#2210,#2975,#3114,#3879,#4018,#4783,#4922,#5033,#5086,
    #5231,#5376,#5521,#5666,#6090,#6514,#6938,#7750,#8255,#8376,#8497,
    #8659,#8755,#8876,#8997,#9118,#9226,#10158,#10328,#10477,#10533,
    #10589,#10652,#10706,#10780,#10877,#10904,#10931,#10962,#11014,
    #11062,#11110,#11159,#11208,#11235,#11269,#11276,#11303));
#17 = ADVANCED_FACE('',(#18),#37,.F.);
#18 = FACE_BOUND('',#19,.F.);
#19 = EDGE_LOOP('',(#20,#104,#132));
#20 = ORIENTED_EDGE('',*,*,#21,.T.);
#21 = EDGE_CURVE('',#22,#24,#26,.T.);
#22 = VERTEX_POINT('',#23);
#23 = CARTESIAN_POINT('',(4.,-8.062257748299,5.803349819904));
#24 = VERTEX_POINT('',#25);
#25 = CARTESIAN_POINT('',(6.720610260001,-5.986100377806,6.75));
#26 = SURFACE_CURVE('',#27,(#36,#70),.PCURVE_S1.);
#27 = B_SPLINE_CURVE_WITH_KNOTS('',3,(#28,#29,#30,#31,#32,#33,#34,#35),
  .UNSPECIFIED.,.F.,.F.,(4,2,2,4),(0.,1.788559724798E-03,
    2.682839587197E-03,3.577119449596E-03),.UNSPECIFIED.);
#28 = CARTESIAN_POINT('',(4.,-8.062257748299,5.803349819904));
#29 = CARTESIAN_POINT('',(4.482597423332,-7.822822375033,6.079006550216)
  );
#30 = CARTESIAN_POINT('',(4.954843490743,-7.535190821755,6.304413589009)
  );
#31 = CARTESIAN_POINT('',(5.642778421909,-7.017224904885,6.556591091246)
  );
#32 = CARTESIAN_POINT('',(5.870849191033,-6.82802896175,6.626151987934)
  );
#33 = CARTESIAN_POINT('',(6.309771793307,-6.424611244482,6.722724044775)
  );
#34 = CARTESIAN_POINT('',(6.519889423932,-6.211450175694,6.75));
#35 = CARTESIAN_POINT('',(6.720610260001,-5.986100377806,6.75));
#36 = PCURVE('',#37,#42);
#37 = CYLINDRICAL_SURFACE('',#38,2.75);
#38 = AXIS2_PLACEMENT_3D('',#39,#40,#41);
#39 = CARTESIAN_POINT('',(4.,-5.986100377806,4.));
#40 = DIRECTION('',(1.,-0.,-0.));
#41 = DIRECTION('',(0.,0.,-1.));
#42 = DEFINITIONAL_REPRESENTATION('',(#43),#69);
#43 = B_SPLINE_CURVE_WITH_KNOTS('',3,(#44,#45,#46,#47,#48,#49,#50,#51,
    #52,#53,#54,#55,#56,#57,#58,#59,#60,#61,#62,#63,#64,#65,#66,#67,#68)
  ,.UNSPECIFIED.,.F.,.F.,(4,1,1,1,1,1,1,1,1,1,1,1,1,1,1,1,1,1,1,1,1,1,4)
  ,(0.,1.62596338618E-04,3.25192677236E-04,4.877890158541E-04,
    6.503853544721E-04,8.129816930901E-04,9.755780317081E-04,
    1.138174370326E-03,1.300770708944E-03,1.463367047562E-03,
    1.62596338618E-03,1.788559724798E-03,1.951156063416E-03,
    2.113752402034E-03,2.276348740652E-03,2.43894507927E-03,
    2.601541417888E-03,2.764137756506E-03,2.926734095124E-03,
    3.089330433742E-03,3.25192677236E-03,3.414523110978E-03,
    3.577119449596E-03),.QUASI_UNIFORM_KNOTS.);
#44 = CARTESIAN_POINT('',(3.997195406329,0.));
#45 = CARTESIAN_POINT('',(3.985124904169,4.387249303023E-02));
#46 = CARTESIAN_POINT('',(3.961022989799,0.131446382225));
#47 = CARTESIAN_POINT('',(3.924939673527,0.262279178865));
#48 = CARTESIAN_POINT('',(3.888879371511,0.39256918916));
#49 = CARTESIAN_POINT('',(3.852791435343,0.522301673139));
#50 = CARTESIAN_POINT('',(3.816623055835,0.651461856586));
#51 = CARTESIAN_POINT('',(3.780319216301,0.780035093038));
#52 = CARTESIAN_POINT('',(3.74382340997,0.908006259267));
#53 = CARTESIAN_POINT('',(3.707077364241,1.035362011357));
#54 = CARTESIAN_POINT('',(3.670024105483,1.162082364904));
#55 = CARTESIAN_POINT('',(3.632598857576,1.288172118144));
#56 = CARTESIAN_POINT('',(3.594765545296,1.413543579245));
#57 = CARTESIAN_POINT('',(3.556383406663,1.538454233999));
#58 = CARTESIAN_POINT('',(3.517397084455,1.662910518187));
#59 = CARTESIAN_POINT('',(3.477853017601,1.786573941277));
#60 = CARTESIAN_POINT('',(3.437764378154,1.909197623237));
#61 = CARTESIAN_POINT('',(3.397147307132,2.030513168343));
#62 = CARTESIAN_POINT('',(3.356006978276,2.150246633137));
#63 = CARTESIAN_POINT('',(3.314398423771,2.268091537906));
#64 = CARTESIAN_POINT('',(3.272242434174,2.384089473054));
#65 = CARTESIAN_POINT('',(3.229469221883,2.498226864233));
#66 = CARTESIAN_POINT('',(3.185997420219,2.610504923522));
#67 = CARTESIAN_POINT('',(3.156491345751,2.684115562534));
#68 = CARTESIAN_POINT('',(3.14159265359,2.720610260001));
#69 = ( GEOMETRIC_REPRESENTATION_CONTEXT(2) 
PARAMETRIC_REPRESENTATION_CONTEXT() REPRESENTATION_CONTEXT('2D SPACE',''
  ) );
#70 = PCURVE('',#71,#76);
#71 = CYLINDRICAL_SURFACE('',#72,9.);
#72 = AXIS2_PLACEMENT_3D('',#73,#74,#75);
#73 = CARTESIAN_POINT('',(0.,0.,10.));
#74 = DIRECTION('',(-0.,-0.,-1.));
#75 = DIRECTION('',(-1.,0.,0.));
#76 = DEFINITIONAL_REPRESENTATION('',(#77),#103);
#77 = B_SPLINE_CURVE_WITH_KNOTS('',3,(#78,#79,#80,#81,#82,#83,#84,#85,
    #86,#87,#88,#89,#90,#91,#92,#93,#94,#95,#96,#97,#98,#99,#100,#101,
    #102),.UNSPECIFIED.,.F.,.F.,(4,1,1,1,1,1,1,1,1,1,1,1,1,1,1,1,1,1,1,1
    ,1,1,4),(0.,1.62596338618E-04,3.25192677236E-04,4.877890158541E-04,
    6.503853544721E-04,8.129816930901E-04,9.755780317081E-04,
    1.138174370326E-03,1.300770708944E-03,1.463367047562E-03,
    1.62596338618E-03,1.788559724798E-03,1.951156063416E-03,
    2.113752402034E-03,2.276348740652E-03,2.43894507927E-03,
    2.601541417888E-03,2.764137756506E-03,2.926734095124E-03,
    3.089330433742E-03,3.25192677236E-03,3.414523110978E-03,
    3.577119449596E-03),.QUASI_UNIFORM_KNOTS.);
#78 = CARTESIAN_POINT('',(4.251834988703,4.196650180096));
#79 = CARTESIAN_POINT('',(4.246393258375,4.17159047734));
#80 = CARTESIAN_POINT('',(4.235487553788,4.122301645237));
#81 = CARTESIAN_POINT('',(4.219057096351,4.050891848443));
#82 = CARTESIAN_POINT('',(4.202549649527,3.982037233936));
#83 = CARTESIAN_POINT('',(4.185959844716,3.915769533389));
#84 = CARTESIAN_POINT('',(4.169282147235,3.852120475694));
#85 = CARTESIAN_POINT('',(4.15251081454,3.791121800127));
#86 = CARTESIAN_POINT('',(4.135640006721,3.732805207203));
#87 = CARTESIAN_POINT('',(4.118663447586,3.677202542096));
#88 = CARTESIAN_POINT('',(4.101575735766,3.62434511011));
#89 = CARTESIAN_POINT('',(4.084367510366,3.574266231367));
#90 = CARTESIAN_POINT('',(4.067043554168,3.526991706588));
#91 = CARTESIAN_POINT('',(4.049555298457,3.482575399276));
#92 = CARTESIAN_POINT('',(4.031888518845,3.441283878958));
#93 = CARTESIAN_POINT('',(4.014082163095,3.40335544468));
#94 = CARTESIAN_POINT('',(3.996160772581,3.36903664184));
#95 = CARTESIAN_POINT('',(3.9781523874,3.338569300916));
#96 = CARTESIAN_POINT('',(3.960083941953,3.312205865708));
#97 = CARTESIAN_POINT('',(3.941997734009,3.290119348405));
#98 = CARTESIAN_POINT('',(3.923879299268,3.27253996758));
#99 = CARTESIAN_POINT('',(3.905722527022,3.259692551171));
#100 = CARTESIAN_POINT('',(3.887518959014,3.251803372028));
#101 = CARTESIAN_POINT('',(3.875346760067,3.25));
#102 = CARTESIAN_POINT('',(3.869250191483,3.25));
#103 = ( GEOMETRIC_REPRESENTATION_CONTEXT(2) 
PARAMETRIC_REPRESENTATION_CONTEXT() REPRESENTATION_CONTEXT('2D SPACE',''
  ) );
#104 = ORIENTED_EDGE('',*,*,#105,.F.);
#105 = EDGE_CURVE('',#106,#24,#108,.T.);
#106 = VERTEX_POINT('',#107);
#107 = CARTESIAN_POINT('',(4.,-5.986100377806,6.75));
#108 = SURFACE_CURVE('',#109,(#113,#120),.PCURVE_S1.);
#109 = LINE('',#110,#111);
#110 = CARTESIAN_POINT('',(4.,-5.986100377806,6.75));
#111 = VECTOR('',#112,1.);
#112 = DIRECTION('',(1.,-0.,-0.));
#113 = PCURVE('',#37,#114);
#114 = DEFINITIONAL_REPRESENTATION('',(#115),#119);
#115 = LINE('',#116,#117);
#116 = CARTESIAN_POINT('',(3.14159265359,0.));
#117 = VECTOR('',#118,1.);
#118 = DIRECTION('',(0.,1.));
#119 = ( GEOMETRIC_REPRESENTATION_CONTEXT(2) 
PARAMETRIC_REPRESENTATION_CONTEXT() REPRESENTATION_CONTEXT('2D SPACE',''
  ) );
#120 = PCURVE('',#121,#126);
#121 = CYLINDRICAL_SURFACE('',#122,2.75);
#122 = AXIS2_PLACEMENT_3D('',#123,#124,#125);
#123 = CARTESIAN_POINT('',(4.,-5.986100377806,4.));
#124 = DIRECTION('',(1.,-0.,-0.));
#125 = DIRECTION('',(0.,0.,-1.));
#126 = DEFINITIONAL_REPRESENTATION('',(#127),#131);
#127 = LINE('',#128,#129);
#128 = CARTESIAN_POINT('',(3.14159265359,0.));
#129 = VECTOR('',#130,1.);
#130 = DIRECTION('',(0.,1.));
#131 = ( GEOMETRIC_REPRESENTATION_CONTEXT(2) 
PARAMETRIC_REPRESENTATION_CONTEXT() REPRESENTATION_CONTEXT('2D SPACE',''
  ) );
#132 = ORIENTED_EDGE('',*,*,#133,.T.);
#133 = EDGE_CURVE('',#106,#22,#134,.T.);
#134 = SURFACE_CURVE('',#135,(#140,#147),.PCURVE_S1.);
#135 = CIRCLE('',#136,2.75);
#136 = AXIS2_PLACEMENT_3D('',#137,#138,#139);
#137 = CARTESIAN_POINT('',(4.,-5.986100377806,4.));
#138 = DIRECTION('',(1.,0.,0.));
#139 = DIRECTION('',(0.,0.,-1.));
#140 = PCURVE('',#37,#141);
#141 = DEFINITIONAL_REPRESENTATION('',(#142),#146);
#142 = LINE('',#143,#144);
#143 = CARTESIAN_POINT('',(0.,0.));
#144 = VECTOR('',#145,1.);
#145 = DIRECTION('',(1.,0.));
#146 = ( GEOMETRIC_REPRESENTATION_CONTEXT(2) 
PARAMETRIC_REPRESENTATION_CONTEXT() REPRESENTATION_CONTEXT('2D SPACE',''
  ) );
#147 = PCURVE('',#148,#153);
#148 = PLANE('',#149);
#149 = AXIS2_PLACEMENT_3D('',#150,#151,#152);
#150 = CARTESIAN_POINT('',(4.,-5.986100377806,4.));
#151 = DIRECTION('',(1.,0.,0.));
#152 = DIRECTION('',(0.,0.,-1.));
#153 = DEFINITIONAL_REPRESENTATION('',(#154),#158);
#154 = CIRCLE('',#155,2.75);
#155 = AXIS2_PLACEMENT_2D('',#156,#157);
#156 = CARTESIAN_POINT('',(0.,0.));
#157 = DIRECTION('',(1.,0.));
#158 = ( GEOMETRIC_REPRESENTATION_CONTEXT(2) 
PARAMETRIC_REPRESENTATION_CONTEXT() REPRESENTATION_CONTEXT('2D SPACE',''
  ) );
#159 = ADVANCED_FACE('',(#160),#121,.F.);
#160 = FACE_BOUND('',#161,.F.);
#161 = EDGE_LOOP('',(#162,#348,#376,#398));
#162 = ORIENTED_EDGE('',*,*,#163,.T.);
#163 = EDGE_CURVE('',#24,#164,#166,.T.);
#164 = VERTEX_POINT('',#165);
#165 = CARTESIAN_POINT('',(6.720610260001,-5.986100377806,1.25));
#166 = SURFACE_CURVE('',#167,(#202,#275),.PCURVE_S1.);
#167 = B_SPLINE_CURVE_WITH_KNOTS('',3,(#168,#169,#170,#171,#172,#173,
    #174,#175,#176,#177,#178,#179,#180,#181,#182,#183,#184,#185,#186,
    #187,#188,#189,#190,#191,#192,#193,#194,#195,#196,#197,#198,#199,
    #200,#201),.UNSPECIFIED.,.F.,.F.,(4,2,2,2,2,2,2,2,2,2,2,2,2,2,2,2,4)
  ,(3.577119449596E-03,4.161812550495E-03,4.746505651393E-03,
    5.331198752291E-03,5.915891853189E-03,6.500584954087E-03,
    7.085278054986E-03,7.669971155884E-03,8.254664256782E-03,
    8.83935735768E-03,9.424050458579E-03,1.000874355948E-02,
    1.059343666038E-02,1.117812976127E-02,1.176282286217E-02,
    1.234751596307E-02,1.293220906397E-02),.UNSPECIFIED.);
#168 = CARTESIAN_POINT('',(6.720610260001,-5.986100377806,6.75));
#169 = CARTESIAN_POINT('',(6.851844444053,-5.838763422503,6.75));
#170 = CARTESIAN_POINT('',(6.97972332783,-5.685216462539,6.737960265763)
  );
#171 = CARTESIAN_POINT('',(7.220025510795,-5.37675139675,6.68619644975)
  );
#172 = CARTESIAN_POINT('',(7.333282922086,-5.220996987685,6.646641793599
    ));
#173 = CARTESIAN_POINT('',(7.546368890341,-4.907969491721,6.535296782168
    ));
#174 = CARTESIAN_POINT('',(7.646671218941,-4.749679755725,6.46262844049)
  );
#175 = CARTESIAN_POINT('',(7.826694560728,-4.446784317415,6.28555920003)
  );
#176 = CARTESIAN_POINT('',(7.907483701648,-4.300719623019,6.180909919325
    ));
#177 = CARTESIAN_POINT('',(8.052214579941,-4.023223598837,5.934939563759
    ));
#178 = CARTESIAN_POINT('',(8.114351217958,-3.895236915548,5.796282413903
    ));
#179 = CARTESIAN_POINT('',(8.219209934351,-3.668808304028,5.492815451791
    ));
#180 = CARTESIAN_POINT('',(8.262835935656,-3.568382536442,5.324868912288
    ));
#181 = CARTESIAN_POINT('',(8.331321329617,-3.405421637422,4.969914653012
    ));
#182 = CARTESIAN_POINT('',(8.356182445914,-3.343097527532,4.784844289317
    ));
#183 = CARTESIAN_POINT('',(8.389683128725,-3.258113433811,4.399414394358
    ));
#184 = CARTESIAN_POINT('',(8.397997773199,-3.236299344341,4.199791902072
    ));
#185 = CARTESIAN_POINT('',(8.398150046557,-3.235904176632,3.80572343726)
  );
#186 = CARTESIAN_POINT('',(8.390009792874,-3.257266978184,3.606300227049
    ));
#187 = CARTESIAN_POINT('',(8.356792408891,-3.341567465485,3.220271258858
    ));
#188 = CARTESIAN_POINT('',(8.332057027869,-3.403615609823,3.034846433283
    ));
#189 = CARTESIAN_POINT('',(8.26377793249,-3.566195145751,2.679088325405)
  );
#190 = CARTESIAN_POINT('',(8.220377825407,-3.666198652796,2.511148140379
    ));
#191 = CARTESIAN_POINT('',(8.115390710952,-3.893078186062,2.206154416214
    ));
#192 = CARTESIAN_POINT('',(8.052519607811,-4.022579025794,2.065801554175
    ));
#193 = CARTESIAN_POINT('',(7.908648614589,-4.298545235762,1.820849392492
    ));
#194 = CARTESIAN_POINT('',(7.827896631044,-4.444721276436,1.715724671334
    ));
#195 = CARTESIAN_POINT('',(7.646538293281,-4.749943686075,1.537139885259
    ));
#196 = CARTESIAN_POINT('',(7.546920011903,-4.907123535925,1.465058834785
    ));
#197 = CARTESIAN_POINT('',(7.333822894049,-5.220239919928,1.353573070067
    ));
#198 = CARTESIAN_POINT('',(7.218763303664,-5.378485352156,1.313364281439
    ));
#199 = CARTESIAN_POINT('',(6.977019738666,-5.688571339445,1.261627495213
    ));
#200 = CARTESIAN_POINT('',(6.851250237577,-5.839430539639,1.25));
#201 = CARTESIAN_POINT('',(6.720610260001,-5.986100377806,1.25));
#202 = PCURVE('',#121,#203);
#203 = DEFINITIONAL_REPRESENTATION('',(#204),#274);
#204 = B_SPLINE_CURVE_WITH_KNOTS('',3,(#205,#206,#207,#208,#209,#210,
    #211,#212,#213,#214,#215,#216,#217,#218,#219,#220,#221,#222,#223,
    #224,#225,#226,#227,#228,#229,#230,#231,#232,#233,#234,#235,#236,
    #237,#238,#239,#240,#241,#242,#243,#244,#245,#246,#247,#248,#249,
    #250,#251,#252,#253,#254,#255,#256,#257,#258,#259,#260,#261,#262,
    #263,#264,#265,#266,#267,#268,#269,#270,#271,#272,#273),
  .UNSPECIFIED.,.F.,.F.,(4,1,1,1,1,1,1,1,1,1,1,1,1,1,1,1,1,1,1,1,1,1,1,1
    ,1,1,1,1,1,1,1,1,1,1,1,1,1,1,1,1,1,1,1,1,1,1,1,1,1,1,1,1,1,1,1,1,1,1
    ,1,1,1,1,1,1,1,1,4),(3.577119449596E-03,3.718863231632E-03,
    3.860607013668E-03,4.002350795704E-03,4.14409457774E-03,
    4.285838359776E-03,4.427582141812E-03,4.569325923848E-03,
    4.711069705884E-03,4.85281348792E-03,4.994557269956E-03,
    5.136301051992E-03,5.278044834028E-03,5.419788616063E-03,
    5.561532398099E-03,5.703276180135E-03,5.845019962171E-03,
    5.986763744207E-03,6.128507526243E-03,6.270251308279E-03,
    6.411995090315E-03,6.553738872351E-03,6.695482654387E-03,
    6.837226436423E-03,6.978970218459E-03,7.120714000495E-03,
    7.262457782531E-03,7.404201564567E-03,7.545945346602E-03,
    7.687689128638E-03,7.829432910674E-03,7.97117669271E-03,
    8.112920474746E-03,8.254664256782E-03,8.396408038818E-03,
    8.538151820854E-03,8.67989560289E-03,8.821639384926E-03,
    8.963383166962E-03,9.105126948998E-03,9.246870731034E-03,
    9.38861451307E-03,9.530358295106E-03,9.672102077141E-03,
    9.813845859177E-03,9.955589641213E-03,1.009733342325E-02,
    1.023907720529E-02,1.038082098732E-02,1.052256476936E-02,
    1.066430855139E-02,1.080605233343E-02,1.094779611546E-02,
    1.10895398975E-02,1.123128367954E-02,1.137302746157E-02,
    1.151477124361E-02,1.165651502564E-02,1.179825880768E-02,
    1.194000258972E-02,1.208174637175E-02,1.222349015379E-02,
    1.236523393582E-02,1.250697771786E-02,1.26487214999E-02,
    1.279046528193E-02,1.293220906397E-02),.QUASI_UNIFORM_KNOTS.);
#205 = CARTESIAN_POINT('',(3.14159265359,2.720610260001));
#206 = CARTESIAN_POINT('',(3.128603950177,2.75242460765));
#207 = CARTESIAN_POINT('',(3.10236220644,2.81565916256));
#208 = CARTESIAN_POINT('',(3.062311675301,2.908952655275));
#209 = CARTESIAN_POINT('',(3.021677354395,3.000320470109));
#210 = CARTESIAN_POINT('',(2.980566762507,3.089365237937));
#211 = CARTESIAN_POINT('',(2.939041870529,3.175801132954));
#212 = CARTESIAN_POINT('',(2.896966801864,3.259862413092));
#213 = CARTESIAN_POINT('',(2.85428797128,3.341513468398));
#214 = CARTESIAN_POINT('',(2.810938608025,3.420767446218));
#215 = CARTESIAN_POINT('',(2.76678522899,3.497699305563));
#216 = CARTESIAN_POINT('',(2.72177641396,3.572217395092));
#217 = CARTESIAN_POINT('',(2.676136188633,3.64391441214));
#218 = CARTESIAN_POINT('',(2.630010370104,3.712470955066));
#219 = CARTESIAN_POINT('',(2.583580251709,3.777494696822));
#220 = CARTESIAN_POINT('',(2.536639866934,3.839339680445));
#221 = CARTESIAN_POINT('',(2.489108719172,3.898039404347));
#222 = CARTESIAN_POINT('',(2.440902321736,3.95365258593));
#223 = CARTESIAN_POINT('',(2.391834239081,4.006320574218));
#224 = CARTESIAN_POINT('',(2.342517659359,4.055348627985));
#225 = CARTESIAN_POINT('',(2.292933980542,4.100848675248));
#226 = CARTESIAN_POINT('',(2.243098103426,4.142860813656));
#227 = CARTESIAN_POINT('',(2.193106320362,4.181380211611));
#228 = CARTESIAN_POINT('',(2.142476227227,4.216783087436));
#229 = CARTESIAN_POINT('',(2.091366012913,4.24901145376));
#230 = CARTESIAN_POINT('',(2.039931283886,4.278020097473));
#231 = CARTESIAN_POINT('',(1.988271646077,4.30375040476));
#232 = CARTESIAN_POINT('',(1.936708492488,4.326187176319));
#233 = CARTESIAN_POINT('',(1.885125525755,4.345456460283));
#234 = CARTESIAN_POINT('',(1.833392897684,4.361655338349));
#235 = CARTESIAN_POINT('',(1.781344043311,4.374921228796));
#236 = CARTESIAN_POINT('',(1.728968346918,4.385253620156));
#237 = CARTESIAN_POINT('',(1.676485066849,4.392619890116));
#238 = CARTESIAN_POINT('',(1.624004777463,4.39705049991));
#239 = CARTESIAN_POINT('',(1.57179650088,4.398557364742));
#240 = CARTESIAN_POINT('',(1.519603914612,4.39716350039));
#241 = CARTESIAN_POINT('',(1.467148805932,4.392851061223));
#242 = CARTESIAN_POINT('',(1.414679396162,4.385600938258));
#243 = CARTESIAN_POINT('',(1.362278232753,4.375378138279));
#244 = CARTESIAN_POINT('',(1.310162750584,4.362212468358));
#245 = CARTESIAN_POINT('',(1.258369119658,4.346108484149));
#246 = CARTESIAN_POINT('',(1.206719402841,4.326927837668));
#247 = CARTESIAN_POINT('',(1.1550820584,4.304569969979));
#248 = CARTESIAN_POINT('',(1.103355527681,4.278920249631));
#249 = CARTESIAN_POINT('',(1.051900404053,4.250020094747));
#250 = CARTESIAN_POINT('',(1.000750199817,4.217877659437));
#251 = CARTESIAN_POINT('',(0.950023837868,4.182512184271));
#252 = CARTESIAN_POINT('',(0.899811805701,4.143924262788));
#253 = CARTESIAN_POINT('',(0.849628443768,4.101671289859));
#254 = CARTESIAN_POINT('',(0.799747979494,4.055962303596));
#255 = CARTESIAN_POINT('',(0.750304686162,4.006881080631));
#256 = CARTESIAN_POINT('',(0.701508804285,3.95455698902));
#257 = CARTESIAN_POINT('',(0.653373247692,3.899101954937));
#258 = CARTESIAN_POINT('',(0.605769111014,3.840384197073));
#259 = CARTESIAN_POINT('',(0.558627647852,3.778340701771));
#260 = CARTESIAN_POINT('',(0.511796198838,3.712785630455));
#261 = CARTESIAN_POINT('',(0.465570802952,3.644116725127));
#262 = CARTESIAN_POINT('',(0.419999886139,3.572545411497));
#263 = CARTESIAN_POINT('',(0.375101274262,3.498201761643));
#264 = CARTESIAN_POINT('',(0.330996983877,3.421384388104));
#265 = CARTESIAN_POINT('',(0.287411317904,3.341695504179));
#266 = CARTESIAN_POINT('',(0.244337868994,3.259271129761));
#267 = CARTESIAN_POINT('',(0.201855836583,3.17438370252));
#268 = CARTESIAN_POINT('',(0.160002261911,3.08719168003));
#269 = CARTESIAN_POINT('',(0.118938748477,2.998187691687));
#270 = CARTESIAN_POINT('',(7.862192870199E-02,2.907482151167));
#271 = CARTESIAN_POINT('',(3.896719189947E-02,2.815048388805));
#272 = CARTESIAN_POINT('',(1.293016393438E-02,2.752280557595));
#273 = CARTESIAN_POINT('',(0.,2.720610260001));
#274 = ( GEOMETRIC_REPRESENTATION_CONTEXT(2) 
PARAMETRIC_REPRESENTATION_CONTEXT() REPRESENTATION_CONTEXT('2D SPACE',''
  ) );
#275 = PCURVE('',#71,#276);
#276 = DEFINITIONAL_REPRESENTATION('',(#277),#347);
#277 = B_SPLINE_CURVE_WITH_KNOTS('',3,(#278,#279,#280,#281,#282,#283,
    #284,#285,#286,#287,#288,#289,#290,#291,#292,#293,#294,#295,#296,
    #297,#298,#299,#300,#301,#302,#303,#304,#305,#306,#307,#308,#309,
    #310,#311,#312,#313,#314,#315,#316,#317,#318,#319,#320,#321,#322,
    #323,#324,#325,#326,#327,#328,#329,#330,#331,#332,#333,#334,#335,
    #336,#337,#338,#339,#340,#341,#342,#343,#344,#345,#346),
  .UNSPECIFIED.,.F.,.F.,(4,1,1,1,1,1,1,1,1,1,1,1,1,1,1,1,1,1,1,1,1,1,1,1
    ,1,1,1,1,1,1,1,1,1,1,1,1,1,1,1,1,1,1,1,1,1,1,1,1,1,1,1,1,1,1,1,1,1,1
    ,1,1,1,1,1,1,1,1,4),(3.577119449596E-03,3.718863231632E-03,
    3.860607013668E-03,4.002350795704E-03,4.14409457774E-03,
    4.285838359776E-03,4.427582141812E-03,4.569325923848E-03,
    4.711069705884E-03,4.85281348792E-03,4.994557269956E-03,
    5.136301051992E-03,5.278044834028E-03,5.419788616063E-03,
    5.561532398099E-03,5.703276180135E-03,5.845019962171E-03,
    5.986763744207E-03,6.128507526243E-03,6.270251308279E-03,
    6.411995090315E-03,6.553738872351E-03,6.695482654387E-03,
    6.837226436423E-03,6.978970218459E-03,7.120714000495E-03,
    7.262457782531E-03,7.404201564567E-03,7.545945346602E-03,
    7.687689128638E-03,7.829432910674E-03,7.97117669271E-03,
    8.112920474746E-03,8.254664256782E-03,8.396408038818E-03,
    8.538151820854E-03,8.67989560289E-03,8.821639384926E-03,
    8.963383166962E-03,9.105126948998E-03,9.246870731034E-03,
    9.38861451307E-03,9.530358295106E-03,9.672102077141E-03,
    9.813845859177E-03,9.955589641213E-03,1.009733342325E-02,
    1.023907720529E-02,1.038082098732E-02,1.052256476936E-02,
    1.066430855139E-02,1.080605233343E-02,1.094779611546E-02,
    1.10895398975E-02,1.123128367954E-02,1.137302746157E-02,
    1.151477124361E-02,1.165651502564E-02,1.179825880768E-02,
    1.194000258972E-02,1.208174637175E-02,1.222349015379E-02,
    1.236523393582E-02,1.250697771786E-02,1.26487214999E-02,
    1.279046528193E-02,1.293220906397E-02),.QUASI_UNIFORM_KNOTS.);
#278 = CARTESIAN_POINT('',(3.869250191483,3.25));
#279 = CARTESIAN_POINT('',(3.863935504495,3.25));
#280 = CARTESIAN_POINT('',(3.85327461082,3.251415068694));
#281 = CARTESIAN_POINT('',(3.837251914336,3.257937585168));
#282 = CARTESIAN_POINT('',(3.821259688751,3.269012204263));
#283 = CARTESIAN_POINT('',(3.805364577818,3.284799928729));
#284 = CARTESIAN_POINT('',(3.789615715959,3.305429025239));
#285 = CARTESIAN_POINT('',(3.773979908084,3.3310494737));
#286 = CARTESIAN_POINT('',(3.758465648226,3.36189084294));
#287 = CARTESIAN_POINT('',(3.74307594769,3.398136056596));
#288 = CARTESIAN_POINT('',(3.727797151386,3.440077937871));
#289 = CARTESIAN_POINT('',(3.712651048514,3.488009881767));
#290 = CARTESIAN_POINT('',(3.697738926995,3.54174570615));
#291 = CARTESIAN_POINT('',(3.683141392025,3.601220220555));
#292 = CARTESIAN_POINT('',(3.668954125662,3.666301021728));
#293 = CARTESIAN_POINT('',(3.65513281286,3.737176133644));
#294 = CARTESIAN_POINT('',(3.641693114561,3.814051740355));
#295 = CARTESIAN_POINT('',(3.628648184229,3.897076192908));
#296 = CARTESIAN_POINT('',(3.615989438233,3.986589169918));
#297 = CARTESIAN_POINT('',(3.603916811679,4.081466893549));
#298 = CARTESIAN_POINT('',(3.592445608205,4.181541726452));
#299 = CARTESIAN_POINT('',(3.581606597066,4.286623658971));
#300 = CARTESIAN_POINT('',(3.571444418653,4.396309069178));
#301 = CARTESIAN_POINT('',(3.561900734874,4.511519354164));
#302 = CARTESIAN_POINT('',(3.553032164312,4.631661927356));
#303 = CARTESIAN_POINT('',(3.544892935463,4.756139775971));
#304 = CARTESIAN_POINT('',(3.537539665233,4.884506115956));
#305 = CARTESIAN_POINT('',(3.531024223403,5.015598579043));
#306 = CARTESIAN_POINT('',(3.525343075168,5.149365316109));
#307 = CARTESIAN_POINT('',(3.520500625064,5.285806779715));
#308 = CARTESIAN_POINT('',(3.516489905676,5.42499934589));
#309 = CARTESIAN_POINT('',(3.513344082764,5.566649618667));
#310 = CARTESIAN_POINT('',(3.511084677363,5.70977368012));
#311 = CARTESIAN_POINT('',(3.509715458736,5.853680017893));
#312 = CARTESIAN_POINT('',(3.509245481306,5.997248224175));
#313 = CARTESIAN_POINT('',(3.509680553564,6.140781067411));
#314 = CARTESIAN_POINT('',(3.511013534393,6.28464235923));
#315 = CARTESIAN_POINT('',(3.513237782802,6.427767265061));
#316 = CARTESIAN_POINT('',(3.516351134992,6.569538990587));
#317 = CARTESIAN_POINT('',(3.520333157644,6.708977226679));
#318 = CARTESIAN_POINT('',(3.525149459125,6.845657555903));
#319 = CARTESIAN_POINT('',(3.530807342113,6.9796862342));
#320 = CARTESIAN_POINT('',(3.537303348489,7.111064168995));
#321 = CARTESIAN_POINT('',(3.544638032566,7.239703984118));
#322 = CARTESIAN_POINT('',(3.552752401651,7.364352704105));
#323 = CARTESIAN_POINT('',(3.561603049569,7.484709629434));
#324 = CARTESIAN_POINT('',(3.57114261343,7.600256502003));
#325 = CARTESIAN_POINT('',(3.581329123749,7.710543832644));
#326 = CARTESIAN_POINT('',(3.592233279618,7.816423206441));
#327 = CARTESIAN_POINT('',(3.60376147828,7.917171314951));
#328 = CARTESIAN_POINT('',(3.615852699594,8.012381314969));
#329 = CARTESIAN_POINT('',(3.628432887453,8.101463558231));
#330 = CARTESIAN_POINT('',(3.641447194674,8.184459594195));
#331 = CARTESIAN_POINT('',(3.654897061634,8.261545989025));
#332 = CARTESIAN_POINT('',(3.668768214496,8.332815502385));
#333 = CARTESIAN_POINT('',(3.68307405574,8.398499637057));
#334 = CARTESIAN_POINT('',(3.697698703693,8.458150675745));
#335 = CARTESIAN_POINT('',(3.712586367291,8.511829702051));
#336 = CARTESIAN_POINT('',(3.727696475842,8.559631586181));
#337 = CARTESIAN_POINT('',(3.742955250452,8.601563612767));
#338 = CARTESIAN_POINT('',(3.758429110084,8.638003212186));
#339 = CARTESIAN_POINT('',(3.774088479779,8.669103020021));
#340 = CARTESIAN_POINT('',(3.789876654111,8.69495420688));
#341 = CARTESIAN_POINT('',(3.805756580694,8.715651699665));
#342 = CARTESIAN_POINT('',(3.821638751961,8.731338746698));
#343 = CARTESIAN_POINT('',(3.837510400314,8.742260036009));
#344 = CARTESIAN_POINT('',(3.853379770684,8.748633257843));
#345 = CARTESIAN_POINT('',(3.863959551403,8.75));
#346 = CARTESIAN_POINT('',(3.869250191483,8.75));
#347 = ( GEOMETRIC_REPRESENTATION_CONTEXT(2) 
PARAMETRIC_REPRESENTATION_CONTEXT() REPRESENTATION_CONTEXT('2D SPACE',''
  ) );
#348 = ORIENTED_EDGE('',*,*,#349,.F.);
#349 = EDGE_CURVE('',#350,#164,#352,.T.);
#350 = VERTEX_POINT('',#351);
#351 = CARTESIAN_POINT('',(4.,-5.986100377806,1.25));
#352 = SURFACE_CURVE('',#353,(#357,#364),.PCURVE_S1.);
#353 = LINE('',#354,#355);
#354 = CARTESIAN_POINT('',(4.,-5.986100377806,1.25));
#355 = VECTOR('',#356,1.);
#356 = DIRECTION('',(1.,-0.,-0.));
#357 = PCURVE('',#121,#358);
#358 = DEFINITIONAL_REPRESENTATION('',(#359),#363);
#359 = LINE('',#360,#361);
#360 = CARTESIAN_POINT('',(0.,0.));
#361 = VECTOR('',#362,1.);
#362 = DIRECTION('',(0.,1.));
#363 = ( GEOMETRIC_REPRESENTATION_CONTEXT(2) 
PARAMETRIC_REPRESENTATION_CONTEXT() REPRESENTATION_CONTEXT('2D SPACE',''
  ) );
#364 = PCURVE('',#365,#370);
#365 = CYLINDRICAL_SURFACE('',#366,2.75);
#366 = AXIS2_PLACEMENT_3D('',#367,#368,#369);
#367 = CARTESIAN_POINT('',(4.,-5.986100377806,4.));
#368 = DIRECTION('',(1.,-0.,-0.));
#369 = DIRECTION('',(0.,0.,-1.));
#370 = DEFINITIONAL_REPRESENTATION('',(#371),#375);
#371 = LINE('',#372,#373);
#372 = CARTESIAN_POINT('',(6.28318530718,0.));
#373 = VECTOR('',#374,1.);
#374 = DIRECTION('',(0.,1.));
#375 = ( GEOMETRIC_REPRESENTATION_CONTEXT(2) 
PARAMETRIC_REPRESENTATION_CONTEXT() REPRESENTATION_CONTEXT('2D SPACE',''
  ) );
#376 = ORIENTED_EDGE('',*,*,#377,.T.);
#377 = EDGE_CURVE('',#350,#106,#378,.T.);
#378 = SURFACE_CURVE('',#379,(#384,#391),.PCURVE_S1.);
#379 = CIRCLE('',#380,2.75);
#380 = AXIS2_PLACEMENT_3D('',#381,#382,#383);
#381 = CARTESIAN_POINT('',(4.,-5.986100377806,4.));
#382 = DIRECTION('',(1.,0.,0.));
#383 = DIRECTION('',(0.,0.,-1.));
#384 = PCURVE('',#121,#385);
#385 = DEFINITIONAL_REPRESENTATION('',(#386),#390);
#386 = LINE('',#387,#388);
#387 = CARTESIAN_POINT('',(0.,0.));
#388 = VECTOR('',#389,1.);
#389 = DIRECTION('',(1.,0.));
#390 = ( GEOMETRIC_REPRESENTATION_CONTEXT(2) 
PARAMETRIC_REPRESENTATION_CONTEXT() REPRESENTATION_CONTEXT('2D SPACE',''
  ) );
#391 = PCURVE('',#148,#392);
#392 = DEFINITIONAL_REPRESENTATION('',(#393),#397);
#393 = CIRCLE('',#394,2.75);
#394 = AXIS2_PLACEMENT_2D('',#395,#396);
#395 = CARTESIAN_POINT('',(0.,0.));
#396 = DIRECTION('',(1.,0.));
#397 = ( GEOMETRIC_REPRESENTATION_CONTEXT(2) 
PARAMETRIC_REPRESENTATION_CONTEXT() REPRESENTATION_CONTEXT('2D SPACE',''
  ) );
#398 = ORIENTED_EDGE('',*,*,#105,.T.);
#399 = ADVANCED_FACE('',(#400),#414,.F.);
#400 = FACE_BOUND('',#401,.F.);
#401 = EDGE_LOOP('',(#402,#437,#466,#489));
#402 = ORIENTED_EDGE('',*,*,#403,.T.);
#403 = EDGE_CURVE('',#404,#406,#408,.T.);
#404 = VERTEX_POINT('',#405);
#405 = CARTESIAN_POINT('',(-0.5,-5.986100377806,5.6));
#406 = VERTEX_POINT('',#407);
#407 = CARTESIAN_POINT('',(-4.,-5.986100377806,5.6));
#408 = SURFACE_CURVE('',#409,(#413,#425),.PCURVE_S1.);
#409 = LINE('',#410,#411);
#410 = CARTESIAN_POINT('',(9.,-5.986100377806,5.6));
#411 = VECTOR('',#412,1.);
#412 = DIRECTION('',(-1.,-0.,-0.));
#413 = PCURVE('',#414,#419);
#414 = CYLINDRICAL_SURFACE('',#415,1.6);
#415 = AXIS2_PLACEMENT_3D('',#416,#417,#418);
#416 = CARTESIAN_POINT('',(9.,-5.986100377806,4.));
#417 = DIRECTION('',(-1.,-0.,-0.));
#418 = DIRECTION('',(-0.,0.,1.));
#419 = DEFINITIONAL_REPRESENTATION('',(#420),#424);
#420 = LINE('',#421,#422);
#421 = CARTESIAN_POINT('',(6.28318530718,0.));
#422 = VECTOR('',#423,1.);
#423 = DIRECTION('',(0.,1.));
#424 = ( GEOMETRIC_REPRESENTATION_CONTEXT(2) 
PARAMETRIC_REPRESENTATION_CONTEXT() REPRESENTATION_CONTEXT('2D SPACE',''
  ) );
#425 = PCURVE('',#426,#431);
#426 = CYLINDRICAL_SURFACE('',#427,1.6);
#427 = AXIS2_PLACEMENT_3D('',#428,#429,#430);
#428 = CARTESIAN_POINT('',(9.,-5.986100377806,4.));
#429 = DIRECTION('',(-1.,-0.,-0.));
#430 = DIRECTION('',(-0.,0.,1.));
#431 = DEFINITIONAL_REPRESENTATION('',(#432),#436);
#432 = LINE('',#433,#434);
#433 = CARTESIAN_POINT('',(0.,0.));
#434 = VECTOR('',#435,1.);
#435 = DIRECTION('',(0.,1.));
#436 = ( GEOMETRIC_REPRESENTATION_CONTEXT(2) 
PARAMETRIC_REPRESENTATION_CONTEXT() REPRESENTATION_CONTEXT('2D SPACE',''
  ) );
#437 = ORIENTED_EDGE('',*,*,#438,.F.);
#438 = EDGE_CURVE('',#439,#406,#441,.T.);
#439 = VERTEX_POINT('',#440);
#440 = CARTESIAN_POINT('',(-4.,-5.986100377806,2.4));
#441 = SURFACE_CURVE('',#442,(#447,#454),.PCURVE_S1.);
#442 = CIRCLE('',#443,1.6);
#443 = AXIS2_PLACEMENT_3D('',#444,#445,#446);
#444 = CARTESIAN_POINT('',(-4.,-5.986100377806,4.));
#445 = DIRECTION('',(-1.,0.,0.));
#446 = DIRECTION('',(0.,0.,1.));
#447 = PCURVE('',#414,#448);
#448 = DEFINITIONAL_REPRESENTATION('',(#449),#453);
#449 = LINE('',#450,#451);
#450 = CARTESIAN_POINT('',(0.,13.));
#451 = VECTOR('',#452,1.);
#452 = DIRECTION('',(1.,0.));
#453 = ( GEOMETRIC_REPRESENTATION_CONTEXT(2) 
PARAMETRIC_REPRESENTATION_CONTEXT() REPRESENTATION_CONTEXT('2D SPACE',''
  ) );
#454 = PCURVE('',#455,#460);
#455 = PLANE('',#456);
#456 = AXIS2_PLACEMENT_3D('',#457,#458,#459);
#457 = CARTESIAN_POINT('',(-4.,0.,0.));
#458 = DIRECTION('',(-1.,0.,0.));
#459 = DIRECTION('',(0.,0.,1.));
#460 = DEFINITIONAL_REPRESENTATION('',(#461),#465);
#461 = CIRCLE('',#462,1.6);
#462 = AXIS2_PLACEMENT_2D('',#463,#464);
#463 = CARTESIAN_POINT('',(4.,-5.986100377806));
#464 = DIRECTION('',(1.,0.));
#465 = ( GEOMETRIC_REPRESENTATION_CONTEXT(2) 
PARAMETRIC_REPRESENTATION_CONTEXT() REPRESENTATION_CONTEXT('2D SPACE',''
  ) );
#466 = ORIENTED_EDGE('',*,*,#467,.F.);
#467 = EDGE_CURVE('',#468,#439,#470,.T.);
#468 = VERTEX_POINT('',#469);
#469 = CARTESIAN_POINT('',(-0.5,-5.986100377806,2.4));
#470 = SURFACE_CURVE('',#471,(#475,#482),.PCURVE_S1.);
#471 = LINE('',#472,#473);
#472 = CARTESIAN_POINT('',(9.,-5.986100377806,2.4));
#473 = VECTOR('',#474,1.);
#474 = DIRECTION('',(-1.,-0.,-0.));
#475 = PCURVE('',#414,#476);
#476 = DEFINITIONAL_REPRESENTATION('',(#477),#481);
#477 = LINE('',#478,#479);
#478 = CARTESIAN_POINT('',(3.14159265359,0.));
#479 = VECTOR('',#480,1.);
#480 = DIRECTION('',(0.,1.));
#481 = ( GEOMETRIC_REPRESENTATION_CONTEXT(2) 
PARAMETRIC_REPRESENTATION_CONTEXT() REPRESENTATION_CONTEXT('2D SPACE',''
  ) );
#482 = PCURVE('',#426,#483);
#483 = DEFINITIONAL_REPRESENTATION('',(#484),#488);
#484 = LINE('',#485,#486);
#485 = CARTESIAN_POINT('',(3.14159265359,0.));
#486 = VECTOR('',#487,1.);
#487 = DIRECTION('',(0.,1.));
#488 = ( GEOMETRIC_REPRESENTATION_CONTEXT(2) 
PARAMETRIC_REPRESENTATION_CONTEXT() REPRESENTATION_CONTEXT('2D SPACE',''
  ) );
#489 = ORIENTED_EDGE('',*,*,#490,.T.);
#490 = EDGE_CURVE('',#468,#404,#491,.T.);
#491 = SURFACE_CURVE('',#492,(#497,#504),.PCURVE_S1.);
#492 = CIRCLE('',#493,1.6);
#493 = AXIS2_PLACEMENT_3D('',#494,#495,#496);
#494 = CARTESIAN_POINT('',(-0.5,-5.986100377806,4.));
#495 = DIRECTION('',(-1.,2.407693239919E-17,0.));
#496 = DIRECTION('',(-2.407693239919E-17,-1.,0.));
#497 = PCURVE('',#414,#498);
#498 = DEFINITIONAL_REPRESENTATION('',(#499),#503);
#499 = LINE('',#500,#501);
#500 = CARTESIAN_POINT('',(-1.570796326795,9.5));
#501 = VECTOR('',#502,1.);
#502 = DIRECTION('',(1.,0.));
#503 = ( GEOMETRIC_REPRESENTATION_CONTEXT(2) 
PARAMETRIC_REPRESENTATION_CONTEXT() REPRESENTATION_CONTEXT('2D SPACE',''
  ) );
#504 = PCURVE('',#505,#510);
#505 = PLANE('',#506);
#506 = AXIS2_PLACEMENT_3D('',#507,#508,#509);
#507 = CARTESIAN_POINT('',(-0.5,-9.003074372224,-0.184740477399));
#508 = DIRECTION('',(-1.,2.407693239919E-17,0.));
#509 = DIRECTION('',(-2.407693239919E-17,-1.,0.));
#510 = DEFINITIONAL_REPRESENTATION('',(#511),#515);
#511 = CIRCLE('',#512,1.6);
#512 = AXIS2_PLACEMENT_2D('',#513,#514);
#513 = CARTESIAN_POINT('',(-3.016973994418,4.184740477399));
#514 = DIRECTION('',(1.,0.));
#515 = ( GEOMETRIC_REPRESENTATION_CONTEXT(2) 
PARAMETRIC_REPRESENTATION_CONTEXT() REPRESENTATION_CONTEXT('2D SPACE',''
  ) );
#516 = ADVANCED_FACE('',(#517),#531,.F.);
#517 = FACE_BOUND('',#518,.F.);
#518 = EDGE_LOOP('',(#519,#554,#587,#615));
#519 = ORIENTED_EDGE('',*,*,#520,.T.);
#520 = EDGE_CURVE('',#521,#523,#525,.T.);
#521 = VERTEX_POINT('',#522);
#522 = CARTESIAN_POINT('',(0.5,-4.220485754034,8.5));
#523 = VERTEX_POINT('',#524);
#524 = CARTESIAN_POINT('',(0.5,-4.220485754034,8.));
#525 = SURFACE_CURVE('',#526,(#530,#542),.PCURVE_S1.);
#526 = LINE('',#527,#528);
#527 = CARTESIAN_POINT('',(0.5,-4.220485754034,8.5));
#528 = VECTOR('',#529,1.);
#529 = DIRECTION('',(-0.,-0.,-1.));
#530 = PCURVE('',#531,#536);
#531 = CYLINDRICAL_SURFACE('',#532,4.25);
#532 = AXIS2_PLACEMENT_3D('',#533,#534,#535);
#533 = CARTESIAN_POINT('',(0.,0.,8.5));
#534 = DIRECTION('',(-0.,-0.,-1.));
#535 = DIRECTION('',(-1.,0.,0.));
#536 = DEFINITIONAL_REPRESENTATION('',(#537),#541);
#537 = LINE('',#538,#539);
#538 = CARTESIAN_POINT('',(4.594468828359,0.));
#539 = VECTOR('',#540,1.);
#540 = DIRECTION('',(0.,1.));
#541 = ( GEOMETRIC_REPRESENTATION_CONTEXT(2) 
PARAMETRIC_REPRESENTATION_CONTEXT() REPRESENTATION_CONTEXT('2D SPACE',''
  ) );
#542 = PCURVE('',#543,#548);
#543 = PLANE('',#544);
#544 = AXIS2_PLACEMENT_3D('',#545,#546,#547);
#545 = CARTESIAN_POINT('',(0.5,-9.003074372224,-0.184740477399));
#546 = DIRECTION('',(1.,-0.,0.));
#547 = DIRECTION('',(0.,0.,-1.));
#548 = DEFINITIONAL_REPRESENTATION('',(#549),#553);
#549 = LINE('',#550,#551);
#550 = CARTESIAN_POINT('',(-8.684740477399,4.78258861819));
#551 = VECTOR('',#552,1.);
#552 = DIRECTION('',(1.,0.));
#553 = ( GEOMETRIC_REPRESENTATION_CONTEXT(2) 
PARAMETRIC_REPRESENTATION_CONTEXT() REPRESENTATION_CONTEXT('2D SPACE',''
  ) );
#554 = ORIENTED_EDGE('',*,*,#555,.F.);
#555 = EDGE_CURVE('',#556,#523,#558,.T.);
#556 = VERTEX_POINT('',#557);
#557 = CARTESIAN_POINT('',(4.25,5.204748896376E-16,8.));
#558 = SURFACE_CURVE('',#559,(#564,#571),.PCURVE_S1.);
#559 = CIRCLE('',#560,4.25);
#560 = AXIS2_PLACEMENT_3D('',#561,#562,#563);
#561 = CARTESIAN_POINT('',(0.,0.,8.));
#562 = DIRECTION('',(0.,0.,-1.));
#563 = DIRECTION('',(1.,0.,0.));
#564 = PCURVE('',#531,#565);
#565 = DEFINITIONAL_REPRESENTATION('',(#566),#570);
#566 = LINE('',#567,#568);
#567 = CARTESIAN_POINT('',(3.14159265359,0.5));
#568 = VECTOR('',#569,1.);
#569 = DIRECTION('',(1.,0.));
#570 = ( GEOMETRIC_REPRESENTATION_CONTEXT(2) 
PARAMETRIC_REPRESENTATION_CONTEXT() REPRESENTATION_CONTEXT('2D SPACE',''
  ) );
#571 = PCURVE('',#572,#577);
#572 = PLANE('',#573);
#573 = AXIS2_PLACEMENT_3D('',#574,#575,#576);
#574 = CARTESIAN_POINT('',(0.,0.,8.));
#575 = DIRECTION('',(0.,0.,1.));
#576 = DIRECTION('',(1.,0.,-0.));
#577 = DEFINITIONAL_REPRESENTATION('',(#578),#586);
#578 = ( BOUNDED_CURVE() B_SPLINE_CURVE(2,(#579,#580,#581,#582,#583,#584
,#585),.UNSPECIFIED.,.T.,.F.) B_SPLINE_CURVE_WITH_KNOTS((1,2,2,2,2,1),(
    -2.094395102393,0.,2.094395102393,4.188790204786,6.28318530718,
8.377580409573),.UNSPECIFIED.) CURVE() GEOMETRIC_REPRESENTATION_ITEM() 
RATIONAL_B_SPLINE_CURVE((1.,0.5,1.,0.5,1.,0.5,1.)) REPRESENTATION_ITEM(
  '') );
#579 = CARTESIAN_POINT('',(4.25,0.));
#580 = CARTESIAN_POINT('',(4.25,-7.361215932168));
#581 = CARTESIAN_POINT('',(-2.125,-3.680607966084));
#582 = CARTESIAN_POINT('',(-8.5,-1.040949779275E-15));
#583 = CARTESIAN_POINT('',(-2.125,3.680607966084));
#584 = CARTESIAN_POINT('',(4.25,7.361215932168));
#585 = CARTESIAN_POINT('',(4.25,0.));
#586 = ( GEOMETRIC_REPRESENTATION_CONTEXT(2) 
PARAMETRIC_REPRESENTATION_CONTEXT() REPRESENTATION_CONTEXT('2D SPACE',''
  ) );
#587 = ORIENTED_EDGE('',*,*,#588,.F.);
#588 = EDGE_CURVE('',#589,#556,#591,.T.);
#589 = VERTEX_POINT('',#590);
#590 = CARTESIAN_POINT('',(4.25,5.204748896376E-16,8.5));
#591 = SURFACE_CURVE('',#592,(#596,#603),.PCURVE_S1.);
#592 = LINE('',#593,#594);
#593 = CARTESIAN_POINT('',(4.25,5.204748896376E-16,8.5));
#594 = VECTOR('',#595,1.);
#595 = DIRECTION('',(-0.,-0.,-1.));
#596 = PCURVE('',#531,#597);
#597 = DEFINITIONAL_REPRESENTATION('',(#598),#602);
#598 = LINE('',#599,#600);
#599 = CARTESIAN_POINT('',(3.14159265359,0.));
#600 = VECTOR('',#601,1.);
#601 = DIRECTION('',(0.,1.));
#602 = ( GEOMETRIC_REPRESENTATION_CONTEXT(2) 
PARAMETRIC_REPRESENTATION_CONTEXT() REPRESENTATION_CONTEXT('2D SPACE',''
  ) );
#603 = PCURVE('',#604,#609);
#604 = CYLINDRICAL_SURFACE('',#605,4.25);
#605 = AXIS2_PLACEMENT_3D('',#606,#607,#608);
#606 = CARTESIAN_POINT('',(0.,0.,8.5));
#607 = DIRECTION('',(-0.,-0.,-1.));
#608 = DIRECTION('',(-1.,0.,0.));
#609 = DEFINITIONAL_REPRESENTATION('',(#610),#614);
#610 = LINE('',#611,#612);
#611 = CARTESIAN_POINT('',(3.14159265359,0.));
#612 = VECTOR('',#613,1.);
#613 = DIRECTION('',(0.,1.));
#614 = ( GEOMETRIC_REPRESENTATION_CONTEXT(2) 
PARAMETRIC_REPRESENTATION_CONTEXT() REPRESENTATION_CONTEXT('2D SPACE',''
  ) );
#615 = ORIENTED_EDGE('',*,*,#616,.F.);
#616 = EDGE_CURVE('',#521,#589,#617,.T.);
#617 = SURFACE_CURVE('',#618,(#623,#630),.PCURVE_S1.);
#618 = CIRCLE('',#619,4.25);
#619 = AXIS2_PLACEMENT_3D('',#620,#621,#622);
#620 = CARTESIAN_POINT('',(0.,0.,8.5));
#621 = DIRECTION('',(0.,0.,1.));
#622 = DIRECTION('',(1.,0.,-0.));
#623 = PCURVE('',#531,#624);
#624 = DEFINITIONAL_REPRESENTATION('',(#625),#629);
#625 = LINE('',#626,#627);
#626 = CARTESIAN_POINT('',(9.424777960769,0.));
#627 = VECTOR('',#628,1.);
#628 = DIRECTION('',(-1.,0.));
#629 = ( GEOMETRIC_REPRESENTATION_CONTEXT(2) 
PARAMETRIC_REPRESENTATION_CONTEXT() REPRESENTATION_CONTEXT('2D SPACE',''
  ) );
#630 = PCURVE('',#631,#636);
#631 = PLANE('',#632);
#632 = AXIS2_PLACEMENT_3D('',#633,#634,#635);
#633 = CARTESIAN_POINT('',(0.,0.,8.5));
#634 = DIRECTION('',(0.,0.,1.));
#635 = DIRECTION('',(1.,0.,-0.));
#636 = DEFINITIONAL_REPRESENTATION('',(#637),#641);
#637 = CIRCLE('',#638,4.25);
#638 = AXIS2_PLACEMENT_2D('',#639,#640);
#639 = CARTESIAN_POINT('',(0.,0.));
#640 = DIRECTION('',(1.,0.));
#641 = ( GEOMETRIC_REPRESENTATION_CONTEXT(2) 
PARAMETRIC_REPRESENTATION_CONTEXT() REPRESENTATION_CONTEXT('2D SPACE',''
  ) );
#642 = ADVANCED_FACE('',(#643),#604,.F.);
#643 = FACE_BOUND('',#644,.F.);
#644 = EDGE_LOOP('',(#645,#673,#701,#723));
#645 = ORIENTED_EDGE('',*,*,#646,.F.);
#646 = EDGE_CURVE('',#647,#556,#649,.T.);
#647 = VERTEX_POINT('',#648);
#648 = CARTESIAN_POINT('',(-4.25,0.,8.));
#649 = SURFACE_CURVE('',#650,(#655,#662),.PCURVE_S1.);
#650 = CIRCLE('',#651,4.25);
#651 = AXIS2_PLACEMENT_3D('',#652,#653,#654);
#652 = CARTESIAN_POINT('',(0.,0.,8.));
#653 = DIRECTION('',(0.,0.,-1.));
#654 = DIRECTION('',(1.,0.,0.));
#655 = PCURVE('',#604,#656);
#656 = DEFINITIONAL_REPRESENTATION('',(#657),#661);
#657 = LINE('',#658,#659);
#658 = CARTESIAN_POINT('',(-3.14159265359,0.5));
#659 = VECTOR('',#660,1.);
#660 = DIRECTION('',(1.,0.));
#661 = ( GEOMETRIC_REPRESENTATION_CONTEXT(2) 
PARAMETRIC_REPRESENTATION_CONTEXT() REPRESENTATION_CONTEXT('2D SPACE',''
  ) );
#662 = PCURVE('',#572,#663);
#663 = DEFINITIONAL_REPRESENTATION('',(#664),#672);
#664 = ( BOUNDED_CURVE() B_SPLINE_CURVE(2,(#665,#666,#667,#668,#669,#670
,#671),.UNSPECIFIED.,.T.,.F.) B_SPLINE_CURVE_WITH_KNOTS((1,2,2,2,2,1),(
    -2.094395102393,0.,2.094395102393,4.188790204786,6.28318530718,
8.377580409573),.UNSPECIFIED.) CURVE() GEOMETRIC_REPRESENTATION_ITEM() 
RATIONAL_B_SPLINE_CURVE((1.,0.5,1.,0.5,1.,0.5,1.)) REPRESENTATION_ITEM(
  '') );
#665 = CARTESIAN_POINT('',(4.25,0.));
#666 = CARTESIAN_POINT('',(4.25,-7.361215932168));
#667 = CARTESIAN_POINT('',(-2.125,-3.680607966084));
#668 = CARTESIAN_POINT('',(-8.5,-1.040949779275E-15));
#669 = CARTESIAN_POINT('',(-2.125,3.680607966084));
#670 = CARTESIAN_POINT('',(4.25,7.361215932168));
#671 = CARTESIAN_POINT('',(4.25,0.));
#672 = ( GEOMETRIC_REPRESENTATION_CONTEXT(2) 
PARAMETRIC_REPRESENTATION_CONTEXT() REPRESENTATION_CONTEXT('2D SPACE',''
  ) );
#673 = ORIENTED_EDGE('',*,*,#674,.F.);
#674 = EDGE_CURVE('',#675,#647,#677,.T.);
#675 = VERTEX_POINT('',#676);
#676 = CARTESIAN_POINT('',(-4.25,0.,8.5));
#677 = SURFACE_CURVE('',#678,(#682,#689),.PCURVE_S1.);
#678 = LINE('',#679,#680);
#679 = CARTESIAN_POINT('',(-4.25,0.,8.5));
#680 = VECTOR('',#681,1.);
#681 = DIRECTION('',(-0.,-0.,-1.));
#682 = PCURVE('',#604,#683);
#683 = DEFINITIONAL_REPRESENTATION('',(#684),#688);
#684 = LINE('',#685,#686);
#685 = CARTESIAN_POINT('',(0.,0.));
#686 = VECTOR('',#687,1.);
#687 = DIRECTION('',(0.,1.));
#688 = ( GEOMETRIC_REPRESENTATION_CONTEXT(2) 
PARAMETRIC_REPRESENTATION_CONTEXT() REPRESENTATION_CONTEXT('2D SPACE',''
  ) );
#689 = PCURVE('',#690,#695);
#690 = CYLINDRICAL_SURFACE('',#691,4.25);
#691 = AXIS2_PLACEMENT_3D('',#692,#693,#694);
#692 = CARTESIAN_POINT('',(0.,0.,8.5));
#693 = DIRECTION('',(-0.,-0.,-1.));
#694 = DIRECTION('',(-1.,0.,0.));
#695 = DEFINITIONAL_REPRESENTATION('',(#696),#700);
#696 = LINE('',#697,#698);
#697 = CARTESIAN_POINT('',(6.28318530718,0.));
#698 = VECTOR('',#699,1.);
#699 = DIRECTION('',(0.,1.));
#700 = ( GEOMETRIC_REPRESENTATION_CONTEXT(2) 
PARAMETRIC_REPRESENTATION_CONTEXT() REPRESENTATION_CONTEXT('2D SPACE',''
  ) );
#701 = ORIENTED_EDGE('',*,*,#702,.F.);
#702 = EDGE_CURVE('',#589,#675,#703,.T.);
#703 = SURFACE_CURVE('',#704,(#709,#716),.PCURVE_S1.);
#704 = CIRCLE('',#705,4.25);
#705 = AXIS2_PLACEMENT_3D('',#706,#707,#708);
#706 = CARTESIAN_POINT('',(0.,0.,8.5));
#707 = DIRECTION('',(0.,0.,1.));
#708 = DIRECTION('',(1.,0.,-0.));
#709 = PCURVE('',#604,#710);
#710 = DEFINITIONAL_REPRESENTATION('',(#711),#715);
#711 = LINE('',#712,#713);
#712 = CARTESIAN_POINT('',(3.14159265359,0.));
#713 = VECTOR('',#714,1.);
#714 = DIRECTION('',(-1.,0.));
#715 = ( GEOMETRIC_REPRESENTATION_CONTEXT(2) 
PARAMETRIC_REPRESENTATION_CONTEXT() REPRESENTATION_CONTEXT('2D SPACE',''
  ) );
#716 = PCURVE('',#631,#717);
#717 = DEFINITIONAL_REPRESENTATION('',(#718),#722);
#718 = CIRCLE('',#719,4.25);
#719 = AXIS2_PLACEMENT_2D('',#720,#721);
#720 = CARTESIAN_POINT('',(0.,0.));
#721 = DIRECTION('',(1.,0.));
#722 = ( GEOMETRIC_REPRESENTATION_CONTEXT(2) 
PARAMETRIC_REPRESENTATION_CONTEXT() REPRESENTATION_CONTEXT('2D SPACE',''
  ) );
#723 = ORIENTED_EDGE('',*,*,#588,.T.);
#724 = ADVANCED_FACE('',(#725),#740,.T.);
#725 = FACE_BOUND('',#726,.T.);
#726 = EDGE_LOOP('',(#727,#758,#786,#815));
#727 = ORIENTED_EDGE('',*,*,#728,.F.);
#728 = EDGE_CURVE('',#729,#731,#733,.T.);
#729 = VERTEX_POINT('',#730);
#730 = CARTESIAN_POINT('',(6.,7.347880794884E-16,8.5));
#731 = VERTEX_POINT('',#732);
#732 = CARTESIAN_POINT('',(-6.,0.,8.5));
#733 = SURFACE_CURVE('',#734,(#739,#751),.PCURVE_S1.);
#734 = CIRCLE('',#735,6.);
#735 = AXIS2_PLACEMENT_3D('',#736,#737,#738);
#736 = CARTESIAN_POINT('',(0.,0.,8.5));
#737 = DIRECTION('',(0.,0.,1.));
#738 = DIRECTION('',(1.,0.,-0.));
#739 = PCURVE('',#740,#745);
#740 = CYLINDRICAL_SURFACE('',#741,6.);
#741 = AXIS2_PLACEMENT_3D('',#742,#743,#744);
#742 = CARTESIAN_POINT('',(0.,0.,8.5));
#743 = DIRECTION('',(-0.,-0.,-1.));
#744 = DIRECTION('',(-1.,0.,0.));
#745 = DEFINITIONAL_REPRESENTATION('',(#746),#750);
#746 = LINE('',#747,#748);
#747 = CARTESIAN_POINT('',(3.14159265359,0.));
#748 = VECTOR('',#749,1.);
#749 = DIRECTION('',(-1.,0.));
#750 = ( GEOMETRIC_REPRESENTATION_CONTEXT(2) 
PARAMETRIC_REPRESENTATION_CONTEXT() REPRESENTATION_CONTEXT('2D SPACE',''
  ) );
#751 = PCURVE('',#631,#752);
#752 = DEFINITIONAL_REPRESENTATION('',(#753),#757);
#753 = CIRCLE('',#754,6.);
#754 = AXIS2_PLACEMENT_2D('',#755,#756);
#755 = CARTESIAN_POINT('',(0.,0.));
#756 = DIRECTION('',(1.,0.));
#757 = ( GEOMETRIC_REPRESENTATION_CONTEXT(2) 
PARAMETRIC_REPRESENTATION_CONTEXT() REPRESENTATION_CONTEXT('2D SPACE',''
  ) );
#758 = ORIENTED_EDGE('',*,*,#759,.T.);
#759 = EDGE_CURVE('',#729,#760,#762,.T.);
#760 = VERTEX_POINT('',#761);
#761 = CARTESIAN_POINT('',(6.,7.347880794884E-16,8.));
#762 = SURFACE_CURVE('',#763,(#767,#774),.PCURVE_S1.);
#763 = LINE('',#764,#765);
#764 = CARTESIAN_POINT('',(6.,7.347880794884E-16,8.5));
#765 = VECTOR('',#766,1.);
#766 = DIRECTION('',(-0.,-0.,-1.));
#767 = PCURVE('',#740,#768);
#768 = DEFINITIONAL_REPRESENTATION('',(#769),#773);
#769 = LINE('',#770,#771);
#770 = CARTESIAN_POINT('',(3.14159265359,0.));
#771 = VECTOR('',#772,1.);
#772 = DIRECTION('',(0.,1.));
#773 = ( GEOMETRIC_REPRESENTATION_CONTEXT(2) 
PARAMETRIC_REPRESENTATION_CONTEXT() REPRESENTATION_CONTEXT('2D SPACE',''
  ) );
#774 = PCURVE('',#775,#780);
#775 = CYLINDRICAL_SURFACE('',#776,6.);
#776 = AXIS2_PLACEMENT_3D('',#777,#778,#779);
#777 = CARTESIAN_POINT('',(0.,0.,8.5));
#778 = DIRECTION('',(-0.,-0.,-1.));
#779 = DIRECTION('',(-1.,0.,0.));
#780 = DEFINITIONAL_REPRESENTATION('',(#781),#785);
#781 = LINE('',#782,#783);
#782 = CARTESIAN_POINT('',(3.14159265359,0.));
#783 = VECTOR('',#784,1.);
#784 = DIRECTION('',(0.,1.));
#785 = ( GEOMETRIC_REPRESENTATION_CONTEXT(2) 
PARAMETRIC_REPRESENTATION_CONTEXT() REPRESENTATION_CONTEXT('2D SPACE',''
  ) );
#786 = ORIENTED_EDGE('',*,*,#787,.T.);
#787 = EDGE_CURVE('',#760,#788,#790,.T.);
#788 = VERTEX_POINT('',#789);
#789 = CARTESIAN_POINT('',(-6.,0.,8.));
#790 = SURFACE_CURVE('',#791,(#796,#803),.PCURVE_S1.);
#791 = CIRCLE('',#792,6.);
#792 = AXIS2_PLACEMENT_3D('',#793,#794,#795);
#793 = CARTESIAN_POINT('',(0.,0.,8.));
#794 = DIRECTION('',(0.,0.,1.));
#795 = DIRECTION('',(1.,0.,-0.));
#796 = PCURVE('',#740,#797);
#797 = DEFINITIONAL_REPRESENTATION('',(#798),#802);
#798 = LINE('',#799,#800);
#799 = CARTESIAN_POINT('',(3.14159265359,0.5));
#800 = VECTOR('',#801,1.);
#801 = DIRECTION('',(-1.,0.));
#802 = ( GEOMETRIC_REPRESENTATION_CONTEXT(2) 
PARAMETRIC_REPRESENTATION_CONTEXT() REPRESENTATION_CONTEXT('2D SPACE',''
  ) );
#803 = PCURVE('',#804,#809);
#804 = PLANE('',#805);
#805 = AXIS2_PLACEMENT_3D('',#806,#807,#808);
#806 = CARTESIAN_POINT('',(0.,0.,8.));
#807 = DIRECTION('',(0.,0.,1.));
#808 = DIRECTION('',(1.,0.,-0.));
#809 = DEFINITIONAL_REPRESENTATION('',(#810),#814);
#810 = CIRCLE('',#811,6.);
#811 = AXIS2_PLACEMENT_2D('',#812,#813);
#812 = CARTESIAN_POINT('',(0.,0.));
#813 = DIRECTION('',(1.,0.));
#814 = ( GEOMETRIC_REPRESENTATION_CONTEXT(2) 
PARAMETRIC_REPRESENTATION_CONTEXT() REPRESENTATION_CONTEXT('2D SPACE',''
  ) );
#815 = ORIENTED_EDGE('',*,*,#816,.F.);
#816 = EDGE_CURVE('',#731,#788,#817,.T.);
#817 = SURFACE_CURVE('',#818,(#822,#829),.PCURVE_S1.);
#818 = LINE('',#819,#820);
#819 = CARTESIAN_POINT('',(-6.,0.,8.5));
#820 = VECTOR('',#821,1.);
#821 = DIRECTION('',(-0.,-0.,-1.));
#822 = PCURVE('',#740,#823);
#823 = DEFINITIONAL_REPRESENTATION('',(#824),#828);
#824 = LINE('',#825,#826);
#825 = CARTESIAN_POINT('',(0.,0.));
#826 = VECTOR('',#827,1.);
#827 = DIRECTION('',(0.,1.));
#828 = ( GEOMETRIC_REPRESENTATION_CONTEXT(2) 
PARAMETRIC_REPRESENTATION_CONTEXT() REPRESENTATION_CONTEXT('2D SPACE',''
  ) );
#829 = PCURVE('',#830,#835);
#830 = CYLINDRICAL_SURFACE('',#831,6.);
#831 = AXIS2_PLACEMENT_3D('',#832,#833,#834);
#832 = CARTESIAN_POINT('',(0.,0.,8.5));
#833 = DIRECTION('',(-0.,-0.,-1.));
#834 = DIRECTION('',(-1.,0.,0.));
#835 = DEFINITIONAL_REPRESENTATION('',(#836),#840);
#836 = LINE('',#837,#838);
#837 = CARTESIAN_POINT('',(6.28318530718,0.));
#838 = VECTOR('',#839,1.);
#839 = DIRECTION('',(0.,1.));
#840 = ( GEOMETRIC_REPRESENTATION_CONTEXT(2) 
PARAMETRIC_REPRESENTATION_CONTEXT() REPRESENTATION_CONTEXT('2D SPACE',''
  ) );
#841 = ADVANCED_FACE('',(#842),#830,.T.);
#842 = FACE_BOUND('',#843,.T.);
#843 = EDGE_LOOP('',(#844,#868,#869,#893));
#844 = ORIENTED_EDGE('',*,*,#845,.F.);
#845 = EDGE_CURVE('',#731,#846,#848,.T.);
#846 = VERTEX_POINT('',#847);
#847 = CARTESIAN_POINT('',(-0.5,-5.979130371551,8.5));
#848 = SURFACE_CURVE('',#849,(#854,#861),.PCURVE_S1.);
#849 = CIRCLE('',#850,6.);
#850 = AXIS2_PLACEMENT_3D('',#851,#852,#853);
#851 = CARTESIAN_POINT('',(0.,0.,8.5));
#852 = DIRECTION('',(0.,0.,1.));
#853 = DIRECTION('',(1.,0.,-0.));
#854 = PCURVE('',#830,#855);
#855 = DEFINITIONAL_REPRESENTATION('',(#856),#860);
#856 = LINE('',#857,#858);
#857 = CARTESIAN_POINT('',(9.424777960769,0.));
#858 = VECTOR('',#859,1.);
#859 = DIRECTION('',(-1.,0.));
#860 = ( GEOMETRIC_REPRESENTATION_CONTEXT(2) 
PARAMETRIC_REPRESENTATION_CONTEXT() REPRESENTATION_CONTEXT('2D SPACE',''
  ) );
#861 = PCURVE('',#631,#862);
#862 = DEFINITIONAL_REPRESENTATION('',(#863),#867);
#863 = CIRCLE('',#864,6.);
#864 = AXIS2_PLACEMENT_2D('',#865,#866);
#865 = CARTESIAN_POINT('',(0.,0.));
#866 = DIRECTION('',(1.,0.));
#867 = ( GEOMETRIC_REPRESENTATION_CONTEXT(2) 
PARAMETRIC_REPRESENTATION_CONTEXT() REPRESENTATION_CONTEXT('2D SPACE',''
  ) );
#868 = ORIENTED_EDGE('',*,*,#816,.T.);
#869 = ORIENTED_EDGE('',*,*,#870,.T.);
#870 = EDGE_CURVE('',#788,#871,#873,.T.);
#871 = VERTEX_POINT('',#872);
#872 = CARTESIAN_POINT('',(-0.5,-5.979130371551,8.));
#873 = SURFACE_CURVE('',#874,(#879,#886),.PCURVE_S1.);
#874 = CIRCLE('',#875,6.);
#875 = AXIS2_PLACEMENT_3D('',#876,#877,#878);
#876 = CARTESIAN_POINT('',(0.,0.,8.));
#877 = DIRECTION('',(0.,0.,1.));
#878 = DIRECTION('',(1.,0.,-0.));
#879 = PCURVE('',#830,#880);
#880 = DEFINITIONAL_REPRESENTATION('',(#881),#885);
#881 = LINE('',#882,#883);
#882 = CARTESIAN_POINT('',(9.424777960769,0.5));
#883 = VECTOR('',#884,1.);
#884 = DIRECTION('',(-1.,0.));
#885 = ( GEOMETRIC_REPRESENTATION_CONTEXT(2) 
PARAMETRIC_REPRESENTATION_CONTEXT() REPRESENTATION_CONTEXT('2D SPACE',''
  ) );
#886 = PCURVE('',#804,#887);
#887 = DEFINITIONAL_REPRESENTATION('',(#888),#892);
#888 = CIRCLE('',#889,6.);
#889 = AXIS2_PLACEMENT_2D('',#890,#891);
#890 = CARTESIAN_POINT('',(0.,0.));
#891 = DIRECTION('',(1.,0.));
#892 = ( GEOMETRIC_REPRESENTATION_CONTEXT(2) 
PARAMETRIC_REPRESENTATION_CONTEXT() REPRESENTATION_CONTEXT('2D SPACE',''
  ) );
#893 = ORIENTED_EDGE('',*,*,#894,.T.);
#894 = EDGE_CURVE('',#871,#846,#895,.T.);
#895 = SURFACE_CURVE('',#896,(#900,#907),.PCURVE_S1.);
#896 = LINE('',#897,#898);
#897 = CARTESIAN_POINT('',(-0.5,-5.979130371551,8.5));
#898 = VECTOR('',#899,1.);
#899 = DIRECTION('',(0.,0.,1.));
#900 = PCURVE('',#830,#901);
#901 = DEFINITIONAL_REPRESENTATION('',(#902),#906);
#902 = LINE('',#903,#904);
#903 = CARTESIAN_POINT('',(4.795819066995,0.));
#904 = VECTOR('',#905,1.);
#905 = DIRECTION('',(0.,-1.));
#906 = ( GEOMETRIC_REPRESENTATION_CONTEXT(2) 
PARAMETRIC_REPRESENTATION_CONTEXT() REPRESENTATION_CONTEXT('2D SPACE',''
  ) );
#907 = PCURVE('',#505,#908);
#908 = DEFINITIONAL_REPRESENTATION('',(#909),#913);
#909 = LINE('',#910,#911);
#910 = CARTESIAN_POINT('',(-3.023944000673,8.684740477399));
#911 = VECTOR('',#912,1.);
#912 = DIRECTION('',(0.,1.));
#913 = ( GEOMETRIC_REPRESENTATION_CONTEXT(2) 
PARAMETRIC_REPRESENTATION_CONTEXT() REPRESENTATION_CONTEXT('2D SPACE',''
  ) );
#914 = ADVANCED_FACE('',(#915),#930,.T.);
#915 = FACE_BOUND('',#916,.T.);
#916 = EDGE_LOOP('',(#917,#948,#971,#1000));
#917 = ORIENTED_EDGE('',*,*,#918,.F.);
#918 = EDGE_CURVE('',#919,#921,#923,.T.);
#919 = VERTEX_POINT('',#920);
#920 = CARTESIAN_POINT('',(9.,1.102182119233E-15,8.));
#921 = VERTEX_POINT('',#922);
#922 = CARTESIAN_POINT('',(-9.,0.,8.));
#923 = SURFACE_CURVE('',#924,(#929,#941),.PCURVE_S1.);
#924 = CIRCLE('',#925,9.);
#925 = AXIS2_PLACEMENT_3D('',#926,#927,#928);
#926 = CARTESIAN_POINT('',(0.,0.,8.));
#927 = DIRECTION('',(0.,0.,1.));
#928 = DIRECTION('',(1.,0.,-0.));
#929 = PCURVE('',#930,#935);
#930 = CYLINDRICAL_SURFACE('',#931,9.);
#931 = AXIS2_PLACEMENT_3D('',#932,#933,#934);
#932 = CARTESIAN_POINT('',(0.,0.,10.));
#933 = DIRECTION('',(-0.,-0.,-1.));
#934 = DIRECTION('',(-1.,0.,0.));
#935 = DEFINITIONAL_REPRESENTATION('',(#936),#940);
#936 = LINE('',#937,#938);
#937 = CARTESIAN_POINT('',(3.14159265359,2.));
#938 = VECTOR('',#939,1.);
#939 = DIRECTION('',(-1.,0.));
#940 = ( GEOMETRIC_REPRESENTATION_CONTEXT(2) 
PARAMETRIC_REPRESENTATION_CONTEXT() REPRESENTATION_CONTEXT('2D SPACE',''
  ) );
#941 = PCURVE('',#804,#942);
#942 = DEFINITIONAL_REPRESENTATION('',(#943),#947);
#943 = CIRCLE('',#944,9.);
#944 = AXIS2_PLACEMENT_2D('',#945,#946);
#945 = CARTESIAN_POINT('',(0.,0.));
#946 = DIRECTION('',(1.,0.));
#947 = ( GEOMETRIC_REPRESENTATION_CONTEXT(2) 
PARAMETRIC_REPRESENTATION_CONTEXT() REPRESENTATION_CONTEXT('2D SPACE',''
  ) );
#948 = ORIENTED_EDGE('',*,*,#949,.T.);
#949 = EDGE_CURVE('',#919,#950,#952,.T.);
#950 = VERTEX_POINT('',#951);
#951 = CARTESIAN_POINT('',(9.,1.102182119233E-15,0.));
#952 = SURFACE_CURVE('',#953,(#957,#964),.PCURVE_S1.);
#953 = LINE('',#954,#955);
#954 = CARTESIAN_POINT('',(9.,1.102182119233E-15,10.));
#955 = VECTOR('',#956,1.);
#956 = DIRECTION('',(-0.,-0.,-1.));
#957 = PCURVE('',#930,#958);
#958 = DEFINITIONAL_REPRESENTATION('',(#959),#963);
#959 = LINE('',#960,#961);
#960 = CARTESIAN_POINT('',(3.14159265359,0.));
#961 = VECTOR('',#962,1.);
#962 = DIRECTION('',(0.,1.));
#963 = ( GEOMETRIC_REPRESENTATION_CONTEXT(2) 
PARAMETRIC_REPRESENTATION_CONTEXT() REPRESENTATION_CONTEXT('2D SPACE',''
  ) );
#964 = PCURVE('',#71,#965);
#965 = DEFINITIONAL_REPRESENTATION('',(#966),#970);
#966 = LINE('',#967,#968);
#967 = CARTESIAN_POINT('',(3.14159265359,0.));
#968 = VECTOR('',#969,1.);
#969 = DIRECTION('',(0.,1.));
#970 = ( GEOMETRIC_REPRESENTATION_CONTEXT(2) 
PARAMETRIC_REPRESENTATION_CONTEXT() REPRESENTATION_CONTEXT('2D SPACE',''
  ) );
#971 = ORIENTED_EDGE('',*,*,#972,.T.);
#972 = EDGE_CURVE('',#950,#973,#975,.T.);
#973 = VERTEX_POINT('',#974);
#974 = CARTESIAN_POINT('',(-9.,0.,0.));
#975 = SURFACE_CURVE('',#976,(#981,#988),.PCURVE_S1.);
#976 = CIRCLE('',#977,9.);
#977 = AXIS2_PLACEMENT_3D('',#978,#979,#980);
#978 = CARTESIAN_POINT('',(0.,0.,0.));
#979 = DIRECTION('',(0.,0.,1.));
#980 = DIRECTION('',(1.,0.,-0.));
#981 = PCURVE('',#930,#982);
#982 = DEFINITIONAL_REPRESENTATION('',(#983),#987);
#983 = LINE('',#984,#985);
#984 = CARTESIAN_POINT('',(3.14159265359,10.));
#985 = VECTOR('',#986,1.);
#986 = DIRECTION('',(-1.,0.));
#987 = ( GEOMETRIC_REPRESENTATION_CONTEXT(2) 
PARAMETRIC_REPRESENTATION_CONTEXT() REPRESENTATION_CONTEXT('2D SPACE',''
  ) );
#988 = PCURVE('',#989,#994);
#989 = PLANE('',#990);
#990 = AXIS2_PLACEMENT_3D('',#991,#992,#993);
#991 = CARTESIAN_POINT('',(0.,0.,0.));
#992 = DIRECTION('',(0.,0.,1.));
#993 = DIRECTION('',(1.,0.,-0.));
#994 = DEFINITIONAL_REPRESENTATION('',(#995),#999);
#995 = CIRCLE('',#996,9.);
#996 = AXIS2_PLACEMENT_2D('',#997,#998);
#997 = CARTESIAN_POINT('',(0.,0.));
#998 = DIRECTION('',(1.,0.));
#999 = ( GEOMETRIC_REPRESENTATION_CONTEXT(2) 
PARAMETRIC_REPRESENTATION_CONTEXT() REPRESENTATION_CONTEXT('2D SPACE',''
  ) );
#1000 = ORIENTED_EDGE('',*,*,#1001,.F.);
#1001 = EDGE_CURVE('',#921,#973,#1002,.T.);
#1002 = SURFACE_CURVE('',#1003,(#1007,#1014),.PCURVE_S1.);
#1003 = LINE('',#1004,#1005);
#1004 = CARTESIAN_POINT('',(-9.,0.,10.));
#1005 = VECTOR('',#1006,1.);
#1006 = DIRECTION('',(-0.,-0.,-1.));
#1007 = PCURVE('',#930,#1008);
#1008 = DEFINITIONAL_REPRESENTATION('',(#1009),#1013);
#1009 = LINE('',#1010,#1011);
#1010 = CARTESIAN_POINT('',(0.,0.));
#1011 = VECTOR('',#1012,1.);
#1012 = DIRECTION('',(0.,1.));
#1013 = ( GEOMETRIC_REPRESENTATION_CONTEXT(2) 
PARAMETRIC_REPRESENTATION_CONTEXT() REPRESENTATION_CONTEXT('2D SPACE',''
  ) );
#1014 = PCURVE('',#1015,#1020);
#1015 = CYLINDRICAL_SURFACE('',#1016,9.);
#1016 = AXIS2_PLACEMENT_3D('',#1017,#1018,#1019);
#1017 = CARTESIAN_POINT('',(0.,0.,10.));
#1018 = DIRECTION('',(-0.,-0.,-1.));
#1019 = DIRECTION('',(-1.,0.,0.));
#1020 = DEFINITIONAL_REPRESENTATION('',(#1021),#1025);
#1021 = LINE('',#1022,#1023);
#1022 = CARTESIAN_POINT('',(6.28318530718,0.));
#1023 = VECTOR('',#1024,1.);
#1024 = DIRECTION('',(0.,1.));
#1025 = ( GEOMETRIC_REPRESENTATION_CONTEXT(2) 
PARAMETRIC_REPRESENTATION_CONTEXT() REPRESENTATION_CONTEXT('2D SPACE',''
  ) );
#1026 = ADVANCED_FACE('',(#1027,#1288),#1015,.T.);
#1027 = FACE_BOUND('',#1028,.T.);
#1028 = EDGE_LOOP('',(#1029,#1083,#1135,#1163,#1215,#1267));
#1029 = ORIENTED_EDGE('',*,*,#1030,.T.);
#1030 = EDGE_CURVE('',#1031,#1033,#1035,.T.);
#1031 = VERTEX_POINT('',#1032);
#1032 = CARTESIAN_POINT('',(-4.,-8.062257748299,1.965508509272));
#1033 = VERTEX_POINT('',#1034);
#1034 = CARTESIAN_POINT('',(-6.720610260001,-5.986100377806,
    0.766838492538));
#1035 = SURFACE_CURVE('',#1036,(#1041,#1070),.PCURVE_S1.);
#1036 = ( BOUNDED_CURVE() B_SPLINE_CURVE(3,(#1037,#1038,#1039,#1040),
.UNSPECIFIED.,.F.,.F.) B_SPLINE_CURVE_WITH_KNOTS((4,4),(3.602146645271,
3.984731442492),.PIECEWISE_BEZIER_KNOTS.) CURVE() 
GEOMETRIC_REPRESENTATION_ITEM() RATIONAL_B_SPLINE_CURVE((1.,
0.987839556063,0.987839556063,1.)) REPRESENTATION_ITEM('') );
#1037 = CARTESIAN_POINT('',(-4.,-8.062257748299,1.965508509272));
#1038 = CARTESIAN_POINT('',(-5.034486451846,-7.549008738335,
    1.669184055208));
#1039 = CARTESIAN_POINT('',(-5.952520236889,-6.84843701838,
    1.264708784106));
#1040 = CARTESIAN_POINT('',(-6.720610260001,-5.986100377806,
    0.766838492538));
#1041 = PCURVE('',#1015,#1042);
#1042 = DEFINITIONAL_REPRESENTATION('',(#1043),#1069);
#1043 = B_SPLINE_CURVE_WITH_KNOTS('',3,(#1044,#1045,#1046,#1047,#1048,
    #1049,#1050,#1051,#1052,#1053,#1054,#1055,#1056,#1057,#1058,#1059,
    #1060,#1061,#1062,#1063,#1064,#1065,#1066,#1067,#1068),
  .UNSPECIFIED.,.F.,.F.,(4,1,1,1,1,1,1,1,1,1,1,1,1,1,1,1,1,1,1,1,1,1,4),
  (3.602146645271,3.619536863327,3.636927081382,3.654317299438,
    3.671707517493,3.689097735548,3.706487953604,3.723878171659,
    3.741268389715,3.75865860777,3.776048825826,3.793439043881,
    3.810829261937,3.828219479992,3.845609698048,3.862999916103,
    3.880390134159,3.897780352214,3.91517057027,3.932560788325,
    3.949951006381,3.967341224436,3.984731442492),
  .QUASI_UNIFORM_KNOTS.);
#1044 = CARTESIAN_POINT('',(5.172942972066,8.034491490728));
#1045 = CARTESIAN_POINT('',(5.178704421002,8.047796876429));
#1046 = CARTESIAN_POINT('',(5.190236880054,8.074893682179));
#1047 = CARTESIAN_POINT('',(5.207561704002,8.1169839783));
#1048 = CARTESIAN_POINT('',(5.224910123616,8.160506885951));
#1049 = CARTESIAN_POINT('',(5.242279569533,8.205448040627));
#1050 = CARTESIAN_POINT('',(5.25966745576,8.251791855237));
#1051 = CARTESIAN_POINT('',(5.277071179045,8.299521361055));
#1052 = CARTESIAN_POINT('',(5.294488121964,8.348618273749));
#1053 = CARTESIAN_POINT('',(5.311915655054,8.399063003083));
#1054 = CARTESIAN_POINT('',(5.329351139228,8.450834681625));
#1055 = CARTESIAN_POINT('',(5.346791928158,8.503911192192));
#1056 = CARTESIAN_POINT('',(5.364235370676,8.558269199375));
#1057 = CARTESIAN_POINT('',(5.381678813194,8.61388418359));
#1058 = CARTESIAN_POINT('',(5.399119602124,8.670730477953));
#1059 = CARTESIAN_POINT('',(5.416555086299,8.728781307732));
#1060 = CARTESIAN_POINT('',(5.433982619388,8.78800883234));
#1061 = CARTESIAN_POINT('',(5.451399562308,8.848384189531));
#1062 = CARTESIAN_POINT('',(5.468803285593,8.909877542351));
#1063 = CARTESIAN_POINT('',(5.486191171819,8.972458126066));
#1064 = CARTESIAN_POINT('',(5.503560617737,9.036094304721));
#1065 = CARTESIAN_POINT('',(5.520909037351,9.1007536005));
#1066 = CARTESIAN_POINT('',(5.538233861298,9.166402832517));
#1067 = CARTESIAN_POINT('',(5.549766320351,9.210806180354));
#1068 = CARTESIAN_POINT('',(5.555527769286,9.233161507462));
#1069 = ( GEOMETRIC_REPRESENTATION_CONTEXT(2) 
PARAMETRIC_REPRESENTATION_CONTEXT() REPRESENTATION_CONTEXT('2D SPACE',''
  ) );
#1070 = PCURVE('',#1071,#1076);
#1071 = PLANE('',#1072);
#1072 = AXIS2_PLACEMENT_3D('',#1073,#1074,#1075);
#1073 = CARTESIAN_POINT('',(-4.,-5.986100377806,0.766838492538));
#1074 = DIRECTION('',(0.,-0.5,-0.866025403784));
#1075 = DIRECTION('',(0.,0.866025403784,-0.5));
#1076 = DEFINITIONAL_REPRESENTATION('',(#1077),#1082);
#1077 = ( BOUNDED_CURVE() B_SPLINE_CURVE(3,(#1078,#1079,#1080,#1081),
.UNSPECIFIED.,.F.,.F.) B_SPLINE_CURVE_WITH_KNOTS((4,4),(3.602146645271,
3.984731442492),.PIECEWISE_BEZIER_KNOTS.) CURVE() 
GEOMETRIC_REPRESENTATION_ITEM() RATIONAL_B_SPLINE_CURVE((1.,
0.987839556063,0.987839556063,1.)) REPRESENTATION_ITEM('') );
#1078 = CARTESIAN_POINT('',(-2.397340033468,0.));
#1079 = CARTESIAN_POINT('',(-1.804691125341,-1.034486451846));
#1080 = CARTESIAN_POINT('',(-0.995740583135,-1.952520236889));
#1081 = CARTESIAN_POINT('',(0.,-2.720610260001));
#1082 = ( GEOMETRIC_REPRESENTATION_CONTEXT(2) 
PARAMETRIC_REPRESENTATION_CONTEXT() REPRESENTATION_CONTEXT('2D SPACE',''
  ) );
#1083 = ORIENTED_EDGE('',*,*,#1084,.T.);
#1084 = EDGE_CURVE('',#1033,#1085,#1087,.T.);
#1085 = VERTEX_POINT('',#1086);
#1086 = CARTESIAN_POINT('',(-8.417170806307,-3.186100377806,
    2.383419246269));
#1087 = SURFACE_CURVE('',#1088,(#1093,#1122),.PCURVE_S1.);
#1088 = ( BOUNDED_CURVE() B_SPLINE_CURVE(3,(#1089,#1090,#1091,#1092),
.UNSPECIFIED.,.F.,.F.) B_SPLINE_CURVE_WITH_KNOTS((4,4),(0.843138788902,
1.208939788909),.PIECEWISE_BEZIER_KNOTS.) CURVE() 
GEOMETRIC_REPRESENTATION_ITEM() RATIONAL_B_SPLINE_CURVE((1.,
0.988880186501,0.988880186501,1.)) REPRESENTATION_ITEM('') );
#1089 = CARTESIAN_POINT('',(-6.720610260001,-5.986100377806,
    0.766838492538));
#1090 = CARTESIAN_POINT('',(-7.454616696332,-5.162029467602,
    1.242616054376));
#1091 = CARTESIAN_POINT('',(-8.026496070418,-4.218200937033,
    1.787535710568));
#1092 = CARTESIAN_POINT('',(-8.417170806307,-3.186100377806,
    2.383419246269));
#1093 = PCURVE('',#1015,#1094);
#1094 = DEFINITIONAL_REPRESENTATION('',(#1095),#1121);
#1095 = B_SPLINE_CURVE_WITH_KNOTS('',3,(#1096,#1097,#1098,#1099,#1100,
    #1101,#1102,#1103,#1104,#1105,#1106,#1107,#1108,#1109,#1110,#1111,
    #1112,#1113,#1114,#1115,#1116,#1117,#1118,#1119,#1120),
  .UNSPECIFIED.,.F.,.F.,(4,1,1,1,1,1,1,1,1,1,1,1,1,1,1,1,1,1,1,1,1,1,4),
  (0.843138788902,0.859766107084,0.876393425266,0.893020743448,
    0.90964806163,0.926275379813,0.942902697995,0.959530016177,
    0.976157334359,0.992784652541,1.009411970723,1.026039288906,
    1.042666607088,1.05929392527,1.075921243452,1.092548561634,
    1.109175879816,1.125803197999,1.142430516181,1.159057834363,
    1.175685152545,1.192312470727,1.208939788909),
  .QUASI_UNIFORM_KNOTS.);
#1096 = CARTESIAN_POINT('',(5.555527769286,9.233161507462));
#1097 = CARTESIAN_POINT('',(5.561039357305,9.211775814989));
#1098 = CARTESIAN_POINT('',(5.572070896619,9.16865673371));
#1099 = CARTESIAN_POINT('',(5.588641062031,9.102958368593));
#1100 = CARTESIAN_POINT('',(5.605231857271,9.036263233332));
#1101 = CARTESIAN_POINT('',(5.621841031992,8.968595605588));
#1102 = CARTESIAN_POINT('',(5.638466322548,8.899980583266));
#1103 = CARTESIAN_POINT('',(5.655105451497,8.830444176699));
#1104 = CARTESIAN_POINT('',(5.671756130078,8.760013243776));
#1105 = CARTESIAN_POINT('',(5.688416059908,8.688715464658));
#1106 = CARTESIAN_POINT('',(5.705082934927,8.616579303515));
#1107 = CARTESIAN_POINT('',(5.72175444329,8.543633971496));
#1108 = CARTESIAN_POINT('',(5.73842826929,8.469909387237));
#1109 = CARTESIAN_POINT('',(5.755102095291,8.395436136048));
#1110 = CARTESIAN_POINT('',(5.771773603653,8.32024542762));
#1111 = CARTESIAN_POINT('',(5.788440478672,8.244369052442));
#1112 = CARTESIAN_POINT('',(5.805100408503,8.167839337036));
#1113 = CARTESIAN_POINT('',(5.821751087083,8.090689098182));
#1114 = CARTESIAN_POINT('',(5.838390216033,8.012951596111));
#1115 = CARTESIAN_POINT('',(5.855015506588,7.934660487428));
#1116 = CARTESIAN_POINT('',(5.871624681309,7.855849775528));
#1117 = CARTESIAN_POINT('',(5.88821547655,7.776553767558));
#1118 = CARTESIAN_POINT('',(5.904785641962,7.696807004825));
#1119 = CARTESIAN_POINT('',(5.915817181276,7.643365195502));
#1120 = CARTESIAN_POINT('',(5.921328769294,7.616580753731));
#1121 = ( GEOMETRIC_REPRESENTATION_CONTEXT(2) 
PARAMETRIC_REPRESENTATION_CONTEXT() REPRESENTATION_CONTEXT('2D SPACE',''
  ) );
#1122 = PCURVE('',#1123,#1128);
#1123 = PLANE('',#1124);
#1124 = AXIS2_PLACEMENT_3D('',#1125,#1126,#1127);
#1125 = CARTESIAN_POINT('',(-4.,-3.186100377806,2.383419246269));
#1126 = DIRECTION('',(0.,0.5,-0.866025403784));
#1127 = DIRECTION('',(0.,0.866025403784,0.5));
#1128 = DEFINITIONAL_REPRESENTATION('',(#1129),#1134);
#1129 = ( BOUNDED_CURVE() B_SPLINE_CURVE(3,(#1130,#1131,#1132,#1133),
.UNSPECIFIED.,.F.,.F.) B_SPLINE_CURVE_WITH_KNOTS((4,4),(0.843138788902,
1.208939788909),.PIECEWISE_BEZIER_KNOTS.) CURVE() 
GEOMETRIC_REPRESENTATION_ITEM() RATIONAL_B_SPLINE_CURVE((1.,
0.988880186501,0.988880186501,1.)) REPRESENTATION_ITEM('') );
#1130 = CARTESIAN_POINT('',(-3.233161507462,-2.720610260001));
#1131 = CARTESIAN_POINT('',(-2.281606383787,-3.454616696332));
#1132 = CARTESIAN_POINT('',(-1.191767071401,-4.026496070418));
#1133 = CARTESIAN_POINT('',(0.,-4.417170806307));
#1134 = ( GEOMETRIC_REPRESENTATION_CONTEXT(2) 
PARAMETRIC_REPRESENTATION_CONTEXT() REPRESENTATION_CONTEXT('2D SPACE',''
  ) );
#1135 = ORIENTED_EDGE('',*,*,#1136,.T.);
#1136 = EDGE_CURVE('',#1085,#1137,#1139,.T.);
#1137 = VERTEX_POINT('',#1138);
#1138 = CARTESIAN_POINT('',(-8.417170806307,-3.186100377806,
    5.616580753731));
#1139 = SURFACE_CURVE('',#1140,(#1144,#1151),.PCURVE_S1.);
#1140 = LINE('',#1141,#1142);
#1141 = CARTESIAN_POINT('',(-8.417170806307,-3.186100377806,10.));
#1142 = VECTOR('',#1143,1.);
#1143 = DIRECTION('',(0.,0.,1.));
#1144 = PCURVE('',#1015,#1145);
#1145 = DEFINITIONAL_REPRESENTATION('',(#1146),#1150);
#1146 = LINE('',#1147,#1148);
#1147 = CARTESIAN_POINT('',(5.921328769294,0.));
#1148 = VECTOR('',#1149,1.);
#1149 = DIRECTION('',(0.,-1.));
#1150 = ( GEOMETRIC_REPRESENTATION_CONTEXT(2) 
PARAMETRIC_REPRESENTATION_CONTEXT() REPRESENTATION_CONTEXT('2D SPACE',''
  ) );
#1151 = PCURVE('',#1152,#1157);
#1152 = PLANE('',#1153);
#1153 = AXIS2_PLACEMENT_3D('',#1154,#1155,#1156);
#1154 = CARTESIAN_POINT('',(-4.,-3.186100377806,5.616580753731));
#1155 = DIRECTION('',(-0.,1.,0.));
#1156 = DIRECTION('',(0.,0.,1.));
#1157 = DEFINITIONAL_REPRESENTATION('',(#1158),#1162);
#1158 = LINE('',#1159,#1160);
#1159 = CARTESIAN_POINT('',(4.383419246269,-4.417170806307));
#1160 = VECTOR('',#1161,1.);
#1161 = DIRECTION('',(1.,0.));
#1162 = ( GEOMETRIC_REPRESENTATION_CONTEXT(2) 
PARAMETRIC_REPRESENTATION_CONTEXT() REPRESENTATION_CONTEXT('2D SPACE',''
  ) );
#1163 = ORIENTED_EDGE('',*,*,#1164,.T.);
#1164 = EDGE_CURVE('',#1137,#1165,#1167,.T.);
#1165 = VERTEX_POINT('',#1166);
#1166 = CARTESIAN_POINT('',(-6.720610260001,-5.986100377806,
    7.233161507462));
#1167 = SURFACE_CURVE('',#1168,(#1173,#1202),.PCURVE_S1.);
#1168 = ( BOUNDED_CURVE() B_SPLINE_CURVE(3,(#1169,#1170,#1171,#1172),
.UNSPECIFIED.,.F.,.F.) B_SPLINE_CURVE_WITH_KNOTS((4,4),(1.93265286468,
2.298453864688),.PIECEWISE_BEZIER_KNOTS.) CURVE() 
GEOMETRIC_REPRESENTATION_ITEM() RATIONAL_B_SPLINE_CURVE((1.,
0.988880186501,0.988880186501,1.)) REPRESENTATION_ITEM('') );
#1169 = CARTESIAN_POINT('',(-8.417170806307,-3.186100377806,
    5.616580753731));
#1170 = CARTESIAN_POINT('',(-8.026496070418,-4.218200937033,
    6.212464289432));
#1171 = CARTESIAN_POINT('',(-7.454616696332,-5.162029467602,
    6.757383945624));
#1172 = CARTESIAN_POINT('',(-6.720610260001,-5.986100377806,
    7.233161507462));
#1173 = PCURVE('',#1015,#1174);
#1174 = DEFINITIONAL_REPRESENTATION('',(#1175),#1201);
#1175 = B_SPLINE_CURVE_WITH_KNOTS('',3,(#1176,#1177,#1178,#1179,#1180,
    #1181,#1182,#1183,#1184,#1185,#1186,#1187,#1188,#1189,#1190,#1191,
    #1192,#1193,#1194,#1195,#1196,#1197,#1198,#1199,#1200),
  .UNSPECIFIED.,.F.,.F.,(4,1,1,1,1,1,1,1,1,1,1,1,1,1,1,1,1,1,1,1,1,1,4),
  (1.93265286468,1.949280182862,1.965907501045,1.982534819227,
    1.999162137409,2.015789455591,2.032416773773,2.049044091956,
    2.065671410138,2.08229872832,2.098926046502,2.115553364684,
    2.132180682866,2.148808001049,2.165435319231,2.182062637413,
    2.198689955595,2.215317273777,2.231944591959,2.248571910142,
    2.265199228324,2.281826546506,2.298453864688),
  .QUASI_UNIFORM_KNOTS.);
#1176 = CARTESIAN_POINT('',(5.921328769294,4.383419246269));
#1177 = CARTESIAN_POINT('',(5.915817181276,4.356634804498));
#1178 = CARTESIAN_POINT('',(5.904785641962,4.303192995175));
#1179 = CARTESIAN_POINT('',(5.88821547655,4.223446232442));
#1180 = CARTESIAN_POINT('',(5.871624681309,4.144150224472));
#1181 = CARTESIAN_POINT('',(5.855015506588,4.065339512572));
#1182 = CARTESIAN_POINT('',(5.838390216033,3.987048403889));
#1183 = CARTESIAN_POINT('',(5.821751087083,3.909310901818));
#1184 = CARTESIAN_POINT('',(5.805100408503,3.832160662964));
#1185 = CARTESIAN_POINT('',(5.788440478672,3.755630947558));
#1186 = CARTESIAN_POINT('',(5.771773603653,3.67975457238));
#1187 = CARTESIAN_POINT('',(5.755102095291,3.604563863952));
#1188 = CARTESIAN_POINT('',(5.73842826929,3.530090612763));
#1189 = CARTESIAN_POINT('',(5.72175444329,3.456366028504));
#1190 = CARTESIAN_POINT('',(5.705082934927,3.383420696485));
#1191 = CARTESIAN_POINT('',(5.688416059908,3.311284535342));
#1192 = CARTESIAN_POINT('',(5.671756130078,3.239986756224));
#1193 = CARTESIAN_POINT('',(5.655105451497,3.169555823301));
#1194 = CARTESIAN_POINT('',(5.638466322548,3.100019416734));
#1195 = CARTESIAN_POINT('',(5.621841031993,3.031404394412));
#1196 = CARTESIAN_POINT('',(5.605231857271,2.963736766668));
#1197 = CARTESIAN_POINT('',(5.588641062031,2.897041631407));
#1198 = CARTESIAN_POINT('',(5.572070896619,2.83134326629));
#1199 = CARTESIAN_POINT('',(5.561039357305,2.788224185011));
#1200 = CARTESIAN_POINT('',(5.555527769286,2.766838492538));
#1201 = ( GEOMETRIC_REPRESENTATION_CONTEXT(2) 
PARAMETRIC_REPRESENTATION_CONTEXT() REPRESENTATION_CONTEXT('2D SPACE',''
  ) );
#1202 = PCURVE('',#1203,#1208);
#1203 = PLANE('',#1204);
#1204 = AXIS2_PLACEMENT_3D('',#1205,#1206,#1207);
#1205 = CARTESIAN_POINT('',(-4.,-5.986100377806,7.233161507462));
#1206 = DIRECTION('',(-0.,0.5,0.866025403784));
#1207 = DIRECTION('',(0.,-0.866025403784,0.5));
#1208 = DEFINITIONAL_REPRESENTATION('',(#1209),#1214);
#1209 = ( BOUNDED_CURVE() B_SPLINE_CURVE(3,(#1210,#1211,#1212,#1213),
.UNSPECIFIED.,.F.,.F.) B_SPLINE_CURVE_WITH_KNOTS((4,4),(1.93265286468,
2.298453864688),.PIECEWISE_BEZIER_KNOTS.) CURVE() 
GEOMETRIC_REPRESENTATION_ITEM() RATIONAL_B_SPLINE_CURVE((1.,
0.988880186501,0.988880186501,1.)) REPRESENTATION_ITEM('') );
#1210 = CARTESIAN_POINT('',(-3.233161507462,-4.417170806307));
#1211 = CARTESIAN_POINT('',(-2.04139443606,-4.026496070418));
#1212 = CARTESIAN_POINT('',(-0.951555123675,-3.454616696332));
#1213 = CARTESIAN_POINT('',(0.,-2.720610260001));
#1214 = ( GEOMETRIC_REPRESENTATION_CONTEXT(2) 
PARAMETRIC_REPRESENTATION_CONTEXT() REPRESENTATION_CONTEXT('2D SPACE',''
  ) );
#1215 = ORIENTED_EDGE('',*,*,#1216,.T.);
#1216 = EDGE_CURVE('',#1165,#1217,#1219,.T.);
#1217 = VERTEX_POINT('',#1218);
#1218 = CARTESIAN_POINT('',(-4.,-8.062257748299,6.034491490728));
#1219 = SURFACE_CURVE('',#1220,(#1225,#1254),.PCURVE_S1.);
#1220 = ( BOUNDED_CURVE() B_SPLINE_CURVE(3,(#1221,#1222,#1223,#1224),
.UNSPECIFIED.,.F.,.F.) B_SPLINE_CURVE_WITH_KNOTS((4,4),(5.440046518278,
5.822631315498),.PIECEWISE_BEZIER_KNOTS.) CURVE() 
GEOMETRIC_REPRESENTATION_ITEM() RATIONAL_B_SPLINE_CURVE((1.,
0.987839556063,0.987839556063,1.)) REPRESENTATION_ITEM('') );
#1221 = CARTESIAN_POINT('',(-6.720610260001,-5.986100377806,
    7.233161507462));
#1222 = CARTESIAN_POINT('',(-5.952520236889,-6.84843701838,
    6.735291215894));
#1223 = CARTESIAN_POINT('',(-5.034486451846,-7.549008738335,
    6.330815944792));
#1224 = CARTESIAN_POINT('',(-4.,-8.062257748299,6.034491490728));
#1225 = PCURVE('',#1015,#1226);
#1226 = DEFINITIONAL_REPRESENTATION('',(#1227),#1253);
#1227 = B_SPLINE_CURVE_WITH_KNOTS('',3,(#1228,#1229,#1230,#1231,#1232,
    #1233,#1234,#1235,#1236,#1237,#1238,#1239,#1240,#1241,#1242,#1243,
    #1244,#1245,#1246,#1247,#1248,#1249,#1250,#1251,#1252),
  .UNSPECIFIED.,.F.,.F.,(4,1,1,1,1,1,1,1,1,1,1,1,1,1,1,1,1,1,1,1,1,1,4),
  (5.440046518278,5.457436736333,5.474826954389,5.492217172444,
    5.5096073905,5.526997608555,5.544387826611,5.561778044666,
    5.579168262722,5.596558480777,5.613948698833,5.631338916888,
    5.648729134944,5.666119352999,5.683509571054,5.70089978911,
    5.718290007165,5.735680225221,5.753070443276,5.770460661332,
    5.787850879387,5.805241097443,5.822631315498),
  .QUASI_UNIFORM_KNOTS.);
#1228 = CARTESIAN_POINT('',(5.555527769286,2.766838492538));
#1229 = CARTESIAN_POINT('',(5.549766320351,2.789193819646));
#1230 = CARTESIAN_POINT('',(5.538233861298,2.833597167483));
#1231 = CARTESIAN_POINT('',(5.520909037351,2.8992463995));
#1232 = CARTESIAN_POINT('',(5.503560617737,2.963905695279));
#1233 = CARTESIAN_POINT('',(5.486191171819,3.027541873934));
#1234 = CARTESIAN_POINT('',(5.468803285593,3.090122457649));
#1235 = CARTESIAN_POINT('',(5.451399562308,3.151615810469));
#1236 = CARTESIAN_POINT('',(5.433982619388,3.21199116766));
#1237 = CARTESIAN_POINT('',(5.416555086299,3.271218692268));
#1238 = CARTESIAN_POINT('',(5.399119602124,3.329269522047));
#1239 = CARTESIAN_POINT('',(5.381678813194,3.38611581641));
#1240 = CARTESIAN_POINT('',(5.364235370676,3.441730800625));
#1241 = CARTESIAN_POINT('',(5.346791928158,3.496088807808));
#1242 = CARTESIAN_POINT('',(5.329351139228,3.549165318375));
#1243 = CARTESIAN_POINT('',(5.311915655054,3.600936996917));
#1244 = CARTESIAN_POINT('',(5.294488121964,3.651381726251));
#1245 = CARTESIAN_POINT('',(5.277071179045,3.700478638945));
#1246 = CARTESIAN_POINT('',(5.25966745576,3.748208144763));
#1247 = CARTESIAN_POINT('',(5.242279569533,3.794551959373));
#1248 = CARTESIAN_POINT('',(5.224910123616,3.839493114049));
#1249 = CARTESIAN_POINT('',(5.207561704002,3.8830160217));
#1250 = CARTESIAN_POINT('',(5.190236880054,3.925106317821));
#1251 = CARTESIAN_POINT('',(5.178704421002,3.952203123571));
#1252 = CARTESIAN_POINT('',(5.172942972066,3.965508509272));
#1253 = ( GEOMETRIC_REPRESENTATION_CONTEXT(2) 
PARAMETRIC_REPRESENTATION_CONTEXT() REPRESENTATION_CONTEXT('2D SPACE',''
  ) );
#1254 = PCURVE('',#1255,#1260);
#1255 = PLANE('',#1256);
#1256 = AXIS2_PLACEMENT_3D('',#1257,#1258,#1259);
#1257 = CARTESIAN_POINT('',(-4.,-8.786100377806,5.616580753731));
#1258 = DIRECTION('',(0.,-0.5,0.866025403784));
#1259 = DIRECTION('',(0.,-0.866025403784,-0.5));
#1260 = DEFINITIONAL_REPRESENTATION('',(#1261),#1266);
#1261 = ( BOUNDED_CURVE() B_SPLINE_CURVE(3,(#1262,#1263,#1264,#1265),
.UNSPECIFIED.,.F.,.F.) B_SPLINE_CURVE_WITH_KNOTS((4,4),(5.440046518278,
5.822631315498),.PIECEWISE_BEZIER_KNOTS.) CURVE() 
GEOMETRIC_REPRESENTATION_ITEM() RATIONAL_B_SPLINE_CURVE((1.,
0.987839556063,0.987839556063,1.)) REPRESENTATION_ITEM('') );
#1262 = CARTESIAN_POINT('',(-3.233161507462,-2.720610260001));
#1263 = CARTESIAN_POINT('',(-2.237420924327,-1.952520236889));
#1264 = CARTESIAN_POINT('',(-1.428470382121,-1.034486451846));
#1265 = CARTESIAN_POINT('',(-0.835821473994,0.));
#1266 = ( GEOMETRIC_REPRESENTATION_CONTEXT(2) 
PARAMETRIC_REPRESENTATION_CONTEXT() REPRESENTATION_CONTEXT('2D SPACE',''
  ) );
#1267 = ORIENTED_EDGE('',*,*,#1268,.F.);
#1268 = EDGE_CURVE('',#1031,#1217,#1269,.T.);
#1269 = SURFACE_CURVE('',#1270,(#1274,#1281),.PCURVE_S1.);
#1270 = LINE('',#1271,#1272);
#1271 = CARTESIAN_POINT('',(-4.,-8.062257748299,10.));
#1272 = VECTOR('',#1273,1.);
#1273 = DIRECTION('',(0.,0.,1.));
#1274 = PCURVE('',#1015,#1275);
#1275 = DEFINITIONAL_REPRESENTATION('',(#1276),#1280);
#1276 = LINE('',#1277,#1278);
#1277 = CARTESIAN_POINT('',(5.172942972066,0.));
#1278 = VECTOR('',#1279,1.);
#1279 = DIRECTION('',(0.,-1.));
#1280 = ( GEOMETRIC_REPRESENTATION_CONTEXT(2) 
PARAMETRIC_REPRESENTATION_CONTEXT() REPRESENTATION_CONTEXT('2D SPACE',''
  ) );
#1281 = PCURVE('',#455,#1282);
#1282 = DEFINITIONAL_REPRESENTATION('',(#1283),#1287);
#1283 = LINE('',#1284,#1285);
#1284 = CARTESIAN_POINT('',(10.,-8.062257748299));
#1285 = VECTOR('',#1286,1.);
#1286 = DIRECTION('',(1.,0.));
#1287 = ( GEOMETRIC_REPRESENTATION_CONTEXT(2) 
PARAMETRIC_REPRESENTATION_CONTEXT() REPRESENTATION_CONTEXT('2D SPACE',''
  ) );
#1288 = FACE_BOUND('',#1289,.T.);
#1289 = EDGE_LOOP('',(#1290,#1314,#1315,#1339));
#1290 = ORIENTED_EDGE('',*,*,#1291,.F.);
#1291 = EDGE_CURVE('',#921,#1292,#1294,.T.);
#1292 = VERTEX_POINT('',#1293);
#1293 = CARTESIAN_POINT('',(-0.5,-8.986100377806,8.));
#1294 = SURFACE_CURVE('',#1295,(#1300,#1307),.PCURVE_S1.);
#1295 = CIRCLE('',#1296,9.);
#1296 = AXIS2_PLACEMENT_3D('',#1297,#1298,#1299);
#1297 = CARTESIAN_POINT('',(0.,0.,8.));
#1298 = DIRECTION('',(0.,0.,1.));
#1299 = DIRECTION('',(1.,0.,-0.));
#1300 = PCURVE('',#1015,#1301);
#1301 = DEFINITIONAL_REPRESENTATION('',(#1302),#1306);
#1302 = LINE('',#1303,#1304);
#1303 = CARTESIAN_POINT('',(9.424777960769,2.));
#1304 = VECTOR('',#1305,1.);
#1305 = DIRECTION('',(-1.,0.));
#1306 = ( GEOMETRIC_REPRESENTATION_CONTEXT(2) 
PARAMETRIC_REPRESENTATION_CONTEXT() REPRESENTATION_CONTEXT('2D SPACE',''
  ) );
#1307 = PCURVE('',#804,#1308);
#1308 = DEFINITIONAL_REPRESENTATION('',(#1309),#1313);
#1309 = CIRCLE('',#1310,9.);
#1310 = AXIS2_PLACEMENT_2D('',#1311,#1312);
#1311 = CARTESIAN_POINT('',(0.,0.));
#1312 = DIRECTION('',(1.,0.));
#1313 = ( GEOMETRIC_REPRESENTATION_CONTEXT(2) 
PARAMETRIC_REPRESENTATION_CONTEXT() REPRESENTATION_CONTEXT('2D SPACE',''
  ) );
#1314 = ORIENTED_EDGE('',*,*,#1001,.T.);
#1315 = ORIENTED_EDGE('',*,*,#1316,.T.);
#1316 = EDGE_CURVE('',#973,#1317,#1319,.T.);
#1317 = VERTEX_POINT('',#1318);
#1318 = CARTESIAN_POINT('',(-0.5,-8.986100377806,0.));
#1319 = SURFACE_CURVE('',#1320,(#1325,#1332),.PCURVE_S1.);
#1320 = CIRCLE('',#1321,9.);
#1321 = AXIS2_PLACEMENT_3D('',#1322,#1323,#1324);
#1322 = CARTESIAN_POINT('',(0.,0.,0.));
#1323 = DIRECTION('',(0.,0.,1.));
#1324 = DIRECTION('',(1.,0.,-0.));
#1325 = PCURVE('',#1015,#1326);
#1326 = DEFINITIONAL_REPRESENTATION('',(#1327),#1331);
#1327 = LINE('',#1328,#1329);
#1328 = CARTESIAN_POINT('',(9.424777960769,10.));
#1329 = VECTOR('',#1330,1.);
#1330 = DIRECTION('',(-1.,0.));
#1331 = ( GEOMETRIC_REPRESENTATION_CONTEXT(2) 
PARAMETRIC_REPRESENTATION_CONTEXT() REPRESENTATION_CONTEXT('2D SPACE',''
  ) );
#1332 = PCURVE('',#989,#1333);
#1333 = DEFINITIONAL_REPRESENTATION('',(#1334),#1338);
#1334 = CIRCLE('',#1335,9.);
#1335 = AXIS2_PLACEMENT_2D('',#1336,#1337);
#1336 = CARTESIAN_POINT('',(0.,0.));
#1337 = DIRECTION('',(1.,0.));
#1338 = ( GEOMETRIC_REPRESENTATION_CONTEXT(2) 
PARAMETRIC_REPRESENTATION_CONTEXT() REPRESENTATION_CONTEXT('2D SPACE',''
  ) );
#1339 = ORIENTED_EDGE('',*,*,#1340,.T.);
#1340 = EDGE_CURVE('',#1317,#1292,#1341,.T.);
#1341 = SURFACE_CURVE('',#1342,(#1346,#1353),.PCURVE_S1.);
#1342 = LINE('',#1343,#1344);
#1343 = CARTESIAN_POINT('',(-0.5,-8.986100377806,10.));
#1344 = VECTOR('',#1345,1.);
#1345 = DIRECTION('',(0.,0.,1.));
#1346 = PCURVE('',#1015,#1347);
#1347 = DEFINITIONAL_REPRESENTATION('',(#1348),#1352);
#1348 = LINE('',#1349,#1350);
#1349 = CARTESIAN_POINT('',(4.767973153666,0.));
#1350 = VECTOR('',#1351,1.);
#1351 = DIRECTION('',(0.,-1.));
#1352 = ( GEOMETRIC_REPRESENTATION_CONTEXT(2) 
PARAMETRIC_REPRESENTATION_CONTEXT() REPRESENTATION_CONTEXT('2D SPACE',''
  ) );
#1353 = PCURVE('',#505,#1354);
#1354 = DEFINITIONAL_REPRESENTATION('',(#1355),#1359);
#1355 = LINE('',#1356,#1357);
#1356 = CARTESIAN_POINT('',(-1.697399441788E-02,10.184740477399));
#1357 = VECTOR('',#1358,1.);
#1358 = DIRECTION('',(0.,1.));
#1359 = ( GEOMETRIC_REPRESENTATION_CONTEXT(2) 
PARAMETRIC_REPRESENTATION_CONTEXT() REPRESENTATION_CONTEXT('2D SPACE',''
  ) );
#1360 = ADVANCED_FACE('',(#1361),#1376,.F.);
#1361 = FACE_BOUND('',#1362,.F.);
#1362 = EDGE_LOOP('',(#1363,#1394,#1422));
#1363 = ORIENTED_EDGE('',*,*,#1364,.T.);
#1364 = EDGE_CURVE('',#1365,#1367,#1369,.T.);
#1365 = VERTEX_POINT('',#1366);
#1366 = CARTESIAN_POINT('',(0.945535900087,-3.473609342118,
    -4.158281281988E-16));
#1367 = VERTEX_POINT('',#1368);
#1368 = CARTESIAN_POINT('',(3.6,4.40872847693E-16,0.));
#1369 = SURFACE_CURVE('',#1370,(#1375,#1387),.PCURVE_S1.);
#1370 = CIRCLE('',#1371,3.6);
#1371 = AXIS2_PLACEMENT_3D('',#1372,#1373,#1374);
#1372 = CARTESIAN_POINT('',(0.,0.,0.));
#1373 = DIRECTION('',(0.,0.,1.));
#1374 = DIRECTION('',(1.,0.,-0.));
#1375 = PCURVE('',#1376,#1381);
#1376 = CYLINDRICAL_SURFACE('',#1377,3.6);
#1377 = AXIS2_PLACEMENT_3D('',#1378,#1379,#1380);
#1378 = CARTESIAN_POINT('',(0.,0.,10.));
#1379 = DIRECTION('',(-0.,-0.,-1.));
#1380 = DIRECTION('',(-1.,0.,0.));
#1381 = DEFINITIONAL_REPRESENTATION('',(#1382),#1386);
#1382 = LINE('',#1383,#1384);
#1383 = CARTESIAN_POINT('',(9.424777960769,10.));
#1384 = VECTOR('',#1385,1.);
#1385 = DIRECTION('',(-1.,0.));
#1386 = ( GEOMETRIC_REPRESENTATION_CONTEXT(2) 
PARAMETRIC_REPRESENTATION_CONTEXT() REPRESENTATION_CONTEXT('2D SPACE',''
  ) );
#1387 = PCURVE('',#989,#1388);
#1388 = DEFINITIONAL_REPRESENTATION('',(#1389),#1393);
#1389 = CIRCLE('',#1390,3.6);
#1390 = AXIS2_PLACEMENT_2D('',#1391,#1392);
#1391 = CARTESIAN_POINT('',(0.,0.));
#1392 = DIRECTION('',(1.,0.));
#1393 = ( GEOMETRIC_REPRESENTATION_CONTEXT(2) 
PARAMETRIC_REPRESENTATION_CONTEXT() REPRESENTATION_CONTEXT('2D SPACE',''
  ) );
#1394 = ORIENTED_EDGE('',*,*,#1395,.F.);
#1395 = EDGE_CURVE('',#1396,#1367,#1398,.T.);
#1396 = VERTEX_POINT('',#1397);
#1397 = CARTESIAN_POINT('',(3.6,-6.48928107874E-15,0.41540214754));
#1398 = SURFACE_CURVE('',#1399,(#1403,#1410),.PCURVE_S1.);
#1399 = LINE('',#1400,#1401);
#1400 = CARTESIAN_POINT('',(3.6,4.40872847693E-16,10.));
#1401 = VECTOR('',#1402,1.);
#1402 = DIRECTION('',(-0.,-0.,-1.));
#1403 = PCURVE('',#1376,#1404);
#1404 = DEFINITIONAL_REPRESENTATION('',(#1405),#1409);
#1405 = LINE('',#1406,#1407);
#1406 = CARTESIAN_POINT('',(3.14159265359,0.));
#1407 = VECTOR('',#1408,1.);
#1408 = DIRECTION('',(0.,1.));
#1409 = ( GEOMETRIC_REPRESENTATION_CONTEXT(2) 
PARAMETRIC_REPRESENTATION_CONTEXT() REPRESENTATION_CONTEXT('2D SPACE',''
  ) );
#1410 = PCURVE('',#1411,#1416);
#1411 = CYLINDRICAL_SURFACE('',#1412,3.6);
#1412 = AXIS2_PLACEMENT_3D('',#1413,#1414,#1415);
#1413 = CARTESIAN_POINT('',(0.,0.,10.));
#1414 = DIRECTION('',(-0.,-0.,-1.));
#1415 = DIRECTION('',(-1.,0.,0.));
#1416 = DEFINITIONAL_REPRESENTATION('',(#1417),#1421);
#1417 = LINE('',#1418,#1419);
#1418 = CARTESIAN_POINT('',(3.14159265359,0.));
#1419 = VECTOR('',#1420,1.);
#1420 = DIRECTION('',(0.,1.));
#1421 = ( GEOMETRIC_REPRESENTATION_CONTEXT(2) 
PARAMETRIC_REPRESENTATION_CONTEXT() REPRESENTATION_CONTEXT('2D SPACE',''
  ) );
#1422 = ORIENTED_EDGE('',*,*,#1423,.T.);
#1423 = EDGE_CURVE('',#1396,#1365,#1424,.T.);
#1424 = SURFACE_CURVE('',#1425,(#1433,#1462),.PCURVE_S1.);
#1425 = ( BOUNDED_CURVE() B_SPLINE_CURVE(2,(#1426,#1427,#1428,#1429,
#1430,#1431,#1432),.UNSPECIFIED.,.F.,.F.) B_SPLINE_CURVE_WITH_KNOTS((3,2
    ,2,3),(0.671855643196,0.675,0.6875,0.6978183922),.UNSPECIFIED.) 
CURVE() GEOMETRIC_REPRESENTATION_ITEM() RATIONAL_B_SPLINE_CURVE((
    0.981570637188,0.987688337919,1.,0.951056516295,1.,0.959598555161,
0.985897582847)) REPRESENTATION_ITEM('') );
#1426 = CARTESIAN_POINT('',(3.6,-6.48928107874E-15,0.41540214754));
#1427 = CARTESIAN_POINT('',(3.6,-0.283326206913,0.390247292901));
#1428 = CARTESIAN_POINT('',(3.555678006757,-0.563164196541,
    0.366025392827));
#1429 = CARTESIAN_POINT('',(3.372694867087,-1.718474014399,
    0.266025392827));
#1430 = CARTESIAN_POINT('',(2.545584324645,-2.545584499898,
    0.166025392827));
#1431 = CARTESIAN_POINT('',(1.868905922928,-3.222262855029,
    8.421306339917E-02));
#1432 = CARTESIAN_POINT('',(0.945535900087,-3.473609342118,
    -4.158281281988E-16));
#1433 = PCURVE('',#1376,#1434);
#1434 = DEFINITIONAL_REPRESENTATION('',(#1435),#1461);
#1435 = B_SPLINE_CURVE_WITH_KNOTS('',3,(#1436,#1437,#1438,#1439,#1440,
    #1441,#1442,#1443,#1444,#1445,#1446,#1447,#1448,#1449,#1450,#1451,
    #1452,#1453,#1454,#1455,#1456,#1457,#1458,#1459,#1460),
  .UNSPECIFIED.,.F.,.F.,(4,1,1,1,1,1,1,1,1,1,1,1,1,1,1,1,1,1,1,1,1,1,4),
  (0.671855643196,0.673035768151,0.674215893105,0.67539601806,
    0.676576143015,0.677756267969,0.678936392924,0.680116517879,
    0.681296642834,0.682476767788,0.683656892743,0.684837017698,
    0.686017142652,0.687197267607,0.688377392562,0.689557517517,
    0.690737642471,0.691917767426,0.693097892381,0.694278017336,
    0.69545814229,0.696638267245,0.6978183922),.QUASI_UNIFORM_KNOTS.);
#1436 = CARTESIAN_POINT('',(3.14159265359,9.58459785246));
#1437 = CARTESIAN_POINT('',(3.161414443505,9.590937954406));
#1438 = CARTESIAN_POINT('',(3.200932105991,9.603496895694));
#1439 = CARTESIAN_POINT('',(3.259899915358,9.622039514313));
#1440 = CARTESIAN_POINT('',(3.318204944005,9.639955776043));
#1441 = CARTESIAN_POINT('',(3.376974169669,9.658310070583));
#1442 = CARTESIAN_POINT('',(3.436167714932,9.677068789126));
#1443 = CARTESIAN_POINT('',(3.495670185428,9.696124541944));
#1444 = CARTESIAN_POINT('',(3.555381995639,9.71538269523));
#1445 = CARTESIAN_POINT('',(3.615196311689,9.734740318036));
#1446 = CARTESIAN_POINT('',(3.675006265563,9.754093707503));
#1447 = CARTESIAN_POINT('',(3.734705813337,9.773339966224));
#1448 = CARTESIAN_POINT('',(3.794185919958,9.792374184738));
#1449 = CARTESIAN_POINT('',(3.853355786574,9.811110135081));
#1450 = CARTESIAN_POINT('',(3.91206839304,9.829410891503));
#1451 = CARTESIAN_POINT('',(3.970403377452,9.847355427465));
#1452 = CARTESIAN_POINT('',(4.029403284313,9.865928516884));
#1453 = CARTESIAN_POINT('',(4.088722909934,9.88480846816));
#1454 = CARTESIAN_POINT('',(4.148326717229,9.90396199237));
#1455 = CARTESIAN_POINT('',(4.208092318362,9.923272343042));
#1456 = CARTESIAN_POINT('',(4.26791805399,9.942641048133));
#1457 = CARTESIAN_POINT('',(4.327695666232,9.961963052164));
#1458 = CARTESIAN_POINT('',(4.387318777945,9.981135249078));
#1459 = CARTESIAN_POINT('',(4.426895028437,9.993750595723));
#1460 = CARTESIAN_POINT('',(4.446622556461,10.));
#1461 = ( GEOMETRIC_REPRESENTATION_CONTEXT(2) 
PARAMETRIC_REPRESENTATION_CONTEXT() REPRESENTATION_CONTEXT('2D SPACE',''
  ) );
#1462 = PCURVE('',#1463,#1754);
#1463 = ( BOUNDED_SURFACE() B_SPLINE_SURFACE(1,2,(
    (#1464,#1465,#1466,#1467,#1468,#1469,#1470,#1471,#1472,#1473,#1474
      ,#1475,#1476,#1477,#1478,#1479,#1480,#1481,#1482,#1483,#1484,#1485
      ,#1486,#1487,#1488,#1489,#1490,#1491,#1492,#1493,#1494,#1495,#1496
      ,#1497,#1498,#1499,#1500,#1501,#1502,#1503,#1504,#1505,#1506,#1507
      ,#1508,#1509,#1510,#1511,#1512,#1513,#1514,#1515,#1516,#1517,#1518
      ,#1519,#1520,#1521,#1522,#1523,#1524,#1525,#1526,#1527,#1528,#1529
      ,#1530,#1531,#1532,#1533,#1534,#1535,#1536,#1537,#1538,#1539,#1540
      ,#1541,#1542,#1543,#1544,#1545,#1546,#1547,#1548,#1549,#1550,#1551
      ,#1552,#1553,#1554,#1555,#1556,#1557,#1558,#1559,#1560,#1561,#1562
      ,#1563,#1564,#1565,#1566,#1567,#1568,#1569,#1570,#1571,#1572,#1573
      ,#1574,#1575,#1576,#1577,#1578,#1579,#1580,#1581,#1582,#1583,#1584
      ,#1585,#1586,#1587,#1588,#1589,#1590,#1591,#1592,#1593,#1594,#1595
      ,#1596,#1597,#1598,#1599,#1600,#1601,#1602,#1603,#1604,#1605,#1606
      ,#1607,#1608)
    ,(#1609,#1610,#1611,#1612,#1613,#1614,#1615,#1616,#1617,#1618,#1619
      ,#1620,#1621,#1622,#1623,#1624,#1625,#1626,#1627,#1628,#1629,#1630
      ,#1631,#1632,#1633,#1634,#1635,#1636,#1637,#1638,#1639,#1640,#1641
      ,#1642,#1643,#1644,#1645,#1646,#1647,#1648,#1649,#1650,#1651,#1652
      ,#1653,#1654,#1655,#1656,#1657,#1658,#1659,#1660,#1661,#1662,#1663
      ,#1664,#1665,#1666,#1667,#1668,#1669,#1670,#1671,#1672,#1673,#1674
      ,#1675,#1676,#1677,#1678,#1679,#1680,#1681,#1682,#1683,#1684,#1685
      ,#1686,#1687,#1688,#1689,#1690,#1691,#1692,#1693,#1694,#1695,#1696
      ,#1697,#1698,#1699,#1700,#1701,#1702,#1703,#1704,#1705,#1706,#1707
      ,#1708,#1709,#1710,#1711,#1712,#1713,#1714,#1715,#1716,#1717,#1718
      ,#1719,#1720,#1721,#1722,#1723,#1724,#1725,#1726,#1727,#1728,#1729
      ,#1730,#1731,#1732,#1733,#1734,#1735,#1736,#1737,#1738,#1739,#1740
      ,#1741,#1742,#1743,#1744,#1745,#1746,#1747,#1748,#1749,#1750,#1751
      ,#1752,#1753
)),.UNSPECIFIED.,.F.,.F.,.F.) B_SPLINE_SURFACE_WITH_KNOTS((2,2),(3,2,2,2
    ,2,2,2,2,2,2,2,2,2,2,2,2,2,2,2,2,2,2,2,2,2,2,2,2,2,2,2,2,2,2,2,2,2,2
    ,2,2,2,2,2,2,2,2,2,2,2,2,2,2,2,2,2,2,2,2,2,2,2,2,2,2,2,2,2,2,2,2,2,2
    ,3),(0.,1.),(0.109355360574,0.1125,0.125,0.1375,0.15,0.1625,0.175,
    0.1875,0.2,0.2125,0.225,0.2375,0.25,0.2625,0.275,0.2875,0.3,0.3125,
    0.325,0.3375,0.35,0.3625,0.375,0.3875,0.4,0.4125,0.425,0.4375,0.45,
    0.4625,0.475,0.4875,0.5,0.5125,0.525,0.5375,0.55,0.5625,0.575,0.5875
    ,0.6,0.6125,0.625,0.6375,0.65,0.6625,0.675,0.6875,0.7,0.7125,0.725,
    0.7375,0.75,0.7625,0.775,0.7875,0.8,0.8125,0.825,0.8375,0.85,0.8625,
    0.875,0.8875,0.9,0.9125,0.925,0.9375,0.95,0.9625,0.975,0.9875,1.),
.UNSPECIFIED.) GEOMETRIC_REPRESENTATION_ITEM() RATIONAL_B_SPLINE_SURFACE
((
    (0.981569537493,0.987687231319,1.,0.951056516295,1.,0.951056516295
      ,1.,0.951056516295,1.,0.951056516295,1.,0.951056516295,1.
      ,0.951056516295,1.,0.951056516295,1.,0.951056516295,1.
      ,0.951056516295,1.,0.951056516295,1.,0.951056516295,1.
      ,0.951056516295,1.,0.951056516295,1.,0.951056516295,1.
      ,0.951056516295,1.,0.951056516295,1.,0.951056516295,1.
      ,0.951056516295,1.,0.951056516295,1.,0.951056516295,1.
      ,0.951056516295,1.,0.951056516295,1.,0.951056516295,1.
      ,0.951056516295,1.,0.951056516295,1.,0.951056516295,1.
      ,0.951056516295,1.,0.951056516295,1.,0.951056516295,1.
      ,0.951056516295,1.,0.951056516295,1.,0.951056516295,1.
      ,0.951056516295,1.,0.951056516295,1.,0.951056516295,1.
      ,0.951056516295,1.,0.951056516295,1.,0.951056516295,1.
      ,0.951056516295,1.,0.951056516295,1.,0.951056516295,1.
      ,0.951056516295,1.,0.951056516295,1.,0.951056516295,1.
      ,0.951056516295,1.,0.951056516295,1.,0.951056516295,1.
      ,0.951056516295,1.,0.951056516295,1.,0.951056516295,1.
      ,0.951056516295,1.,0.951056516295,1.,0.951056516295,1.
      ,0.951056516295,1.,0.951056516295,1.,0.951056516295,1.
      ,0.951056516295,1.,0.951056516295,1.,0.951056516295,1.
      ,0.951056516295,1.,0.951056516295,1.,0.951056516295,1.
      ,0.951056516295,1.,0.951056516295,1.,0.951056516295,1.
      ,0.951056516295,1.,0.951056516295,1.,0.951056516295,1.
      ,0.951056516295,1.,0.951056516295,1.,0.951056516295,1.)
    ,(0.981569537493,0.987687231319,1.,0.951056516295,1.,0.951056516295
      ,1.,0.951056516295,1.,0.951056516295,1.,0.951056516295,1.
      ,0.951056516295,1.,0.951056516295,1.,0.951056516295,1.
      ,0.951056516295,1.,0.951056516295,1.,0.951056516295,1.
      ,0.951056516295,1.,0.951056516295,1.,0.951056516295,1.
      ,0.951056516295,1.,0.951056516295,1.,0.951056516295,1.
      ,0.951056516295,1.,0.951056516295,1.,0.951056516295,1.
      ,0.951056516295,1.,0.951056516295,1.,0.951056516295,1.
      ,0.951056516295,1.,0.951056516295,1.,0.951056516295,1.
      ,0.951056516295,1.,0.951056516295,1.,0.951056516295,1.
      ,0.951056516295,1.,0.951056516295,1.,0.951056516295,1.
      ,0.951056516295,1.,0.951056516295,1.,0.951056516295,1.
      ,0.951056516295,1.,0.951056516295,1.,0.951056516295,1.
      ,0.951056516295,1.,0.951056516295,1.,0.951056516295,1.
      ,0.951056516295,1.,0.951056516295,1.,0.951056516295,1.
      ,0.951056516295,1.,0.951056516295,1.,0.951056516295,1.
      ,0.951056516295,1.,0.951056516295,1.,0.951056516295,1.
      ,0.951056516295,1.,0.951056516295,1.,0.951056516295,1.
      ,0.951056516295,1.,0.951056516295,1.,0.951056516295,1.
      ,0.951056516295,1.,0.951056516295,1.,0.951056516295,1.
      ,0.951056516295,1.,0.951056516295,1.,0.951056516295,1.
      ,0.951056516295,1.,0.951056516295,1.,0.951056516295,1.
      ,0.951056516295,1.,0.951056516295,1.,0.951056516295,1.
      ,0.951056516295,1.,0.951056516295,1.,0.951056516295,1.
))) REPRESENTATION_ITEM('') SURFACE() );
#1464 = CARTESIAN_POINT('',(-3.599999999635,-5.124947355626E-05,
    9.415406697682));
#1465 = CARTESIAN_POINT('',(-3.600004033424,0.283300740881,
    9.390249497161));
#1466 = CARTESIAN_POINT('',(-3.555678006757,0.563164196541,
    9.366025392827));
#1467 = CARTESIAN_POINT('',(-3.372694867087,1.718474014399,
    9.266025392827));
#1468 = CARTESIAN_POINT('',(-2.545584324645,2.545584499898,
    9.166025392827));
#1469 = CARTESIAN_POINT('',(-1.718473782203,3.372694985397,
    9.066025392827));
#1470 = CARTESIAN_POINT('',(-0.563163951748,3.555678045528,
    8.966025392827));
#1471 = CARTESIAN_POINT('',(0.592145878707,3.73866110566,8.866025392827)
  );
#1472 = CARTESIAN_POINT('',(1.634365909478,3.207623430819,8.766025392827
    ));
#1473 = CARTESIAN_POINT('',(2.676585940249,2.676585755978,8.666025392827
    ));
#1474 = CARTESIAN_POINT('',(3.207623543338,1.634365688647,8.566025392827
    ));
#1475 = CARTESIAN_POINT('',(3.738661146426,0.592145621316,8.466025392827
    ));
#1476 = CARTESIAN_POINT('',(3.555678006757,-0.563164196541,
    8.366025392827));
#1477 = CARTESIAN_POINT('',(3.372694867087,-1.718474014399,
    8.266025392827));
#1478 = CARTESIAN_POINT('',(2.545584324645,-2.545584499898,
    8.166025392827));
#1479 = CARTESIAN_POINT('',(1.718473782203,-3.372694985397,
    8.066025392827));
#1480 = CARTESIAN_POINT('',(0.563163951748,-3.555678045528,
    7.966025392827));
#1481 = CARTESIAN_POINT('',(-0.592145878707,-3.73866110566,
    7.866025392827));
#1482 = CARTESIAN_POINT('',(-1.634365909478,-3.207623430819,
    7.766025392827));
#1483 = CARTESIAN_POINT('',(-2.676585940249,-2.676585755978,
    7.666025392827));
#1484 = CARTESIAN_POINT('',(-3.207623543338,-1.634365688647,
    7.566025392827));
#1485 = CARTESIAN_POINT('',(-3.738661146426,-0.592145621316,
    7.466025392827));
#1486 = CARTESIAN_POINT('',(-3.555678006757,0.563164196541,
    7.366025392827));
#1487 = CARTESIAN_POINT('',(-3.372694867087,1.718474014399,
    7.266025392827));
#1488 = CARTESIAN_POINT('',(-2.545584324645,2.545584499898,
    7.166025392827));
#1489 = CARTESIAN_POINT('',(-1.718473782203,3.372694985397,
    7.066025392827));
#1490 = CARTESIAN_POINT('',(-0.563163951748,3.555678045528,
    6.966025392827));
#1491 = CARTESIAN_POINT('',(0.592145878707,3.73866110566,6.866025392827)
  );
#1492 = CARTESIAN_POINT('',(1.634365909478,3.207623430819,6.766025392827
    ));
#1493 = CARTESIAN_POINT('',(2.676585940249,2.676585755978,6.666025392827
    ));
#1494 = CARTESIAN_POINT('',(3.207623543338,1.634365688647,6.566025392827
    ));
#1495 = CARTESIAN_POINT('',(3.738661146426,0.592145621316,6.466025392827
    ));
#1496 = CARTESIAN_POINT('',(3.555678006757,-0.563164196541,
    6.366025392827));
#1497 = CARTESIAN_POINT('',(3.372694867087,-1.718474014399,
    6.266025392827));
#1498 = CARTESIAN_POINT('',(2.545584324645,-2.545584499898,
    6.166025392827));
#1499 = CARTESIAN_POINT('',(1.718473782203,-3.372694985397,
    6.066025392827));
#1500 = CARTESIAN_POINT('',(0.563163951748,-3.555678045528,
    5.966025392827));
#1501 = CARTESIAN_POINT('',(-0.592145878707,-3.73866110566,
    5.866025392827));
#1502 = CARTESIAN_POINT('',(-1.634365909478,-3.207623430819,
    5.766025392827));
#1503 = CARTESIAN_POINT('',(-2.676585940249,-2.676585755978,
    5.666025392827));
#1504 = CARTESIAN_POINT('',(-3.207623543338,-1.634365688647,
    5.566025392827));
#1505 = CARTESIAN_POINT('',(-3.738661146426,-0.592145621316,
    5.466025392827));
#1506 = CARTESIAN_POINT('',(-3.555678006757,0.563164196541,
    5.366025392827));
#1507 = CARTESIAN_POINT('',(-3.372694867087,1.718474014399,
    5.266025392827));
#1508 = CARTESIAN_POINT('',(-2.545584324645,2.545584499898,
    5.166025392827));
#1509 = CARTESIAN_POINT('',(-1.718473782203,3.372694985397,
    5.066025392827));
#1510 = CARTESIAN_POINT('',(-0.563163951748,3.555678045528,
    4.966025392827));
#1511 = CARTESIAN_POINT('',(0.592145878707,3.73866110566,4.866025392827)
  );
#1512 = CARTESIAN_POINT('',(1.634365909478,3.207623430819,4.766025392827
    ));
#1513 = CARTESIAN_POINT('',(2.676585940249,2.676585755978,4.666025392827
    ));
#1514 = CARTESIAN_POINT('',(3.207623543338,1.634365688647,4.566025392827
    ));
#1515 = CARTESIAN_POINT('',(3.738661146426,0.592145621316,4.466025392827
    ));
#1516 = CARTESIAN_POINT('',(3.555678006757,-0.563164196541,
    4.366025392827));
#1517 = CARTESIAN_POINT('',(3.372694867087,-1.718474014399,
    4.266025392827));
#1518 = CARTESIAN_POINT('',(2.545584324645,-2.545584499898,
    4.166025392827));
#1519 = CARTESIAN_POINT('',(1.718473782203,-3.372694985397,
    4.066025392827));
#1520 = CARTESIAN_POINT('',(0.563163951748,-3.555678045528,
    3.966025392827));
#1521 = CARTESIAN_POINT('',(-0.592145878707,-3.73866110566,
    3.866025392827));
#1522 = CARTESIAN_POINT('',(-1.634365909478,-3.207623430819,
    3.766025392827));
#1523 = CARTESIAN_POINT('',(-2.676585940249,-2.676585755978,
    3.666025392827));
#1524 = CARTESIAN_POINT('',(-3.207623543338,-1.634365688647,
    3.566025392827));
#1525 = CARTESIAN_POINT('',(-3.738661146426,-0.592145621316,
    3.466025392827));
#1526 = CARTESIAN_POINT('',(-3.555678006757,0.563164196541,
    3.366025392827));
#1527 = CARTESIAN_POINT('',(-3.372694867087,1.718474014399,
    3.266025392827));
#1528 = CARTESIAN_POINT('',(-2.545584324645,2.545584499898,
    3.166025392827));
#1529 = CARTESIAN_POINT('',(-1.718473782203,3.372694985397,
    3.066025392827));
#1530 = CARTESIAN_POINT('',(-0.563163951748,3.555678045528,
    2.966025392827));
#1531 = CARTESIAN_POINT('',(0.592145878707,3.73866110566,2.866025392827)
  );
#1532 = CARTESIAN_POINT('',(1.634365909478,3.207623430819,2.766025392827
    ));
#1533 = CARTESIAN_POINT('',(2.676585940249,2.676585755978,2.666025392827
    ));
#1534 = CARTESIAN_POINT('',(3.207623543338,1.634365688647,2.566025392827
    ));
#1535 = CARTESIAN_POINT('',(3.738661146426,0.592145621316,2.466025392827
    ));
#1536 = CARTESIAN_POINT('',(3.555678006757,-0.563164196541,
    2.366025392827));
#1537 = CARTESIAN_POINT('',(3.372694867087,-1.718474014399,
    2.266025392827));
#1538 = CARTESIAN_POINT('',(2.545584324645,-2.545584499898,
    2.166025392827));
#1539 = CARTESIAN_POINT('',(1.718473782203,-3.372694985397,
    2.066025392827));
#1540 = CARTESIAN_POINT('',(0.563163951748,-3.555678045528,
    1.966025392827));
#1541 = CARTESIAN_POINT('',(-0.592145878707,-3.73866110566,
    1.866025392827));
#1542 = CARTESIAN_POINT('',(-1.634365909478,-3.207623430819,
    1.766025392827));
#1543 = CARTESIAN_POINT('',(-2.676585940249,-2.676585755978,
    1.666025392827));
#1544 = CARTESIAN_POINT('',(-3.207623543338,-1.634365688647,
    1.566025392827));
#1545 = CARTESIAN_POINT('',(-3.738661146426,-0.592145621316,
    1.466025392827));
#1546 = CARTESIAN_POINT('',(-3.555678006757,0.563164196541,
    1.366025392827));
#1547 = CARTESIAN_POINT('',(-3.372694867087,1.718474014399,
    1.266025392827));
#1548 = CARTESIAN_POINT('',(-2.545584324645,2.545584499898,
    1.166025392827));
#1549 = CARTESIAN_POINT('',(-1.718473782203,3.372694985397,
    1.066025392827));
#1550 = CARTESIAN_POINT('',(-0.563163951748,3.555678045528,
    0.966025392827));
#1551 = CARTESIAN_POINT('',(0.592145878707,3.73866110566,0.866025392827)
  );
#1552 = CARTESIAN_POINT('',(1.634365909478,3.207623430819,0.766025392827
    ));
#1553 = CARTESIAN_POINT('',(2.676585940249,2.676585755978,0.666025392827
    ));
#1554 = CARTESIAN_POINT('',(3.207623543338,1.634365688647,0.566025392827
    ));
#1555 = CARTESIAN_POINT('',(3.738661146426,0.592145621316,0.466025392827
    ));
#1556 = CARTESIAN_POINT('',(3.555678006757,-0.563164196541,
    0.366025392827));
#1557 = CARTESIAN_POINT('',(3.372694867087,-1.718474014399,
    0.266025392827));
#1558 = CARTESIAN_POINT('',(2.545584324645,-2.545584499898,
    0.166025392827));
#1559 = CARTESIAN_POINT('',(1.718473782203,-3.372694985397,
    6.602539282732E-02));
#1560 = CARTESIAN_POINT('',(0.563163951748,-3.555678045528,
    -3.397460717268E-02));
#1561 = CARTESIAN_POINT('',(-0.592145878707,-3.73866110566,
    -0.133974607173));
#1562 = CARTESIAN_POINT('',(-1.634365909478,-3.207623430819,
    -0.233974607173));
#1563 = CARTESIAN_POINT('',(-2.676585940249,-2.676585755978,
    -0.333974607173));
#1564 = CARTESIAN_POINT('',(-3.207623543338,-1.634365688647,
    -0.433974607173));
#1565 = CARTESIAN_POINT('',(-3.738661146426,-0.592145621316,
    -0.533974607173));
#1566 = CARTESIAN_POINT('',(-3.555678006757,0.563164196541,
    -0.633974607173));
#1567 = CARTESIAN_POINT('',(-3.372694867087,1.718474014399,
    -0.733974607173));
#1568 = CARTESIAN_POINT('',(-2.545584324645,2.545584499898,
    -0.833974607173));
#1569 = CARTESIAN_POINT('',(-1.718473782203,3.372694985397,
    -0.933974607173));
#1570 = CARTESIAN_POINT('',(-0.563163951748,3.555678045528,
    -1.033974607173));
#1571 = CARTESIAN_POINT('',(0.592145878707,3.73866110566,-1.133974607173
    ));
#1572 = CARTESIAN_POINT('',(1.634365909478,3.207623430819,
    -1.233974607173));
#1573 = CARTESIAN_POINT('',(2.676585940249,2.676585755978,
    -1.333974607173));
#1574 = CARTESIAN_POINT('',(3.207623543338,1.634365688647,
    -1.433974607173));
#1575 = CARTESIAN_POINT('',(3.738661146426,0.592145621316,
    -1.533974607173));
#1576 = CARTESIAN_POINT('',(3.555678006757,-0.563164196541,
    -1.633974607173));
#1577 = CARTESIAN_POINT('',(3.372694867087,-1.718474014399,
    -1.733974607173));
#1578 = CARTESIAN_POINT('',(2.545584324645,-2.545584499898,
    -1.833974607173));
#1579 = CARTESIAN_POINT('',(1.718473782203,-3.372694985397,
    -1.933974607173));
#1580 = CARTESIAN_POINT('',(0.563163951748,-3.555678045528,
    -2.033974607173));
#1581 = CARTESIAN_POINT('',(-0.592145878707,-3.73866110566,
    -2.133974607173));
#1582 = CARTESIAN_POINT('',(-1.634365909478,-3.207623430819,
    -2.233974607173));
#1583 = CARTESIAN_POINT('',(-2.676585940249,-2.676585755978,
    -2.333974607173));
#1584 = CARTESIAN_POINT('',(-3.207623543338,-1.634365688647,
    -2.433974607173));
#1585 = CARTESIAN_POINT('',(-3.738661146426,-0.592145621316,
    -2.533974607173));
#1586 = CARTESIAN_POINT('',(-3.555678006757,0.563164196541,
    -2.633974607173));
#1587 = CARTESIAN_POINT('',(-3.372694867087,1.718474014399,
    -2.733974607173));
#1588 = CARTESIAN_POINT('',(-2.545584324645,2.545584499898,
    -2.833974607173));
#1589 = CARTESIAN_POINT('',(-1.718473782203,3.372694985397,
    -2.933974607173));
#1590 = CARTESIAN_POINT('',(-0.563163951748,3.555678045528,
    -3.033974607173));
#1591 = CARTESIAN_POINT('',(0.592145878707,3.73866110566,-3.133974607173
    ));
#1592 = CARTESIAN_POINT('',(1.634365909478,3.207623430819,
    -3.233974607173));
#1593 = CARTESIAN_POINT('',(2.676585940249,2.676585755978,
    -3.333974607173));
#1594 = CARTESIAN_POINT('',(3.207623543338,1.634365688647,
    -3.433974607173));
#1595 = CARTESIAN_POINT('',(3.738661146426,0.592145621316,
    -3.533974607173));
#1596 = CARTESIAN_POINT('',(3.555678006757,-0.563164196541,
    -3.633974607173));
#1597 = CARTESIAN_POINT('',(3.372694867087,-1.718474014399,
    -3.733974607173));
#1598 = CARTESIAN_POINT('',(2.545584324645,-2.545584499898,
    -3.833974607173));
#1599 = CARTESIAN_POINT('',(1.718473782203,-3.372694985397,
    -3.933974607173));
#1600 = CARTESIAN_POINT('',(0.563163951748,-3.555678045528,
    -4.033974607173));
#1601 = CARTESIAN_POINT('',(-0.592145878707,-3.73866110566,
    -4.133974607173));
#1602 = CARTESIAN_POINT('',(-1.634365909478,-3.207623430819,
    -4.233974607173));
#1603 = CARTESIAN_POINT('',(-2.676585940249,-2.676585755978,
    -4.333974607173));
#1604 = CARTESIAN_POINT('',(-3.207623543338,-1.634365688647,
    -4.433974607173));
#1605 = CARTESIAN_POINT('',(-3.738661146426,-0.592145621316,
    -4.533974607173));
#1606 = CARTESIAN_POINT('',(-3.555678006757,0.563164196541,
    -4.633974607173));
#1607 = CARTESIAN_POINT('',(-3.372694867087,1.718474014399,
    -4.733974607173));
#1608 = CARTESIAN_POINT('',(-2.545584324645,2.545584499898,
    -4.833974607173));
#1609 = CARTESIAN_POINT('',(-4.099999999585,-5.836745599459E-05,
    9.549381293898));
#1610 = CARTESIAN_POINT('',(-4.100004593622,0.322648066003,
    9.524224093377));
#1611 = CARTESIAN_POINT('',(-4.049522174362,0.641381446061,
    9.499999989043));
#1612 = CARTESIAN_POINT('',(-3.841124709738,1.957150960843,
    9.399999989043));
#1613 = CARTESIAN_POINT('',(-2.899137703068,2.899137902661,
    9.299999989043));
#1614 = CARTESIAN_POINT('',(-1.957150696398,3.84112484448,9.199999989043
    ));
#1615 = CARTESIAN_POINT('',(-0.641381167269,4.049522218518,
    9.099999989043));
#1616 = CARTESIAN_POINT('',(0.67438836186,4.257919592557,8.999999989043)
  );
#1617 = CARTESIAN_POINT('',(1.861361174683,3.653126685099,8.899999989043
    ));
#1618 = CARTESIAN_POINT('',(3.048333987506,3.048333777641,8.799999989043
    ));
#1619 = CARTESIAN_POINT('',(3.653126813246,1.861360923181,8.699999989043
    ));
#1620 = CARTESIAN_POINT('',(4.257919638985,0.674388068721,8.599999989043
    ));
#1621 = CARTESIAN_POINT('',(4.049522174362,-0.641381446061,
    8.499999989043));
#1622 = CARTESIAN_POINT('',(3.841124709738,-1.957150960843,
    8.399999989043));
#1623 = CARTESIAN_POINT('',(2.899137703068,-2.899137902661,
    8.299999989043));
#1624 = CARTESIAN_POINT('',(1.957150696398,-3.84112484448,8.199999989043
    ));
#1625 = CARTESIAN_POINT('',(0.641381167269,-4.049522218518,
    8.099999989043));
#1626 = CARTESIAN_POINT('',(-0.67438836186,-4.257919592557,
    7.999999989043));
#1627 = CARTESIAN_POINT('',(-1.861361174683,-3.653126685099,
    7.899999989043));
#1628 = CARTESIAN_POINT('',(-3.048333987506,-3.048333777641,
    7.799999989043));
#1629 = CARTESIAN_POINT('',(-3.653126813246,-1.861360923181,
    7.699999989043));
#1630 = CARTESIAN_POINT('',(-4.257919638985,-0.674388068721,
    7.599999989043));
#1631 = CARTESIAN_POINT('',(-4.049522174362,0.641381446061,
    7.499999989043));
#1632 = CARTESIAN_POINT('',(-3.841124709738,1.957150960843,
    7.399999989043));
#1633 = CARTESIAN_POINT('',(-2.899137703068,2.899137902661,
    7.299999989043));
#1634 = CARTESIAN_POINT('',(-1.957150696398,3.84112484448,7.199999989043
    ));
#1635 = CARTESIAN_POINT('',(-0.641381167269,4.049522218518,
    7.099999989043));
#1636 = CARTESIAN_POINT('',(0.67438836186,4.257919592557,6.999999989043)
  );
#1637 = CARTESIAN_POINT('',(1.861361174683,3.653126685099,6.899999989043
    ));
#1638 = CARTESIAN_POINT('',(3.048333987506,3.048333777641,6.799999989043
    ));
#1639 = CARTESIAN_POINT('',(3.653126813246,1.861360923181,6.699999989043
    ));
#1640 = CARTESIAN_POINT('',(4.257919638985,0.674388068721,6.599999989043
    ));
#1641 = CARTESIAN_POINT('',(4.049522174362,-0.641381446061,
    6.499999989043));
#1642 = CARTESIAN_POINT('',(3.841124709738,-1.957150960843,
    6.399999989043));
#1643 = CARTESIAN_POINT('',(2.899137703068,-2.899137902661,
    6.299999989043));
#1644 = CARTESIAN_POINT('',(1.957150696398,-3.84112484448,6.199999989043
    ));
#1645 = CARTESIAN_POINT('',(0.641381167269,-4.049522218518,
    6.099999989043));
#1646 = CARTESIAN_POINT('',(-0.67438836186,-4.257919592557,
    5.999999989043));
#1647 = CARTESIAN_POINT('',(-1.861361174683,-3.653126685099,
    5.899999989043));
#1648 = CARTESIAN_POINT('',(-3.048333987506,-3.048333777641,
    5.799999989043));
#1649 = CARTESIAN_POINT('',(-3.653126813246,-1.861360923181,
    5.699999989043));
#1650 = CARTESIAN_POINT('',(-4.257919638985,-0.674388068721,
    5.599999989043));
#1651 = CARTESIAN_POINT('',(-4.049522174362,0.641381446061,
    5.499999989043));
#1652 = CARTESIAN_POINT('',(-3.841124709738,1.957150960843,
    5.399999989043));
#1653 = CARTESIAN_POINT('',(-2.899137703068,2.899137902661,
    5.299999989043));
#1654 = CARTESIAN_POINT('',(-1.957150696398,3.84112484448,5.199999989043
    ));
#1655 = CARTESIAN_POINT('',(-0.641381167269,4.049522218518,
    5.099999989043));
#1656 = CARTESIAN_POINT('',(0.67438836186,4.257919592557,4.999999989043)
  );
#1657 = CARTESIAN_POINT('',(1.861361174683,3.653126685099,4.899999989043
    ));
#1658 = CARTESIAN_POINT('',(3.048333987506,3.048333777641,4.799999989043
    ));
#1659 = CARTESIAN_POINT('',(3.653126813246,1.861360923181,4.699999989043
    ));
#1660 = CARTESIAN_POINT('',(4.257919638985,0.674388068721,4.599999989043
    ));
#1661 = CARTESIAN_POINT('',(4.049522174362,-0.641381446061,
    4.499999989043));
#1662 = CARTESIAN_POINT('',(3.841124709738,-1.957150960843,
    4.399999989043));
#1663 = CARTESIAN_POINT('',(2.899137703068,-2.899137902661,
    4.299999989043));
#1664 = CARTESIAN_POINT('',(1.957150696398,-3.84112484448,4.199999989043
    ));
#1665 = CARTESIAN_POINT('',(0.641381167269,-4.049522218518,
    4.099999989043));
#1666 = CARTESIAN_POINT('',(-0.67438836186,-4.257919592557,
    3.999999989043));
#1667 = CARTESIAN_POINT('',(-1.861361174683,-3.653126685099,
    3.899999989043));
#1668 = CARTESIAN_POINT('',(-3.048333987506,-3.048333777641,
    3.799999989043));
#1669 = CARTESIAN_POINT('',(-3.653126813246,-1.861360923181,
    3.699999989043));
#1670 = CARTESIAN_POINT('',(-4.257919638985,-0.674388068721,
    3.599999989043));
#1671 = CARTESIAN_POINT('',(-4.049522174362,0.641381446061,
    3.499999989043));
#1672 = CARTESIAN_POINT('',(-3.841124709738,1.957150960843,
    3.399999989043));
#1673 = CARTESIAN_POINT('',(-2.899137703068,2.899137902661,
    3.299999989043));
#1674 = CARTESIAN_POINT('',(-1.957150696398,3.84112484448,3.199999989043
    ));
#1675 = CARTESIAN_POINT('',(-0.641381167269,4.049522218518,
    3.099999989043));
#1676 = CARTESIAN_POINT('',(0.67438836186,4.257919592557,2.999999989043)
  );
#1677 = CARTESIAN_POINT('',(1.861361174683,3.653126685099,2.899999989043
    ));
#1678 = CARTESIAN_POINT('',(3.048333987506,3.048333777641,2.799999989043
    ));
#1679 = CARTESIAN_POINT('',(3.653126813246,1.861360923181,2.699999989043
    ));
#1680 = CARTESIAN_POINT('',(4.257919638985,0.674388068721,2.599999989043
    ));
#1681 = CARTESIAN_POINT('',(4.049522174362,-0.641381446061,
    2.499999989043));
#1682 = CARTESIAN_POINT('',(3.841124709738,-1.957150960843,
    2.399999989043));
#1683 = CARTESIAN_POINT('',(2.899137703068,-2.899137902661,
    2.299999989043));
#1684 = CARTESIAN_POINT('',(1.957150696398,-3.84112484448,2.199999989043
    ));
#1685 = CARTESIAN_POINT('',(0.641381167269,-4.049522218518,
    2.099999989043));
#1686 = CARTESIAN_POINT('',(-0.67438836186,-4.257919592557,
    1.999999989043));
#1687 = CARTESIAN_POINT('',(-1.861361174683,-3.653126685099,
    1.899999989043));
#1688 = CARTESIAN_POINT('',(-3.048333987506,-3.048333777641,
    1.799999989043));
#1689 = CARTESIAN_POINT('',(-3.653126813246,-1.861360923181,
    1.699999989043));
#1690 = CARTESIAN_POINT('',(-4.257919638985,-0.674388068721,
    1.599999989043));
#1691 = CARTESIAN_POINT('',(-4.049522174362,0.641381446061,
    1.499999989043));
#1692 = CARTESIAN_POINT('',(-3.841124709738,1.957150960843,
    1.399999989043));
#1693 = CARTESIAN_POINT('',(-2.899137703068,2.899137902661,
    1.299999989043));
#1694 = CARTESIAN_POINT('',(-1.957150696398,3.84112484448,1.199999989043
    ));
#1695 = CARTESIAN_POINT('',(-0.641381167269,4.049522218518,
    1.099999989043));
#1696 = CARTESIAN_POINT('',(0.67438836186,4.257919592557,0.999999989043)
  );
#1697 = CARTESIAN_POINT('',(1.861361174683,3.653126685099,0.899999989043
    ));
#1698 = CARTESIAN_POINT('',(3.048333987506,3.048333777641,0.799999989043
    ));
#1699 = CARTESIAN_POINT('',(3.653126813246,1.861360923181,0.699999989043
    ));
#1700 = CARTESIAN_POINT('',(4.257919638985,0.674388068721,0.599999989043
    ));
#1701 = CARTESIAN_POINT('',(4.049522174362,-0.641381446061,
    0.499999989043));
#1702 = CARTESIAN_POINT('',(3.841124709738,-1.957150960843,
    0.399999989043));
#1703 = CARTESIAN_POINT('',(2.899137703068,-2.899137902661,
    0.299999989043));
#1704 = CARTESIAN_POINT('',(1.957150696398,-3.84112484448,0.199999989043
    ));
#1705 = CARTESIAN_POINT('',(0.641381167269,-4.049522218518,
    9.999998904288E-02));
#1706 = CARTESIAN_POINT('',(-0.67438836186,-4.257919592557,
    -1.095712409693E-08));
#1707 = CARTESIAN_POINT('',(-1.861361174683,-3.653126685099,
    -0.100000010957));
#1708 = CARTESIAN_POINT('',(-3.048333987506,-3.048333777641,
    -0.200000010957));
#1709 = CARTESIAN_POINT('',(-3.653126813246,-1.861360923181,
    -0.300000010957));
#1710 = CARTESIAN_POINT('',(-4.257919638985,-0.674388068721,
    -0.400000010957));
#1711 = CARTESIAN_POINT('',(-4.049522174362,0.641381446061,
    -0.500000010957));
#1712 = CARTESIAN_POINT('',(-3.841124709738,1.957150960843,
    -0.600000010957));
#1713 = CARTESIAN_POINT('',(-2.899137703068,2.899137902661,
    -0.700000010957));
#1714 = CARTESIAN_POINT('',(-1.957150696398,3.84112484448,
    -0.800000010957));
#1715 = CARTESIAN_POINT('',(-0.641381167269,4.049522218518,
    -0.900000010957));
#1716 = CARTESIAN_POINT('',(0.67438836186,4.257919592557,-1.000000010957
    ));
#1717 = CARTESIAN_POINT('',(1.861361174683,3.653126685099,
    -1.100000010957));
#1718 = CARTESIAN_POINT('',(3.048333987506,3.048333777641,
    -1.200000010957));
#1719 = CARTESIAN_POINT('',(3.653126813246,1.861360923181,
    -1.300000010957));
#1720 = CARTESIAN_POINT('',(4.257919638985,0.674388068721,
    -1.400000010957));
#1721 = CARTESIAN_POINT('',(4.049522174362,-0.641381446061,
    -1.500000010957));
#1722 = CARTESIAN_POINT('',(3.841124709738,-1.957150960843,
    -1.600000010957));
#1723 = CARTESIAN_POINT('',(2.899137703068,-2.899137902661,
    -1.700000010957));
#1724 = CARTESIAN_POINT('',(1.957150696398,-3.84112484448,
    -1.800000010957));
#1725 = CARTESIAN_POINT('',(0.641381167269,-4.049522218518,
    -1.900000010957));
#1726 = CARTESIAN_POINT('',(-0.67438836186,-4.257919592557,
    -2.000000010957));
#1727 = CARTESIAN_POINT('',(-1.861361174683,-3.653126685099,
    -2.100000010957));
#1728 = CARTESIAN_POINT('',(-3.048333987506,-3.048333777641,
    -2.200000010957));
#1729 = CARTESIAN_POINT('',(-3.653126813246,-1.861360923181,
    -2.300000010957));
#1730 = CARTESIAN_POINT('',(-4.257919638985,-0.674388068721,
    -2.400000010957));
#1731 = CARTESIAN_POINT('',(-4.049522174362,0.641381446061,
    -2.500000010957));
#1732 = CARTESIAN_POINT('',(-3.841124709738,1.957150960843,
    -2.600000010957));
#1733 = CARTESIAN_POINT('',(-2.899137703068,2.899137902661,
    -2.700000010957));
#1734 = CARTESIAN_POINT('',(-1.957150696398,3.84112484448,
    -2.800000010957));
#1735 = CARTESIAN_POINT('',(-0.641381167269,4.049522218518,
    -2.900000010957));
#1736 = CARTESIAN_POINT('',(0.67438836186,4.257919592557,-3.000000010957
    ));
#1737 = CARTESIAN_POINT('',(1.861361174683,3.653126685099,
    -3.100000010957));
#1738 = CARTESIAN_POINT('',(3.048333987506,3.048333777641,
    -3.200000010957));
#1739 = CARTESIAN_POINT('',(3.653126813246,1.861360923181,
    -3.300000010957));
#1740 = CARTESIAN_POINT('',(4.257919638985,0.674388068721,
    -3.400000010957));
#1741 = CARTESIAN_POINT('',(4.049522174362,-0.641381446061,
    -3.500000010957));
#1742 = CARTESIAN_POINT('',(3.841124709738,-1.957150960843,
    -3.600000010957));
#1743 = CARTESIAN_POINT('',(2.899137703068,-2.899137902661,
    -3.700000010957));
#1744 = CARTESIAN_POINT('',(1.957150696398,-3.84112484448,
    -3.800000010957));
#1745 = CARTESIAN_POINT('',(0.641381167269,-4.049522218518,
    -3.900000010957));
#1746 = CARTESIAN_POINT('',(-0.67438836186,-4.257919592557,
    -4.000000010957));
#1747 = CARTESIAN_POINT('',(-1.861361174683,-3.653126685099,
    -4.100000010957));
#1748 = CARTESIAN_POINT('',(-3.048333987506,-3.048333777641,
    -4.200000010957));
#1749 = CARTESIAN_POINT('',(-3.653126813246,-1.861360923181,
    -4.300000010957));
#1750 = CARTESIAN_POINT('',(-4.257919638985,-0.674388068721,
    -4.400000010957));
#1751 = CARTESIAN_POINT('',(-4.049522174362,0.641381446061,
    -4.500000010957));
#1752 = CARTESIAN_POINT('',(-3.841124709738,1.957150960843,
    -4.600000010957));
#1753 = CARTESIAN_POINT('',(-2.899137703068,2.899137902661,
    -4.700000010957));
#1754 = DEFINITIONAL_REPRESENTATION('',(#1755),#1759);
#1755 = LINE('',#1756,#1757);
#1756 = CARTESIAN_POINT('',(3.530586365607E-14,0.));
#1757 = VECTOR('',#1758,1.);
#1758 = DIRECTION('',(-5.174376588647E-14,1.));
#1759 = ( GEOMETRIC_REPRESENTATION_CONTEXT(2) 
PARAMETRIC_REPRESENTATION_CONTEXT() REPRESENTATION_CONTEXT('2D SPACE',''
  ) );
#1760 = ADVANCED_FACE('',(#1761),#1411,.F.);
#1761 = FACE_BOUND('',#1762,.F.);
#1762 = EDGE_LOOP('',(#1763,#1787,#2128,#2156,#2209));
#1763 = ORIENTED_EDGE('',*,*,#1764,.T.);
#1764 = EDGE_CURVE('',#1367,#1765,#1767,.T.);
#1765 = VERTEX_POINT('',#1766);
#1766 = CARTESIAN_POINT('',(0.933352736476,3.476902740848,0.));
#1767 = SURFACE_CURVE('',#1768,(#1773,#1780),.PCURVE_S1.);
#1768 = CIRCLE('',#1769,3.6);
#1769 = AXIS2_PLACEMENT_3D('',#1770,#1771,#1772);
#1770 = CARTESIAN_POINT('',(0.,0.,0.));
#1771 = DIRECTION('',(0.,0.,1.));
#1772 = DIRECTION('',(1.,0.,-0.));
#1773 = PCURVE('',#1411,#1774);
#1774 = DEFINITIONAL_REPRESENTATION('',(#1775),#1779);
#1775 = LINE('',#1776,#1777);
#1776 = CARTESIAN_POINT('',(3.14159265359,10.));
#1777 = VECTOR('',#1778,1.);
#1778 = DIRECTION('',(-1.,0.));
#1779 = ( GEOMETRIC_REPRESENTATION_CONTEXT(2) 
PARAMETRIC_REPRESENTATION_CONTEXT() REPRESENTATION_CONTEXT('2D SPACE',''
  ) );
#1780 = PCURVE('',#989,#1781);
#1781 = DEFINITIONAL_REPRESENTATION('',(#1782),#1786);
#1782 = CIRCLE('',#1783,3.6);
#1783 = AXIS2_PLACEMENT_2D('',#1784,#1785);
#1784 = CARTESIAN_POINT('',(0.,0.));
#1785 = DIRECTION('',(1.,0.));
#1786 = ( GEOMETRIC_REPRESENTATION_CONTEXT(2) 
PARAMETRIC_REPRESENTATION_CONTEXT() REPRESENTATION_CONTEXT('2D SPACE',''
  ) );
#1787 = ORIENTED_EDGE('',*,*,#1788,.T.);
#1788 = EDGE_CURVE('',#1765,#1789,#1791,.T.);
#1789 = VERTEX_POINT('',#1790);
#1790 = CARTESIAN_POINT('',(-3.6,2.595712431496E-14,0.583351339971));
#1791 = SURFACE_CURVE('',#1792,(#1802,#1831),.PCURVE_S1.);
#1792 = ( BOUNDED_CURVE() B_SPLINE_CURVE(2,(#1793,#1794,#1795,#1796,
    #1797,#1798,#1799,#1800,#1801),.UNSPECIFIED.,.F.,.F.) 
B_SPLINE_CURVE_WITH_KNOTS((3,2,2,2,3),(0.257311186413,0.266660805719,
0.280695584967,0.294730364216,0.298260792506),.UNSPECIFIED.) CURVE() 
GEOMETRIC_REPRESENTATION_ITEM() RATIONAL_B_SPLINE_CURVE((0.97823132221,
    0.967395073904,1.,0.951056516295,1.,0.951056516295,1.,0.987688337919
,0.981570637188)) REPRESENTATION_ITEM('') );
#1793 = CARTESIAN_POINT('',(0.933352736476,3.476902740848,0.));
#1794 = CARTESIAN_POINT('',(0.193475992172,3.675518012874,
    6.848220183239E-02));
#1795 = CARTESIAN_POINT('',(-0.563163951748,3.555678045528,
    0.133974585258));
#1796 = CARTESIAN_POINT('',(-1.718473782203,3.372694985397,
    0.233974585258));
#1797 = CARTESIAN_POINT('',(-2.545584324645,2.545584499898,
    0.333974585258));
#1798 = CARTESIAN_POINT('',(-3.372694867087,1.718474014399,
    0.433974585258));
#1799 = CARTESIAN_POINT('',(-3.555678006757,0.563164196541,
    0.533974585258));
#1800 = CARTESIAN_POINT('',(-3.6,0.283326206913,0.558196485333));
#1801 = CARTESIAN_POINT('',(-3.6,2.595712431496E-14,0.583351339971));
#1802 = PCURVE('',#1411,#1803);
#1803 = DEFINITIONAL_REPRESENTATION('',(#1804),#1830);
#1804 = B_SPLINE_CURVE_WITH_KNOTS('',3,(#1805,#1806,#1807,#1808,#1809,
    #1810,#1811,#1812,#1813,#1814,#1815,#1816,#1817,#1818,#1819,#1820,
    #1821,#1822,#1823,#1824,#1825,#1826,#1827,#1828,#1829),
  .UNSPECIFIED.,.F.,.F.,(4,1,1,1,1,1,1,1,1,1,1,1,1,1,1,1,1,1,1,1,1,1,4),
  (0.257311186413,0.259172532144,0.261033877876,0.262895223607,
    0.264756569339,0.26661791507,0.268479260802,0.270340606533,
    0.272201952265,0.274063297996,0.275924643728,0.277785989459,
    0.279647335191,0.281508680922,0.283370026654,0.285231372385,
    0.287092718117,0.288954063848,0.29081540958,0.292676755311,
    0.294538101043,0.296399446774,0.298260792506),
  .QUASI_UNIFORM_KNOTS.);
#1805 = CARTESIAN_POINT('',(1.833057066249,10.));
#1806 = CARTESIAN_POINT('',(1.805127089653,9.991011655292));
#1807 = CARTESIAN_POINT('',(1.749144578929,9.972916221613));
#1808 = CARTESIAN_POINT('',(1.665090286094,9.945695015603));
#1809 = CARTESIAN_POINT('',(1.581276483338,9.918706662547));
#1810 = CARTESIAN_POINT('',(1.497905639045,9.89214751186));
#1811 = CARTESIAN_POINT('',(1.415592772764,9.86659472728));
#1812 = CARTESIAN_POINT('',(1.333357700272,9.841115400627));
#1813 = CARTESIAN_POINT('',(1.250008204686,9.814576959978));
#1814 = CARTESIAN_POINT('',(1.166213884014,9.787607419138));
#1815 = CARTESIAN_POINT('',(1.082163791241,9.760390273388));
#1816 = CARTESIAN_POINT('',(0.998175865644,9.733233530459));
#1817 = CARTESIAN_POINT('',(0.914562512986,9.706439073325));
#1818 = CARTESIAN_POINT('',(0.831521660384,9.680196315659));
#1819 = CARTESIAN_POINT('',(0.749670166164,9.655079260223));
#1820 = CARTESIAN_POINT('',(0.666766692031,9.628967189989));
#1821 = CARTESIAN_POINT('',(0.583209528526,9.602227212097));
#1822 = CARTESIAN_POINT('',(0.499252695465,9.575100598363));
#1823 = CARTESIAN_POINT('',(0.415194650015,9.547875693539));
#1824 = CARTESIAN_POINT('',(0.331349409698,9.520856964924));
#1825 = CARTESIAN_POINT('',(0.247936750198,9.494257361699));
#1826 = CARTESIAN_POINT('',(0.165513041346,9.468599837822));
#1827 = CARTESIAN_POINT('',(8.332174453292E-02,9.443161804488));
#1828 = CARTESIAN_POINT('',(2.797441496843E-02,9.425677041069));
#1829 = CARTESIAN_POINT('',(0.,9.416648660029));
#1830 = ( GEOMETRIC_REPRESENTATION_CONTEXT(2) 
PARAMETRIC_REPRESENTATION_CONTEXT() REPRESENTATION_CONTEXT('2D SPACE',''
  ) );
#1831 = PCURVE('',#1832,#2123);
#1832 = ( BOUNDED_SURFACE() B_SPLINE_SURFACE(1,2,(
    (#1833,#1834,#1835,#1836,#1837,#1838,#1839,#1840,#1841,#1842,#1843
      ,#1844,#1845,#1846,#1847,#1848,#1849,#1850,#1851,#1852,#1853,#1854
      ,#1855,#1856,#1857,#1858,#1859,#1860,#1861,#1862,#1863,#1864,#1865
      ,#1866,#1867,#1868,#1869,#1870,#1871,#1872,#1873,#1874,#1875,#1876
      ,#1877,#1878,#1879,#1880,#1881,#1882,#1883,#1884,#1885,#1886,#1887
      ,#1888,#1889,#1890,#1891,#1892,#1893,#1894,#1895,#1896,#1897,#1898
      ,#1899,#1900,#1901,#1902,#1903,#1904,#1905,#1906,#1907,#1908,#1909
      ,#1910,#1911,#1912,#1913,#1914,#1915,#1916,#1917,#1918,#1919,#1920
      ,#1921,#1922,#1923,#1924,#1925,#1926,#1927,#1928,#1929,#1930,#1931
      ,#1932,#1933,#1934,#1935,#1936,#1937,#1938,#1939,#1940,#1941,#1942
      ,#1943,#1944,#1945,#1946,#1947,#1948,#1949,#1950,#1951,#1952,#1953
      ,#1954,#1955,#1956,#1957,#1958,#1959,#1960,#1961,#1962,#1963,#1964
      ,#1965,#1966,#1967,#1968,#1969,#1970,#1971,#1972,#1973,#1974,#1975
      ,#1976,#1977)
    ,(#1978,#1979,#1980,#1981,#1982,#1983,#1984,#1985,#1986,#1987,#1988
      ,#1989,#1990,#1991,#1992,#1993,#1994,#1995,#1996,#1997,#1998,#1999
      ,#2000,#2001,#2002,#2003,#2004,#2005,#2006,#2007,#2008,#2009,#2010
      ,#2011,#2012,#2013,#2014,#2015,#2016,#2017,#2018,#2019,#2020,#2021
      ,#2022,#2023,#2024,#2025,#2026,#2027,#2028,#2029,#2030,#2031,#2032
      ,#2033,#2034,#2035,#2036,#2037,#2038,#2039,#2040,#2041,#2042,#2043
      ,#2044,#2045,#2046,#2047,#2048,#2049,#2050,#2051,#2052,#2053,#2054
      ,#2055,#2056,#2057,#2058,#2059,#2060,#2061,#2062,#2063,#2064,#2065
      ,#2066,#2067,#2068,#2069,#2070,#2071,#2072,#2073,#2074,#2075,#2076
      ,#2077,#2078,#2079,#2080,#2081,#2082,#2083,#2084,#2085,#2086,#2087
      ,#2088,#2089,#2090,#2091,#2092,#2093,#2094,#2095,#2096,#2097,#2098
      ,#2099,#2100,#2101,#2102,#2103,#2104,#2105,#2106,#2107,#2108,#2109
      ,#2110,#2111,#2112,#2113,#2114,#2115,#2116,#2117,#2118,#2119,#2120
      ,#2121,#2122
)),.UNSPECIFIED.,.F.,.F.,.F.) B_SPLINE_SURFACE_WITH_KNOTS((2,2),(3,2,2,2
    ,2,2,2,2,2,2,2,2,2,2,2,2,2,2,2,2,2,2,2,2,2,2,2,2,2,2,2,2,2,2,2,2,2,2
    ,2,2,2,2,2,2,2,2,2,2,2,2,2,2,2,2,2,2,2,2,2,2,2,2,2,2,2,2,2,2,2,2,2,2
    ,3),(0.,1.),(0.109355424921,0.1125,0.125,0.1375,0.15,0.1625,0.175,
    0.1875,0.2,0.2125,0.225,0.2375,0.25,0.2625,0.275,0.2875,0.3,0.3125,
    0.325,0.3375,0.35,0.3625,0.375,0.3875,0.4,0.4125,0.425,0.4375,0.45,
    0.4625,0.475,0.4875,0.5,0.5125,0.525,0.5375,0.55,0.5625,0.575,0.5875
    ,0.6,0.6125,0.625,0.6375,0.65,0.6625,0.675,0.6875,0.7,0.7125,0.725,
    0.7375,0.75,0.7625,0.775,0.7875,0.8,0.8125,0.825,0.8375,0.85,0.8625,
    0.875,0.8875,0.9,0.9125,0.925,0.9375,0.95,0.9625,0.975,0.9875,1.),
.UNSPECIFIED.) GEOMETRIC_REPRESENTATION_ITEM() RATIONAL_B_SPLINE_SURFACE
((
    (0.98156978786,0.987687483267,1.,0.951056516295,1.,0.951056516295,1.
      ,0.951056516295,1.,0.951056516295,1.,0.951056516295,1.
      ,0.951056516295,1.,0.951056516295,1.,0.951056516295,1.
      ,0.951056516295,1.,0.951056516295,1.,0.951056516295,1.
      ,0.951056516295,1.,0.951056516295,1.,0.951056516295,1.
      ,0.951056516295,1.,0.951056516295,1.,0.951056516295,1.
      ,0.951056516295,1.,0.951056516295,1.,0.951056516295,1.
      ,0.951056516295,1.,0.951056516295,1.,0.951056516295,1.
      ,0.951056516295,1.,0.951056516295,1.,0.951056516295,1.
      ,0.951056516295,1.,0.951056516295,1.,0.951056516295,1.
      ,0.951056516295,1.,0.951056516295,1.,0.951056516295,1.
      ,0.951056516295,1.,0.951056516295,1.,0.951056516295,1.
      ,0.951056516295,1.,0.951056516295,1.,0.951056516295,1.
      ,0.951056516295,1.,0.951056516295,1.,0.951056516295,1.
      ,0.951056516295,1.,0.951056516295,1.,0.951056516295,1.
      ,0.951056516295,1.,0.951056516295,1.,0.951056516295,1.
      ,0.951056516295,1.,0.951056516295,1.,0.951056516295,1.
      ,0.951056516295,1.,0.951056516295,1.,0.951056516295,1.
      ,0.951056516295,1.,0.951056516295,1.,0.951056516295,1.
      ,0.951056516295,1.,0.951056516295,1.,0.951056516295,1.
      ,0.951056516295,1.,0.951056516295,1.,0.951056516295,1.
      ,0.951056516295,1.,0.951056516295,1.,0.951056516295,1.
      ,0.951056516295,1.,0.951056516295,1.,0.951056516295,1.
      ,0.951056516295,1.,0.951056516295,1.,0.951056516295,1.)
    ,(0.98156978786,0.987687483267,1.,0.951056516295,1.,0.951056516295
      ,1.,0.951056516295,1.,0.951056516295,1.,0.951056516295,1.
      ,0.951056516295,1.,0.951056516295,1.,0.951056516295,1.
      ,0.951056516295,1.,0.951056516295,1.,0.951056516295,1.
      ,0.951056516295,1.,0.951056516295,1.,0.951056516295,1.
      ,0.951056516295,1.,0.951056516295,1.,0.951056516295,1.
      ,0.951056516295,1.,0.951056516295,1.,0.951056516295,1.
      ,0.951056516295,1.,0.951056516295,1.,0.951056516295,1.
      ,0.951056516295,1.,0.951056516295,1.,0.951056516295,1.
      ,0.951056516295,1.,0.951056516295,1.,0.951056516295,1.
      ,0.951056516295,1.,0.951056516295,1.,0.951056516295,1.
      ,0.951056516295,1.,0.951056516295,1.,0.951056516295,1.
      ,0.951056516295,1.,0.951056516295,1.,0.951056516295,1.
      ,0.951056516295,1.,0.951056516295,1.,0.951056516295,1.
      ,0.951056516295,1.,0.951056516295,1.,0.951056516295,1.
      ,0.951056516295,1.,0.951056516295,1.,0.951056516295,1.
      ,0.951056516295,1.,0.951056516295,1.,0.951056516295,1.
      ,0.951056516295,1.,0.951056516295,1.,0.951056516295,1.
      ,0.951056516295,1.,0.951056516295,1.,0.951056516295,1.
      ,0.951056516295,1.,0.951056516295,1.,0.951056516295,1.
      ,0.951056516295,1.,0.951056516295,1.,0.951056516295,1.
      ,0.951056516295,1.,0.951056516295,1.,0.951056516295,1.
      ,0.951056516295,1.,0.951056516295,1.,0.951056516295,1.
      ,0.951056516295,1.,0.951056516295,1.,0.951056516295,1.
))) REPRESENTATION_ITEM('') SURFACE() );
#1833 = CARTESIAN_POINT('',(-4.099999999752,-4.507849041229E-05,
    10.449380257931));
#1834 = CARTESIAN_POINT('',(-4.100003547756,0.322654669337,
    10.424223591516));
#1835 = CARTESIAN_POINT('',(-4.049522174362,0.641381446061,
    10.399999989043));
#1836 = CARTESIAN_POINT('',(-3.841124709738,1.957150960843,
    10.299999989043));
#1837 = CARTESIAN_POINT('',(-2.899137703068,2.899137902661,
    10.199999989043));
#1838 = CARTESIAN_POINT('',(-1.957150696398,3.84112484448,
    10.099999989043));
#1839 = CARTESIAN_POINT('',(-0.641381167269,4.049522218518,
    9.999999989043));
#1840 = CARTESIAN_POINT('',(0.67438836186,4.257919592557,9.899999989043)
  );
#1841 = CARTESIAN_POINT('',(1.861361174683,3.653126685099,9.799999989043
    ));
#1842 = CARTESIAN_POINT('',(3.048333987506,3.048333777641,9.699999989043
    ));
#1843 = CARTESIAN_POINT('',(3.653126813246,1.861360923181,9.599999989043
    ));
#1844 = CARTESIAN_POINT('',(4.257919638985,0.674388068721,9.499999989043
    ));
#1845 = CARTESIAN_POINT('',(4.049522174362,-0.641381446061,
    9.399999989043));
#1846 = CARTESIAN_POINT('',(3.841124709738,-1.957150960843,
    9.299999989043));
#1847 = CARTESIAN_POINT('',(2.899137703068,-2.899137902661,
    9.199999989043));
#1848 = CARTESIAN_POINT('',(1.957150696398,-3.84112484448,9.099999989043
    ));
#1849 = CARTESIAN_POINT('',(0.641381167269,-4.049522218518,
    8.999999989043));
#1850 = CARTESIAN_POINT('',(-0.67438836186,-4.257919592557,
    8.899999989043));
#1851 = CARTESIAN_POINT('',(-1.861361174683,-3.653126685099,
    8.799999989043));
#1852 = CARTESIAN_POINT('',(-3.048333987506,-3.048333777641,
    8.699999989043));
#1853 = CARTESIAN_POINT('',(-3.653126813246,-1.861360923181,
    8.599999989043));
#1854 = CARTESIAN_POINT('',(-4.257919638985,-0.674388068721,
    8.499999989043));
#1855 = CARTESIAN_POINT('',(-4.049522174362,0.641381446061,
    8.399999989043));
#1856 = CARTESIAN_POINT('',(-3.841124709738,1.957150960843,
    8.299999989043));
#1857 = CARTESIAN_POINT('',(-2.899137703068,2.899137902661,
    8.199999989043));
#1858 = CARTESIAN_POINT('',(-1.957150696398,3.84112484448,8.099999989043
    ));
#1859 = CARTESIAN_POINT('',(-0.641381167269,4.049522218518,
    7.999999989043));
#1860 = CARTESIAN_POINT('',(0.67438836186,4.257919592557,7.899999989043)
  );
#1861 = CARTESIAN_POINT('',(1.861361174683,3.653126685099,7.799999989043
    ));
#1862 = CARTESIAN_POINT('',(3.048333987506,3.048333777641,7.699999989043
    ));
#1863 = CARTESIAN_POINT('',(3.653126813246,1.861360923181,7.599999989043
    ));
#1864 = CARTESIAN_POINT('',(4.257919638985,0.674388068721,7.499999989043
    ));
#1865 = CARTESIAN_POINT('',(4.049522174362,-0.641381446061,
    7.399999989043));
#1866 = CARTESIAN_POINT('',(3.841124709738,-1.957150960843,
    7.299999989043));
#1867 = CARTESIAN_POINT('',(2.899137703068,-2.899137902661,
    7.199999989043));
#1868 = CARTESIAN_POINT('',(1.957150696398,-3.84112484448,7.099999989043
    ));
#1869 = CARTESIAN_POINT('',(0.641381167269,-4.049522218518,
    6.999999989043));
#1870 = CARTESIAN_POINT('',(-0.67438836186,-4.257919592557,
    6.899999989043));
#1871 = CARTESIAN_POINT('',(-1.861361174683,-3.653126685099,
    6.799999989043));
#1872 = CARTESIAN_POINT('',(-3.048333987506,-3.048333777641,
    6.699999989043));
#1873 = CARTESIAN_POINT('',(-3.653126813246,-1.861360923181,
    6.599999989043));
#1874 = CARTESIAN_POINT('',(-4.257919638985,-0.674388068721,
    6.499999989043));
#1875 = CARTESIAN_POINT('',(-4.049522174362,0.641381446061,
    6.399999989043));
#1876 = CARTESIAN_POINT('',(-3.841124709738,1.957150960843,
    6.299999989043));
#1877 = CARTESIAN_POINT('',(-2.899137703068,2.899137902661,
    6.199999989043));
#1878 = CARTESIAN_POINT('',(-1.957150696398,3.84112484448,6.099999989043
    ));
#1879 = CARTESIAN_POINT('',(-0.641381167269,4.049522218518,
    5.999999989043));
#1880 = CARTESIAN_POINT('',(0.67438836186,4.257919592557,5.899999989043)
  );
#1881 = CARTESIAN_POINT('',(1.861361174683,3.653126685099,5.799999989043
    ));
#1882 = CARTESIAN_POINT('',(3.048333987506,3.048333777641,5.699999989043
    ));
#1883 = CARTESIAN_POINT('',(3.653126813246,1.861360923181,5.599999989043
    ));
#1884 = CARTESIAN_POINT('',(4.257919638985,0.674388068721,5.499999989043
    ));
#1885 = CARTESIAN_POINT('',(4.049522174362,-0.641381446061,
    5.399999989043));
#1886 = CARTESIAN_POINT('',(3.841124709738,-1.957150960843,
    5.299999989043));
#1887 = CARTESIAN_POINT('',(2.899137703068,-2.899137902661,
    5.199999989043));
#1888 = CARTESIAN_POINT('',(1.957150696398,-3.84112484448,5.099999989043
    ));
#1889 = CARTESIAN_POINT('',(0.641381167269,-4.049522218518,
    4.999999989043));
#1890 = CARTESIAN_POINT('',(-0.67438836186,-4.257919592557,
    4.899999989043));
#1891 = CARTESIAN_POINT('',(-1.861361174683,-3.653126685099,
    4.799999989043));
#1892 = CARTESIAN_POINT('',(-3.048333987506,-3.048333777641,
    4.699999989043));
#1893 = CARTESIAN_POINT('',(-3.653126813246,-1.861360923181,
    4.599999989043));
#1894 = CARTESIAN_POINT('',(-4.257919638985,-0.674388068721,
    4.499999989043));
#1895 = CARTESIAN_POINT('',(-4.049522174362,0.641381446061,
    4.399999989043));
#1896 = CARTESIAN_POINT('',(-3.841124709738,1.957150960843,
    4.299999989043));
#1897 = CARTESIAN_POINT('',(-2.899137703068,2.899137902661,
    4.199999989043));
#1898 = CARTESIAN_POINT('',(-1.957150696398,3.84112484448,4.099999989043
    ));
#1899 = CARTESIAN_POINT('',(-0.641381167269,4.049522218518,
    3.999999989043));
#1900 = CARTESIAN_POINT('',(0.67438836186,4.257919592557,3.899999989043)
  );
#1901 = CARTESIAN_POINT('',(1.861361174683,3.653126685099,3.799999989043
    ));
#1902 = CARTESIAN_POINT('',(3.048333987506,3.048333777641,3.699999989043
    ));
#1903 = CARTESIAN_POINT('',(3.653126813246,1.861360923181,3.599999989043
    ));
#1904 = CARTESIAN_POINT('',(4.257919638985,0.674388068721,3.499999989043
    ));
#1905 = CARTESIAN_POINT('',(4.049522174362,-0.641381446061,
    3.399999989043));
#1906 = CARTESIAN_POINT('',(3.841124709738,-1.957150960843,
    3.299999989043));
#1907 = CARTESIAN_POINT('',(2.899137703068,-2.899137902661,
    3.199999989043));
#1908 = CARTESIAN_POINT('',(1.957150696398,-3.84112484448,3.099999989043
    ));
#1909 = CARTESIAN_POINT('',(0.641381167269,-4.049522218518,
    2.999999989043));
#1910 = CARTESIAN_POINT('',(-0.67438836186,-4.257919592557,
    2.899999989043));
#1911 = CARTESIAN_POINT('',(-1.861361174683,-3.653126685099,
    2.799999989043));
#1912 = CARTESIAN_POINT('',(-3.048333987506,-3.048333777641,
    2.699999989043));
#1913 = CARTESIAN_POINT('',(-3.653126813246,-1.861360923181,
    2.599999989043));
#1914 = CARTESIAN_POINT('',(-4.257919638985,-0.674388068721,
    2.499999989043));
#1915 = CARTESIAN_POINT('',(-4.049522174362,0.641381446061,
    2.399999989043));
#1916 = CARTESIAN_POINT('',(-3.841124709738,1.957150960843,
    2.299999989043));
#1917 = CARTESIAN_POINT('',(-2.899137703068,2.899137902661,
    2.199999989043));
#1918 = CARTESIAN_POINT('',(-1.957150696398,3.84112484448,2.099999989043
    ));
#1919 = CARTESIAN_POINT('',(-0.641381167269,4.049522218518,
    1.999999989043));
#1920 = CARTESIAN_POINT('',(0.67438836186,4.257919592557,1.899999989043)
  );
#1921 = CARTESIAN_POINT('',(1.861361174683,3.653126685099,1.799999989043
    ));
#1922 = CARTESIAN_POINT('',(3.048333987506,3.048333777641,1.699999989043
    ));
#1923 = CARTESIAN_POINT('',(3.653126813246,1.861360923181,1.599999989043
    ));
#1924 = CARTESIAN_POINT('',(4.257919638985,0.674388068721,1.499999989043
    ));
#1925 = CARTESIAN_POINT('',(4.049522174362,-0.641381446061,
    1.399999989043));
#1926 = CARTESIAN_POINT('',(3.841124709738,-1.957150960843,
    1.299999989043));
#1927 = CARTESIAN_POINT('',(2.899137703068,-2.899137902661,
    1.199999989043));
#1928 = CARTESIAN_POINT('',(1.957150696398,-3.84112484448,1.099999989043
    ));
#1929 = CARTESIAN_POINT('',(0.641381167269,-4.049522218518,
    0.999999989043));
#1930 = CARTESIAN_POINT('',(-0.67438836186,-4.257919592557,
    0.899999989043));
#1931 = CARTESIAN_POINT('',(-1.861361174683,-3.653126685099,
    0.799999989043));
#1932 = CARTESIAN_POINT('',(-3.048333987506,-3.048333777641,
    0.699999989043));
#1933 = CARTESIAN_POINT('',(-3.653126813246,-1.861360923181,
    0.599999989043));
#1934 = CARTESIAN_POINT('',(-4.257919638985,-0.674388068721,
    0.499999989043));
#1935 = CARTESIAN_POINT('',(-4.049522174362,0.641381446061,
    0.399999989043));
#1936 = CARTESIAN_POINT('',(-3.841124709738,1.957150960843,
    0.299999989043));
#1937 = CARTESIAN_POINT('',(-2.899137703068,2.899137902661,
    0.199999989043));
#1938 = CARTESIAN_POINT('',(-1.957150696398,3.84112484448,
    9.999998904288E-02));
#1939 = CARTESIAN_POINT('',(-0.641381167269,4.049522218518,
    -1.095712236221E-08));
#1940 = CARTESIAN_POINT('',(0.67438836186,4.257919592557,-0.100000010957
    ));
#1941 = CARTESIAN_POINT('',(1.861361174683,3.653126685099,
    -0.200000010957));
#1942 = CARTESIAN_POINT('',(3.048333987506,3.048333777641,
    -0.300000010957));
#1943 = CARTESIAN_POINT('',(3.653126813246,1.861360923181,
    -0.400000010957));
#1944 = CARTESIAN_POINT('',(4.257919638985,0.674388068721,
    -0.500000010957));
#1945 = CARTESIAN_POINT('',(4.049522174362,-0.641381446061,
    -0.600000010957));
#1946 = CARTESIAN_POINT('',(3.841124709738,-1.957150960843,
    -0.700000010957));
#1947 = CARTESIAN_POINT('',(2.899137703068,-2.899137902661,
    -0.800000010957));
#1948 = CARTESIAN_POINT('',(1.957150696398,-3.84112484448,
    -0.900000010957));
#1949 = CARTESIAN_POINT('',(0.641381167269,-4.049522218518,
    -1.000000010957));
#1950 = CARTESIAN_POINT('',(-0.67438836186,-4.257919592557,
    -1.100000010957));
#1951 = CARTESIAN_POINT('',(-1.861361174683,-3.653126685099,
    -1.200000010957));
#1952 = CARTESIAN_POINT('',(-3.048333987506,-3.048333777641,
    -1.300000010957));
#1953 = CARTESIAN_POINT('',(-3.653126813246,-1.861360923181,
    -1.400000010957));
#1954 = CARTESIAN_POINT('',(-4.257919638985,-0.674388068721,
    -1.500000010957));
#1955 = CARTESIAN_POINT('',(-4.049522174362,0.641381446061,
    -1.600000010957));
#1956 = CARTESIAN_POINT('',(-3.841124709738,1.957150960843,
    -1.700000010957));
#1957 = CARTESIAN_POINT('',(-2.899137703068,2.899137902661,
    -1.800000010957));
#1958 = CARTESIAN_POINT('',(-1.957150696398,3.84112484448,
    -1.900000010957));
#1959 = CARTESIAN_POINT('',(-0.641381167269,4.049522218518,
    -2.000000010957));
#1960 = CARTESIAN_POINT('',(0.67438836186,4.257919592557,-2.100000010957
    ));
#1961 = CARTESIAN_POINT('',(1.861361174683,3.653126685099,
    -2.200000010957));
#1962 = CARTESIAN_POINT('',(3.048333987506,3.048333777641,
    -2.300000010957));
#1963 = CARTESIAN_POINT('',(3.653126813246,1.861360923181,
    -2.400000010957));
#1964 = CARTESIAN_POINT('',(4.257919638985,0.674388068721,
    -2.500000010957));
#1965 = CARTESIAN_POINT('',(4.049522174362,-0.641381446061,
    -2.600000010957));
#1966 = CARTESIAN_POINT('',(3.841124709738,-1.957150960843,
    -2.700000010957));
#1967 = CARTESIAN_POINT('',(2.899137703068,-2.899137902661,
    -2.800000010957));
#1968 = CARTESIAN_POINT('',(1.957150696398,-3.84112484448,
    -2.900000010957));
#1969 = CARTESIAN_POINT('',(0.641381167269,-4.049522218518,
    -3.000000010957));
#1970 = CARTESIAN_POINT('',(-0.67438836186,-4.257919592557,
    -3.100000010957));
#1971 = CARTESIAN_POINT('',(-1.861361174683,-3.653126685099,
    -3.200000010957));
#1972 = CARTESIAN_POINT('',(-3.048333987506,-3.048333777641,
    -3.300000010957));
#1973 = CARTESIAN_POINT('',(-3.653126813246,-1.861360923181,
    -3.400000010957));
#1974 = CARTESIAN_POINT('',(-4.257919638985,-0.674388068721,
    -3.500000010957));
#1975 = CARTESIAN_POINT('',(-4.049522174362,0.641381446061,
    -3.600000010957));
#1976 = CARTESIAN_POINT('',(-3.841124709738,1.957150960843,
    -3.700000010957));
#1977 = CARTESIAN_POINT('',(-2.899137703068,2.899137902661,
    -3.800000010957));
#1978 = CARTESIAN_POINT('',(-3.599999999782,-3.958111353287E-05,
    10.583354854147));
#1979 = CARTESIAN_POINT('',(-3.600003115103,0.28330653893,
    10.558198187732));
#1980 = CARTESIAN_POINT('',(-3.555678006757,0.563164196541,
    10.533974585258));
#1981 = CARTESIAN_POINT('',(-3.372694867087,1.718474014399,
    10.433974585258));
#1982 = CARTESIAN_POINT('',(-2.545584324645,2.545584499898,
    10.333974585258));
#1983 = CARTESIAN_POINT('',(-1.718473782203,3.372694985397,
    10.233974585258));
#1984 = CARTESIAN_POINT('',(-0.563163951748,3.555678045528,
    10.133974585258));
#1985 = CARTESIAN_POINT('',(0.592145878707,3.73866110566,10.033974585258
    ));
#1986 = CARTESIAN_POINT('',(1.634365909478,3.207623430819,9.933974585258
    ));
#1987 = CARTESIAN_POINT('',(2.676585940249,2.676585755978,9.833974585258
    ));
#1988 = CARTESIAN_POINT('',(3.207623543338,1.634365688647,9.733974585258
    ));
#1989 = CARTESIAN_POINT('',(3.738661146426,0.592145621316,9.633974585258
    ));
#1990 = CARTESIAN_POINT('',(3.555678006757,-0.563164196541,
    9.533974585258));
#1991 = CARTESIAN_POINT('',(3.372694867087,-1.718474014399,
    9.433974585258));
#1992 = CARTESIAN_POINT('',(2.545584324645,-2.545584499898,
    9.333974585258));
#1993 = CARTESIAN_POINT('',(1.718473782203,-3.372694985397,
    9.233974585258));
#1994 = CARTESIAN_POINT('',(0.563163951748,-3.555678045528,
    9.133974585258));
#1995 = CARTESIAN_POINT('',(-0.592145878707,-3.73866110566,
    9.033974585258));
#1996 = CARTESIAN_POINT('',(-1.634365909478,-3.207623430819,
    8.933974585258));
#1997 = CARTESIAN_POINT('',(-2.676585940249,-2.676585755978,
    8.833974585258));
#1998 = CARTESIAN_POINT('',(-3.207623543338,-1.634365688647,
    8.733974585258));
#1999 = CARTESIAN_POINT('',(-3.738661146426,-0.592145621316,
    8.633974585258));
#2000 = CARTESIAN_POINT('',(-3.555678006757,0.563164196541,
    8.533974585258));
#2001 = CARTESIAN_POINT('',(-3.372694867087,1.718474014399,
    8.433974585258));
#2002 = CARTESIAN_POINT('',(-2.545584324645,2.545584499898,
    8.333974585258));
#2003 = CARTESIAN_POINT('',(-1.718473782203,3.372694985397,
    8.233974585258));
#2004 = CARTESIAN_POINT('',(-0.563163951748,3.555678045528,
    8.133974585258));
#2005 = CARTESIAN_POINT('',(0.592145878707,3.73866110566,8.033974585258)
  );
#2006 = CARTESIAN_POINT('',(1.634365909478,3.207623430819,7.933974585258
    ));
#2007 = CARTESIAN_POINT('',(2.676585940249,2.676585755978,7.833974585258
    ));
#2008 = CARTESIAN_POINT('',(3.207623543338,1.634365688647,7.733974585258
    ));
#2009 = CARTESIAN_POINT('',(3.738661146426,0.592145621316,7.633974585258
    ));
#2010 = CARTESIAN_POINT('',(3.555678006757,-0.563164196541,
    7.533974585258));
#2011 = CARTESIAN_POINT('',(3.372694867087,-1.718474014399,
    7.433974585258));
#2012 = CARTESIAN_POINT('',(2.545584324645,-2.545584499898,
    7.333974585258));
#2013 = CARTESIAN_POINT('',(1.718473782203,-3.372694985397,
    7.233974585258));
#2014 = CARTESIAN_POINT('',(0.563163951748,-3.555678045528,
    7.133974585258));
#2015 = CARTESIAN_POINT('',(-0.592145878707,-3.73866110566,
    7.033974585258));
#2016 = CARTESIAN_POINT('',(-1.634365909478,-3.207623430819,
    6.933974585258));
#2017 = CARTESIAN_POINT('',(-2.676585940249,-2.676585755978,
    6.833974585258));
#2018 = CARTESIAN_POINT('',(-3.207623543338,-1.634365688647,
    6.733974585258));
#2019 = CARTESIAN_POINT('',(-3.738661146426,-0.592145621316,
    6.633974585258));
#2020 = CARTESIAN_POINT('',(-3.555678006757,0.563164196541,
    6.533974585258));
#2021 = CARTESIAN_POINT('',(-3.372694867087,1.718474014399,
    6.433974585258));
#2022 = CARTESIAN_POINT('',(-2.545584324645,2.545584499898,
    6.333974585258));
#2023 = CARTESIAN_POINT('',(-1.718473782203,3.372694985397,
    6.233974585258));
#2024 = CARTESIAN_POINT('',(-0.563163951748,3.555678045528,
    6.133974585258));
#2025 = CARTESIAN_POINT('',(0.592145878707,3.73866110566,6.033974585258)
  );
#2026 = CARTESIAN_POINT('',(1.634365909478,3.207623430819,5.933974585258
    ));
#2027 = CARTESIAN_POINT('',(2.676585940249,2.676585755978,5.833974585258
    ));
#2028 = CARTESIAN_POINT('',(3.207623543338,1.634365688647,5.733974585258
    ));
#2029 = CARTESIAN_POINT('',(3.738661146426,0.592145621316,5.633974585258
    ));
#2030 = CARTESIAN_POINT('',(3.555678006757,-0.563164196541,
    5.533974585258));
#2031 = CARTESIAN_POINT('',(3.372694867087,-1.718474014399,
    5.433974585258));
#2032 = CARTESIAN_POINT('',(2.545584324645,-2.545584499898,
    5.333974585258));
#2033 = CARTESIAN_POINT('',(1.718473782203,-3.372694985397,
    5.233974585258));
#2034 = CARTESIAN_POINT('',(0.563163951748,-3.555678045528,
    5.133974585258));
#2035 = CARTESIAN_POINT('',(-0.592145878707,-3.73866110566,
    5.033974585258));
#2036 = CARTESIAN_POINT('',(-1.634365909478,-3.207623430819,
    4.933974585258));
#2037 = CARTESIAN_POINT('',(-2.676585940249,-2.676585755978,
    4.833974585258));
#2038 = CARTESIAN_POINT('',(-3.207623543338,-1.634365688647,
    4.733974585258));
#2039 = CARTESIAN_POINT('',(-3.738661146426,-0.592145621316,
    4.633974585258));
#2040 = CARTESIAN_POINT('',(-3.555678006757,0.563164196541,
    4.533974585258));
#2041 = CARTESIAN_POINT('',(-3.372694867087,1.718474014399,
    4.433974585258));
#2042 = CARTESIAN_POINT('',(-2.545584324645,2.545584499898,
    4.333974585258));
#2043 = CARTESIAN_POINT('',(-1.718473782203,3.372694985397,
    4.233974585258));
#2044 = CARTESIAN_POINT('',(-0.563163951748,3.555678045528,
    4.133974585258));
#2045 = CARTESIAN_POINT('',(0.592145878707,3.73866110566,4.033974585258)
  );
#2046 = CARTESIAN_POINT('',(1.634365909478,3.207623430819,3.933974585258
    ));
#2047 = CARTESIAN_POINT('',(2.676585940249,2.676585755978,3.833974585258
    ));
#2048 = CARTESIAN_POINT('',(3.207623543338,1.634365688647,3.733974585258
    ));
#2049 = CARTESIAN_POINT('',(3.738661146426,0.592145621316,3.633974585258
    ));
#2050 = CARTESIAN_POINT('',(3.555678006757,-0.563164196541,
    3.533974585258));
#2051 = CARTESIAN_POINT('',(3.372694867087,-1.718474014399,
    3.433974585258));
#2052 = CARTESIAN_POINT('',(2.545584324645,-2.545584499898,
    3.333974585258));
#2053 = CARTESIAN_POINT('',(1.718473782203,-3.372694985397,
    3.233974585258));
#2054 = CARTESIAN_POINT('',(0.563163951748,-3.555678045528,
    3.133974585258));
#2055 = CARTESIAN_POINT('',(-0.592145878707,-3.73866110566,
    3.033974585258));
#2056 = CARTESIAN_POINT('',(-1.634365909478,-3.207623430819,
    2.933974585258));
#2057 = CARTESIAN_POINT('',(-2.676585940249,-2.676585755978,
    2.833974585258));
#2058 = CARTESIAN_POINT('',(-3.207623543338,-1.634365688647,
    2.733974585258));
#2059 = CARTESIAN_POINT('',(-3.738661146426,-0.592145621316,
    2.633974585258));
#2060 = CARTESIAN_POINT('',(-3.555678006757,0.563164196541,
    2.533974585258));
#2061 = CARTESIAN_POINT('',(-3.372694867087,1.718474014399,
    2.433974585258));
#2062 = CARTESIAN_POINT('',(-2.545584324645,2.545584499898,
    2.333974585258));
#2063 = CARTESIAN_POINT('',(-1.718473782203,3.372694985397,
    2.233974585258));
#2064 = CARTESIAN_POINT('',(-0.563163951748,3.555678045528,
    2.133974585258));
#2065 = CARTESIAN_POINT('',(0.592145878707,3.73866110566,2.033974585258)
  );
#2066 = CARTESIAN_POINT('',(1.634365909478,3.207623430819,1.933974585258
    ));
#2067 = CARTESIAN_POINT('',(2.676585940249,2.676585755978,1.833974585258
    ));
#2068 = CARTESIAN_POINT('',(3.207623543338,1.634365688647,1.733974585258
    ));
#2069 = CARTESIAN_POINT('',(3.738661146426,0.592145621316,1.633974585258
    ));
#2070 = CARTESIAN_POINT('',(3.555678006757,-0.563164196541,
    1.533974585258));
#2071 = CARTESIAN_POINT('',(3.372694867087,-1.718474014399,
    1.433974585258));
#2072 = CARTESIAN_POINT('',(2.545584324645,-2.545584499898,
    1.333974585258));
#2073 = CARTESIAN_POINT('',(1.718473782203,-3.372694985397,
    1.233974585258));
#2074 = CARTESIAN_POINT('',(0.563163951748,-3.555678045528,
    1.133974585258));
#2075 = CARTESIAN_POINT('',(-0.592145878707,-3.73866110566,
    1.033974585258));
#2076 = CARTESIAN_POINT('',(-1.634365909478,-3.207623430819,
    0.933974585258));
#2077 = CARTESIAN_POINT('',(-2.676585940249,-2.676585755978,
    0.833974585258));
#2078 = CARTESIAN_POINT('',(-3.207623543338,-1.634365688647,
    0.733974585258));
#2079 = CARTESIAN_POINT('',(-3.738661146426,-0.592145621316,
    0.633974585258));
#2080 = CARTESIAN_POINT('',(-3.555678006757,0.563164196541,
    0.533974585258));
#2081 = CARTESIAN_POINT('',(-3.372694867087,1.718474014399,
    0.433974585258));
#2082 = CARTESIAN_POINT('',(-2.545584324645,2.545584499898,
    0.333974585258));
#2083 = CARTESIAN_POINT('',(-1.718473782203,3.372694985397,
    0.233974585258));
#2084 = CARTESIAN_POINT('',(-0.563163951748,3.555678045528,
    0.133974585258));
#2085 = CARTESIAN_POINT('',(0.592145878707,3.73866110566,
    3.397458525844E-02));
#2086 = CARTESIAN_POINT('',(1.634365909478,3.207623430819,
    -6.602541474156E-02));
#2087 = CARTESIAN_POINT('',(2.676585940249,2.676585755978,
    -0.166025414742));
#2088 = CARTESIAN_POINT('',(3.207623543338,1.634365688647,
    -0.266025414742));
#2089 = CARTESIAN_POINT('',(3.738661146426,0.592145621316,
    -0.366025414742));
#2090 = CARTESIAN_POINT('',(3.555678006757,-0.563164196541,
    -0.466025414742));
#2091 = CARTESIAN_POINT('',(3.372694867087,-1.718474014399,
    -0.566025414742));
#2092 = CARTESIAN_POINT('',(2.545584324645,-2.545584499898,
    -0.666025414742));
#2093 = CARTESIAN_POINT('',(1.718473782203,-3.372694985397,
    -0.766025414742));
#2094 = CARTESIAN_POINT('',(0.563163951748,-3.555678045528,
    -0.866025414742));
#2095 = CARTESIAN_POINT('',(-0.592145878707,-3.73866110566,
    -0.966025414742));
#2096 = CARTESIAN_POINT('',(-1.634365909478,-3.207623430819,
    -1.066025414742));
#2097 = CARTESIAN_POINT('',(-2.676585940249,-2.676585755978,
    -1.166025414742));
#2098 = CARTESIAN_POINT('',(-3.207623543338,-1.634365688647,
    -1.266025414742));
#2099 = CARTESIAN_POINT('',(-3.738661146426,-0.592145621316,
    -1.366025414742));
#2100 = CARTESIAN_POINT('',(-3.555678006757,0.563164196541,
    -1.466025414742));
#2101 = CARTESIAN_POINT('',(-3.372694867087,1.718474014399,
    -1.566025414742));
#2102 = CARTESIAN_POINT('',(-2.545584324645,2.545584499898,
    -1.666025414742));
#2103 = CARTESIAN_POINT('',(-1.718473782203,3.372694985397,
    -1.766025414742));
#2104 = CARTESIAN_POINT('',(-0.563163951748,3.555678045528,
    -1.866025414742));
#2105 = CARTESIAN_POINT('',(0.592145878707,3.73866110566,-1.966025414742
    ));
#2106 = CARTESIAN_POINT('',(1.634365909478,3.207623430819,
    -2.066025414742));
#2107 = CARTESIAN_POINT('',(2.676585940249,2.676585755978,
    -2.166025414742));
#2108 = CARTESIAN_POINT('',(3.207623543338,1.634365688647,
    -2.266025414742));
#2109 = CARTESIAN_POINT('',(3.738661146426,0.592145621316,
    -2.366025414742));
#2110 = CARTESIAN_POINT('',(3.555678006757,-0.563164196541,
    -2.466025414742));
#2111 = CARTESIAN_POINT('',(3.372694867087,-1.718474014399,
    -2.566025414742));
#2112 = CARTESIAN_POINT('',(2.545584324645,-2.545584499898,
    -2.666025414742));
#2113 = CARTESIAN_POINT('',(1.718473782203,-3.372694985397,
    -2.766025414742));
#2114 = CARTESIAN_POINT('',(0.563163951748,-3.555678045528,
    -2.866025414742));
#2115 = CARTESIAN_POINT('',(-0.592145878707,-3.73866110566,
    -2.966025414742));
#2116 = CARTESIAN_POINT('',(-1.634365909478,-3.207623430819,
    -3.066025414742));
#2117 = CARTESIAN_POINT('',(-2.676585940249,-2.676585755978,
    -3.166025414742));
#2118 = CARTESIAN_POINT('',(-3.207623543338,-1.634365688647,
    -3.266025414742));
#2119 = CARTESIAN_POINT('',(-3.738661146426,-0.592145621316,
    -3.366025414742));
#2120 = CARTESIAN_POINT('',(-3.555678006757,0.563164196541,
    -3.466025414742));
#2121 = CARTESIAN_POINT('',(-3.372694867087,1.718474014399,
    -3.566025414742));
#2122 = CARTESIAN_POINT('',(-2.545584324645,2.545584499898,
    -3.666025414742));
#2123 = DEFINITIONAL_REPRESENTATION('',(#2124),#2127);
#2124 = B_SPLINE_CURVE_WITH_KNOTS('',1,(#2125,#2126),.UNSPECIFIED.,.F.,
  .F.,(2,2),(0.257311186413,0.298260792506),.PIECEWISE_BEZIER_KNOTS.);
#2125 = CARTESIAN_POINT('',(1.,0.770827187716));
#2126 = CARTESIAN_POINT('',(1.,0.734355643196));
#2127 = ( GEOMETRIC_REPRESENTATION_CONTEXT(2) 
PARAMETRIC_REPRESENTATION_CONTEXT() REPRESENTATION_CONTEXT('2D SPACE',''
  ) );
#2128 = ORIENTED_EDGE('',*,*,#2129,.F.);
#2129 = EDGE_CURVE('',#2130,#1789,#2132,.T.);
#2130 = VERTEX_POINT('',#2131);
#2131 = CARTESIAN_POINT('',(-3.6,6.019843724108E-15,1.41540214754));
#2132 = SURFACE_CURVE('',#2133,(#2137,#2144),.PCURVE_S1.);
#2133 = LINE('',#2134,#2135);
#2134 = CARTESIAN_POINT('',(-3.6,0.,10.));
#2135 = VECTOR('',#2136,1.);
#2136 = DIRECTION('',(-0.,-0.,-1.));
#2137 = PCURVE('',#1411,#2138);
#2138 = DEFINITIONAL_REPRESENTATION('',(#2139),#2143);
#2139 = LINE('',#2140,#2141);
#2140 = CARTESIAN_POINT('',(0.,0.));
#2141 = VECTOR('',#2142,1.);
#2142 = DIRECTION('',(0.,1.));
#2143 = ( GEOMETRIC_REPRESENTATION_CONTEXT(2) 
PARAMETRIC_REPRESENTATION_CONTEXT() REPRESENTATION_CONTEXT('2D SPACE',''
  ) );
#2144 = PCURVE('',#2145,#2150);
#2145 = CYLINDRICAL_SURFACE('',#2146,3.6);
#2146 = AXIS2_PLACEMENT_3D('',#2147,#2148,#2149);
#2147 = CARTESIAN_POINT('',(0.,0.,10.));
#2148 = DIRECTION('',(-0.,-0.,-1.));
#2149 = DIRECTION('',(-1.,0.,0.));
#2150 = DEFINITIONAL_REPRESENTATION('',(#2151),#2155);
#2151 = LINE('',#2152,#2153);
#2152 = CARTESIAN_POINT('',(6.28318530718,0.));
#2153 = VECTOR('',#2154,1.);
#2154 = DIRECTION('',(0.,1.));
#2155 = ( GEOMETRIC_REPRESENTATION_CONTEXT(2) 
PARAMETRIC_REPRESENTATION_CONTEXT() REPRESENTATION_CONTEXT('2D SPACE',''
  ) );
#2156 = ORIENTED_EDGE('',*,*,#2157,.T.);
#2157 = EDGE_CURVE('',#2130,#1396,#2158,.T.);
#2158 = SURFACE_CURVE('',#2159,(#2173,#2202),.PCURVE_S1.);
#2159 = ( BOUNDED_CURVE() B_SPLINE_CURVE(2,(#2160,#2161,#2162,#2163,
    #2164,#2165,#2166,#2167,#2168,#2169,#2170,#2171,#2172),
.UNSPECIFIED.,.F.,.F.) B_SPLINE_CURVE_WITH_KNOTS((3,2,2,2,2,2,3),(
    0.609355643196,0.6125,0.625,0.6375,0.65,0.6625,0.671855643196),
.UNSPECIFIED.) CURVE() GEOMETRIC_REPRESENTATION_ITEM() 
RATIONAL_B_SPLINE_CURVE((0.981570637188,0.987688337919,1.,0.951056516295
    ,1.,0.951056516295,1.,0.951056516295,1.,0.951056516295,1.,
0.963368178376,0.981570637188)) REPRESENTATION_ITEM('') );
#2160 = CARTESIAN_POINT('',(-3.6,6.019843724108E-15,1.41540214754));
#2161 = CARTESIAN_POINT('',(-3.6,0.283326206913,1.390247292901));
#2162 = CARTESIAN_POINT('',(-3.555678006757,0.563164196541,
    1.366025392827));
#2163 = CARTESIAN_POINT('',(-3.372694867087,1.718474014399,
    1.266025392827));
#2164 = CARTESIAN_POINT('',(-2.545584324645,2.545584499898,
    1.166025392827));
#2165 = CARTESIAN_POINT('',(-1.718473782203,3.372694985397,
    1.066025392827));
#2166 = CARTESIAN_POINT('',(-0.563163951748,3.555678045528,
    0.966025392827));
#2167 = CARTESIAN_POINT('',(0.592145878707,3.73866110566,0.866025392827)
  );
#2168 = CARTESIAN_POINT('',(1.634365909478,3.207623430819,0.766025392827
    ));
#2169 = CARTESIAN_POINT('',(2.676585940249,2.676585755978,0.666025392827
    ));
#2170 = CARTESIAN_POINT('',(3.207623543338,1.634365688647,0.566025392827
    ));
#2171 = CARTESIAN_POINT('',(3.6,0.864283467156,0.492136753985));
#2172 = CARTESIAN_POINT('',(3.6,-6.48928107874E-15,0.41540214754));
#2173 = PCURVE('',#1411,#2174);
#2174 = DEFINITIONAL_REPRESENTATION('',(#2175),#2201);
#2175 = B_SPLINE_CURVE_WITH_KNOTS('',3,(#2176,#2177,#2178,#2179,#2180,
    #2181,#2182,#2183,#2184,#2185,#2186,#2187,#2188,#2189,#2190,#2191,
    #2192,#2193,#2194,#2195,#2196,#2197,#2198,#2199,#2200),
  .UNSPECIFIED.,.F.,.F.,(4,1,1,1,1,1,1,1,1,1,1,1,1,1,1,1,1,1,1,1,1,1,4),
  (0.609355643196,0.612196552287,0.615037461378,0.617878370469,
    0.620719279559,0.62356018865,0.626401097741,0.629242006832,
    0.632082915923,0.634923825014,0.637764734105,0.640605643196,
    0.643446552287,0.646287461378,0.649128370469,0.651969279559,
    0.65481018865,0.657651097741,0.660492006832,0.663332915923,
    0.666173825014,0.669014734105,0.671855643196),
  .QUASI_UNIFORM_KNOTS.);
#2176 = CARTESIAN_POINT('',(0.,8.58459785246));
#2177 = CARTESIAN_POINT('',(4.769672070855E-02,8.599840181646));
#2178 = CARTESIAN_POINT('',(0.142192809978,8.629468069569));
#2179 = CARTESIAN_POINT('',(0.283133017427,8.67314483948));
#2180 = CARTESIAN_POINT('',(0.42704606822,8.719661295363));
#2181 = CARTESIAN_POINT('',(0.571098492808,8.766323940192));
#2182 = CARTESIAN_POINT('',(0.7143513783,8.812202448509));
#2183 = CARTESIAN_POINT('',(0.854517764935,8.855145316122));
#2184 = CARTESIAN_POINT('',(0.99773516923,8.900989796342));
#2185 = CARTESIAN_POINT('',(1.141785602445,8.947650447421));
#2186 = CARTESIAN_POINT('',(1.285717765969,8.994185329747));
#2187 = CARTESIAN_POINT('',(1.42668024957,9.037883727762));
#2188 = CARTESIAN_POINT('',(1.568477016979,9.082373547713));
#2189 = CARTESIAN_POINT('',(1.712490693014,9.128991450827));
#2190 = CARTESIAN_POINT('',(1.856540112412,9.175648308236));
#2191 = CARTESIAN_POINT('',(1.99918115497,9.220941758923));
#2192 = CARTESIAN_POINT('',(2.139527342663,9.264055332978));
#2193 = CARTESIAN_POINT('',(2.283188127204,9.3103261324));
#2194 = CARTESIAN_POINT('',(2.427237509421,9.356986887827));
#2195 = CARTESIAN_POINT('',(2.570921269524,9.403279892976));
#2196 = CARTESIAN_POINT('',(2.711296027817,9.446420601879));
#2197 = CARTESIAN_POINT('',(2.853880333503,9.491659921029));
#2198 = CARTESIAN_POINT('',(2.997961118957,9.538346469471));
#2199 = CARTESIAN_POINT('',(3.093892012958,9.569350612375));
#2200 = CARTESIAN_POINT('',(3.14159265359,9.58459785246));
#2201 = ( GEOMETRIC_REPRESENTATION_CONTEXT(2) 
PARAMETRIC_REPRESENTATION_CONTEXT() REPRESENTATION_CONTEXT('2D SPACE',''
  ) );
#2202 = PCURVE('',#1463,#2203);
#2203 = DEFINITIONAL_REPRESENTATION('',(#2204),#2208);
#2204 = LINE('',#2205,#2206);
#2205 = CARTESIAN_POINT('',(-8.154968009809E-15,0.));
#2206 = VECTOR('',#2207,1.);
#2207 = DIRECTION('',(1.409370234584E-14,1.));
#2208 = ( GEOMETRIC_REPRESENTATION_CONTEXT(2) 
PARAMETRIC_REPRESENTATION_CONTEXT() REPRESENTATION_CONTEXT('2D SPACE',''
  ) );
#2209 = ORIENTED_EDGE('',*,*,#1395,.T.);
#2210 = ADVANCED_FACE('',(#2211),#2225,.F.);
#2211 = FACE_BOUND('',#2212,.F.);
#2212 = EDGE_LOOP('',(#2213,#2243,#2607,#2635));
#2213 = ORIENTED_EDGE('',*,*,#2214,.T.);
#2214 = EDGE_CURVE('',#2215,#2217,#2219,.T.);
#2215 = VERTEX_POINT('',#2216);
#2216 = CARTESIAN_POINT('',(0.5,-3.565108693995,1.96055005394));
#2217 = VERTEX_POINT('',#2218);
#2218 = CARTESIAN_POINT('',(0.500000070168,-3.565108684149,
    1.128430125577));
#2219 = SURFACE_CURVE('',#2220,(#2224,#2236),.PCURVE_S1.);
#2220 = LINE('',#2221,#2222);
#2221 = CARTESIAN_POINT('',(0.5,-3.565108693995,10.));
#2222 = VECTOR('',#2223,1.);
#2223 = DIRECTION('',(-0.,-0.,-1.));
#2224 = PCURVE('',#2225,#2230);
#2225 = CYLINDRICAL_SURFACE('',#2226,3.6);
#2226 = AXIS2_PLACEMENT_3D('',#2227,#2228,#2229);
#2227 = CARTESIAN_POINT('',(0.,0.,10.));
#2228 = DIRECTION('',(-0.,-0.,-1.));
#2229 = DIRECTION('',(-1.,0.,0.));
#2230 = DEFINITIONAL_REPRESENTATION('',(#2231),#2235);
#2231 = LINE('',#2232,#2233);
#2232 = CARTESIAN_POINT('',(4.573049639627,0.));
#2233 = VECTOR('',#2234,1.);
#2234 = DIRECTION('',(0.,1.));
#2235 = ( GEOMETRIC_REPRESENTATION_CONTEXT(2) 
PARAMETRIC_REPRESENTATION_CONTEXT() REPRESENTATION_CONTEXT('2D SPACE',''
  ) );
#2236 = PCURVE('',#543,#2237);
#2237 = DEFINITIONAL_REPRESENTATION('',(#2238),#2242);
#2238 = LINE('',#2239,#2240);
#2239 = CARTESIAN_POINT('',(-10.18474047739,5.437965678228));
#2240 = VECTOR('',#2241,1.);
#2241 = DIRECTION('',(1.,0.));
#2242 = ( GEOMETRIC_REPRESENTATION_CONTEXT(2) 
PARAMETRIC_REPRESENTATION_CONTEXT() REPRESENTATION_CONTEXT('2D SPACE',''
  ) );
#2243 = ORIENTED_EDGE('',*,*,#2244,.T.);
#2244 = EDGE_CURVE('',#2217,#2245,#2247,.T.);
#2245 = VERTEX_POINT('',#2246);
#2246 = CARTESIAN_POINT('',(3.6,4.41041283889E-08,1.583351343887));
#2247 = SURFACE_CURVE('',#2248,(#2258,#2287),.PCURVE_S1.);
#2248 = ( BOUNDED_CURVE() B_SPLINE_CURVE(2,(#2249,#2250,#2251,#2252,
    #2253,#2254,#2255,#2256,#2257),.UNSPECIFIED.,.F.,.F.) 
B_SPLINE_CURVE_WITH_KNOTS((3,2,2,2,3),(0.336432360562,0.336834701961,
0.350869481209,0.364904260458,0.368434689294),.UNSPECIFIED.) CURVE() 
GEOMETRIC_REPRESENTATION_ITEM() RATIONAL_B_SPLINE_CURVE((0.997274275546,
    0.998596914894,1.,0.951056516295,1.,0.951056516295,1.,0.987688336015
,0.981570635295)) REPRESENTATION_ITEM('') );
#2249 = CARTESIAN_POINT('',(0.500000070168,-3.565108684149,
    1.128430125577));
#2250 = CARTESIAN_POINT('',(0.531620899858,-3.560673973035,
    1.131244317493));
#2251 = CARTESIAN_POINT('',(0.563163951748,-3.555678045528,
    1.133974585258));
#2252 = CARTESIAN_POINT('',(1.718473782203,-3.372694985397,
    1.233974585258));
#2253 = CARTESIAN_POINT('',(2.545584324645,-2.545584499898,
    1.333974585258));
#2254 = CARTESIAN_POINT('',(3.372694867087,-1.718474014399,
    1.433974585258));
#2255 = CARTESIAN_POINT('',(3.555678006757,-0.563164196541,
    1.533974585258));
#2256 = CARTESIAN_POINT('',(3.600000006942,-0.283326163082,
    1.558196489126));
#2257 = CARTESIAN_POINT('',(3.6,4.41041283889E-08,1.583351343887));
#2258 = PCURVE('',#2225,#2259);
#2259 = DEFINITIONAL_REPRESENTATION('',(#2260),#2286);
#2260 = B_SPLINE_CURVE_WITH_KNOTS('',3,(#2261,#2262,#2263,#2264,#2265,
    #2266,#2267,#2268,#2269,#2270,#2271,#2272,#2273,#2274,#2275,#2276,
    #2277,#2278,#2279,#2280,#2281,#2282,#2283,#2284,#2285),
  .UNSPECIFIED.,.F.,.F.,(4,1,1,1,1,1,1,1,1,1,1,1,1,1,1,1,1,1,1,1,1,1,4),
  (0.336432360562,0.337887011868,0.339341663174,0.34079631448,
    0.342250965786,0.343705617092,0.345160268398,0.346614919704,
    0.34806957101,0.349524222316,0.350978873622,0.352433524928,
    0.353888176234,0.35534282754,0.356797478846,0.358252130152,
    0.359706781458,0.361161432764,0.36261608407,0.364070735376,
    0.365525386682,0.366980037988,0.368434689294),
  .QUASI_UNIFORM_KNOTS.);
#2261 = CARTESIAN_POINT('',(4.573049619945,8.871569874423));
#2262 = CARTESIAN_POINT('',(4.551729965712,8.864986314791));
#2263 = CARTESIAN_POINT('',(4.508892185228,8.851678123553));
#2264 = CARTESIAN_POINT('',(4.444128493814,8.831311412215));
#2265 = CARTESIAN_POINT('',(4.378919996596,8.810498148835));
#2266 = CARTESIAN_POINT('',(4.313420540161,8.789409422373));
#2267 = CARTESIAN_POINT('',(4.24776418344,8.768167090548));
#2268 = CARTESIAN_POINT('',(4.182094924055,8.746912576568));
#2269 = CARTESIAN_POINT('',(4.116548742848,8.725777517441));
#2270 = CARTESIAN_POINT('',(4.0512848494,8.704914905971));
#2271 = CARTESIAN_POINT('',(3.986367770166,8.684386326922));
#2272 = CARTESIAN_POINT('',(3.922197177354,8.664565025455));
#2273 = CARTESIAN_POINT('',(3.857874501411,8.644600273866));
#2274 = CARTESIAN_POINT('',(3.792905211321,8.624021457638));
#2275 = CARTESIAN_POINT('',(3.727587752341,8.603107300473));
#2276 = CARTESIAN_POINT('',(3.662014728749,8.581946203589));
#2277 = CARTESIAN_POINT('',(3.596337981496,8.560684348531));
#2278 = CARTESIAN_POINT('',(3.530697046851,8.539457275016));
#2279 = CARTESIAN_POINT('',(3.46522960245,8.518398467635));
#2280 = CARTESIAN_POINT('',(3.400090322118,8.49765584513));
#2281 = CARTESIAN_POINT('',(3.335354195999,8.477299828558));
#2282 = CARTESIAN_POINT('',(3.271374011776,8.457658159382));
#2283 = CARTESIAN_POINT('',(3.20672666038,8.437386323128));
#2284 = CARTESIAN_POINT('',(3.163370035266,8.423624522435));
#2285 = CARTESIAN_POINT('',(3.141592641339,8.416648656113));
#2286 = ( GEOMETRIC_REPRESENTATION_CONTEXT(2) 
PARAMETRIC_REPRESENTATION_CONTEXT() REPRESENTATION_CONTEXT('2D SPACE',''
  ) );
#2287 = PCURVE('',#2288,#2579);
#2288 = ( BOUNDED_SURFACE() B_SPLINE_SURFACE(1,2,(
    (#2289,#2290,#2291,#2292,#2293,#2294,#2295,#2296,#2297,#2298,#2299
      ,#2300,#2301,#2302,#2303,#2304,#2305,#2306,#2307,#2308,#2309,#2310
      ,#2311,#2312,#2313,#2314,#2315,#2316,#2317,#2318,#2319,#2320,#2321
      ,#2322,#2323,#2324,#2325,#2326,#2327,#2328,#2329,#2330,#2331,#2332
      ,#2333,#2334,#2335,#2336,#2337,#2338,#2339,#2340,#2341,#2342,#2343
      ,#2344,#2345,#2346,#2347,#2348,#2349,#2350,#2351,#2352,#2353,#2354
      ,#2355,#2356,#2357,#2358,#2359,#2360,#2361,#2362,#2363,#2364,#2365
      ,#2366,#2367,#2368,#2369,#2370,#2371,#2372,#2373,#2374,#2375,#2376
      ,#2377,#2378,#2379,#2380,#2381,#2382,#2383,#2384,#2385,#2386,#2387
      ,#2388,#2389,#2390,#2391,#2392,#2393,#2394,#2395,#2396,#2397,#2398
      ,#2399,#2400,#2401,#2402,#2403,#2404,#2405,#2406,#2407,#2408,#2409
      ,#2410,#2411,#2412,#2413,#2414,#2415,#2416,#2417,#2418,#2419,#2420
      ,#2421,#2422,#2423,#2424,#2425,#2426,#2427,#2428,#2429,#2430,#2431
      ,#2432,#2433)
    ,(#2434,#2435,#2436,#2437,#2438,#2439,#2440,#2441,#2442,#2443,#2444
      ,#2445,#2446,#2447,#2448,#2449,#2450,#2451,#2452,#2453,#2454,#2455
      ,#2456,#2457,#2458,#2459,#2460,#2461,#2462,#2463,#2464,#2465,#2466
      ,#2467,#2468,#2469,#2470,#2471,#2472,#2473,#2474,#2475,#2476,#2477
      ,#2478,#2479,#2480,#2481,#2482,#2483,#2484,#2485,#2486,#2487,#2488
      ,#2489,#2490,#2491,#2492,#2493,#2494,#2495,#2496,#2497,#2498,#2499
      ,#2500,#2501,#2502,#2503,#2504,#2505,#2506,#2507,#2508,#2509,#2510
      ,#2511,#2512,#2513,#2514,#2515,#2516,#2517,#2518,#2519,#2520,#2521
      ,#2522,#2523,#2524,#2525,#2526,#2527,#2528,#2529,#2530,#2531,#2532
      ,#2533,#2534,#2535,#2536,#2537,#2538,#2539,#2540,#2541,#2542,#2543
      ,#2544,#2545,#2546,#2547,#2548,#2549,#2550,#2551,#2552,#2553,#2554
      ,#2555,#2556,#2557,#2558,#2559,#2560,#2561,#2562,#2563,#2564,#2565
      ,#2566,#2567,#2568,#2569,#2570,#2571,#2572,#2573,#2574,#2575,#2576
      ,#2577,#2578
)),.UNSPECIFIED.,.F.,.F.,.F.) B_SPLINE_SURFACE_WITH_KNOTS((2,2),(3,2,2,2
    ,2,2,2,2,2,2,2,2,2,2,2,2,2,2,2,2,2,2,2,2,2,2,2,2,2,2,2,2,2,2,2,2,2,2
    ,2,2,2,2,2,2,2,2,2,2,2,2,2,2,2,2,2,2,2,2,2,2,2,2,2,2,2,2,2,2,2,2,2,2
    ,3),(0.,1.),(0.109355424921,0.1125,0.125,0.1375,0.15,0.1625,0.175,
    0.1875,0.2,0.2125,0.225,0.2375,0.25,0.2625,0.275,0.2875,0.3,0.3125,
    0.325,0.3375,0.35,0.3625,0.375,0.3875,0.4,0.4125,0.425,0.4375,0.45,
    0.4625,0.475,0.4875,0.5,0.5125,0.525,0.5375,0.55,0.5625,0.575,0.5875
    ,0.6,0.6125,0.625,0.6375,0.65,0.6625,0.675,0.6875,0.7,0.7125,0.725,
    0.7375,0.75,0.7625,0.775,0.7875,0.8,0.8125,0.825,0.8375,0.85,0.8625,
    0.875,0.8875,0.9,0.9125,0.925,0.9375,0.95,0.9625,0.975,0.9875,1.),
.UNSPECIFIED.) GEOMETRIC_REPRESENTATION_ITEM() RATIONAL_B_SPLINE_SURFACE
((
    (0.98156978786,0.987687483267,1.,0.951056516295,1.,0.951056516295,1.
      ,0.951056516295,1.,0.951056516295,1.,0.951056516295,1.
      ,0.951056516295,1.,0.951056516295,1.,0.951056516295,1.
      ,0.951056516295,1.,0.951056516295,1.,0.951056516295,1.
      ,0.951056516295,1.,0.951056516295,1.,0.951056516295,1.
      ,0.951056516295,1.,0.951056516295,1.,0.951056516295,1.
      ,0.951056516295,1.,0.951056516295,1.,0.951056516295,1.
      ,0.951056516295,1.,0.951056516295,1.,0.951056516295,1.
      ,0.951056516295,1.,0.951056516295,1.,0.951056516295,1.
      ,0.951056516295,1.,0.951056516295,1.,0.951056516295,1.
      ,0.951056516295,1.,0.951056516295,1.,0.951056516295,1.
      ,0.951056516295,1.,0.951056516295,1.,0.951056516295,1.
      ,0.951056516295,1.,0.951056516295,1.,0.951056516295,1.
      ,0.951056516295,1.,0.951056516295,1.,0.951056516295,1.
      ,0.951056516295,1.,0.951056516295,1.,0.951056516295,1.
      ,0.951056516295,1.,0.951056516295,1.,0.951056516295,1.
      ,0.951056516295,1.,0.951056516295,1.,0.951056516295,1.
      ,0.951056516295,1.,0.951056516295,1.,0.951056516295,1.
      ,0.951056516295,1.,0.951056516295,1.,0.951056516295,1.
      ,0.951056516295,1.,0.951056516295,1.,0.951056516295,1.
      ,0.951056516295,1.,0.951056516295,1.,0.951056516295,1.
      ,0.951056516295,1.,0.951056516295,1.,0.951056516295,1.
      ,0.951056516295,1.,0.951056516295,1.,0.951056516295,1.
      ,0.951056516295,1.,0.951056516295,1.,0.951056516295,1.)
    ,(0.98156978786,0.987687483267,1.,0.951056516295,1.,0.951056516295
      ,1.,0.951056516295,1.,0.951056516295,1.,0.951056516295,1.
      ,0.951056516295,1.,0.951056516295,1.,0.951056516295,1.
      ,0.951056516295,1.,0.951056516295,1.,0.951056516295,1.
      ,0.951056516295,1.,0.951056516295,1.,0.951056516295,1.
      ,0.951056516295,1.,0.951056516295,1.,0.951056516295,1.
      ,0.951056516295,1.,0.951056516295,1.,0.951056516295,1.
      ,0.951056516295,1.,0.951056516295,1.,0.951056516295,1.
      ,0.951056516295,1.,0.951056516295,1.,0.951056516295,1.
      ,0.951056516295,1.,0.951056516295,1.,0.951056516295,1.
      ,0.951056516295,1.,0.951056516295,1.,0.951056516295,1.
      ,0.951056516295,1.,0.951056516295,1.,0.951056516295,1.
      ,0.951056516295,1.,0.951056516295,1.,0.951056516295,1.
      ,0.951056516295,1.,0.951056516295,1.,0.951056516295,1.
      ,0.951056516295,1.,0.951056516295,1.,0.951056516295,1.
      ,0.951056516295,1.,0.951056516295,1.,0.951056516295,1.
      ,0.951056516295,1.,0.951056516295,1.,0.951056516295,1.
      ,0.951056516295,1.,0.951056516295,1.,0.951056516295,1.
      ,0.951056516295,1.,0.951056516295,1.,0.951056516295,1.
      ,0.951056516295,1.,0.951056516295,1.,0.951056516295,1.
      ,0.951056516295,1.,0.951056516295,1.,0.951056516295,1.
      ,0.951056516295,1.,0.951056516295,1.,0.951056516295,1.
      ,0.951056516295,1.,0.951056516295,1.,0.951056516295,1.
      ,0.951056516295,1.,0.951056516295,1.,0.951056516295,1.
))) REPRESENTATION_ITEM('') SURFACE() );
#2289 = CARTESIAN_POINT('',(-4.099999999752,-4.507849041229E-05,
    10.449380257931));
#2290 = CARTESIAN_POINT('',(-4.100003547756,0.322654669337,
    10.424223591516));
#2291 = CARTESIAN_POINT('',(-4.049522174362,0.641381446061,
    10.399999989043));
#2292 = CARTESIAN_POINT('',(-3.841124709738,1.957150960843,
    10.299999989043));
#2293 = CARTESIAN_POINT('',(-2.899137703068,2.899137902661,
    10.199999989043));
#2294 = CARTESIAN_POINT('',(-1.957150696398,3.84112484448,
    10.099999989043));
#2295 = CARTESIAN_POINT('',(-0.641381167269,4.049522218518,
    9.999999989043));
#2296 = CARTESIAN_POINT('',(0.67438836186,4.257919592557,9.899999989043)
  );
#2297 = CARTESIAN_POINT('',(1.861361174683,3.653126685099,9.799999989043
    ));
#2298 = CARTESIAN_POINT('',(3.048333987506,3.048333777641,9.699999989043
    ));
#2299 = CARTESIAN_POINT('',(3.653126813246,1.861360923181,9.599999989043
    ));
#2300 = CARTESIAN_POINT('',(4.257919638985,0.674388068721,9.499999989043
    ));
#2301 = CARTESIAN_POINT('',(4.049522174362,-0.641381446061,
    9.399999989043));
#2302 = CARTESIAN_POINT('',(3.841124709738,-1.957150960843,
    9.299999989043));
#2303 = CARTESIAN_POINT('',(2.899137703068,-2.899137902661,
    9.199999989043));
#2304 = CARTESIAN_POINT('',(1.957150696398,-3.84112484448,9.099999989043
    ));
#2305 = CARTESIAN_POINT('',(0.641381167269,-4.049522218518,
    8.999999989043));
#2306 = CARTESIAN_POINT('',(-0.67438836186,-4.257919592557,
    8.899999989043));
#2307 = CARTESIAN_POINT('',(-1.861361174683,-3.653126685099,
    8.799999989043));
#2308 = CARTESIAN_POINT('',(-3.048333987506,-3.048333777641,
    8.699999989043));
#2309 = CARTESIAN_POINT('',(-3.653126813246,-1.861360923181,
    8.599999989043));
#2310 = CARTESIAN_POINT('',(-4.257919638985,-0.674388068721,
    8.499999989043));
#2311 = CARTESIAN_POINT('',(-4.049522174362,0.641381446061,
    8.399999989043));
#2312 = CARTESIAN_POINT('',(-3.841124709738,1.957150960843,
    8.299999989043));
#2313 = CARTESIAN_POINT('',(-2.899137703068,2.899137902661,
    8.199999989043));
#2314 = CARTESIAN_POINT('',(-1.957150696398,3.84112484448,8.099999989043
    ));
#2315 = CARTESIAN_POINT('',(-0.641381167269,4.049522218518,
    7.999999989043));
#2316 = CARTESIAN_POINT('',(0.67438836186,4.257919592557,7.899999989043)
  );
#2317 = CARTESIAN_POINT('',(1.861361174683,3.653126685099,7.799999989043
    ));
#2318 = CARTESIAN_POINT('',(3.048333987506,3.048333777641,7.699999989043
    ));
#2319 = CARTESIAN_POINT('',(3.653126813246,1.861360923181,7.599999989043
    ));
#2320 = CARTESIAN_POINT('',(4.257919638985,0.674388068721,7.499999989043
    ));
#2321 = CARTESIAN_POINT('',(4.049522174362,-0.641381446061,
    7.399999989043));
#2322 = CARTESIAN_POINT('',(3.841124709738,-1.957150960843,
    7.299999989043));
#2323 = CARTESIAN_POINT('',(2.899137703068,-2.899137902661,
    7.199999989043));
#2324 = CARTESIAN_POINT('',(1.957150696398,-3.84112484448,7.099999989043
    ));
#2325 = CARTESIAN_POINT('',(0.641381167269,-4.049522218518,
    6.999999989043));
#2326 = CARTESIAN_POINT('',(-0.67438836186,-4.257919592557,
    6.899999989043));
#2327 = CARTESIAN_POINT('',(-1.861361174683,-3.653126685099,
    6.799999989043));
#2328 = CARTESIAN_POINT('',(-3.048333987506,-3.048333777641,
    6.699999989043));
#2329 = CARTESIAN_POINT('',(-3.653126813246,-1.861360923181,
    6.599999989043));
#2330 = CARTESIAN_POINT('',(-4.257919638985,-0.674388068721,
    6.499999989043));
#2331 = CARTESIAN_POINT('',(-4.049522174362,0.641381446061,
    6.399999989043));
#2332 = CARTESIAN_POINT('',(-3.841124709738,1.957150960843,
    6.299999989043));
#2333 = CARTESIAN_POINT('',(-2.899137703068,2.899137902661,
    6.199999989043));
#2334 = CARTESIAN_POINT('',(-1.957150696398,3.84112484448,6.099999989043
    ));
#2335 = CARTESIAN_POINT('',(-0.641381167269,4.049522218518,
    5.999999989043));
#2336 = CARTESIAN_POINT('',(0.67438836186,4.257919592557,5.899999989043)
  );
#2337 = CARTESIAN_POINT('',(1.861361174683,3.653126685099,5.799999989043
    ));
#2338 = CARTESIAN_POINT('',(3.048333987506,3.048333777641,5.699999989043
    ));
#2339 = CARTESIAN_POINT('',(3.653126813246,1.861360923181,5.599999989043
    ));
#2340 = CARTESIAN_POINT('',(4.257919638985,0.674388068721,5.499999989043
    ));
#2341 = CARTESIAN_POINT('',(4.049522174362,-0.641381446061,
    5.399999989043));
#2342 = CARTESIAN_POINT('',(3.841124709738,-1.957150960843,
    5.299999989043));
#2343 = CARTESIAN_POINT('',(2.899137703068,-2.899137902661,
    5.199999989043));
#2344 = CARTESIAN_POINT('',(1.957150696398,-3.84112484448,5.099999989043
    ));
#2345 = CARTESIAN_POINT('',(0.641381167269,-4.049522218518,
    4.999999989043));
#2346 = CARTESIAN_POINT('',(-0.67438836186,-4.257919592557,
    4.899999989043));
#2347 = CARTESIAN_POINT('',(-1.861361174683,-3.653126685099,
    4.799999989043));
#2348 = CARTESIAN_POINT('',(-3.048333987506,-3.048333777641,
    4.699999989043));
#2349 = CARTESIAN_POINT('',(-3.653126813246,-1.861360923181,
    4.599999989043));
#2350 = CARTESIAN_POINT('',(-4.257919638985,-0.674388068721,
    4.499999989043));
#2351 = CARTESIAN_POINT('',(-4.049522174362,0.641381446061,
    4.399999989043));
#2352 = CARTESIAN_POINT('',(-3.841124709738,1.957150960843,
    4.299999989043));
#2353 = CARTESIAN_POINT('',(-2.899137703068,2.899137902661,
    4.199999989043));
#2354 = CARTESIAN_POINT('',(-1.957150696398,3.84112484448,4.099999989043
    ));
#2355 = CARTESIAN_POINT('',(-0.641381167269,4.049522218518,
    3.999999989043));
#2356 = CARTESIAN_POINT('',(0.67438836186,4.257919592557,3.899999989043)
  );
#2357 = CARTESIAN_POINT('',(1.861361174683,3.653126685099,3.799999989043
    ));
#2358 = CARTESIAN_POINT('',(3.048333987506,3.048333777641,3.699999989043
    ));
#2359 = CARTESIAN_POINT('',(3.653126813246,1.861360923181,3.599999989043
    ));
#2360 = CARTESIAN_POINT('',(4.257919638985,0.674388068721,3.499999989043
    ));
#2361 = CARTESIAN_POINT('',(4.049522174362,-0.641381446061,
    3.399999989043));
#2362 = CARTESIAN_POINT('',(3.841124709738,-1.957150960843,
    3.299999989043));
#2363 = CARTESIAN_POINT('',(2.899137703068,-2.899137902661,
    3.199999989043));
#2364 = CARTESIAN_POINT('',(1.957150696398,-3.84112484448,3.099999989043
    ));
#2365 = CARTESIAN_POINT('',(0.641381167269,-4.049522218518,
    2.999999989043));
#2366 = CARTESIAN_POINT('',(-0.67438836186,-4.257919592557,
    2.899999989043));
#2367 = CARTESIAN_POINT('',(-1.861361174683,-3.653126685099,
    2.799999989043));
#2368 = CARTESIAN_POINT('',(-3.048333987506,-3.048333777641,
    2.699999989043));
#2369 = CARTESIAN_POINT('',(-3.653126813246,-1.861360923181,
    2.599999989043));
#2370 = CARTESIAN_POINT('',(-4.257919638985,-0.674388068721,
    2.499999989043));
#2371 = CARTESIAN_POINT('',(-4.049522174362,0.641381446061,
    2.399999989043));
#2372 = CARTESIAN_POINT('',(-3.841124709738,1.957150960843,
    2.299999989043));
#2373 = CARTESIAN_POINT('',(-2.899137703068,2.899137902661,
    2.199999989043));
#2374 = CARTESIAN_POINT('',(-1.957150696398,3.84112484448,2.099999989043
    ));
#2375 = CARTESIAN_POINT('',(-0.641381167269,4.049522218518,
    1.999999989043));
#2376 = CARTESIAN_POINT('',(0.67438836186,4.257919592557,1.899999989043)
  );
#2377 = CARTESIAN_POINT('',(1.861361174683,3.653126685099,1.799999989043
    ));
#2378 = CARTESIAN_POINT('',(3.048333987506,3.048333777641,1.699999989043
    ));
#2379 = CARTESIAN_POINT('',(3.653126813246,1.861360923181,1.599999989043
    ));
#2380 = CARTESIAN_POINT('',(4.257919638985,0.674388068721,1.499999989043
    ));
#2381 = CARTESIAN_POINT('',(4.049522174362,-0.641381446061,
    1.399999989043));
#2382 = CARTESIAN_POINT('',(3.841124709738,-1.957150960843,
    1.299999989043));
#2383 = CARTESIAN_POINT('',(2.899137703068,-2.899137902661,
    1.199999989043));
#2384 = CARTESIAN_POINT('',(1.957150696398,-3.84112484448,1.099999989043
    ));
#2385 = CARTESIAN_POINT('',(0.641381167269,-4.049522218518,
    0.999999989043));
#2386 = CARTESIAN_POINT('',(-0.67438836186,-4.257919592557,
    0.899999989043));
#2387 = CARTESIAN_POINT('',(-1.861361174683,-3.653126685099,
    0.799999989043));
#2388 = CARTESIAN_POINT('',(-3.048333987506,-3.048333777641,
    0.699999989043));
#2389 = CARTESIAN_POINT('',(-3.653126813246,-1.861360923181,
    0.599999989043));
#2390 = CARTESIAN_POINT('',(-4.257919638985,-0.674388068721,
    0.499999989043));
#2391 = CARTESIAN_POINT('',(-4.049522174362,0.641381446061,
    0.399999989043));
#2392 = CARTESIAN_POINT('',(-3.841124709738,1.957150960843,
    0.299999989043));
#2393 = CARTESIAN_POINT('',(-2.899137703068,2.899137902661,
    0.199999989043));
#2394 = CARTESIAN_POINT('',(-1.957150696398,3.84112484448,
    9.999998904288E-02));
#2395 = CARTESIAN_POINT('',(-0.641381167269,4.049522218518,
    -1.095712236221E-08));
#2396 = CARTESIAN_POINT('',(0.67438836186,4.257919592557,-0.100000010957
    ));
#2397 = CARTESIAN_POINT('',(1.861361174683,3.653126685099,
    -0.200000010957));
#2398 = CARTESIAN_POINT('',(3.048333987506,3.048333777641,
    -0.300000010957));
#2399 = CARTESIAN_POINT('',(3.653126813246,1.861360923181,
    -0.400000010957));
#2400 = CARTESIAN_POINT('',(4.257919638985,0.674388068721,
    -0.500000010957));
#2401 = CARTESIAN_POINT('',(4.049522174362,-0.641381446061,
    -0.600000010957));
#2402 = CARTESIAN_POINT('',(3.841124709738,-1.957150960843,
    -0.700000010957));
#2403 = CARTESIAN_POINT('',(2.899137703068,-2.899137902661,
    -0.800000010957));
#2404 = CARTESIAN_POINT('',(1.957150696398,-3.84112484448,
    -0.900000010957));
#2405 = CARTESIAN_POINT('',(0.641381167269,-4.049522218518,
    -1.000000010957));
#2406 = CARTESIAN_POINT('',(-0.67438836186,-4.257919592557,
    -1.100000010957));
#2407 = CARTESIAN_POINT('',(-1.861361174683,-3.653126685099,
    -1.200000010957));
#2408 = CARTESIAN_POINT('',(-3.048333987506,-3.048333777641,
    -1.300000010957));
#2409 = CARTESIAN_POINT('',(-3.653126813246,-1.861360923181,
    -1.400000010957));
#2410 = CARTESIAN_POINT('',(-4.257919638985,-0.674388068721,
    -1.500000010957));
#2411 = CARTESIAN_POINT('',(-4.049522174362,0.641381446061,
    -1.600000010957));
#2412 = CARTESIAN_POINT('',(-3.841124709738,1.957150960843,
    -1.700000010957));
#2413 = CARTESIAN_POINT('',(-2.899137703068,2.899137902661,
    -1.800000010957));
#2414 = CARTESIAN_POINT('',(-1.957150696398,3.84112484448,
    -1.900000010957));
#2415 = CARTESIAN_POINT('',(-0.641381167269,4.049522218518,
    -2.000000010957));
#2416 = CARTESIAN_POINT('',(0.67438836186,4.257919592557,-2.100000010957
    ));
#2417 = CARTESIAN_POINT('',(1.861361174683,3.653126685099,
    -2.200000010957));
#2418 = CARTESIAN_POINT('',(3.048333987506,3.048333777641,
    -2.300000010957));
#2419 = CARTESIAN_POINT('',(3.653126813246,1.861360923181,
    -2.400000010957));
#2420 = CARTESIAN_POINT('',(4.257919638985,0.674388068721,
    -2.500000010957));
#2421 = CARTESIAN_POINT('',(4.049522174362,-0.641381446061,
    -2.600000010957));
#2422 = CARTESIAN_POINT('',(3.841124709738,-1.957150960843,
    -2.700000010957));
#2423 = CARTESIAN_POINT('',(2.899137703068,-2.899137902661,
    -2.800000010957));
#2424 = CARTESIAN_POINT('',(1.957150696398,-3.84112484448,
    -2.900000010957));
#2425 = CARTESIAN_POINT('',(0.641381167269,-4.049522218518,
    -3.000000010957));
#2426 = CARTESIAN_POINT('',(-0.67438836186,-4.257919592557,
    -3.100000010957));
#2427 = CARTESIAN_POINT('',(-1.861361174683,-3.653126685099,
    -3.200000010957));
#2428 = CARTESIAN_POINT('',(-3.048333987506,-3.048333777641,
    -3.300000010957));
#2429 = CARTESIAN_POINT('',(-3.653126813246,-1.861360923181,
    -3.400000010957));
#2430 = CARTESIAN_POINT('',(-4.257919638985,-0.674388068721,
    -3.500000010957));
#2431 = CARTESIAN_POINT('',(-4.049522174362,0.641381446061,
    -3.600000010957));
#2432 = CARTESIAN_POINT('',(-3.841124709738,1.957150960843,
    -3.700000010957));
#2433 = CARTESIAN_POINT('',(-2.899137703068,2.899137902661,
    -3.800000010957));
#2434 = CARTESIAN_POINT('',(-3.599999999782,-3.958111353287E-05,
    10.583354854147));
#2435 = CARTESIAN_POINT('',(-3.600003115103,0.28330653893,
    10.558198187732));
#2436 = CARTESIAN_POINT('',(-3.555678006757,0.563164196541,
    10.533974585258));
#2437 = CARTESIAN_POINT('',(-3.372694867087,1.718474014399,
    10.433974585258));
#2438 = CARTESIAN_POINT('',(-2.545584324645,2.545584499898,
    10.333974585258));
#2439 = CARTESIAN_POINT('',(-1.718473782203,3.372694985397,
    10.233974585258));
#2440 = CARTESIAN_POINT('',(-0.563163951748,3.555678045528,
    10.133974585258));
#2441 = CARTESIAN_POINT('',(0.592145878707,3.73866110566,10.033974585258
    ));
#2442 = CARTESIAN_POINT('',(1.634365909478,3.207623430819,9.933974585258
    ));
#2443 = CARTESIAN_POINT('',(2.676585940249,2.676585755978,9.833974585258
    ));
#2444 = CARTESIAN_POINT('',(3.207623543338,1.634365688647,9.733974585258
    ));
#2445 = CARTESIAN_POINT('',(3.738661146426,0.592145621316,9.633974585258
    ));
#2446 = CARTESIAN_POINT('',(3.555678006757,-0.563164196541,
    9.533974585258));
#2447 = CARTESIAN_POINT('',(3.372694867087,-1.718474014399,
    9.433974585258));
#2448 = CARTESIAN_POINT('',(2.545584324645,-2.545584499898,
    9.333974585258));
#2449 = CARTESIAN_POINT('',(1.718473782203,-3.372694985397,
    9.233974585258));
#2450 = CARTESIAN_POINT('',(0.563163951748,-3.555678045528,
    9.133974585258));
#2451 = CARTESIAN_POINT('',(-0.592145878707,-3.73866110566,
    9.033974585258));
#2452 = CARTESIAN_POINT('',(-1.634365909478,-3.207623430819,
    8.933974585258));
#2453 = CARTESIAN_POINT('',(-2.676585940249,-2.676585755978,
    8.833974585258));
#2454 = CARTESIAN_POINT('',(-3.207623543338,-1.634365688647,
    8.733974585258));
#2455 = CARTESIAN_POINT('',(-3.738661146426,-0.592145621316,
    8.633974585258));
#2456 = CARTESIAN_POINT('',(-3.555678006757,0.563164196541,
    8.533974585258));
#2457 = CARTESIAN_POINT('',(-3.372694867087,1.718474014399,
    8.433974585258));
#2458 = CARTESIAN_POINT('',(-2.545584324645,2.545584499898,
    8.333974585258));
#2459 = CARTESIAN_POINT('',(-1.718473782203,3.372694985397,
    8.233974585258));
#2460 = CARTESIAN_POINT('',(-0.563163951748,3.555678045528,
    8.133974585258));
#2461 = CARTESIAN_POINT('',(0.592145878707,3.73866110566,8.033974585258)
  );
#2462 = CARTESIAN_POINT('',(1.634365909478,3.207623430819,7.933974585258
    ));
#2463 = CARTESIAN_POINT('',(2.676585940249,2.676585755978,7.833974585258
    ));
#2464 = CARTESIAN_POINT('',(3.207623543338,1.634365688647,7.733974585258
    ));
#2465 = CARTESIAN_POINT('',(3.738661146426,0.592145621316,7.633974585258
    ));
#2466 = CARTESIAN_POINT('',(3.555678006757,-0.563164196541,
    7.533974585258));
#2467 = CARTESIAN_POINT('',(3.372694867087,-1.718474014399,
    7.433974585258));
#2468 = CARTESIAN_POINT('',(2.545584324645,-2.545584499898,
    7.333974585258));
#2469 = CARTESIAN_POINT('',(1.718473782203,-3.372694985397,
    7.233974585258));
#2470 = CARTESIAN_POINT('',(0.563163951748,-3.555678045528,
    7.133974585258));
#2471 = CARTESIAN_POINT('',(-0.592145878707,-3.73866110566,
    7.033974585258));
#2472 = CARTESIAN_POINT('',(-1.634365909478,-3.207623430819,
    6.933974585258));
#2473 = CARTESIAN_POINT('',(-2.676585940249,-2.676585755978,
    6.833974585258));
#2474 = CARTESIAN_POINT('',(-3.207623543338,-1.634365688647,
    6.733974585258));
#2475 = CARTESIAN_POINT('',(-3.738661146426,-0.592145621316,
    6.633974585258));
#2476 = CARTESIAN_POINT('',(-3.555678006757,0.563164196541,
    6.533974585258));
#2477 = CARTESIAN_POINT('',(-3.372694867087,1.718474014399,
    6.433974585258));
#2478 = CARTESIAN_POINT('',(-2.545584324645,2.545584499898,
    6.333974585258));
#2479 = CARTESIAN_POINT('',(-1.718473782203,3.372694985397,
    6.233974585258));
#2480 = CARTESIAN_POINT('',(-0.563163951748,3.555678045528,
    6.133974585258));
#2481 = CARTESIAN_POINT('',(0.592145878707,3.73866110566,6.033974585258)
  );
#2482 = CARTESIAN_POINT('',(1.634365909478,3.207623430819,5.933974585258
    ));
#2483 = CARTESIAN_POINT('',(2.676585940249,2.676585755978,5.833974585258
    ));
#2484 = CARTESIAN_POINT('',(3.207623543338,1.634365688647,5.733974585258
    ));
#2485 = CARTESIAN_POINT('',(3.738661146426,0.592145621316,5.633974585258
    ));
#2486 = CARTESIAN_POINT('',(3.555678006757,-0.563164196541,
    5.533974585258));
#2487 = CARTESIAN_POINT('',(3.372694867087,-1.718474014399,
    5.433974585258));
#2488 = CARTESIAN_POINT('',(2.545584324645,-2.545584499898,
    5.333974585258));
#2489 = CARTESIAN_POINT('',(1.718473782203,-3.372694985397,
    5.233974585258));
#2490 = CARTESIAN_POINT('',(0.563163951748,-3.555678045528,
    5.133974585258));
#2491 = CARTESIAN_POINT('',(-0.592145878707,-3.73866110566,
    5.033974585258));
#2492 = CARTESIAN_POINT('',(-1.634365909478,-3.207623430819,
    4.933974585258));
#2493 = CARTESIAN_POINT('',(-2.676585940249,-2.676585755978,
    4.833974585258));
#2494 = CARTESIAN_POINT('',(-3.207623543338,-1.634365688647,
    4.733974585258));
#2495 = CARTESIAN_POINT('',(-3.738661146426,-0.592145621316,
    4.633974585258));
#2496 = CARTESIAN_POINT('',(-3.555678006757,0.563164196541,
    4.533974585258));
#2497 = CARTESIAN_POINT('',(-3.372694867087,1.718474014399,
    4.433974585258));
#2498 = CARTESIAN_POINT('',(-2.545584324645,2.545584499898,
    4.333974585258));
#2499 = CARTESIAN_POINT('',(-1.718473782203,3.372694985397,
    4.233974585258));
#2500 = CARTESIAN_POINT('',(-0.563163951748,3.555678045528,
    4.133974585258));
#2501 = CARTESIAN_POINT('',(0.592145878707,3.73866110566,4.033974585258)
  );
#2502 = CARTESIAN_POINT('',(1.634365909478,3.207623430819,3.933974585258
    ));
#2503 = CARTESIAN_POINT('',(2.676585940249,2.676585755978,3.833974585258
    ));
#2504 = CARTESIAN_POINT('',(3.207623543338,1.634365688647,3.733974585258
    ));
#2505 = CARTESIAN_POINT('',(3.738661146426,0.592145621316,3.633974585258
    ));
#2506 = CARTESIAN_POINT('',(3.555678006757,-0.563164196541,
    3.533974585258));
#2507 = CARTESIAN_POINT('',(3.372694867087,-1.718474014399,
    3.433974585258));
#2508 = CARTESIAN_POINT('',(2.545584324645,-2.545584499898,
    3.333974585258));
#2509 = CARTESIAN_POINT('',(1.718473782203,-3.372694985397,
    3.233974585258));
#2510 = CARTESIAN_POINT('',(0.563163951748,-3.555678045528,
    3.133974585258));
#2511 = CARTESIAN_POINT('',(-0.592145878707,-3.73866110566,
    3.033974585258));
#2512 = CARTESIAN_POINT('',(-1.634365909478,-3.207623430819,
    2.933974585258));
#2513 = CARTESIAN_POINT('',(-2.676585940249,-2.676585755978,
    2.833974585258));
#2514 = CARTESIAN_POINT('',(-3.207623543338,-1.634365688647,
    2.733974585258));
#2515 = CARTESIAN_POINT('',(-3.738661146426,-0.592145621316,
    2.633974585258));
#2516 = CARTESIAN_POINT('',(-3.555678006757,0.563164196541,
    2.533974585258));
#2517 = CARTESIAN_POINT('',(-3.372694867087,1.718474014399,
    2.433974585258));
#2518 = CARTESIAN_POINT('',(-2.545584324645,2.545584499898,
    2.333974585258));
#2519 = CARTESIAN_POINT('',(-1.718473782203,3.372694985397,
    2.233974585258));
#2520 = CARTESIAN_POINT('',(-0.563163951748,3.555678045528,
    2.133974585258));
#2521 = CARTESIAN_POINT('',(0.592145878707,3.73866110566,2.033974585258)
  );
#2522 = CARTESIAN_POINT('',(1.634365909478,3.207623430819,1.933974585258
    ));
#2523 = CARTESIAN_POINT('',(2.676585940249,2.676585755978,1.833974585258
    ));
#2524 = CARTESIAN_POINT('',(3.207623543338,1.634365688647,1.733974585258
    ));
#2525 = CARTESIAN_POINT('',(3.738661146426,0.592145621316,1.633974585258
    ));
#2526 = CARTESIAN_POINT('',(3.555678006757,-0.563164196541,
    1.533974585258));
#2527 = CARTESIAN_POINT('',(3.372694867087,-1.718474014399,
    1.433974585258));
#2528 = CARTESIAN_POINT('',(2.545584324645,-2.545584499898,
    1.333974585258));
#2529 = CARTESIAN_POINT('',(1.718473782203,-3.372694985397,
    1.233974585258));
#2530 = CARTESIAN_POINT('',(0.563163951748,-3.555678045528,
    1.133974585258));
#2531 = CARTESIAN_POINT('',(-0.592145878707,-3.73866110566,
    1.033974585258));
#2532 = CARTESIAN_POINT('',(-1.634365909478,-3.207623430819,
    0.933974585258));
#2533 = CARTESIAN_POINT('',(-2.676585940249,-2.676585755978,
    0.833974585258));
#2534 = CARTESIAN_POINT('',(-3.207623543338,-1.634365688647,
    0.733974585258));
#2535 = CARTESIAN_POINT('',(-3.738661146426,-0.592145621316,
    0.633974585258));
#2536 = CARTESIAN_POINT('',(-3.555678006757,0.563164196541,
    0.533974585258));
#2537 = CARTESIAN_POINT('',(-3.372694867087,1.718474014399,
    0.433974585258));
#2538 = CARTESIAN_POINT('',(-2.545584324645,2.545584499898,
    0.333974585258));
#2539 = CARTESIAN_POINT('',(-1.718473782203,3.372694985397,
    0.233974585258));
#2540 = CARTESIAN_POINT('',(-0.563163951748,3.555678045528,
    0.133974585258));
#2541 = CARTESIAN_POINT('',(0.592145878707,3.73866110566,
    3.397458525844E-02));
#2542 = CARTESIAN_POINT('',(1.634365909478,3.207623430819,
    -6.602541474156E-02));
#2543 = CARTESIAN_POINT('',(2.676585940249,2.676585755978,
    -0.166025414742));
#2544 = CARTESIAN_POINT('',(3.207623543338,1.634365688647,
    -0.266025414742));
#2545 = CARTESIAN_POINT('',(3.738661146426,0.592145621316,
    -0.366025414742));
#2546 = CARTESIAN_POINT('',(3.555678006757,-0.563164196541,
    -0.466025414742));
#2547 = CARTESIAN_POINT('',(3.372694867087,-1.718474014399,
    -0.566025414742));
#2548 = CARTESIAN_POINT('',(2.545584324645,-2.545584499898,
    -0.666025414742));
#2549 = CARTESIAN_POINT('',(1.718473782203,-3.372694985397,
    -0.766025414742));
#2550 = CARTESIAN_POINT('',(0.563163951748,-3.555678045528,
    -0.866025414742));
#2551 = CARTESIAN_POINT('',(-0.592145878707,-3.73866110566,
    -0.966025414742));
#2552 = CARTESIAN_POINT('',(-1.634365909478,-3.207623430819,
    -1.066025414742));
#2553 = CARTESIAN_POINT('',(-2.676585940249,-2.676585755978,
    -1.166025414742));
#2554 = CARTESIAN_POINT('',(-3.207623543338,-1.634365688647,
    -1.266025414742));
#2555 = CARTESIAN_POINT('',(-3.738661146426,-0.592145621316,
    -1.366025414742));
#2556 = CARTESIAN_POINT('',(-3.555678006757,0.563164196541,
    -1.466025414742));
#2557 = CARTESIAN_POINT('',(-3.372694867087,1.718474014399,
    -1.566025414742));
#2558 = CARTESIAN_POINT('',(-2.545584324645,2.545584499898,
    -1.666025414742));
#2559 = CARTESIAN_POINT('',(-1.718473782203,3.372694985397,
    -1.766025414742));
#2560 = CARTESIAN_POINT('',(-0.563163951748,3.555678045528,
    -1.866025414742));
#2561 = CARTESIAN_POINT('',(0.592145878707,3.73866110566,-1.966025414742
    ));
#2562 = CARTESIAN_POINT('',(1.634365909478,3.207623430819,
    -2.066025414742));
#2563 = CARTESIAN_POINT('',(2.676585940249,2.676585755978,
    -2.166025414742));
#2564 = CARTESIAN_POINT('',(3.207623543338,1.634365688647,
    -2.266025414742));
#2565 = CARTESIAN_POINT('',(3.738661146426,0.592145621316,
    -2.366025414742));
#2566 = CARTESIAN_POINT('',(3.555678006757,-0.563164196541,
    -2.466025414742));
#2567 = CARTESIAN_POINT('',(3.372694867087,-1.718474014399,
    -2.566025414742));
#2568 = CARTESIAN_POINT('',(2.545584324645,-2.545584499898,
    -2.666025414742));
#2569 = CARTESIAN_POINT('',(1.718473782203,-3.372694985397,
    -2.766025414742));
#2570 = CARTESIAN_POINT('',(0.563163951748,-3.555678045528,
    -2.866025414742));
#2571 = CARTESIAN_POINT('',(-0.592145878707,-3.73866110566,
    -2.966025414742));
#2572 = CARTESIAN_POINT('',(-1.634365909478,-3.207623430819,
    -3.066025414742));
#2573 = CARTESIAN_POINT('',(-2.676585940249,-2.676585755978,
    -3.166025414742));
#2574 = CARTESIAN_POINT('',(-3.207623543338,-1.634365688647,
    -3.266025414742));
#2575 = CARTESIAN_POINT('',(-3.738661146426,-0.592145621316,
    -3.366025414742));
#2576 = CARTESIAN_POINT('',(-3.555678006757,0.563164196541,
    -3.466025414742));
#2577 = CARTESIAN_POINT('',(-3.372694867087,1.718474014399,
    -3.566025414742));
#2578 = CARTESIAN_POINT('',(-2.545584324645,2.545584499898,
    -3.666025414742));
#2579 = DEFINITIONAL_REPRESENTATION('',(#2580),#2606);
#2580 = B_SPLINE_CURVE_WITH_KNOTS('',3,(#2581,#2582,#2583,#2584,#2585,
    #2586,#2587,#2588,#2589,#2590,#2591,#2592,#2593,#2594,#2595,#2596,
    #2597,#2598,#2599,#2600,#2601,#2602,#2603,#2604,#2605),
  .UNSPECIFIED.,.F.,.F.,(4,1,1,1,1,1,1,1,1,1,1,1,1,1,1,1,1,1,1,1,1,1,4),
  (0.336432360562,0.337887011868,0.339341663174,0.34079631448,
    0.342250965786,0.343705617092,0.345160268398,0.346614919704,
    0.34806957101,0.349524222316,0.350978873622,0.352433524928,
    0.353888176234,0.35534282754,0.356797478846,0.358252130152,
    0.359706781458,0.361161432764,0.36261608407,0.364070735376,
    0.365525386682,0.366980037988,0.368434689294),
  .QUASI_UNIFORM_KNOTS.);
#2581 = CARTESIAN_POINT('',(0.999965673284,0.700358340712));
#2582 = CARTESIAN_POINT('',(0.999986650722,0.699926483125));
#2583 = CARTESIAN_POINT('',(1.000006195422,0.699062766337));
#2584 = CARTESIAN_POINT('',(0.999998339942,0.697767188476));
#2585 = CARTESIAN_POINT('',(1.000000444811,0.696471611334));
#2586 = CARTESIAN_POINT('',(0.999999880813,0.695176033999));
#2587 = CARTESIAN_POINT('',(1.000000031936,0.693880456715));
#2588 = CARTESIAN_POINT('',(0.999999991443,0.692584879418));
#2589 = CARTESIAN_POINT('',(1.000000002293,0.691289302125));
#2590 = CARTESIAN_POINT('',(0.999999999386,0.68999372483));
#2591 = CARTESIAN_POINT('',(1.000000000165,0.688698147536));
#2592 = CARTESIAN_POINT('',(0.999999999956,0.687402570241));
#2593 = CARTESIAN_POINT('',(1.000000000012,0.686106992947));
#2594 = CARTESIAN_POINT('',(0.999999999997,0.684811415653));
#2595 = CARTESIAN_POINT('',(1.000000000001,0.683515838358));
#2596 = CARTESIAN_POINT('',(1.,0.682220261064));
#2597 = CARTESIAN_POINT('',(1.,0.68092468377));
#2598 = CARTESIAN_POINT('',(1.000000000001,0.679629106475));
#2599 = CARTESIAN_POINT('',(0.999999999997,0.678333529181));
#2600 = CARTESIAN_POINT('',(1.00000000001,0.677037951886));
#2601 = CARTESIAN_POINT('',(0.999999999962,0.675742374594));
#2602 = CARTESIAN_POINT('',(1.000000000141,0.674446797291));
#2603 = CARTESIAN_POINT('',(0.999999997512,0.673151220075));
#2604 = CARTESIAN_POINT('',(0.999999998314,0.672287501982));
#2605 = CARTESIAN_POINT('',(1.,0.671855642953));
#2606 = ( GEOMETRIC_REPRESENTATION_CONTEXT(2) 
PARAMETRIC_REPRESENTATION_CONTEXT() REPRESENTATION_CONTEXT('2D SPACE',''
  ) );
#2607 = ORIENTED_EDGE('',*,*,#2608,.F.);
#2608 = EDGE_CURVE('',#2609,#2245,#2611,.T.);
#2609 = VERTEX_POINT('',#2610);
#2610 = CARTESIAN_POINT('',(3.6,-6.48928107874E-15,2.41540214754));
#2611 = SURFACE_CURVE('',#2612,(#2616,#2623),.PCURVE_S1.);
#2612 = LINE('',#2613,#2614);
#2613 = CARTESIAN_POINT('',(3.6,4.40872847693E-16,10.));
#2614 = VECTOR('',#2615,1.);
#2615 = DIRECTION('',(-0.,-0.,-1.));
#2616 = PCURVE('',#2225,#2617);
#2617 = DEFINITIONAL_REPRESENTATION('',(#2618),#2622);
#2618 = LINE('',#2619,#2620);
#2619 = CARTESIAN_POINT('',(3.14159265359,0.));
#2620 = VECTOR('',#2621,1.);
#2621 = DIRECTION('',(0.,1.));
#2622 = ( GEOMETRIC_REPRESENTATION_CONTEXT(2) 
PARAMETRIC_REPRESENTATION_CONTEXT() REPRESENTATION_CONTEXT('2D SPACE',''
  ) );
#2623 = PCURVE('',#2624,#2629);
#2624 = CYLINDRICAL_SURFACE('',#2625,3.6);
#2625 = AXIS2_PLACEMENT_3D('',#2626,#2627,#2628);
#2626 = CARTESIAN_POINT('',(0.,0.,10.));
#2627 = DIRECTION('',(-0.,-0.,-1.));
#2628 = DIRECTION('',(-1.,0.,0.));
#2629 = DEFINITIONAL_REPRESENTATION('',(#2630),#2634);
#2630 = LINE('',#2631,#2632);
#2631 = CARTESIAN_POINT('',(3.14159265359,0.));
#2632 = VECTOR('',#2633,1.);
#2633 = DIRECTION('',(0.,1.));
#2634 = ( GEOMETRIC_REPRESENTATION_CONTEXT(2) 
PARAMETRIC_REPRESENTATION_CONTEXT() REPRESENTATION_CONTEXT('2D SPACE',''
  ) );
#2635 = ORIENTED_EDGE('',*,*,#2636,.T.);
#2636 = EDGE_CURVE('',#2609,#2215,#2637,.T.);
#2637 = SURFACE_CURVE('',#2638,(#2648,#2677),.PCURVE_S1.);
#2638 = ( BOUNDED_CURVE() B_SPLINE_CURVE(2,(#2639,#2640,#2641,#2642,
    #2643,#2644,#2645,#2646,#2647),.UNSPECIFIED.,.F.,.F.) 
B_SPLINE_CURVE_WITH_KNOTS((3,2,2,2,3),(0.546855643196,0.55,0.5625,0.575,
0.575358310256),.UNSPECIFIED.) CURVE() GEOMETRIC_REPRESENTATION_ITEM() 
RATIONAL_B_SPLINE_CURVE((0.981570637188,0.987688337919,1.,0.951056516295
    ,1.,0.951056516295,1.,0.998597043827,0.997274518628)) 
REPRESENTATION_ITEM('') );
#2639 = CARTESIAN_POINT('',(3.6,-6.48928107874E-15,2.41540214754));
#2640 = CARTESIAN_POINT('',(3.6,-0.283326206913,2.390247292901));
#2641 = CARTESIAN_POINT('',(3.555678006757,-0.563164196541,
    2.366025392827));
#2642 = CARTESIAN_POINT('',(3.372694867087,-1.718474014399,
    2.266025392827));
#2643 = CARTESIAN_POINT('',(2.545584324645,-2.545584499898,
    2.166025392827));
#2644 = CARTESIAN_POINT('',(1.718473782203,-3.372694985397,
    2.066025392827));
#2645 = CARTESIAN_POINT('',(0.563163951748,-3.555678045528,
    1.966025392827));
#2646 = CARTESIAN_POINT('',(0.531623802496,-3.560673513302,
    1.963295376305));
#2647 = CARTESIAN_POINT('',(0.5,-3.565108693995,1.96055005394));
#2648 = PCURVE('',#2225,#2649);
#2649 = DEFINITIONAL_REPRESENTATION('',(#2650),#2676);
#2650 = B_SPLINE_CURVE_WITH_KNOTS('',3,(#2651,#2652,#2653,#2654,#2655,
    #2656,#2657,#2658,#2659,#2660,#2661,#2662,#2663,#2664,#2665,#2666,
    #2667,#2668,#2669,#2670,#2671,#2672,#2673,#2674,#2675),
  .UNSPECIFIED.,.F.,.F.,(4,1,1,1,1,1,1,1,1,1,1,1,1,1,1,1,1,1,1,1,1,1,4),
  (0.546855643196,0.548151218971,0.549446794747,0.550742370522,
    0.552037946298,0.553333522073,0.554629097849,0.555924673624,
    0.557220249399,0.558515825175,0.55981140095,0.561106976726,
    0.562402552501,0.563698128277,0.564993704052,0.566289279828,
    0.567584855603,0.568880431378,0.570176007154,0.571471582929,
    0.572767158705,0.57406273448,0.575358310256),.QUASI_UNIFORM_KNOTS.);
#2651 = CARTESIAN_POINT('',(3.14159265359,7.58459785246));
#2652 = CARTESIAN_POINT('',(3.163370025182,7.59157371145));
#2653 = CARTESIAN_POINT('',(3.206726604961,7.605335497924));
#2654 = CARTESIAN_POINT('',(3.271373885559,7.625607312703));
#2655 = CARTESIAN_POINT('',(3.335353994046,7.645248958445));
#2656 = CARTESIAN_POINT('',(3.400090042055,7.665604948973));
#2657 = CARTESIAN_POINT('',(3.465229244168,7.686347545398));
#2658 = CARTESIAN_POINT('',(3.530696610263,7.707406326582));
#2659 = CARTESIAN_POINT('',(3.596337467137,7.728633374421));
#2660 = CARTESIAN_POINT('',(3.662014137679,7.749895204828));
#2661 = CARTESIAN_POINT('',(3.72758708593,7.771056278398));
#2662 = CARTESIAN_POINT('',(3.792904472124,7.791970414681));
#2663 = CARTESIAN_POINT('',(3.85787368976,7.812549210398));
#2664 = CARTESIAN_POINT('',(3.92219630391,7.832513951318));
#2665 = CARTESIAN_POINT('',(3.986366808874,7.852335218075));
#2666 = CARTESIAN_POINT('',(4.051283805814,7.872863765533));
#2667 = CARTESIAN_POINT('',(4.116547616695,7.893726352663));
#2668 = CARTESIAN_POINT('',(4.182093718097,7.914861361947));
#2669 = CARTESIAN_POINT('',(4.24776289742,7.936115930857));
#2670 = CARTESIAN_POINT('',(4.313419186081,7.957357937293));
#2671 = CARTESIAN_POINT('',(4.378918543497,7.978447771161));
#2672 = CARTESIAN_POINT('',(4.444127073155,7.999256810035));
#2673 = CARTESIAN_POINT('',(4.508890324328,8.019639212889));
#2674 = CARTESIAN_POINT('',(4.551729000447,8.032908325597));
#2675 = CARTESIAN_POINT('',(4.573049639627,8.03944994606));
#2676 = ( GEOMETRIC_REPRESENTATION_CONTEXT(2) 
PARAMETRIC_REPRESENTATION_CONTEXT() REPRESENTATION_CONTEXT('2D SPACE',''
  ) );
#2677 = PCURVE('',#2678,#2969);
#2678 = ( BOUNDED_SURFACE() B_SPLINE_SURFACE(1,2,(
    (#2679,#2680,#2681,#2682,#2683,#2684,#2685,#2686,#2687,#2688,#2689
      ,#2690,#2691,#2692,#2693,#2694,#2695,#2696,#2697,#2698,#2699,#2700
      ,#2701,#2702,#2703,#2704,#2705,#2706,#2707,#2708,#2709,#2710,#2711
      ,#2712,#2713,#2714,#2715,#2716,#2717,#2718,#2719,#2720,#2721,#2722
      ,#2723,#2724,#2725,#2726,#2727,#2728,#2729,#2730,#2731,#2732,#2733
      ,#2734,#2735,#2736,#2737,#2738,#2739,#2740,#2741,#2742,#2743,#2744
      ,#2745,#2746,#2747,#2748,#2749,#2750,#2751,#2752,#2753,#2754,#2755
      ,#2756,#2757,#2758,#2759,#2760,#2761,#2762,#2763,#2764,#2765,#2766
      ,#2767,#2768,#2769,#2770,#2771,#2772,#2773,#2774,#2775,#2776,#2777
      ,#2778,#2779,#2780,#2781,#2782,#2783,#2784,#2785,#2786,#2787,#2788
      ,#2789,#2790,#2791,#2792,#2793,#2794,#2795,#2796,#2797,#2798,#2799
      ,#2800,#2801,#2802,#2803,#2804,#2805,#2806,#2807,#2808,#2809,#2810
      ,#2811,#2812,#2813,#2814,#2815,#2816,#2817,#2818,#2819,#2820,#2821
      ,#2822,#2823)
    ,(#2824,#2825,#2826,#2827,#2828,#2829,#2830,#2831,#2832,#2833,#2834
      ,#2835,#2836,#2837,#2838,#2839,#2840,#2841,#2842,#2843,#2844,#2845
      ,#2846,#2847,#2848,#2849,#2850,#2851,#2852,#2853,#2854,#2855,#2856
      ,#2857,#2858,#2859,#2860,#2861,#2862,#2863,#2864,#2865,#2866,#2867
      ,#2868,#2869,#2870,#2871,#2872,#2873,#2874,#2875,#2876,#2877,#2878
      ,#2879,#2880,#2881,#2882,#2883,#2884,#2885,#2886,#2887,#2888,#2889
      ,#2890,#2891,#2892,#2893,#2894,#2895,#2896,#2897,#2898,#2899,#2900
      ,#2901,#2902,#2903,#2904,#2905,#2906,#2907,#2908,#2909,#2910,#2911
      ,#2912,#2913,#2914,#2915,#2916,#2917,#2918,#2919,#2920,#2921,#2922
      ,#2923,#2924,#2925,#2926,#2927,#2928,#2929,#2930,#2931,#2932,#2933
      ,#2934,#2935,#2936,#2937,#2938,#2939,#2940,#2941,#2942,#2943,#2944
      ,#2945,#2946,#2947,#2948,#2949,#2950,#2951,#2952,#2953,#2954,#2955
      ,#2956,#2957,#2958,#2959,#2960,#2961,#2962,#2963,#2964,#2965,#2966
      ,#2967,#2968
)),.UNSPECIFIED.,.F.,.F.,.F.) B_SPLINE_SURFACE_WITH_KNOTS((2,2),(3,2,2,2
    ,2,2,2,2,2,2,2,2,2,2,2,2,2,2,2,2,2,2,2,2,2,2,2,2,2,2,2,2,2,2,2,2,2,2
    ,2,2,2,2,2,2,2,2,2,2,2,2,2,2,2,2,2,2,2,2,2,2,2,2,2,2,2,2,2,2,2,2,2,2
    ,3),(0.,1.),(0.109355360574,0.1125,0.125,0.1375,0.15,0.1625,0.175,
    0.1875,0.2,0.2125,0.225,0.2375,0.25,0.2625,0.275,0.2875,0.3,0.3125,
    0.325,0.3375,0.35,0.3625,0.375,0.3875,0.4,0.4125,0.425,0.4375,0.45,
    0.4625,0.475,0.4875,0.5,0.5125,0.525,0.5375,0.55,0.5625,0.575,0.5875
    ,0.6,0.6125,0.625,0.6375,0.65,0.6625,0.675,0.6875,0.7,0.7125,0.725,
    0.7375,0.75,0.7625,0.775,0.7875,0.8,0.8125,0.825,0.8375,0.85,0.8625,
    0.875,0.8875,0.9,0.9125,0.925,0.9375,0.95,0.9625,0.975,0.9875,1.),
.UNSPECIFIED.) GEOMETRIC_REPRESENTATION_ITEM() RATIONAL_B_SPLINE_SURFACE
((
    (0.981569537493,0.987687231319,1.,0.951056516295,1.,0.951056516295
      ,1.,0.951056516295,1.,0.951056516295,1.,0.951056516295,1.
      ,0.951056516295,1.,0.951056516295,1.,0.951056516295,1.
      ,0.951056516295,1.,0.951056516295,1.,0.951056516295,1.
      ,0.951056516295,1.,0.951056516295,1.,0.951056516295,1.
      ,0.951056516295,1.,0.951056516295,1.,0.951056516295,1.
      ,0.951056516295,1.,0.951056516295,1.,0.951056516295,1.
      ,0.951056516295,1.,0.951056516295,1.,0.951056516295,1.
      ,0.951056516295,1.,0.951056516295,1.,0.951056516295,1.
      ,0.951056516295,1.,0.951056516295,1.,0.951056516295,1.
      ,0.951056516295,1.,0.951056516295,1.,0.951056516295,1.
      ,0.951056516295,1.,0.951056516295,1.,0.951056516295,1.
      ,0.951056516295,1.,0.951056516295,1.,0.951056516295,1.
      ,0.951056516295,1.,0.951056516295,1.,0.951056516295,1.
      ,0.951056516295,1.,0.951056516295,1.,0.951056516295,1.
      ,0.951056516295,1.,0.951056516295,1.,0.951056516295,1.
      ,0.951056516295,1.,0.951056516295,1.,0.951056516295,1.
      ,0.951056516295,1.,0.951056516295,1.,0.951056516295,1.
      ,0.951056516295,1.,0.951056516295,1.,0.951056516295,1.
      ,0.951056516295,1.,0.951056516295,1.,0.951056516295,1.
      ,0.951056516295,1.,0.951056516295,1.,0.951056516295,1.
      ,0.951056516295,1.,0.951056516295,1.,0.951056516295,1.
      ,0.951056516295,1.,0.951056516295,1.,0.951056516295,1.
      ,0.951056516295,1.,0.951056516295,1.,0.951056516295,1.)
    ,(0.981569537493,0.987687231319,1.,0.951056516295,1.,0.951056516295
      ,1.,0.951056516295,1.,0.951056516295,1.,0.951056516295,1.
      ,0.951056516295,1.,0.951056516295,1.,0.951056516295,1.
      ,0.951056516295,1.,0.951056516295,1.,0.951056516295,1.
      ,0.951056516295,1.,0.951056516295,1.,0.951056516295,1.
      ,0.951056516295,1.,0.951056516295,1.,0.951056516295,1.
      ,0.951056516295,1.,0.951056516295,1.,0.951056516295,1.
      ,0.951056516295,1.,0.951056516295,1.,0.951056516295,1.
      ,0.951056516295,1.,0.951056516295,1.,0.951056516295,1.
      ,0.951056516295,1.,0.951056516295,1.,0.951056516295,1.
      ,0.951056516295,1.,0.951056516295,1.,0.951056516295,1.
      ,0.951056516295,1.,0.951056516295,1.,0.951056516295,1.
      ,0.951056516295,1.,0.951056516295,1.,0.951056516295,1.
      ,0.951056516295,1.,0.951056516295,1.,0.951056516295,1.
      ,0.951056516295,1.,0.951056516295,1.,0.951056516295,1.
      ,0.951056516295,1.,0.951056516295,1.,0.951056516295,1.
      ,0.951056516295,1.,0.951056516295,1.,0.951056516295,1.
      ,0.951056516295,1.,0.951056516295,1.,0.951056516295,1.
      ,0.951056516295,1.,0.951056516295,1.,0.951056516295,1.
      ,0.951056516295,1.,0.951056516295,1.,0.951056516295,1.
      ,0.951056516295,1.,0.951056516295,1.,0.951056516295,1.
      ,0.951056516295,1.,0.951056516295,1.,0.951056516295,1.
      ,0.951056516295,1.,0.951056516295,1.,0.951056516295,1.
      ,0.951056516295,1.,0.951056516295,1.,0.951056516295,1.
))) REPRESENTATION_ITEM('') SURFACE() );
#2679 = CARTESIAN_POINT('',(-3.599999999635,-5.124947355626E-05,
    9.415406697682));
#2680 = CARTESIAN_POINT('',(-3.600004033424,0.283300740881,
    9.390249497161));
#2681 = CARTESIAN_POINT('',(-3.555678006757,0.563164196541,
    9.366025392827));
#2682 = CARTESIAN_POINT('',(-3.372694867087,1.718474014399,
    9.266025392827));
#2683 = CARTESIAN_POINT('',(-2.545584324645,2.545584499898,
    9.166025392827));
#2684 = CARTESIAN_POINT('',(-1.718473782203,3.372694985397,
    9.066025392827));
#2685 = CARTESIAN_POINT('',(-0.563163951748,3.555678045528,
    8.966025392827));
#2686 = CARTESIAN_POINT('',(0.592145878707,3.73866110566,8.866025392827)
  );
#2687 = CARTESIAN_POINT('',(1.634365909478,3.207623430819,8.766025392827
    ));
#2688 = CARTESIAN_POINT('',(2.676585940249,2.676585755978,8.666025392827
    ));
#2689 = CARTESIAN_POINT('',(3.207623543338,1.634365688647,8.566025392827
    ));
#2690 = CARTESIAN_POINT('',(3.738661146426,0.592145621316,8.466025392827
    ));
#2691 = CARTESIAN_POINT('',(3.555678006757,-0.563164196541,
    8.366025392827));
#2692 = CARTESIAN_POINT('',(3.372694867087,-1.718474014399,
    8.266025392827));
#2693 = CARTESIAN_POINT('',(2.545584324645,-2.545584499898,
    8.166025392827));
#2694 = CARTESIAN_POINT('',(1.718473782203,-3.372694985397,
    8.066025392827));
#2695 = CARTESIAN_POINT('',(0.563163951748,-3.555678045528,
    7.966025392827));
#2696 = CARTESIAN_POINT('',(-0.592145878707,-3.73866110566,
    7.866025392827));
#2697 = CARTESIAN_POINT('',(-1.634365909478,-3.207623430819,
    7.766025392827));
#2698 = CARTESIAN_POINT('',(-2.676585940249,-2.676585755978,
    7.666025392827));
#2699 = CARTESIAN_POINT('',(-3.207623543338,-1.634365688647,
    7.566025392827));
#2700 = CARTESIAN_POINT('',(-3.738661146426,-0.592145621316,
    7.466025392827));
#2701 = CARTESIAN_POINT('',(-3.555678006757,0.563164196541,
    7.366025392827));
#2702 = CARTESIAN_POINT('',(-3.372694867087,1.718474014399,
    7.266025392827));
#2703 = CARTESIAN_POINT('',(-2.545584324645,2.545584499898,
    7.166025392827));
#2704 = CARTESIAN_POINT('',(-1.718473782203,3.372694985397,
    7.066025392827));
#2705 = CARTESIAN_POINT('',(-0.563163951748,3.555678045528,
    6.966025392827));
#2706 = CARTESIAN_POINT('',(0.592145878707,3.73866110566,6.866025392827)
  );
#2707 = CARTESIAN_POINT('',(1.634365909478,3.207623430819,6.766025392827
    ));
#2708 = CARTESIAN_POINT('',(2.676585940249,2.676585755978,6.666025392827
    ));
#2709 = CARTESIAN_POINT('',(3.207623543338,1.634365688647,6.566025392827
    ));
#2710 = CARTESIAN_POINT('',(3.738661146426,0.592145621316,6.466025392827
    ));
#2711 = CARTESIAN_POINT('',(3.555678006757,-0.563164196541,
    6.366025392827));
#2712 = CARTESIAN_POINT('',(3.372694867087,-1.718474014399,
    6.266025392827));
#2713 = CARTESIAN_POINT('',(2.545584324645,-2.545584499898,
    6.166025392827));
#2714 = CARTESIAN_POINT('',(1.718473782203,-3.372694985397,
    6.066025392827));
#2715 = CARTESIAN_POINT('',(0.563163951748,-3.555678045528,
    5.966025392827));
#2716 = CARTESIAN_POINT('',(-0.592145878707,-3.73866110566,
    5.866025392827));
#2717 = CARTESIAN_POINT('',(-1.634365909478,-3.207623430819,
    5.766025392827));
#2718 = CARTESIAN_POINT('',(-2.676585940249,-2.676585755978,
    5.666025392827));
#2719 = CARTESIAN_POINT('',(-3.207623543338,-1.634365688647,
    5.566025392827));
#2720 = CARTESIAN_POINT('',(-3.738661146426,-0.592145621316,
    5.466025392827));
#2721 = CARTESIAN_POINT('',(-3.555678006757,0.563164196541,
    5.366025392827));
#2722 = CARTESIAN_POINT('',(-3.372694867087,1.718474014399,
    5.266025392827));
#2723 = CARTESIAN_POINT('',(-2.545584324645,2.545584499898,
    5.166025392827));
#2724 = CARTESIAN_POINT('',(-1.718473782203,3.372694985397,
    5.066025392827));
#2725 = CARTESIAN_POINT('',(-0.563163951748,3.555678045528,
    4.966025392827));
#2726 = CARTESIAN_POINT('',(0.592145878707,3.73866110566,4.866025392827)
  );
#2727 = CARTESIAN_POINT('',(1.634365909478,3.207623430819,4.766025392827
    ));
#2728 = CARTESIAN_POINT('',(2.676585940249,2.676585755978,4.666025392827
    ));
#2729 = CARTESIAN_POINT('',(3.207623543338,1.634365688647,4.566025392827
    ));
#2730 = CARTESIAN_POINT('',(3.738661146426,0.592145621316,4.466025392827
    ));
#2731 = CARTESIAN_POINT('',(3.555678006757,-0.563164196541,
    4.366025392827));
#2732 = CARTESIAN_POINT('',(3.372694867087,-1.718474014399,
    4.266025392827));
#2733 = CARTESIAN_POINT('',(2.545584324645,-2.545584499898,
    4.166025392827));
#2734 = CARTESIAN_POINT('',(1.718473782203,-3.372694985397,
    4.066025392827));
#2735 = CARTESIAN_POINT('',(0.563163951748,-3.555678045528,
    3.966025392827));
#2736 = CARTESIAN_POINT('',(-0.592145878707,-3.73866110566,
    3.866025392827));
#2737 = CARTESIAN_POINT('',(-1.634365909478,-3.207623430819,
    3.766025392827));
#2738 = CARTESIAN_POINT('',(-2.676585940249,-2.676585755978,
    3.666025392827));
#2739 = CARTESIAN_POINT('',(-3.207623543338,-1.634365688647,
    3.566025392827));
#2740 = CARTESIAN_POINT('',(-3.738661146426,-0.592145621316,
    3.466025392827));
#2741 = CARTESIAN_POINT('',(-3.555678006757,0.563164196541,
    3.366025392827));
#2742 = CARTESIAN_POINT('',(-3.372694867087,1.718474014399,
    3.266025392827));
#2743 = CARTESIAN_POINT('',(-2.545584324645,2.545584499898,
    3.166025392827));
#2744 = CARTESIAN_POINT('',(-1.718473782203,3.372694985397,
    3.066025392827));
#2745 = CARTESIAN_POINT('',(-0.563163951748,3.555678045528,
    2.966025392827));
#2746 = CARTESIAN_POINT('',(0.592145878707,3.73866110566,2.866025392827)
  );
#2747 = CARTESIAN_POINT('',(1.634365909478,3.207623430819,2.766025392827
    ));
#2748 = CARTESIAN_POINT('',(2.676585940249,2.676585755978,2.666025392827
    ));
#2749 = CARTESIAN_POINT('',(3.207623543338,1.634365688647,2.566025392827
    ));
#2750 = CARTESIAN_POINT('',(3.738661146426,0.592145621316,2.466025392827
    ));
#2751 = CARTESIAN_POINT('',(3.555678006757,-0.563164196541,
    2.366025392827));
#2752 = CARTESIAN_POINT('',(3.372694867087,-1.718474014399,
    2.266025392827));
#2753 = CARTESIAN_POINT('',(2.545584324645,-2.545584499898,
    2.166025392827));
#2754 = CARTESIAN_POINT('',(1.718473782203,-3.372694985397,
    2.066025392827));
#2755 = CARTESIAN_POINT('',(0.563163951748,-3.555678045528,
    1.966025392827));
#2756 = CARTESIAN_POINT('',(-0.592145878707,-3.73866110566,
    1.866025392827));
#2757 = CARTESIAN_POINT('',(-1.634365909478,-3.207623430819,
    1.766025392827));
#2758 = CARTESIAN_POINT('',(-2.676585940249,-2.676585755978,
    1.666025392827));
#2759 = CARTESIAN_POINT('',(-3.207623543338,-1.634365688647,
    1.566025392827));
#2760 = CARTESIAN_POINT('',(-3.738661146426,-0.592145621316,
    1.466025392827));
#2761 = CARTESIAN_POINT('',(-3.555678006757,0.563164196541,
    1.366025392827));
#2762 = CARTESIAN_POINT('',(-3.372694867087,1.718474014399,
    1.266025392827));
#2763 = CARTESIAN_POINT('',(-2.545584324645,2.545584499898,
    1.166025392827));
#2764 = CARTESIAN_POINT('',(-1.718473782203,3.372694985397,
    1.066025392827));
#2765 = CARTESIAN_POINT('',(-0.563163951748,3.555678045528,
    0.966025392827));
#2766 = CARTESIAN_POINT('',(0.592145878707,3.73866110566,0.866025392827)
  );
#2767 = CARTESIAN_POINT('',(1.634365909478,3.207623430819,0.766025392827
    ));
#2768 = CARTESIAN_POINT('',(2.676585940249,2.676585755978,0.666025392827
    ));
#2769 = CARTESIAN_POINT('',(3.207623543338,1.634365688647,0.566025392827
    ));
#2770 = CARTESIAN_POINT('',(3.738661146426,0.592145621316,0.466025392827
    ));
#2771 = CARTESIAN_POINT('',(3.555678006757,-0.563164196541,
    0.366025392827));
#2772 = CARTESIAN_POINT('',(3.372694867087,-1.718474014399,
    0.266025392827));
#2773 = CARTESIAN_POINT('',(2.545584324645,-2.545584499898,
    0.166025392827));
#2774 = CARTESIAN_POINT('',(1.718473782203,-3.372694985397,
    6.602539282732E-02));
#2775 = CARTESIAN_POINT('',(0.563163951748,-3.555678045528,
    -3.397460717268E-02));
#2776 = CARTESIAN_POINT('',(-0.592145878707,-3.73866110566,
    -0.133974607173));
#2777 = CARTESIAN_POINT('',(-1.634365909478,-3.207623430819,
    -0.233974607173));
#2778 = CARTESIAN_POINT('',(-2.676585940249,-2.676585755978,
    -0.333974607173));
#2779 = CARTESIAN_POINT('',(-3.207623543338,-1.634365688647,
    -0.433974607173));
#2780 = CARTESIAN_POINT('',(-3.738661146426,-0.592145621316,
    -0.533974607173));
#2781 = CARTESIAN_POINT('',(-3.555678006757,0.563164196541,
    -0.633974607173));
#2782 = CARTESIAN_POINT('',(-3.372694867087,1.718474014399,
    -0.733974607173));
#2783 = CARTESIAN_POINT('',(-2.545584324645,2.545584499898,
    -0.833974607173));
#2784 = CARTESIAN_POINT('',(-1.718473782203,3.372694985397,
    -0.933974607173));
#2785 = CARTESIAN_POINT('',(-0.563163951748,3.555678045528,
    -1.033974607173));
#2786 = CARTESIAN_POINT('',(0.592145878707,3.73866110566,-1.133974607173
    ));
#2787 = CARTESIAN_POINT('',(1.634365909478,3.207623430819,
    -1.233974607173));
#2788 = CARTESIAN_POINT('',(2.676585940249,2.676585755978,
    -1.333974607173));
#2789 = CARTESIAN_POINT('',(3.207623543338,1.634365688647,
    -1.433974607173));
#2790 = CARTESIAN_POINT('',(3.738661146426,0.592145621316,
    -1.533974607173));
#2791 = CARTESIAN_POINT('',(3.555678006757,-0.563164196541,
    -1.633974607173));
#2792 = CARTESIAN_POINT('',(3.372694867087,-1.718474014399,
    -1.733974607173));
#2793 = CARTESIAN_POINT('',(2.545584324645,-2.545584499898,
    -1.833974607173));
#2794 = CARTESIAN_POINT('',(1.718473782203,-3.372694985397,
    -1.933974607173));
#2795 = CARTESIAN_POINT('',(0.563163951748,-3.555678045528,
    -2.033974607173));
#2796 = CARTESIAN_POINT('',(-0.592145878707,-3.73866110566,
    -2.133974607173));
#2797 = CARTESIAN_POINT('',(-1.634365909478,-3.207623430819,
    -2.233974607173));
#2798 = CARTESIAN_POINT('',(-2.676585940249,-2.676585755978,
    -2.333974607173));
#2799 = CARTESIAN_POINT('',(-3.207623543338,-1.634365688647,
    -2.433974607173));
#2800 = CARTESIAN_POINT('',(-3.738661146426,-0.592145621316,
    -2.533974607173));
#2801 = CARTESIAN_POINT('',(-3.555678006757,0.563164196541,
    -2.633974607173));
#2802 = CARTESIAN_POINT('',(-3.372694867087,1.718474014399,
    -2.733974607173));
#2803 = CARTESIAN_POINT('',(-2.545584324645,2.545584499898,
    -2.833974607173));
#2804 = CARTESIAN_POINT('',(-1.718473782203,3.372694985397,
    -2.933974607173));
#2805 = CARTESIAN_POINT('',(-0.563163951748,3.555678045528,
    -3.033974607173));
#2806 = CARTESIAN_POINT('',(0.592145878707,3.73866110566,-3.133974607173
    ));
#2807 = CARTESIAN_POINT('',(1.634365909478,3.207623430819,
    -3.233974607173));
#2808 = CARTESIAN_POINT('',(2.676585940249,2.676585755978,
    -3.333974607173));
#2809 = CARTESIAN_POINT('',(3.207623543338,1.634365688647,
    -3.433974607173));
#2810 = CARTESIAN_POINT('',(3.738661146426,0.592145621316,
    -3.533974607173));
#2811 = CARTESIAN_POINT('',(3.555678006757,-0.563164196541,
    -3.633974607173));
#2812 = CARTESIAN_POINT('',(3.372694867087,-1.718474014399,
    -3.733974607173));
#2813 = CARTESIAN_POINT('',(2.545584324645,-2.545584499898,
    -3.833974607173));
#2814 = CARTESIAN_POINT('',(1.718473782203,-3.372694985397,
    -3.933974607173));
#2815 = CARTESIAN_POINT('',(0.563163951748,-3.555678045528,
    -4.033974607173));
#2816 = CARTESIAN_POINT('',(-0.592145878707,-3.73866110566,
    -4.133974607173));
#2817 = CARTESIAN_POINT('',(-1.634365909478,-3.207623430819,
    -4.233974607173));
#2818 = CARTESIAN_POINT('',(-2.676585940249,-2.676585755978,
    -4.333974607173));
#2819 = CARTESIAN_POINT('',(-3.207623543338,-1.634365688647,
    -4.433974607173));
#2820 = CARTESIAN_POINT('',(-3.738661146426,-0.592145621316,
    -4.533974607173));
#2821 = CARTESIAN_POINT('',(-3.555678006757,0.563164196541,
    -4.633974607173));
#2822 = CARTESIAN_POINT('',(-3.372694867087,1.718474014399,
    -4.733974607173));
#2823 = CARTESIAN_POINT('',(-2.545584324645,2.545584499898,
    -4.833974607173));
#2824 = CARTESIAN_POINT('',(-4.099999999585,-5.836745599459E-05,
    9.549381293898));
#2825 = CARTESIAN_POINT('',(-4.100004593622,0.322648066003,
    9.524224093377));
#2826 = CARTESIAN_POINT('',(-4.049522174362,0.641381446061,
    9.499999989043));
#2827 = CARTESIAN_POINT('',(-3.841124709738,1.957150960843,
    9.399999989043));
#2828 = CARTESIAN_POINT('',(-2.899137703068,2.899137902661,
    9.299999989043));
#2829 = CARTESIAN_POINT('',(-1.957150696398,3.84112484448,9.199999989043
    ));
#2830 = CARTESIAN_POINT('',(-0.641381167269,4.049522218518,
    9.099999989043));
#2831 = CARTESIAN_POINT('',(0.67438836186,4.257919592557,8.999999989043)
  );
#2832 = CARTESIAN_POINT('',(1.861361174683,3.653126685099,8.899999989043
    ));
#2833 = CARTESIAN_POINT('',(3.048333987506,3.048333777641,8.799999989043
    ));
#2834 = CARTESIAN_POINT('',(3.653126813246,1.861360923181,8.699999989043
    ));
#2835 = CARTESIAN_POINT('',(4.257919638985,0.674388068721,8.599999989043
    ));
#2836 = CARTESIAN_POINT('',(4.049522174362,-0.641381446061,
    8.499999989043));
#2837 = CARTESIAN_POINT('',(3.841124709738,-1.957150960843,
    8.399999989043));
#2838 = CARTESIAN_POINT('',(2.899137703068,-2.899137902661,
    8.299999989043));
#2839 = CARTESIAN_POINT('',(1.957150696398,-3.84112484448,8.199999989043
    ));
#2840 = CARTESIAN_POINT('',(0.641381167269,-4.049522218518,
    8.099999989043));
#2841 = CARTESIAN_POINT('',(-0.67438836186,-4.257919592557,
    7.999999989043));
#2842 = CARTESIAN_POINT('',(-1.861361174683,-3.653126685099,
    7.899999989043));
#2843 = CARTESIAN_POINT('',(-3.048333987506,-3.048333777641,
    7.799999989043));
#2844 = CARTESIAN_POINT('',(-3.653126813246,-1.861360923181,
    7.699999989043));
#2845 = CARTESIAN_POINT('',(-4.257919638985,-0.674388068721,
    7.599999989043));
#2846 = CARTESIAN_POINT('',(-4.049522174362,0.641381446061,
    7.499999989043));
#2847 = CARTESIAN_POINT('',(-3.841124709738,1.957150960843,
    7.399999989043));
#2848 = CARTESIAN_POINT('',(-2.899137703068,2.899137902661,
    7.299999989043));
#2849 = CARTESIAN_POINT('',(-1.957150696398,3.84112484448,7.199999989043
    ));
#2850 = CARTESIAN_POINT('',(-0.641381167269,4.049522218518,
    7.099999989043));
#2851 = CARTESIAN_POINT('',(0.67438836186,4.257919592557,6.999999989043)
  );
#2852 = CARTESIAN_POINT('',(1.861361174683,3.653126685099,6.899999989043
    ));
#2853 = CARTESIAN_POINT('',(3.048333987506,3.048333777641,6.799999989043
    ));
#2854 = CARTESIAN_POINT('',(3.653126813246,1.861360923181,6.699999989043
    ));
#2855 = CARTESIAN_POINT('',(4.257919638985,0.674388068721,6.599999989043
    ));
#2856 = CARTESIAN_POINT('',(4.049522174362,-0.641381446061,
    6.499999989043));
#2857 = CARTESIAN_POINT('',(3.841124709738,-1.957150960843,
    6.399999989043));
#2858 = CARTESIAN_POINT('',(2.899137703068,-2.899137902661,
    6.299999989043));
#2859 = CARTESIAN_POINT('',(1.957150696398,-3.84112484448,6.199999989043
    ));
#2860 = CARTESIAN_POINT('',(0.641381167269,-4.049522218518,
    6.099999989043));
#2861 = CARTESIAN_POINT('',(-0.67438836186,-4.257919592557,
    5.999999989043));
#2862 = CARTESIAN_POINT('',(-1.861361174683,-3.653126685099,
    5.899999989043));
#2863 = CARTESIAN_POINT('',(-3.048333987506,-3.048333777641,
    5.799999989043));
#2864 = CARTESIAN_POINT('',(-3.653126813246,-1.861360923181,
    5.699999989043));
#2865 = CARTESIAN_POINT('',(-4.257919638985,-0.674388068721,
    5.599999989043));
#2866 = CARTESIAN_POINT('',(-4.049522174362,0.641381446061,
    5.499999989043));
#2867 = CARTESIAN_POINT('',(-3.841124709738,1.957150960843,
    5.399999989043));
#2868 = CARTESIAN_POINT('',(-2.899137703068,2.899137902661,
    5.299999989043));
#2869 = CARTESIAN_POINT('',(-1.957150696398,3.84112484448,5.199999989043
    ));
#2870 = CARTESIAN_POINT('',(-0.641381167269,4.049522218518,
    5.099999989043));
#2871 = CARTESIAN_POINT('',(0.67438836186,4.257919592557,4.999999989043)
  );
#2872 = CARTESIAN_POINT('',(1.861361174683,3.653126685099,4.899999989043
    ));
#2873 = CARTESIAN_POINT('',(3.048333987506,3.048333777641,4.799999989043
    ));
#2874 = CARTESIAN_POINT('',(3.653126813246,1.861360923181,4.699999989043
    ));
#2875 = CARTESIAN_POINT('',(4.257919638985,0.674388068721,4.599999989043
    ));
#2876 = CARTESIAN_POINT('',(4.049522174362,-0.641381446061,
    4.499999989043));
#2877 = CARTESIAN_POINT('',(3.841124709738,-1.957150960843,
    4.399999989043));
#2878 = CARTESIAN_POINT('',(2.899137703068,-2.899137902661,
    4.299999989043));
#2879 = CARTESIAN_POINT('',(1.957150696398,-3.84112484448,4.199999989043
    ));
#2880 = CARTESIAN_POINT('',(0.641381167269,-4.049522218518,
    4.099999989043));
#2881 = CARTESIAN_POINT('',(-0.67438836186,-4.257919592557,
    3.999999989043));
#2882 = CARTESIAN_POINT('',(-1.861361174683,-3.653126685099,
    3.899999989043));
#2883 = CARTESIAN_POINT('',(-3.048333987506,-3.048333777641,
    3.799999989043));
#2884 = CARTESIAN_POINT('',(-3.653126813246,-1.861360923181,
    3.699999989043));
#2885 = CARTESIAN_POINT('',(-4.257919638985,-0.674388068721,
    3.599999989043));
#2886 = CARTESIAN_POINT('',(-4.049522174362,0.641381446061,
    3.499999989043));
#2887 = CARTESIAN_POINT('',(-3.841124709738,1.957150960843,
    3.399999989043));
#2888 = CARTESIAN_POINT('',(-2.899137703068,2.899137902661,
    3.299999989043));
#2889 = CARTESIAN_POINT('',(-1.957150696398,3.84112484448,3.199999989043
    ));
#2890 = CARTESIAN_POINT('',(-0.641381167269,4.049522218518,
    3.099999989043));
#2891 = CARTESIAN_POINT('',(0.67438836186,4.257919592557,2.999999989043)
  );
#2892 = CARTESIAN_POINT('',(1.861361174683,3.653126685099,2.899999989043
    ));
#2893 = CARTESIAN_POINT('',(3.048333987506,3.048333777641,2.799999989043
    ));
#2894 = CARTESIAN_POINT('',(3.653126813246,1.861360923181,2.699999989043
    ));
#2895 = CARTESIAN_POINT('',(4.257919638985,0.674388068721,2.599999989043
    ));
#2896 = CARTESIAN_POINT('',(4.049522174362,-0.641381446061,
    2.499999989043));
#2897 = CARTESIAN_POINT('',(3.841124709738,-1.957150960843,
    2.399999989043));
#2898 = CARTESIAN_POINT('',(2.899137703068,-2.899137902661,
    2.299999989043));
#2899 = CARTESIAN_POINT('',(1.957150696398,-3.84112484448,2.199999989043
    ));
#2900 = CARTESIAN_POINT('',(0.641381167269,-4.049522218518,
    2.099999989043));
#2901 = CARTESIAN_POINT('',(-0.67438836186,-4.257919592557,
    1.999999989043));
#2902 = CARTESIAN_POINT('',(-1.861361174683,-3.653126685099,
    1.899999989043));
#2903 = CARTESIAN_POINT('',(-3.048333987506,-3.048333777641,
    1.799999989043));
#2904 = CARTESIAN_POINT('',(-3.653126813246,-1.861360923181,
    1.699999989043));
#2905 = CARTESIAN_POINT('',(-4.257919638985,-0.674388068721,
    1.599999989043));
#2906 = CARTESIAN_POINT('',(-4.049522174362,0.641381446061,
    1.499999989043));
#2907 = CARTESIAN_POINT('',(-3.841124709738,1.957150960843,
    1.399999989043));
#2908 = CARTESIAN_POINT('',(-2.899137703068,2.899137902661,
    1.299999989043));
#2909 = CARTESIAN_POINT('',(-1.957150696398,3.84112484448,1.199999989043
    ));
#2910 = CARTESIAN_POINT('',(-0.641381167269,4.049522218518,
    1.099999989043));
#2911 = CARTESIAN_POINT('',(0.67438836186,4.257919592557,0.999999989043)
  );
#2912 = CARTESIAN_POINT('',(1.861361174683,3.653126685099,0.899999989043
    ));
#2913 = CARTESIAN_POINT('',(3.048333987506,3.048333777641,0.799999989043
    ));
#2914 = CARTESIAN_POINT('',(3.653126813246,1.861360923181,0.699999989043
    ));
#2915 = CARTESIAN_POINT('',(4.257919638985,0.674388068721,0.599999989043
    ));
#2916 = CARTESIAN_POINT('',(4.049522174362,-0.641381446061,
    0.499999989043));
#2917 = CARTESIAN_POINT('',(3.841124709738,-1.957150960843,
    0.399999989043));
#2918 = CARTESIAN_POINT('',(2.899137703068,-2.899137902661,
    0.299999989043));
#2919 = CARTESIAN_POINT('',(1.957150696398,-3.84112484448,0.199999989043
    ));
#2920 = CARTESIAN_POINT('',(0.641381167269,-4.049522218518,
    9.999998904288E-02));
#2921 = CARTESIAN_POINT('',(-0.67438836186,-4.257919592557,
    -1.095712409693E-08));
#2922 = CARTESIAN_POINT('',(-1.861361174683,-3.653126685099,
    -0.100000010957));
#2923 = CARTESIAN_POINT('',(-3.048333987506,-3.048333777641,
    -0.200000010957));
#2924 = CARTESIAN_POINT('',(-3.653126813246,-1.861360923181,
    -0.300000010957));
#2925 = CARTESIAN_POINT('',(-4.257919638985,-0.674388068721,
    -0.400000010957));
#2926 = CARTESIAN_POINT('',(-4.049522174362,0.641381446061,
    -0.500000010957));
#2927 = CARTESIAN_POINT('',(-3.841124709738,1.957150960843,
    -0.600000010957));
#2928 = CARTESIAN_POINT('',(-2.899137703068,2.899137902661,
    -0.700000010957));
#2929 = CARTESIAN_POINT('',(-1.957150696398,3.84112484448,
    -0.800000010957));
#2930 = CARTESIAN_POINT('',(-0.641381167269,4.049522218518,
    -0.900000010957));
#2931 = CARTESIAN_POINT('',(0.67438836186,4.257919592557,-1.000000010957
    ));
#2932 = CARTESIAN_POINT('',(1.861361174683,3.653126685099,
    -1.100000010957));
#2933 = CARTESIAN_POINT('',(3.048333987506,3.048333777641,
    -1.200000010957));
#2934 = CARTESIAN_POINT('',(3.653126813246,1.861360923181,
    -1.300000010957));
#2935 = CARTESIAN_POINT('',(4.257919638985,0.674388068721,
    -1.400000010957));
#2936 = CARTESIAN_POINT('',(4.049522174362,-0.641381446061,
    -1.500000010957));
#2937 = CARTESIAN_POINT('',(3.841124709738,-1.957150960843,
    -1.600000010957));
#2938 = CARTESIAN_POINT('',(2.899137703068,-2.899137902661,
    -1.700000010957));
#2939 = CARTESIAN_POINT('',(1.957150696398,-3.84112484448,
    -1.800000010957));
#2940 = CARTESIAN_POINT('',(0.641381167269,-4.049522218518,
    -1.900000010957));
#2941 = CARTESIAN_POINT('',(-0.67438836186,-4.257919592557,
    -2.000000010957));
#2942 = CARTESIAN_POINT('',(-1.861361174683,-3.653126685099,
    -2.100000010957));
#2943 = CARTESIAN_POINT('',(-3.048333987506,-3.048333777641,
    -2.200000010957));
#2944 = CARTESIAN_POINT('',(-3.653126813246,-1.861360923181,
    -2.300000010957));
#2945 = CARTESIAN_POINT('',(-4.257919638985,-0.674388068721,
    -2.400000010957));
#2946 = CARTESIAN_POINT('',(-4.049522174362,0.641381446061,
    -2.500000010957));
#2947 = CARTESIAN_POINT('',(-3.841124709738,1.957150960843,
    -2.600000010957));
#2948 = CARTESIAN_POINT('',(-2.899137703068,2.899137902661,
    -2.700000010957));
#2949 = CARTESIAN_POINT('',(-1.957150696398,3.84112484448,
    -2.800000010957));
#2950 = CARTESIAN_POINT('',(-0.641381167269,4.049522218518,
    -2.900000010957));
#2951 = CARTESIAN_POINT('',(0.67438836186,4.257919592557,-3.000000010957
    ));
#2952 = CARTESIAN_POINT('',(1.861361174683,3.653126685099,
    -3.100000010957));
#2953 = CARTESIAN_POINT('',(3.048333987506,3.048333777641,
    -3.200000010957));
#2954 = CARTESIAN_POINT('',(3.653126813246,1.861360923181,
    -3.300000010957));
#2955 = CARTESIAN_POINT('',(4.257919638985,0.674388068721,
    -3.400000010957));
#2956 = CARTESIAN_POINT('',(4.049522174362,-0.641381446061,
    -3.500000010957));
#2957 = CARTESIAN_POINT('',(3.841124709738,-1.957150960843,
    -3.600000010957));
#2958 = CARTESIAN_POINT('',(2.899137703068,-2.899137902661,
    -3.700000010957));
#2959 = CARTESIAN_POINT('',(1.957150696398,-3.84112484448,
    -3.800000010957));
#2960 = CARTESIAN_POINT('',(0.641381167269,-4.049522218518,
    -3.900000010957));
#2961 = CARTESIAN_POINT('',(-0.67438836186,-4.257919592557,
    -4.000000010957));
#2962 = CARTESIAN_POINT('',(-1.861361174683,-3.653126685099,
    -4.100000010957));
#2963 = CARTESIAN_POINT('',(-3.048333987506,-3.048333777641,
    -4.200000010957));
#2964 = CARTESIAN_POINT('',(-3.653126813246,-1.861360923181,
    -4.300000010957));
#2965 = CARTESIAN_POINT('',(-4.257919638985,-0.674388068721,
    -4.400000010957));
#2966 = CARTESIAN_POINT('',(-4.049522174362,0.641381446061,
    -4.500000010957));
#2967 = CARTESIAN_POINT('',(-3.841124709738,1.957150960843,
    -4.600000010957));
#2968 = CARTESIAN_POINT('',(-2.899137703068,2.899137902661,
    -4.700000010957));
#2969 = DEFINITIONAL_REPRESENTATION('',(#2970),#2974);
#2970 = LINE('',#2971,#2972);
#2971 = CARTESIAN_POINT('',(1.38020603885E-14,0.));
#2972 = VECTOR('',#2973,1.);
#2973 = DIRECTION('',(-2.409652187114E-14,1.));
#2974 = ( GEOMETRIC_REPRESENTATION_CONTEXT(2) 
PARAMETRIC_REPRESENTATION_CONTEXT() REPRESENTATION_CONTEXT('2D SPACE',''
  ) );
#2975 = ADVANCED_FACE('',(#2976),#2624,.F.);
#2976 = FACE_BOUND('',#2977,.F.);
#2977 = EDGE_LOOP('',(#2978,#3032,#3060,#3113));
#2978 = ORIENTED_EDGE('',*,*,#2979,.T.);
#2979 = EDGE_CURVE('',#2245,#2980,#2982,.T.);
#2980 = VERTEX_POINT('',#2981);
#2981 = CARTESIAN_POINT('',(-3.6,4.606008867804E-14,2.583351339971));
#2982 = SURFACE_CURVE('',#2983,(#2997,#3026),.PCURVE_S1.);
#2983 = ( BOUNDED_CURVE() B_SPLINE_CURVE(2,(#2984,#2985,#2986,#2987,
    #2988,#2989,#2990,#2991,#2992,#2993,#2994,#2995,#2996),
.UNSPECIFIED.,.F.,.F.) B_SPLINE_CURVE_WITH_KNOTS((3,2,2,2,2,2,3),(
    0.368434689294,0.378939039706,0.392973818954,0.407008598203,
0.421043377451,0.4350781567,0.43860858499),.UNSPECIFIED.) CURVE() 
GEOMETRIC_REPRESENTATION_ITEM() RATIONAL_B_SPLINE_CURVE((0.981570635295,
    0.96336818028,1.,0.951056516295,1.,0.951056516295,1.,0.951056516295,
    1.,0.951056516295,1.,0.987688337919,0.981570637188)) 
REPRESENTATION_ITEM('') );
#2984 = CARTESIAN_POINT('',(3.6,4.41041283889E-08,1.583351343887));
#2985 = CARTESIAN_POINT('',(3.599999978823,0.864283508718,1.660085950404
    ));
#2986 = CARTESIAN_POINT('',(3.207623543338,1.634365688647,1.733974585258
    ));
#2987 = CARTESIAN_POINT('',(2.676585940249,2.676585755978,1.833974585258
    ));
#2988 = CARTESIAN_POINT('',(1.634365909478,3.207623430819,1.933974585258
    ));
#2989 = CARTESIAN_POINT('',(0.592145878707,3.73866110566,2.033974585258)
  );
#2990 = CARTESIAN_POINT('',(-0.563163951748,3.555678045528,
    2.133974585258));
#2991 = CARTESIAN_POINT('',(-1.718473782203,3.372694985397,
    2.233974585258));
#2992 = CARTESIAN_POINT('',(-2.545584324645,2.545584499898,
    2.333974585258));
#2993 = CARTESIAN_POINT('',(-3.372694867087,1.718474014399,
    2.433974585258));
#2994 = CARTESIAN_POINT('',(-3.555678006757,0.563164196541,
    2.533974585258));
#2995 = CARTESIAN_POINT('',(-3.6,0.283326206913,2.558196485333));
#2996 = CARTESIAN_POINT('',(-3.6,4.606008867804E-14,2.583351339971));
#2997 = PCURVE('',#2624,#2998);
#2998 = DEFINITIONAL_REPRESENTATION('',(#2999),#3025);
#2999 = B_SPLINE_CURVE_WITH_KNOTS('',3,(#3000,#3001,#3002,#3003,#3004,
    #3005,#3006,#3007,#3008,#3009,#3010,#3011,#3012,#3013,#3014,#3015,
    #3016,#3017,#3018,#3019,#3020,#3021,#3022,#3023,#3024),
  .UNSPECIFIED.,.F.,.F.,(4,1,1,1,1,1,1,1,1,1,1,1,1,1,1,1,1,1,1,1,1,1,4),
  (0.368434689294,0.371624411825,0.374814134357,0.378003856889,
    0.38119357942,0.384383301952,0.387573024484,0.390762747015,
    0.393952469547,0.397142192078,0.40033191461,0.403521637142,
    0.406711359673,0.409901082205,0.413090804737,0.416280527268,
    0.4194702498,0.422659972331,0.425849694863,0.429039417395,
    0.432229139926,0.435418862458,0.43860858499),.QUASI_UNIFORM_KNOTS.);
#3000 = CARTESIAN_POINT('',(3.141592641339,8.416648656113));
#3001 = CARTESIAN_POINT('',(3.093891998516,8.401401415275));
#3002 = CARTESIAN_POINT('',(2.997961100947,8.370397271193));
#3003 = CARTESIAN_POINT('',(2.8538803125,8.32371072184));
#3004 = CARTESIAN_POINT('',(2.711296006824,8.278471402988));
#3005 = CARTESIAN_POINT('',(2.570921249631,8.235330694248));
#3006 = CARTESIAN_POINT('',(2.427237490338,8.18903768921));
#3007 = CARTESIAN_POINT('',(2.283188109267,8.142376934158));
#3008 = CARTESIAN_POINT('',(2.139527326053,8.096106135301));
#3009 = CARTESIAN_POINT('',(1.999181139661,8.052992561779));
#3010 = CARTESIAN_POINT('',(1.85654009784,8.007699111088));
#3011 = CARTESIAN_POINT('',(1.712490679562,7.961042254039));
#3012 = CARTESIAN_POINT('',(1.56847700468,7.91442435132));
#3013 = CARTESIAN_POINT('',(1.426680238724,7.869934532049));
#3014 = CARTESIAN_POINT('',(1.285717755924,7.826236134092));
#3015 = CARTESIAN_POINT('',(1.141785593476,7.779701252084));
#3016 = CARTESIAN_POINT('',(0.997735161385,7.733040601373));
#3017 = CARTESIAN_POINT('',(0.854517758338,7.687196121637));
#3018 = CARTESIAN_POINT('',(0.71435137279,7.644253254354));
#3019 = CARTESIAN_POINT('',(0.57109848832,7.598374746304));
#3020 = CARTESIAN_POINT('',(0.427046064857,7.551712101842));
#3021 = CARTESIAN_POINT('',(0.283133015208,7.505195646346));
#3022 = CARTESIAN_POINT('',(0.142192808887,7.461518876803));
#3023 = CARTESIAN_POINT('',(4.769672035024E-02,7.431890989109));
#3024 = CARTESIAN_POINT('',(0.,7.416648660029));
#3025 = ( GEOMETRIC_REPRESENTATION_CONTEXT(2) 
PARAMETRIC_REPRESENTATION_CONTEXT() REPRESENTATION_CONTEXT('2D SPACE',''
  ) );
#3026 = PCURVE('',#2288,#3027);
#3027 = DEFINITIONAL_REPRESENTATION('',(#3028),#3031);
#3028 = B_SPLINE_CURVE_WITH_KNOTS('',1,(#3029,#3030),.UNSPECIFIED.,.F.,
  .F.,(2,2),(0.368434689294,0.43860858499),.PIECEWISE_BEZIER_KNOTS.);
#3029 = CARTESIAN_POINT('',(1.,0.671855642953));
#3030 = CARTESIAN_POINT('',(1.,0.609355643196));
#3031 = ( GEOMETRIC_REPRESENTATION_CONTEXT(2) 
PARAMETRIC_REPRESENTATION_CONTEXT() REPRESENTATION_CONTEXT('2D SPACE',''
  ) );
#3032 = ORIENTED_EDGE('',*,*,#3033,.F.);
#3033 = EDGE_CURVE('',#3034,#2980,#3036,.T.);
#3034 = VERTEX_POINT('',#3035);
#3035 = CARTESIAN_POINT('',(-3.6,3.451745254649E-15,3.41540214754));
#3036 = SURFACE_CURVE('',#3037,(#3041,#3048),.PCURVE_S1.);
#3037 = LINE('',#3038,#3039);
#3038 = CARTESIAN_POINT('',(-3.6,0.,10.));
#3039 = VECTOR('',#3040,1.);
#3040 = DIRECTION('',(-0.,-0.,-1.));
#3041 = PCURVE('',#2624,#3042);
#3042 = DEFINITIONAL_REPRESENTATION('',(#3043),#3047);
#3043 = LINE('',#3044,#3045);
#3044 = CARTESIAN_POINT('',(0.,0.));
#3045 = VECTOR('',#3046,1.);
#3046 = DIRECTION('',(0.,1.));
#3047 = ( GEOMETRIC_REPRESENTATION_CONTEXT(2) 
PARAMETRIC_REPRESENTATION_CONTEXT() REPRESENTATION_CONTEXT('2D SPACE',''
  ) );
#3048 = PCURVE('',#3049,#3054);
#3049 = CYLINDRICAL_SURFACE('',#3050,3.6);
#3050 = AXIS2_PLACEMENT_3D('',#3051,#3052,#3053);
#3051 = CARTESIAN_POINT('',(0.,0.,10.));
#3052 = DIRECTION('',(-0.,-0.,-1.));
#3053 = DIRECTION('',(-1.,0.,0.));
#3054 = DEFINITIONAL_REPRESENTATION('',(#3055),#3059);
#3055 = LINE('',#3056,#3057);
#3056 = CARTESIAN_POINT('',(6.28318530718,0.));
#3057 = VECTOR('',#3058,1.);
#3058 = DIRECTION('',(0.,1.));
#3059 = ( GEOMETRIC_REPRESENTATION_CONTEXT(2) 
PARAMETRIC_REPRESENTATION_CONTEXT() REPRESENTATION_CONTEXT('2D SPACE',''
  ) );
#3060 = ORIENTED_EDGE('',*,*,#3061,.T.);
#3061 = EDGE_CURVE('',#3034,#2609,#3062,.T.);
#3062 = SURFACE_CURVE('',#3063,(#3077,#3106),.PCURVE_S1.);
#3063 = ( BOUNDED_CURVE() B_SPLINE_CURVE(2,(#3064,#3065,#3066,#3067,
    #3068,#3069,#3070,#3071,#3072,#3073,#3074,#3075,#3076),
.UNSPECIFIED.,.F.,.F.) B_SPLINE_CURVE_WITH_KNOTS((3,2,2,2,2,2,3),(
    0.484355643196,0.4875,0.5,0.5125,0.525,0.5375,0.546855643196),
.UNSPECIFIED.) CURVE() GEOMETRIC_REPRESENTATION_ITEM() 
RATIONAL_B_SPLINE_CURVE((0.981570637188,0.987688337919,1.,0.951056516295
    ,1.,0.951056516295,1.,0.951056516295,1.,0.951056516295,1.,
0.963368178376,0.981570637188)) REPRESENTATION_ITEM('') );
#3064 = CARTESIAN_POINT('',(-3.6,3.451745254649E-15,3.41540214754));
#3065 = CARTESIAN_POINT('',(-3.6,0.283326206913,3.390247292901));
#3066 = CARTESIAN_POINT('',(-3.555678006757,0.563164196541,
    3.366025392827));
#3067 = CARTESIAN_POINT('',(-3.372694867087,1.718474014399,
    3.266025392827));
#3068 = CARTESIAN_POINT('',(-2.545584324645,2.545584499898,
    3.166025392827));
#3069 = CARTESIAN_POINT('',(-1.718473782203,3.372694985397,
    3.066025392827));
#3070 = CARTESIAN_POINT('',(-0.563163951748,3.555678045528,
    2.966025392827));
#3071 = CARTESIAN_POINT('',(0.592145878707,3.73866110566,2.866025392827)
  );
#3072 = CARTESIAN_POINT('',(1.634365909478,3.207623430819,2.766025392827
    ));
#3073 = CARTESIAN_POINT('',(2.676585940249,2.676585755978,2.666025392827
    ));
#3074 = CARTESIAN_POINT('',(3.207623543338,1.634365688647,2.566025392827
    ));
#3075 = CARTESIAN_POINT('',(3.6,0.864283467156,2.492136753985));
#3076 = CARTESIAN_POINT('',(3.6,-6.48928107874E-15,2.41540214754));
#3077 = PCURVE('',#2624,#3078);
#3078 = DEFINITIONAL_REPRESENTATION('',(#3079),#3105);
#3079 = B_SPLINE_CURVE_WITH_KNOTS('',3,(#3080,#3081,#3082,#3083,#3084,
    #3085,#3086,#3087,#3088,#3089,#3090,#3091,#3092,#3093,#3094,#3095,
    #3096,#3097,#3098,#3099,#3100,#3101,#3102,#3103,#3104),
  .UNSPECIFIED.,.F.,.F.,(4,1,1,1,1,1,1,1,1,1,1,1,1,1,1,1,1,1,1,1,1,1,4),
  (0.484355643196,0.487196552287,0.490037461378,0.492878370469,
    0.495719279559,0.49856018865,0.501401097741,0.504242006832,
    0.507082915923,0.509923825014,0.512764734105,0.515605643196,
    0.518446552287,0.521287461378,0.524128370469,0.526969279559,
    0.52981018865,0.532651097741,0.535492006832,0.538332915923,
    0.541173825014,0.544014734105,0.546855643196),
  .QUASI_UNIFORM_KNOTS.);
#3080 = CARTESIAN_POINT('',(0.,6.58459785246));
#3081 = CARTESIAN_POINT('',(4.769672070855E-02,6.599840181646));
#3082 = CARTESIAN_POINT('',(0.142192809978,6.629468069569));
#3083 = CARTESIAN_POINT('',(0.283133017427,6.67314483948));
#3084 = CARTESIAN_POINT('',(0.42704606822,6.719661295363));
#3085 = CARTESIAN_POINT('',(0.571098492808,6.766323940192));
#3086 = CARTESIAN_POINT('',(0.7143513783,6.812202448509));
#3087 = CARTESIAN_POINT('',(0.854517764935,6.855145316122));
#3088 = CARTESIAN_POINT('',(0.99773516923,6.900989796342));
#3089 = CARTESIAN_POINT('',(1.141785602445,6.947650447421));
#3090 = CARTESIAN_POINT('',(1.285717765969,6.994185329747));
#3091 = CARTESIAN_POINT('',(1.42668024957,7.037883727762));
#3092 = CARTESIAN_POINT('',(1.568477016979,7.082373547713));
#3093 = CARTESIAN_POINT('',(1.712490693014,7.128991450827));
#3094 = CARTESIAN_POINT('',(1.856540112412,7.175648308236));
#3095 = CARTESIAN_POINT('',(1.99918115497,7.220941758923));
#3096 = CARTESIAN_POINT('',(2.139527342663,7.264055332978));
#3097 = CARTESIAN_POINT('',(2.283188127204,7.3103261324));
#3098 = CARTESIAN_POINT('',(2.427237509421,7.356986887827));
#3099 = CARTESIAN_POINT('',(2.570921269524,7.403279892976));
#3100 = CARTESIAN_POINT('',(2.711296027817,7.446420601879));
#3101 = CARTESIAN_POINT('',(2.853880333503,7.491659921029));
#3102 = CARTESIAN_POINT('',(2.997961118957,7.538346469471));
#3103 = CARTESIAN_POINT('',(3.093892012958,7.569350612375));
#3104 = CARTESIAN_POINT('',(3.14159265359,7.58459785246));
#3105 = ( GEOMETRIC_REPRESENTATION_CONTEXT(2) 
PARAMETRIC_REPRESENTATION_CONTEXT() REPRESENTATION_CONTEXT('2D SPACE',''
  ) );
#3106 = PCURVE('',#2678,#3107);
#3107 = DEFINITIONAL_REPRESENTATION('',(#3108),#3112);
#3108 = LINE('',#3109,#3110);
#3109 = CARTESIAN_POINT('',(-4.239169415831E-15,0.));
#3110 = VECTOR('',#3111,1.);
#3111 = DIRECTION('',(1.040760880704E-14,1.));
#3112 = ( GEOMETRIC_REPRESENTATION_CONTEXT(2) 
PARAMETRIC_REPRESENTATION_CONTEXT() REPRESENTATION_CONTEXT('2D SPACE',''
  ) );
#3113 = ORIENTED_EDGE('',*,*,#2608,.T.);
#3114 = ADVANCED_FACE('',(#3115),#3129,.F.);
#3115 = FACE_BOUND('',#3116,.F.);
#3116 = EDGE_LOOP('',(#3117,#3147,#3511,#3539));
#3117 = ORIENTED_EDGE('',*,*,#3118,.T.);
#3118 = EDGE_CURVE('',#3119,#3121,#3123,.T.);
#3119 = VERTEX_POINT('',#3120);
#3120 = CARTESIAN_POINT('',(0.5,-3.565108693995,3.96055005394));
#3121 = VERTEX_POINT('',#3122);
#3122 = CARTESIAN_POINT('',(0.500000070168,-3.565108684149,
    3.128430125578));
#3123 = SURFACE_CURVE('',#3124,(#3128,#3140),.PCURVE_S1.);
#3124 = LINE('',#3125,#3126);
#3125 = CARTESIAN_POINT('',(0.5,-3.565108693995,10.));
#3126 = VECTOR('',#3127,1.);
#3127 = DIRECTION('',(-0.,-0.,-1.));
#3128 = PCURVE('',#3129,#3134);
#3129 = CYLINDRICAL_SURFACE('',#3130,3.6);
#3130 = AXIS2_PLACEMENT_3D('',#3131,#3132,#3133);
#3131 = CARTESIAN_POINT('',(0.,0.,10.));
#3132 = DIRECTION('',(-0.,-0.,-1.));
#3133 = DIRECTION('',(-1.,0.,0.));
#3134 = DEFINITIONAL_REPRESENTATION('',(#3135),#3139);
#3135 = LINE('',#3136,#3137);
#3136 = CARTESIAN_POINT('',(4.573049639627,0.));
#3137 = VECTOR('',#3138,1.);
#3138 = DIRECTION('',(0.,1.));
#3139 = ( GEOMETRIC_REPRESENTATION_CONTEXT(2) 
PARAMETRIC_REPRESENTATION_CONTEXT() REPRESENTATION_CONTEXT('2D SPACE',''
  ) );
#3140 = PCURVE('',#543,#3141);
#3141 = DEFINITIONAL_REPRESENTATION('',(#3142),#3146);
#3142 = LINE('',#3143,#3144);
#3143 = CARTESIAN_POINT('',(-10.18474047739,5.437965678228));
#3144 = VECTOR('',#3145,1.);
#3145 = DIRECTION('',(1.,0.));
#3146 = ( GEOMETRIC_REPRESENTATION_CONTEXT(2) 
PARAMETRIC_REPRESENTATION_CONTEXT() REPRESENTATION_CONTEXT('2D SPACE',''
  ) );
#3147 = ORIENTED_EDGE('',*,*,#3148,.T.);
#3148 = EDGE_CURVE('',#3121,#3149,#3151,.T.);
#3149 = VERTEX_POINT('',#3150);
#3150 = CARTESIAN_POINT('',(3.6,4.410407838886E-08,3.583351343887));
#3151 = SURFACE_CURVE('',#3152,(#3162,#3191),.PCURVE_S1.);
#3152 = ( BOUNDED_CURVE() B_SPLINE_CURVE(2,(#3153,#3154,#3155,#3156,
    #3157,#3158,#3159,#3160,#3161),.UNSPECIFIED.,.F.,.F.) 
B_SPLINE_CURVE_WITH_KNOTS((3,2,2,2,3),(0.476780153045,0.477182494445,
0.491217273693,0.505252052941,0.508782481778),.UNSPECIFIED.) CURVE() 
GEOMETRIC_REPRESENTATION_ITEM() RATIONAL_B_SPLINE_CURVE((0.997274275546,
    0.998596914894,1.,0.951056516295,1.,0.951056516295,1.,0.987688336015
,0.981570635295)) REPRESENTATION_ITEM('') );
#3153 = CARTESIAN_POINT('',(0.500000070168,-3.565108684149,
    3.128430125578));
#3154 = CARTESIAN_POINT('',(0.531620899858,-3.560673973035,
    3.131244317493));
#3155 = CARTESIAN_POINT('',(0.563163951748,-3.555678045528,
    3.133974585258));
#3156 = CARTESIAN_POINT('',(1.718473782203,-3.372694985397,
    3.233974585258));
#3157 = CARTESIAN_POINT('',(2.545584324645,-2.545584499898,
    3.333974585258));
#3158 = CARTESIAN_POINT('',(3.372694867087,-1.718474014399,
    3.433974585258));
#3159 = CARTESIAN_POINT('',(3.555678006757,-0.563164196541,
    3.533974585258));
#3160 = CARTESIAN_POINT('',(3.600000006942,-0.283326163083,
    3.558196489126));
#3161 = CARTESIAN_POINT('',(3.6,4.410407838886E-08,3.583351343887));
#3162 = PCURVE('',#3129,#3163);
#3163 = DEFINITIONAL_REPRESENTATION('',(#3164),#3190);
#3164 = B_SPLINE_CURVE_WITH_KNOTS('',3,(#3165,#3166,#3167,#3168,#3169,
    #3170,#3171,#3172,#3173,#3174,#3175,#3176,#3177,#3178,#3179,#3180,
    #3181,#3182,#3183,#3184,#3185,#3186,#3187,#3188,#3189),
  .UNSPECIFIED.,.F.,.F.,(4,1,1,1,1,1,1,1,1,1,1,1,1,1,1,1,1,1,1,1,1,1,4),
  (0.476780153045,0.478234804351,0.479689455657,0.481144106963,
    0.482598758269,0.484053409575,0.485508060881,0.486962712187,
    0.488417363493,0.489872014799,0.491326666105,0.492781317411,
    0.494235968717,0.495690620023,0.497145271329,0.498599922635,
    0.500054573941,0.501509225247,0.502963876553,0.504418527859,
    0.505873179166,0.507327830472,0.508782481778),
  .QUASI_UNIFORM_KNOTS.);
#3165 = CARTESIAN_POINT('',(4.573049619945,6.871569874422));
#3166 = CARTESIAN_POINT('',(4.551729965712,6.864986314791));
#3167 = CARTESIAN_POINT('',(4.508892185228,6.851678123553));
#3168 = CARTESIAN_POINT('',(4.444128493814,6.831311412215));
#3169 = CARTESIAN_POINT('',(4.378919996596,6.810498148835));
#3170 = CARTESIAN_POINT('',(4.313420540161,6.789409422373));
#3171 = CARTESIAN_POINT('',(4.24776418344,6.768167090548));
#3172 = CARTESIAN_POINT('',(4.182094924055,6.746912576568));
#3173 = CARTESIAN_POINT('',(4.116548742848,6.725777517441));
#3174 = CARTESIAN_POINT('',(4.0512848494,6.704914905971));
#3175 = CARTESIAN_POINT('',(3.986367770166,6.684386326922));
#3176 = CARTESIAN_POINT('',(3.922197177354,6.664565025455));
#3177 = CARTESIAN_POINT('',(3.857874501411,6.644600273866));
#3178 = CARTESIAN_POINT('',(3.792905211321,6.624021457638));
#3179 = CARTESIAN_POINT('',(3.727587752341,6.603107300473));
#3180 = CARTESIAN_POINT('',(3.662014728749,6.581946203589));
#3181 = CARTESIAN_POINT('',(3.596337981496,6.560684348531));
#3182 = CARTESIAN_POINT('',(3.530697046851,6.539457275016));
#3183 = CARTESIAN_POINT('',(3.46522960245,6.518398467635));
#3184 = CARTESIAN_POINT('',(3.400090322118,6.49765584513));
#3185 = CARTESIAN_POINT('',(3.335354195999,6.477299828558));
#3186 = CARTESIAN_POINT('',(3.271374011776,6.457658159382));
#3187 = CARTESIAN_POINT('',(3.20672666038,6.437386323128));
#3188 = CARTESIAN_POINT('',(3.163370035266,6.423624522435));
#3189 = CARTESIAN_POINT('',(3.141592641339,6.416648656113));
#3190 = ( GEOMETRIC_REPRESENTATION_CONTEXT(2) 
PARAMETRIC_REPRESENTATION_CONTEXT() REPRESENTATION_CONTEXT('2D SPACE',''
  ) );
#3191 = PCURVE('',#3192,#3483);
#3192 = ( BOUNDED_SURFACE() B_SPLINE_SURFACE(1,2,(
    (#3193,#3194,#3195,#3196,#3197,#3198,#3199,#3200,#3201,#3202,#3203
      ,#3204,#3205,#3206,#3207,#3208,#3209,#3210,#3211,#3212,#3213,#3214
      ,#3215,#3216,#3217,#3218,#3219,#3220,#3221,#3222,#3223,#3224,#3225
      ,#3226,#3227,#3228,#3229,#3230,#3231,#3232,#3233,#3234,#3235,#3236
      ,#3237,#3238,#3239,#3240,#3241,#3242,#3243,#3244,#3245,#3246,#3247
      ,#3248,#3249,#3250,#3251,#3252,#3253,#3254,#3255,#3256,#3257,#3258
      ,#3259,#3260,#3261,#3262,#3263,#3264,#3265,#3266,#3267,#3268,#3269
      ,#3270,#3271,#3272,#3273,#3274,#3275,#3276,#3277,#3278,#3279,#3280
      ,#3281,#3282,#3283,#3284,#3285,#3286,#3287,#3288,#3289,#3290,#3291
      ,#3292,#3293,#3294,#3295,#3296,#3297,#3298,#3299,#3300,#3301,#3302
      ,#3303,#3304,#3305,#3306,#3307,#3308,#3309,#3310,#3311,#3312,#3313
      ,#3314,#3315,#3316,#3317,#3318,#3319,#3320,#3321,#3322,#3323,#3324
      ,#3325,#3326,#3327,#3328,#3329,#3330,#3331,#3332,#3333,#3334,#3335
      ,#3336,#3337)
    ,(#3338,#3339,#3340,#3341,#3342,#3343,#3344,#3345,#3346,#3347,#3348
      ,#3349,#3350,#3351,#3352,#3353,#3354,#3355,#3356,#3357,#3358,#3359
      ,#3360,#3361,#3362,#3363,#3364,#3365,#3366,#3367,#3368,#3369,#3370
      ,#3371,#3372,#3373,#3374,#3375,#3376,#3377,#3378,#3379,#3380,#3381
      ,#3382,#3383,#3384,#3385,#3386,#3387,#3388,#3389,#3390,#3391,#3392
      ,#3393,#3394,#3395,#3396,#3397,#3398,#3399,#3400,#3401,#3402,#3403
      ,#3404,#3405,#3406,#3407,#3408,#3409,#3410,#3411,#3412,#3413,#3414
      ,#3415,#3416,#3417,#3418,#3419,#3420,#3421,#3422,#3423,#3424,#3425
      ,#3426,#3427,#3428,#3429,#3430,#3431,#3432,#3433,#3434,#3435,#3436
      ,#3437,#3438,#3439,#3440,#3441,#3442,#3443,#3444,#3445,#3446,#3447
      ,#3448,#3449,#3450,#3451,#3452,#3453,#3454,#3455,#3456,#3457,#3458
      ,#3459,#3460,#3461,#3462,#3463,#3464,#3465,#3466,#3467,#3468,#3469
      ,#3470,#3471,#3472,#3473,#3474,#3475,#3476,#3477,#3478,#3479,#3480
      ,#3481,#3482
)),.UNSPECIFIED.,.F.,.F.,.F.) B_SPLINE_SURFACE_WITH_KNOTS((2,2),(3,2,2,2
    ,2,2,2,2,2,2,2,2,2,2,2,2,2,2,2,2,2,2,2,2,2,2,2,2,2,2,2,2,2,2,2,2,2,2
    ,2,2,2,2,2,2,2,2,2,2,2,2,2,2,2,2,2,2,2,2,2,2,2,2,2,2,2,2,2,2,2,2,2,2
    ,3),(0.,1.),(0.109355424921,0.1125,0.125,0.1375,0.15,0.1625,0.175,
    0.1875,0.2,0.2125,0.225,0.2375,0.25,0.2625,0.275,0.2875,0.3,0.3125,
    0.325,0.3375,0.35,0.3625,0.375,0.3875,0.4,0.4125,0.425,0.4375,0.45,
    0.4625,0.475,0.4875,0.5,0.5125,0.525,0.5375,0.55,0.5625,0.575,0.5875
    ,0.6,0.6125,0.625,0.6375,0.65,0.6625,0.675,0.6875,0.7,0.7125,0.725,
    0.7375,0.75,0.7625,0.775,0.7875,0.8,0.8125,0.825,0.8375,0.85,0.8625,
    0.875,0.8875,0.9,0.9125,0.925,0.9375,0.95,0.9625,0.975,0.9875,1.),
.UNSPECIFIED.) GEOMETRIC_REPRESENTATION_ITEM() RATIONAL_B_SPLINE_SURFACE
((
    (0.98156978786,0.987687483267,1.,0.951056516295,1.,0.951056516295,1.
      ,0.951056516295,1.,0.951056516295,1.,0.951056516295,1.
      ,0.951056516295,1.,0.951056516295,1.,0.951056516295,1.
      ,0.951056516295,1.,0.951056516295,1.,0.951056516295,1.
      ,0.951056516295,1.,0.951056516295,1.,0.951056516295,1.
      ,0.951056516295,1.,0.951056516295,1.,0.951056516295,1.
      ,0.951056516295,1.,0.951056516295,1.,0.951056516295,1.
      ,0.951056516295,1.,0.951056516295,1.,0.951056516295,1.
      ,0.951056516295,1.,0.951056516295,1.,0.951056516295,1.
      ,0.951056516295,1.,0.951056516295,1.,0.951056516295,1.
      ,0.951056516295,1.,0.951056516295,1.,0.951056516295,1.
      ,0.951056516295,1.,0.951056516295,1.,0.951056516295,1.
      ,0.951056516295,1.,0.951056516295,1.,0.951056516295,1.
      ,0.951056516295,1.,0.951056516295,1.,0.951056516295,1.
      ,0.951056516295,1.,0.951056516295,1.,0.951056516295,1.
      ,0.951056516295,1.,0.951056516295,1.,0.951056516295,1.
      ,0.951056516295,1.,0.951056516295,1.,0.951056516295,1.
      ,0.951056516295,1.,0.951056516295,1.,0.951056516295,1.
      ,0.951056516295,1.,0.951056516295,1.,0.951056516295,1.
      ,0.951056516295,1.,0.951056516295,1.,0.951056516295,1.
      ,0.951056516295,1.,0.951056516295,1.,0.951056516295,1.
      ,0.951056516295,1.,0.951056516295,1.,0.951056516295,1.
      ,0.951056516295,1.,0.951056516295,1.,0.951056516295,1.
      ,0.951056516295,1.,0.951056516295,1.,0.951056516295,1.)
    ,(0.98156978786,0.987687483267,1.,0.951056516295,1.,0.951056516295
      ,1.,0.951056516295,1.,0.951056516295,1.,0.951056516295,1.
      ,0.951056516295,1.,0.951056516295,1.,0.951056516295,1.
      ,0.951056516295,1.,0.951056516295,1.,0.951056516295,1.
      ,0.951056516295,1.,0.951056516295,1.,0.951056516295,1.
      ,0.951056516295,1.,0.951056516295,1.,0.951056516295,1.
      ,0.951056516295,1.,0.951056516295,1.,0.951056516295,1.
      ,0.951056516295,1.,0.951056516295,1.,0.951056516295,1.
      ,0.951056516295,1.,0.951056516295,1.,0.951056516295,1.
      ,0.951056516295,1.,0.951056516295,1.,0.951056516295,1.
      ,0.951056516295,1.,0.951056516295,1.,0.951056516295,1.
      ,0.951056516295,1.,0.951056516295,1.,0.951056516295,1.
      ,0.951056516295,1.,0.951056516295,1.,0.951056516295,1.
      ,0.951056516295,1.,0.951056516295,1.,0.951056516295,1.
      ,0.951056516295,1.,0.951056516295,1.,0.951056516295,1.
      ,0.951056516295,1.,0.951056516295,1.,0.951056516295,1.
      ,0.951056516295,1.,0.951056516295,1.,0.951056516295,1.
      ,0.951056516295,1.,0.951056516295,1.,0.951056516295,1.
      ,0.951056516295,1.,0.951056516295,1.,0.951056516295,1.
      ,0.951056516295,1.,0.951056516295,1.,0.951056516295,1.
      ,0.951056516295,1.,0.951056516295,1.,0.951056516295,1.
      ,0.951056516295,1.,0.951056516295,1.,0.951056516295,1.
      ,0.951056516295,1.,0.951056516295,1.,0.951056516295,1.
      ,0.951056516295,1.,0.951056516295,1.,0.951056516295,1.
))) REPRESENTATION_ITEM('') SURFACE() );
#3193 = CARTESIAN_POINT('',(-4.099999999752,-4.507849041229E-05,
    10.449380257931));
#3194 = CARTESIAN_POINT('',(-4.100003547756,0.322654669337,
    10.424223591516));
#3195 = CARTESIAN_POINT('',(-4.049522174362,0.641381446061,
    10.399999989043));
#3196 = CARTESIAN_POINT('',(-3.841124709738,1.957150960843,
    10.299999989043));
#3197 = CARTESIAN_POINT('',(-2.899137703068,2.899137902661,
    10.199999989043));
#3198 = CARTESIAN_POINT('',(-1.957150696398,3.84112484448,
    10.099999989043));
#3199 = CARTESIAN_POINT('',(-0.641381167269,4.049522218518,
    9.999999989043));
#3200 = CARTESIAN_POINT('',(0.67438836186,4.257919592557,9.899999989043)
  );
#3201 = CARTESIAN_POINT('',(1.861361174683,3.653126685099,9.799999989043
    ));
#3202 = CARTESIAN_POINT('',(3.048333987506,3.048333777641,9.699999989043
    ));
#3203 = CARTESIAN_POINT('',(3.653126813246,1.861360923181,9.599999989043
    ));
#3204 = CARTESIAN_POINT('',(4.257919638985,0.674388068721,9.499999989043
    ));
#3205 = CARTESIAN_POINT('',(4.049522174362,-0.641381446061,
    9.399999989043));
#3206 = CARTESIAN_POINT('',(3.841124709738,-1.957150960843,
    9.299999989043));
#3207 = CARTESIAN_POINT('',(2.899137703068,-2.899137902661,
    9.199999989043));
#3208 = CARTESIAN_POINT('',(1.957150696398,-3.84112484448,9.099999989043
    ));
#3209 = CARTESIAN_POINT('',(0.641381167269,-4.049522218518,
    8.999999989043));
#3210 = CARTESIAN_POINT('',(-0.67438836186,-4.257919592557,
    8.899999989043));
#3211 = CARTESIAN_POINT('',(-1.861361174683,-3.653126685099,
    8.799999989043));
#3212 = CARTESIAN_POINT('',(-3.048333987506,-3.048333777641,
    8.699999989043));
#3213 = CARTESIAN_POINT('',(-3.653126813246,-1.861360923181,
    8.599999989043));
#3214 = CARTESIAN_POINT('',(-4.257919638985,-0.674388068721,
    8.499999989043));
#3215 = CARTESIAN_POINT('',(-4.049522174362,0.641381446061,
    8.399999989043));
#3216 = CARTESIAN_POINT('',(-3.841124709738,1.957150960843,
    8.299999989043));
#3217 = CARTESIAN_POINT('',(-2.899137703068,2.899137902661,
    8.199999989043));
#3218 = CARTESIAN_POINT('',(-1.957150696398,3.84112484448,8.099999989043
    ));
#3219 = CARTESIAN_POINT('',(-0.641381167269,4.049522218518,
    7.999999989043));
#3220 = CARTESIAN_POINT('',(0.67438836186,4.257919592557,7.899999989043)
  );
#3221 = CARTESIAN_POINT('',(1.861361174683,3.653126685099,7.799999989043
    ));
#3222 = CARTESIAN_POINT('',(3.048333987506,3.048333777641,7.699999989043
    ));
#3223 = CARTESIAN_POINT('',(3.653126813246,1.861360923181,7.599999989043
    ));
#3224 = CARTESIAN_POINT('',(4.257919638985,0.674388068721,7.499999989043
    ));
#3225 = CARTESIAN_POINT('',(4.049522174362,-0.641381446061,
    7.399999989043));
#3226 = CARTESIAN_POINT('',(3.841124709738,-1.957150960843,
    7.299999989043));
#3227 = CARTESIAN_POINT('',(2.899137703068,-2.899137902661,
    7.199999989043));
#3228 = CARTESIAN_POINT('',(1.957150696398,-3.84112484448,7.099999989043
    ));
#3229 = CARTESIAN_POINT('',(0.641381167269,-4.049522218518,
    6.999999989043));
#3230 = CARTESIAN_POINT('',(-0.67438836186,-4.257919592557,
    6.899999989043));
#3231 = CARTESIAN_POINT('',(-1.861361174683,-3.653126685099,
    6.799999989043));
#3232 = CARTESIAN_POINT('',(-3.048333987506,-3.048333777641,
    6.699999989043));
#3233 = CARTESIAN_POINT('',(-3.653126813246,-1.861360923181,
    6.599999989043));
#3234 = CARTESIAN_POINT('',(-4.257919638985,-0.674388068721,
    6.499999989043));
#3235 = CARTESIAN_POINT('',(-4.049522174362,0.641381446061,
    6.399999989043));
#3236 = CARTESIAN_POINT('',(-3.841124709738,1.957150960843,
    6.299999989043));
#3237 = CARTESIAN_POINT('',(-2.899137703068,2.899137902661,
    6.199999989043));
#3238 = CARTESIAN_POINT('',(-1.957150696398,3.84112484448,6.099999989043
    ));
#3239 = CARTESIAN_POINT('',(-0.641381167269,4.049522218518,
    5.999999989043));
#3240 = CARTESIAN_POINT('',(0.67438836186,4.257919592557,5.899999989043)
  );
#3241 = CARTESIAN_POINT('',(1.861361174683,3.653126685099,5.799999989043
    ));
#3242 = CARTESIAN_POINT('',(3.048333987506,3.048333777641,5.699999989043
    ));
#3243 = CARTESIAN_POINT('',(3.653126813246,1.861360923181,5.599999989043
    ));
#3244 = CARTESIAN_POINT('',(4.257919638985,0.674388068721,5.499999989043
    ));
#3245 = CARTESIAN_POINT('',(4.049522174362,-0.641381446061,
    5.399999989043));
#3246 = CARTESIAN_POINT('',(3.841124709738,-1.957150960843,
    5.299999989043));
#3247 = CARTESIAN_POINT('',(2.899137703068,-2.899137902661,
    5.199999989043));
#3248 = CARTESIAN_POINT('',(1.957150696398,-3.84112484448,5.099999989043
    ));
#3249 = CARTESIAN_POINT('',(0.641381167269,-4.049522218518,
    4.999999989043));
#3250 = CARTESIAN_POINT('',(-0.67438836186,-4.257919592557,
    4.899999989043));
#3251 = CARTESIAN_POINT('',(-1.861361174683,-3.653126685099,
    4.799999989043));
#3252 = CARTESIAN_POINT('',(-3.048333987506,-3.048333777641,
    4.699999989043));
#3253 = CARTESIAN_POINT('',(-3.653126813246,-1.861360923181,
    4.599999989043));
#3254 = CARTESIAN_POINT('',(-4.257919638985,-0.674388068721,
    4.499999989043));
#3255 = CARTESIAN_POINT('',(-4.049522174362,0.641381446061,
    4.399999989043));
#3256 = CARTESIAN_POINT('',(-3.841124709738,1.957150960843,
    4.299999989043));
#3257 = CARTESIAN_POINT('',(-2.899137703068,2.899137902661,
    4.199999989043));
#3258 = CARTESIAN_POINT('',(-1.957150696398,3.84112484448,4.099999989043
    ));
#3259 = CARTESIAN_POINT('',(-0.641381167269,4.049522218518,
    3.999999989043));
#3260 = CARTESIAN_POINT('',(0.67438836186,4.257919592557,3.899999989043)
  );
#3261 = CARTESIAN_POINT('',(1.861361174683,3.653126685099,3.799999989043
    ));
#3262 = CARTESIAN_POINT('',(3.048333987506,3.048333777641,3.699999989043
    ));
#3263 = CARTESIAN_POINT('',(3.653126813246,1.861360923181,3.599999989043
    ));
#3264 = CARTESIAN_POINT('',(4.257919638985,0.674388068721,3.499999989043
    ));
#3265 = CARTESIAN_POINT('',(4.049522174362,-0.641381446061,
    3.399999989043));
#3266 = CARTESIAN_POINT('',(3.841124709738,-1.957150960843,
    3.299999989043));
#3267 = CARTESIAN_POINT('',(2.899137703068,-2.899137902661,
    3.199999989043));
#3268 = CARTESIAN_POINT('',(1.957150696398,-3.84112484448,3.099999989043
    ));
#3269 = CARTESIAN_POINT('',(0.641381167269,-4.049522218518,
    2.999999989043));
#3270 = CARTESIAN_POINT('',(-0.67438836186,-4.257919592557,
    2.899999989043));
#3271 = CARTESIAN_POINT('',(-1.861361174683,-3.653126685099,
    2.799999989043));
#3272 = CARTESIAN_POINT('',(-3.048333987506,-3.048333777641,
    2.699999989043));
#3273 = CARTESIAN_POINT('',(-3.653126813246,-1.861360923181,
    2.599999989043));
#3274 = CARTESIAN_POINT('',(-4.257919638985,-0.674388068721,
    2.499999989043));
#3275 = CARTESIAN_POINT('',(-4.049522174362,0.641381446061,
    2.399999989043));
#3276 = CARTESIAN_POINT('',(-3.841124709738,1.957150960843,
    2.299999989043));
#3277 = CARTESIAN_POINT('',(-2.899137703068,2.899137902661,
    2.199999989043));
#3278 = CARTESIAN_POINT('',(-1.957150696398,3.84112484448,2.099999989043
    ));
#3279 = CARTESIAN_POINT('',(-0.641381167269,4.049522218518,
    1.999999989043));
#3280 = CARTESIAN_POINT('',(0.67438836186,4.257919592557,1.899999989043)
  );
#3281 = CARTESIAN_POINT('',(1.861361174683,3.653126685099,1.799999989043
    ));
#3282 = CARTESIAN_POINT('',(3.048333987506,3.048333777641,1.699999989043
    ));
#3283 = CARTESIAN_POINT('',(3.653126813246,1.861360923181,1.599999989043
    ));
#3284 = CARTESIAN_POINT('',(4.257919638985,0.674388068721,1.499999989043
    ));
#3285 = CARTESIAN_POINT('',(4.049522174362,-0.641381446061,
    1.399999989043));
#3286 = CARTESIAN_POINT('',(3.841124709738,-1.957150960843,
    1.299999989043));
#3287 = CARTESIAN_POINT('',(2.899137703068,-2.899137902661,
    1.199999989043));
#3288 = CARTESIAN_POINT('',(1.957150696398,-3.84112484448,1.099999989043
    ));
#3289 = CARTESIAN_POINT('',(0.641381167269,-4.049522218518,
    0.999999989043));
#3290 = CARTESIAN_POINT('',(-0.67438836186,-4.257919592557,
    0.899999989043));
#3291 = CARTESIAN_POINT('',(-1.861361174683,-3.653126685099,
    0.799999989043));
#3292 = CARTESIAN_POINT('',(-3.048333987506,-3.048333777641,
    0.699999989043));
#3293 = CARTESIAN_POINT('',(-3.653126813246,-1.861360923181,
    0.599999989043));
#3294 = CARTESIAN_POINT('',(-4.257919638985,-0.674388068721,
    0.499999989043));
#3295 = CARTESIAN_POINT('',(-4.049522174362,0.641381446061,
    0.399999989043));
#3296 = CARTESIAN_POINT('',(-3.841124709738,1.957150960843,
    0.299999989043));
#3297 = CARTESIAN_POINT('',(-2.899137703068,2.899137902661,
    0.199999989043));
#3298 = CARTESIAN_POINT('',(-1.957150696398,3.84112484448,
    9.999998904288E-02));
#3299 = CARTESIAN_POINT('',(-0.641381167269,4.049522218518,
    -1.095712236221E-08));
#3300 = CARTESIAN_POINT('',(0.67438836186,4.257919592557,-0.100000010957
    ));
#3301 = CARTESIAN_POINT('',(1.861361174683,3.653126685099,
    -0.200000010957));
#3302 = CARTESIAN_POINT('',(3.048333987506,3.048333777641,
    -0.300000010957));
#3303 = CARTESIAN_POINT('',(3.653126813246,1.861360923181,
    -0.400000010957));
#3304 = CARTESIAN_POINT('',(4.257919638985,0.674388068721,
    -0.500000010957));
#3305 = CARTESIAN_POINT('',(4.049522174362,-0.641381446061,
    -0.600000010957));
#3306 = CARTESIAN_POINT('',(3.841124709738,-1.957150960843,
    -0.700000010957));
#3307 = CARTESIAN_POINT('',(2.899137703068,-2.899137902661,
    -0.800000010957));
#3308 = CARTESIAN_POINT('',(1.957150696398,-3.84112484448,
    -0.900000010957));
#3309 = CARTESIAN_POINT('',(0.641381167269,-4.049522218518,
    -1.000000010957));
#3310 = CARTESIAN_POINT('',(-0.67438836186,-4.257919592557,
    -1.100000010957));
#3311 = CARTESIAN_POINT('',(-1.861361174683,-3.653126685099,
    -1.200000010957));
#3312 = CARTESIAN_POINT('',(-3.048333987506,-3.048333777641,
    -1.300000010957));
#3313 = CARTESIAN_POINT('',(-3.653126813246,-1.861360923181,
    -1.400000010957));
#3314 = CARTESIAN_POINT('',(-4.257919638985,-0.674388068721,
    -1.500000010957));
#3315 = CARTESIAN_POINT('',(-4.049522174362,0.641381446061,
    -1.600000010957));
#3316 = CARTESIAN_POINT('',(-3.841124709738,1.957150960843,
    -1.700000010957));
#3317 = CARTESIAN_POINT('',(-2.899137703068,2.899137902661,
    -1.800000010957));
#3318 = CARTESIAN_POINT('',(-1.957150696398,3.84112484448,
    -1.900000010957));
#3319 = CARTESIAN_POINT('',(-0.641381167269,4.049522218518,
    -2.000000010957));
#3320 = CARTESIAN_POINT('',(0.67438836186,4.257919592557,-2.100000010957
    ));
#3321 = CARTESIAN_POINT('',(1.861361174683,3.653126685099,
    -2.200000010957));
#3322 = CARTESIAN_POINT('',(3.048333987506,3.048333777641,
    -2.300000010957));
#3323 = CARTESIAN_POINT('',(3.653126813246,1.861360923181,
    -2.400000010957));
#3324 = CARTESIAN_POINT('',(4.257919638985,0.674388068721,
    -2.500000010957));
#3325 = CARTESIAN_POINT('',(4.049522174362,-0.641381446061,
    -2.600000010957));
#3326 = CARTESIAN_POINT('',(3.841124709738,-1.957150960843,
    -2.700000010957));
#3327 = CARTESIAN_POINT('',(2.899137703068,-2.899137902661,
    -2.800000010957));
#3328 = CARTESIAN_POINT('',(1.957150696398,-3.84112484448,
    -2.900000010957));
#3329 = CARTESIAN_POINT('',(0.641381167269,-4.049522218518,
    -3.000000010957));
#3330 = CARTESIAN_POINT('',(-0.67438836186,-4.257919592557,
    -3.100000010957));
#3331 = CARTESIAN_POINT('',(-1.861361174683,-3.653126685099,
    -3.200000010957));
#3332 = CARTESIAN_POINT('',(-3.048333987506,-3.048333777641,
    -3.300000010957));
#3333 = CARTESIAN_POINT('',(-3.653126813246,-1.861360923181,
    -3.400000010957));
#3334 = CARTESIAN_POINT('',(-4.257919638985,-0.674388068721,
    -3.500000010957));
#3335 = CARTESIAN_POINT('',(-4.049522174362,0.641381446061,
    -3.600000010957));
#3336 = CARTESIAN_POINT('',(-3.841124709738,1.957150960843,
    -3.700000010957));
#3337 = CARTESIAN_POINT('',(-2.899137703068,2.899137902661,
    -3.800000010957));
#3338 = CARTESIAN_POINT('',(-3.599999999782,-3.958111353287E-05,
    10.583354854147));
#3339 = CARTESIAN_POINT('',(-3.600003115103,0.28330653893,
    10.558198187732));
#3340 = CARTESIAN_POINT('',(-3.555678006757,0.563164196541,
    10.533974585258));
#3341 = CARTESIAN_POINT('',(-3.372694867087,1.718474014399,
    10.433974585258));
#3342 = CARTESIAN_POINT('',(-2.545584324645,2.545584499898,
    10.333974585258));
#3343 = CARTESIAN_POINT('',(-1.718473782203,3.372694985397,
    10.233974585258));
#3344 = CARTESIAN_POINT('',(-0.563163951748,3.555678045528,
    10.133974585258));
#3345 = CARTESIAN_POINT('',(0.592145878707,3.73866110566,10.033974585258
    ));
#3346 = CARTESIAN_POINT('',(1.634365909478,3.207623430819,9.933974585258
    ));
#3347 = CARTESIAN_POINT('',(2.676585940249,2.676585755978,9.833974585258
    ));
#3348 = CARTESIAN_POINT('',(3.207623543338,1.634365688647,9.733974585258
    ));
#3349 = CARTESIAN_POINT('',(3.738661146426,0.592145621316,9.633974585258
    ));
#3350 = CARTESIAN_POINT('',(3.555678006757,-0.563164196541,
    9.533974585258));
#3351 = CARTESIAN_POINT('',(3.372694867087,-1.718474014399,
    9.433974585258));
#3352 = CARTESIAN_POINT('',(2.545584324645,-2.545584499898,
    9.333974585258));
#3353 = CARTESIAN_POINT('',(1.718473782203,-3.372694985397,
    9.233974585258));
#3354 = CARTESIAN_POINT('',(0.563163951748,-3.555678045528,
    9.133974585258));
#3355 = CARTESIAN_POINT('',(-0.592145878707,-3.73866110566,
    9.033974585258));
#3356 = CARTESIAN_POINT('',(-1.634365909478,-3.207623430819,
    8.933974585258));
#3357 = CARTESIAN_POINT('',(-2.676585940249,-2.676585755978,
    8.833974585258));
#3358 = CARTESIAN_POINT('',(-3.207623543338,-1.634365688647,
    8.733974585258));
#3359 = CARTESIAN_POINT('',(-3.738661146426,-0.592145621316,
    8.633974585258));
#3360 = CARTESIAN_POINT('',(-3.555678006757,0.563164196541,
    8.533974585258));
#3361 = CARTESIAN_POINT('',(-3.372694867087,1.718474014399,
    8.433974585258));
#3362 = CARTESIAN_POINT('',(-2.545584324645,2.545584499898,
    8.333974585258));
#3363 = CARTESIAN_POINT('',(-1.718473782203,3.372694985397,
    8.233974585258));
#3364 = CARTESIAN_POINT('',(-0.563163951748,3.555678045528,
    8.133974585258));
#3365 = CARTESIAN_POINT('',(0.592145878707,3.73866110566,8.033974585258)
  );
#3366 = CARTESIAN_POINT('',(1.634365909478,3.207623430819,7.933974585258
    ));
#3367 = CARTESIAN_POINT('',(2.676585940249,2.676585755978,7.833974585258
    ));
#3368 = CARTESIAN_POINT('',(3.207623543338,1.634365688647,7.733974585258
    ));
#3369 = CARTESIAN_POINT('',(3.738661146426,0.592145621316,7.633974585258
    ));
#3370 = CARTESIAN_POINT('',(3.555678006757,-0.563164196541,
    7.533974585258));
#3371 = CARTESIAN_POINT('',(3.372694867087,-1.718474014399,
    7.433974585258));
#3372 = CARTESIAN_POINT('',(2.545584324645,-2.545584499898,
    7.333974585258));
#3373 = CARTESIAN_POINT('',(1.718473782203,-3.372694985397,
    7.233974585258));
#3374 = CARTESIAN_POINT('',(0.563163951748,-3.555678045528,
    7.133974585258));
#3375 = CARTESIAN_POINT('',(-0.592145878707,-3.73866110566,
    7.033974585258));
#3376 = CARTESIAN_POINT('',(-1.634365909478,-3.207623430819,
    6.933974585258));
#3377 = CARTESIAN_POINT('',(-2.676585940249,-2.676585755978,
    6.833974585258));
#3378 = CARTESIAN_POINT('',(-3.207623543338,-1.634365688647,
    6.733974585258));
#3379 = CARTESIAN_POINT('',(-3.738661146426,-0.592145621316,
    6.633974585258));
#3380 = CARTESIAN_POINT('',(-3.555678006757,0.563164196541,
    6.533974585258));
#3381 = CARTESIAN_POINT('',(-3.372694867087,1.718474014399,
    6.433974585258));
#3382 = CARTESIAN_POINT('',(-2.545584324645,2.545584499898,
    6.333974585258));
#3383 = CARTESIAN_POINT('',(-1.718473782203,3.372694985397,
    6.233974585258));
#3384 = CARTESIAN_POINT('',(-0.563163951748,3.555678045528,
    6.133974585258));
#3385 = CARTESIAN_POINT('',(0.592145878707,3.73866110566,6.033974585258)
  );
#3386 = CARTESIAN_POINT('',(1.634365909478,3.207623430819,5.933974585258
    ));
#3387 = CARTESIAN_POINT('',(2.676585940249,2.676585755978,5.833974585258
    ));
#3388 = CARTESIAN_POINT('',(3.207623543338,1.634365688647,5.733974585258
    ));
#3389 = CARTESIAN_POINT('',(3.738661146426,0.592145621316,5.633974585258
    ));
#3390 = CARTESIAN_POINT('',(3.555678006757,-0.563164196541,
    5.533974585258));
#3391 = CARTESIAN_POINT('',(3.372694867087,-1.718474014399,
    5.433974585258));
#3392 = CARTESIAN_POINT('',(2.545584324645,-2.545584499898,
    5.333974585258));
#3393 = CARTESIAN_POINT('',(1.718473782203,-3.372694985397,
    5.233974585258));
#3394 = CARTESIAN_POINT('',(0.563163951748,-3.555678045528,
    5.133974585258));
#3395 = CARTESIAN_POINT('',(-0.592145878707,-3.73866110566,
    5.033974585258));
#3396 = CARTESIAN_POINT('',(-1.634365909478,-3.207623430819,
    4.933974585258));
#3397 = CARTESIAN_POINT('',(-2.676585940249,-2.676585755978,
    4.833974585258));
#3398 = CARTESIAN_POINT('',(-3.207623543338,-1.634365688647,
    4.733974585258));
#3399 = CARTESIAN_POINT('',(-3.738661146426,-0.592145621316,
    4.633974585258));
#3400 = CARTESIAN_POINT('',(-3.555678006757,0.563164196541,
    4.533974585258));
#3401 = CARTESIAN_POINT('',(-3.372694867087,1.718474014399,
    4.433974585258));
#3402 = CARTESIAN_POINT('',(-2.545584324645,2.545584499898,
    4.333974585258));
#3403 = CARTESIAN_POINT('',(-1.718473782203,3.372694985397,
    4.233974585258));
#3404 = CARTESIAN_POINT('',(-0.563163951748,3.555678045528,
    4.133974585258));
#3405 = CARTESIAN_POINT('',(0.592145878707,3.73866110566,4.033974585258)
  );
#3406 = CARTESIAN_POINT('',(1.634365909478,3.207623430819,3.933974585258
    ));
#3407 = CARTESIAN_POINT('',(2.676585940249,2.676585755978,3.833974585258
    ));
#3408 = CARTESIAN_POINT('',(3.207623543338,1.634365688647,3.733974585258
    ));
#3409 = CARTESIAN_POINT('',(3.738661146426,0.592145621316,3.633974585258
    ));
#3410 = CARTESIAN_POINT('',(3.555678006757,-0.563164196541,
    3.533974585258));
#3411 = CARTESIAN_POINT('',(3.372694867087,-1.718474014399,
    3.433974585258));
#3412 = CARTESIAN_POINT('',(2.545584324645,-2.545584499898,
    3.333974585258));
#3413 = CARTESIAN_POINT('',(1.718473782203,-3.372694985397,
    3.233974585258));
#3414 = CARTESIAN_POINT('',(0.563163951748,-3.555678045528,
    3.133974585258));
#3415 = CARTESIAN_POINT('',(-0.592145878707,-3.73866110566,
    3.033974585258));
#3416 = CARTESIAN_POINT('',(-1.634365909478,-3.207623430819,
    2.933974585258));
#3417 = CARTESIAN_POINT('',(-2.676585940249,-2.676585755978,
    2.833974585258));
#3418 = CARTESIAN_POINT('',(-3.207623543338,-1.634365688647,
    2.733974585258));
#3419 = CARTESIAN_POINT('',(-3.738661146426,-0.592145621316,
    2.633974585258));
#3420 = CARTESIAN_POINT('',(-3.555678006757,0.563164196541,
    2.533974585258));
#3421 = CARTESIAN_POINT('',(-3.372694867087,1.718474014399,
    2.433974585258));
#3422 = CARTESIAN_POINT('',(-2.545584324645,2.545584499898,
    2.333974585258));
#3423 = CARTESIAN_POINT('',(-1.718473782203,3.372694985397,
    2.233974585258));
#3424 = CARTESIAN_POINT('',(-0.563163951748,3.555678045528,
    2.133974585258));
#3425 = CARTESIAN_POINT('',(0.592145878707,3.73866110566,2.033974585258)
  );
#3426 = CARTESIAN_POINT('',(1.634365909478,3.207623430819,1.933974585258
    ));
#3427 = CARTESIAN_POINT('',(2.676585940249,2.676585755978,1.833974585258
    ));
#3428 = CARTESIAN_POINT('',(3.207623543338,1.634365688647,1.733974585258
    ));
#3429 = CARTESIAN_POINT('',(3.738661146426,0.592145621316,1.633974585258
    ));
#3430 = CARTESIAN_POINT('',(3.555678006757,-0.563164196541,
    1.533974585258));
#3431 = CARTESIAN_POINT('',(3.372694867087,-1.718474014399,
    1.433974585258));
#3432 = CARTESIAN_POINT('',(2.545584324645,-2.545584499898,
    1.333974585258));
#3433 = CARTESIAN_POINT('',(1.718473782203,-3.372694985397,
    1.233974585258));
#3434 = CARTESIAN_POINT('',(0.563163951748,-3.555678045528,
    1.133974585258));
#3435 = CARTESIAN_POINT('',(-0.592145878707,-3.73866110566,
    1.033974585258));
#3436 = CARTESIAN_POINT('',(-1.634365909478,-3.207623430819,
    0.933974585258));
#3437 = CARTESIAN_POINT('',(-2.676585940249,-2.676585755978,
    0.833974585258));
#3438 = CARTESIAN_POINT('',(-3.207623543338,-1.634365688647,
    0.733974585258));
#3439 = CARTESIAN_POINT('',(-3.738661146426,-0.592145621316,
    0.633974585258));
#3440 = CARTESIAN_POINT('',(-3.555678006757,0.563164196541,
    0.533974585258));
#3441 = CARTESIAN_POINT('',(-3.372694867087,1.718474014399,
    0.433974585258));
#3442 = CARTESIAN_POINT('',(-2.545584324645,2.545584499898,
    0.333974585258));
#3443 = CARTESIAN_POINT('',(-1.718473782203,3.372694985397,
    0.233974585258));
#3444 = CARTESIAN_POINT('',(-0.563163951748,3.555678045528,
    0.133974585258));
#3445 = CARTESIAN_POINT('',(0.592145878707,3.73866110566,
    3.397458525844E-02));
#3446 = CARTESIAN_POINT('',(1.634365909478,3.207623430819,
    -6.602541474156E-02));
#3447 = CARTESIAN_POINT('',(2.676585940249,2.676585755978,
    -0.166025414742));
#3448 = CARTESIAN_POINT('',(3.207623543338,1.634365688647,
    -0.266025414742));
#3449 = CARTESIAN_POINT('',(3.738661146426,0.592145621316,
    -0.366025414742));
#3450 = CARTESIAN_POINT('',(3.555678006757,-0.563164196541,
    -0.466025414742));
#3451 = CARTESIAN_POINT('',(3.372694867087,-1.718474014399,
    -0.566025414742));
#3452 = CARTESIAN_POINT('',(2.545584324645,-2.545584499898,
    -0.666025414742));
#3453 = CARTESIAN_POINT('',(1.718473782203,-3.372694985397,
    -0.766025414742));
#3454 = CARTESIAN_POINT('',(0.563163951748,-3.555678045528,
    -0.866025414742));
#3455 = CARTESIAN_POINT('',(-0.592145878707,-3.73866110566,
    -0.966025414742));
#3456 = CARTESIAN_POINT('',(-1.634365909478,-3.207623430819,
    -1.066025414742));
#3457 = CARTESIAN_POINT('',(-2.676585940249,-2.676585755978,
    -1.166025414742));
#3458 = CARTESIAN_POINT('',(-3.207623543338,-1.634365688647,
    -1.266025414742));
#3459 = CARTESIAN_POINT('',(-3.738661146426,-0.592145621316,
    -1.366025414742));
#3460 = CARTESIAN_POINT('',(-3.555678006757,0.563164196541,
    -1.466025414742));
#3461 = CARTESIAN_POINT('',(-3.372694867087,1.718474014399,
    -1.566025414742));
#3462 = CARTESIAN_POINT('',(-2.545584324645,2.545584499898,
    -1.666025414742));
#3463 = CARTESIAN_POINT('',(-1.718473782203,3.372694985397,
    -1.766025414742));
#3464 = CARTESIAN_POINT('',(-0.563163951748,3.555678045528,
    -1.866025414742));
#3465 = CARTESIAN_POINT('',(0.592145878707,3.73866110566,-1.966025414742
    ));
#3466 = CARTESIAN_POINT('',(1.634365909478,3.207623430819,
    -2.066025414742));
#3467 = CARTESIAN_POINT('',(2.676585940249,2.676585755978,
    -2.166025414742));
#3468 = CARTESIAN_POINT('',(3.207623543338,1.634365688647,
    -2.266025414742));
#3469 = CARTESIAN_POINT('',(3.738661146426,0.592145621316,
    -2.366025414742));
#3470 = CARTESIAN_POINT('',(3.555678006757,-0.563164196541,
    -2.466025414742));
#3471 = CARTESIAN_POINT('',(3.372694867087,-1.718474014399,
    -2.566025414742));
#3472 = CARTESIAN_POINT('',(2.545584324645,-2.545584499898,
    -2.666025414742));
#3473 = CARTESIAN_POINT('',(1.718473782203,-3.372694985397,
    -2.766025414742));
#3474 = CARTESIAN_POINT('',(0.563163951748,-3.555678045528,
    -2.866025414742));
#3475 = CARTESIAN_POINT('',(-0.592145878707,-3.73866110566,
    -2.966025414742));
#3476 = CARTESIAN_POINT('',(-1.634365909478,-3.207623430819,
    -3.066025414742));
#3477 = CARTESIAN_POINT('',(-2.676585940249,-2.676585755978,
    -3.166025414742));
#3478 = CARTESIAN_POINT('',(-3.207623543338,-1.634365688647,
    -3.266025414742));
#3479 = CARTESIAN_POINT('',(-3.738661146426,-0.592145621316,
    -3.366025414742));
#3480 = CARTESIAN_POINT('',(-3.555678006757,0.563164196541,
    -3.466025414742));
#3481 = CARTESIAN_POINT('',(-3.372694867087,1.718474014399,
    -3.566025414742));
#3482 = CARTESIAN_POINT('',(-2.545584324645,2.545584499898,
    -3.666025414742));
#3483 = DEFINITIONAL_REPRESENTATION('',(#3484),#3510);
#3484 = B_SPLINE_CURVE_WITH_KNOTS('',3,(#3485,#3486,#3487,#3488,#3489,
    #3490,#3491,#3492,#3493,#3494,#3495,#3496,#3497,#3498,#3499,#3500,
    #3501,#3502,#3503,#3504,#3505,#3506,#3507,#3508,#3509),
  .UNSPECIFIED.,.F.,.F.,(4,1,1,1,1,1,1,1,1,1,1,1,1,1,1,1,1,1,1,1,1,1,4),
  (0.476780153045,0.478234804351,0.479689455657,0.481144106963,
    0.482598758269,0.484053409575,0.485508060881,0.486962712187,
    0.488417363493,0.489872014799,0.491326666105,0.492781317411,
    0.494235968717,0.495690620023,0.497145271329,0.498599922635,
    0.500054573941,0.501509225247,0.502963876553,0.504418527859,
    0.505873179166,0.507327830472,0.508782481778),
  .QUASI_UNIFORM_KNOTS.);
#3485 = CARTESIAN_POINT('',(0.999965673285,0.575358340712));
#3486 = CARTESIAN_POINT('',(0.999986650722,0.574926483125));
#3487 = CARTESIAN_POINT('',(1.000006195422,0.574062766337));
#3488 = CARTESIAN_POINT('',(0.999998339942,0.572767188476));
#3489 = CARTESIAN_POINT('',(1.000000444811,0.571471611334));
#3490 = CARTESIAN_POINT('',(0.999999880813,0.570176033999));
#3491 = CARTESIAN_POINT('',(1.000000031936,0.568880456715));
#3492 = CARTESIAN_POINT('',(0.999999991443,0.567584879418));
#3493 = CARTESIAN_POINT('',(1.000000002293,0.566289302125));
#3494 = CARTESIAN_POINT('',(0.999999999386,0.56499372483));
#3495 = CARTESIAN_POINT('',(1.000000000165,0.563698147536));
#3496 = CARTESIAN_POINT('',(0.999999999956,0.562402570241));
#3497 = CARTESIAN_POINT('',(1.000000000012,0.561106992947));
#3498 = CARTESIAN_POINT('',(0.999999999997,0.559811415653));
#3499 = CARTESIAN_POINT('',(1.000000000001,0.558515838358));
#3500 = CARTESIAN_POINT('',(1.,0.557220261064));
#3501 = CARTESIAN_POINT('',(1.,0.55592468377));
#3502 = CARTESIAN_POINT('',(1.000000000001,0.554629106475));
#3503 = CARTESIAN_POINT('',(0.999999999997,0.553333529181));
#3504 = CARTESIAN_POINT('',(1.00000000001,0.552037951886));
#3505 = CARTESIAN_POINT('',(0.999999999962,0.550742374594));
#3506 = CARTESIAN_POINT('',(1.000000000141,0.549446797291));
#3507 = CARTESIAN_POINT('',(0.999999997512,0.548151220075));
#3508 = CARTESIAN_POINT('',(0.999999998314,0.547287501982));
#3509 = CARTESIAN_POINT('',(1.,0.546855642953));
#3510 = ( GEOMETRIC_REPRESENTATION_CONTEXT(2) 
PARAMETRIC_REPRESENTATION_CONTEXT() REPRESENTATION_CONTEXT('2D SPACE',''
  ) );
#3511 = ORIENTED_EDGE('',*,*,#3512,.F.);
#3512 = EDGE_CURVE('',#3513,#3149,#3515,.T.);
#3513 = VERTEX_POINT('',#3514);
#3514 = CARTESIAN_POINT('',(3.6,-3.948796571319E-15,4.41540214754));
#3515 = SURFACE_CURVE('',#3516,(#3520,#3527),.PCURVE_S1.);
#3516 = LINE('',#3517,#3518);
#3517 = CARTESIAN_POINT('',(3.6,4.40872847693E-16,10.));
#3518 = VECTOR('',#3519,1.);
#3519 = DIRECTION('',(-0.,-0.,-1.));
#3520 = PCURVE('',#3129,#3521);
#3521 = DEFINITIONAL_REPRESENTATION('',(#3522),#3526);
#3522 = LINE('',#3523,#3524);
#3523 = CARTESIAN_POINT('',(3.14159265359,0.));
#3524 = VECTOR('',#3525,1.);
#3525 = DIRECTION('',(0.,1.));
#3526 = ( GEOMETRIC_REPRESENTATION_CONTEXT(2) 
PARAMETRIC_REPRESENTATION_CONTEXT() REPRESENTATION_CONTEXT('2D SPACE',''
  ) );
#3527 = PCURVE('',#3528,#3533);
#3528 = CYLINDRICAL_SURFACE('',#3529,3.6);
#3529 = AXIS2_PLACEMENT_3D('',#3530,#3531,#3532);
#3530 = CARTESIAN_POINT('',(0.,0.,10.));
#3531 = DIRECTION('',(-0.,-0.,-1.));
#3532 = DIRECTION('',(-1.,0.,0.));
#3533 = DEFINITIONAL_REPRESENTATION('',(#3534),#3538);
#3534 = LINE('',#3535,#3536);
#3535 = CARTESIAN_POINT('',(3.14159265359,0.));
#3536 = VECTOR('',#3537,1.);
#3537 = DIRECTION('',(0.,1.));
#3538 = ( GEOMETRIC_REPRESENTATION_CONTEXT(2) 
PARAMETRIC_REPRESENTATION_CONTEXT() REPRESENTATION_CONTEXT('2D SPACE',''
  ) );
#3539 = ORIENTED_EDGE('',*,*,#3540,.T.);
#3540 = EDGE_CURVE('',#3513,#3119,#3541,.T.);
#3541 = SURFACE_CURVE('',#3542,(#3552,#3581),.PCURVE_S1.);
#3542 = ( BOUNDED_CURVE() B_SPLINE_CURVE(2,(#3543,#3544,#3545,#3546,
    #3547,#3548,#3549,#3550,#3551),.UNSPECIFIED.,.F.,.F.) 
B_SPLINE_CURVE_WITH_KNOTS((3,2,2,2,3),(0.421855643196,0.425,0.4375,0.45,
0.450358310256),.UNSPECIFIED.) CURVE() GEOMETRIC_REPRESENTATION_ITEM() 
RATIONAL_B_SPLINE_CURVE((0.981570637188,0.987688337919,1.,0.951056516295
    ,1.,0.951056516295,1.,0.998597043827,0.997274518628)) 
REPRESENTATION_ITEM('') );
#3543 = CARTESIAN_POINT('',(3.6,-3.948796571319E-15,4.41540214754));
#3544 = CARTESIAN_POINT('',(3.6,-0.283326206913,4.390247292901));
#3545 = CARTESIAN_POINT('',(3.555678006757,-0.563164196541,
    4.366025392827));
#3546 = CARTESIAN_POINT('',(3.372694867087,-1.718474014399,
    4.266025392827));
#3547 = CARTESIAN_POINT('',(2.545584324645,-2.545584499898,
    4.166025392827));
#3548 = CARTESIAN_POINT('',(1.718473782203,-3.372694985397,
    4.066025392827));
#3549 = CARTESIAN_POINT('',(0.563163951748,-3.555678045528,
    3.966025392827));
#3550 = CARTESIAN_POINT('',(0.531623802502,-3.560673513301,
    3.963295376306));
#3551 = CARTESIAN_POINT('',(0.5,-3.565108693995,3.96055005394));
#3552 = PCURVE('',#3129,#3553);
#3553 = DEFINITIONAL_REPRESENTATION('',(#3554),#3580);
#3554 = B_SPLINE_CURVE_WITH_KNOTS('',3,(#3555,#3556,#3557,#3558,#3559,
    #3560,#3561,#3562,#3563,#3564,#3565,#3566,#3567,#3568,#3569,#3570,
    #3571,#3572,#3573,#3574,#3575,#3576,#3577,#3578,#3579),
  .UNSPECIFIED.,.F.,.F.,(4,1,1,1,1,1,1,1,1,1,1,1,1,1,1,1,1,1,1,1,1,1,4),
  (0.421855643196,0.423151218971,0.424446794747,0.425742370522,
    0.427037946298,0.428333522073,0.429629097848,0.430924673624,
    0.432220249399,0.433515825175,0.43481140095,0.436106976726,
    0.437402552501,0.438698128277,0.439993704052,0.441289279828,
    0.442584855603,0.443880431378,0.445176007154,0.446471582929,
    0.447767158705,0.44906273448,0.450358310256),.QUASI_UNIFORM_KNOTS.);
#3555 = CARTESIAN_POINT('',(3.14159265359,5.58459785246));
#3556 = CARTESIAN_POINT('',(3.163370025182,5.59157371145));
#3557 = CARTESIAN_POINT('',(3.20672660496,5.605335497924));
#3558 = CARTESIAN_POINT('',(3.271373885559,5.625607312703));
#3559 = CARTESIAN_POINT('',(3.335353994045,5.645248958445));
#3560 = CARTESIAN_POINT('',(3.400090042054,5.665604948973));
#3561 = CARTESIAN_POINT('',(3.465229244167,5.686347545398));
#3562 = CARTESIAN_POINT('',(3.530696610262,5.707406326582));
#3563 = CARTESIAN_POINT('',(3.596337467136,5.728633374421));
#3564 = CARTESIAN_POINT('',(3.662014137678,5.749895204828));
#3565 = CARTESIAN_POINT('',(3.727587085929,5.771056278398));
#3566 = CARTESIAN_POINT('',(3.792904472122,5.79197041468));
#3567 = CARTESIAN_POINT('',(3.857873689758,5.812549210397));
#3568 = CARTESIAN_POINT('',(3.922196303908,5.832513951317));
#3569 = CARTESIAN_POINT('',(3.986366808872,5.852335218074));
#3570 = CARTESIAN_POINT('',(4.051283805812,5.872863765532));
#3571 = CARTESIAN_POINT('',(4.116547616693,5.893726352663));
#3572 = CARTESIAN_POINT('',(4.182093718095,5.914861361946));
#3573 = CARTESIAN_POINT('',(4.247762897418,5.936115930856));
#3574 = CARTESIAN_POINT('',(4.313419186078,5.957357937292));
#3575 = CARTESIAN_POINT('',(4.378918543494,5.97844777116));
#3576 = CARTESIAN_POINT('',(4.444127073152,5.999256810034));
#3577 = CARTESIAN_POINT('',(4.508890324324,6.019639212887));
#3578 = CARTESIAN_POINT('',(4.551729000445,6.032908325596));
#3579 = CARTESIAN_POINT('',(4.573049639627,6.03944994606));
#3580 = ( GEOMETRIC_REPRESENTATION_CONTEXT(2) 
PARAMETRIC_REPRESENTATION_CONTEXT() REPRESENTATION_CONTEXT('2D SPACE',''
  ) );
#3581 = PCURVE('',#3582,#3873);
#3582 = ( BOUNDED_SURFACE() B_SPLINE_SURFACE(1,2,(
    (#3583,#3584,#3585,#3586,#3587,#3588,#3589,#3590,#3591,#3592,#3593
      ,#3594,#3595,#3596,#3597,#3598,#3599,#3600,#3601,#3602,#3603,#3604
      ,#3605,#3606,#3607,#3608,#3609,#3610,#3611,#3612,#3613,#3614,#3615
      ,#3616,#3617,#3618,#3619,#3620,#3621,#3622,#3623,#3624,#3625,#3626
      ,#3627,#3628,#3629,#3630,#3631,#3632,#3633,#3634,#3635,#3636,#3637
      ,#3638,#3639,#3640,#3641,#3642,#3643,#3644,#3645,#3646,#3647,#3648
      ,#3649,#3650,#3651,#3652,#3653,#3654,#3655,#3656,#3657,#3658,#3659
      ,#3660,#3661,#3662,#3663,#3664,#3665,#3666,#3667,#3668,#3669,#3670
      ,#3671,#3672,#3673,#3674,#3675,#3676,#3677,#3678,#3679,#3680,#3681
      ,#3682,#3683,#3684,#3685,#3686,#3687,#3688,#3689,#3690,#3691,#3692
      ,#3693,#3694,#3695,#3696,#3697,#3698,#3699,#3700,#3701,#3702,#3703
      ,#3704,#3705,#3706,#3707,#3708,#3709,#3710,#3711,#3712,#3713,#3714
      ,#3715,#3716,#3717,#3718,#3719,#3720,#3721,#3722,#3723,#3724,#3725
      ,#3726,#3727)
    ,(#3728,#3729,#3730,#3731,#3732,#3733,#3734,#3735,#3736,#3737,#3738
      ,#3739,#3740,#3741,#3742,#3743,#3744,#3745,#3746,#3747,#3748,#3749
      ,#3750,#3751,#3752,#3753,#3754,#3755,#3756,#3757,#3758,#3759,#3760
      ,#3761,#3762,#3763,#3764,#3765,#3766,#3767,#3768,#3769,#3770,#3771
      ,#3772,#3773,#3774,#3775,#3776,#3777,#3778,#3779,#3780,#3781,#3782
      ,#3783,#3784,#3785,#3786,#3787,#3788,#3789,#3790,#3791,#3792,#3793
      ,#3794,#3795,#3796,#3797,#3798,#3799,#3800,#3801,#3802,#3803,#3804
      ,#3805,#3806,#3807,#3808,#3809,#3810,#3811,#3812,#3813,#3814,#3815
      ,#3816,#3817,#3818,#3819,#3820,#3821,#3822,#3823,#3824,#3825,#3826
      ,#3827,#3828,#3829,#3830,#3831,#3832,#3833,#3834,#3835,#3836,#3837
      ,#3838,#3839,#3840,#3841,#3842,#3843,#3844,#3845,#3846,#3847,#3848
      ,#3849,#3850,#3851,#3852,#3853,#3854,#3855,#3856,#3857,#3858,#3859
      ,#3860,#3861,#3862,#3863,#3864,#3865,#3866,#3867,#3868,#3869,#3870
      ,#3871,#3872
)),.UNSPECIFIED.,.F.,.F.,.F.) B_SPLINE_SURFACE_WITH_KNOTS((2,2),(3,2,2,2
    ,2,2,2,2,2,2,2,2,2,2,2,2,2,2,2,2,2,2,2,2,2,2,2,2,2,2,2,2,2,2,2,2,2,2
    ,2,2,2,2,2,2,2,2,2,2,2,2,2,2,2,2,2,2,2,2,2,2,2,2,2,2,2,2,2,2,2,2,2,2
    ,3),(0.,1.),(0.109355360574,0.1125,0.125,0.1375,0.15,0.1625,0.175,
    0.1875,0.2,0.2125,0.225,0.2375,0.25,0.2625,0.275,0.2875,0.3,0.3125,
    0.325,0.3375,0.35,0.3625,0.375,0.3875,0.4,0.4125,0.425,0.4375,0.45,
    0.4625,0.475,0.4875,0.5,0.5125,0.525,0.5375,0.55,0.5625,0.575,0.5875
    ,0.6,0.6125,0.625,0.6375,0.65,0.6625,0.675,0.6875,0.7,0.7125,0.725,
    0.7375,0.75,0.7625,0.775,0.7875,0.8,0.8125,0.825,0.8375,0.85,0.8625,
    0.875,0.8875,0.9,0.9125,0.925,0.9375,0.95,0.9625,0.975,0.9875,1.),
.UNSPECIFIED.) GEOMETRIC_REPRESENTATION_ITEM() RATIONAL_B_SPLINE_SURFACE
((
    (0.981569537493,0.987687231319,1.,0.951056516295,1.,0.951056516295
      ,1.,0.951056516295,1.,0.951056516295,1.,0.951056516295,1.
      ,0.951056516295,1.,0.951056516295,1.,0.951056516295,1.
      ,0.951056516295,1.,0.951056516295,1.,0.951056516295,1.
      ,0.951056516295,1.,0.951056516295,1.,0.951056516295,1.
      ,0.951056516295,1.,0.951056516295,1.,0.951056516295,1.
      ,0.951056516295,1.,0.951056516295,1.,0.951056516295,1.
      ,0.951056516295,1.,0.951056516295,1.,0.951056516295,1.
      ,0.951056516295,1.,0.951056516295,1.,0.951056516295,1.
      ,0.951056516295,1.,0.951056516295,1.,0.951056516295,1.
      ,0.951056516295,1.,0.951056516295,1.,0.951056516295,1.
      ,0.951056516295,1.,0.951056516295,1.,0.951056516295,1.
      ,0.951056516295,1.,0.951056516295,1.,0.951056516295,1.
      ,0.951056516295,1.,0.951056516295,1.,0.951056516295,1.
      ,0.951056516295,1.,0.951056516295,1.,0.951056516295,1.
      ,0.951056516295,1.,0.951056516295,1.,0.951056516295,1.
      ,0.951056516295,1.,0.951056516295,1.,0.951056516295,1.
      ,0.951056516295,1.,0.951056516295,1.,0.951056516295,1.
      ,0.951056516295,1.,0.951056516295,1.,0.951056516295,1.
      ,0.951056516295,1.,0.951056516295,1.,0.951056516295,1.
      ,0.951056516295,1.,0.951056516295,1.,0.951056516295,1.
      ,0.951056516295,1.,0.951056516295,1.,0.951056516295,1.
      ,0.951056516295,1.,0.951056516295,1.,0.951056516295,1.
      ,0.951056516295,1.,0.951056516295,1.,0.951056516295,1.)
    ,(0.981569537493,0.987687231319,1.,0.951056516295,1.,0.951056516295
      ,1.,0.951056516295,1.,0.951056516295,1.,0.951056516295,1.
      ,0.951056516295,1.,0.951056516295,1.,0.951056516295,1.
      ,0.951056516295,1.,0.951056516295,1.,0.951056516295,1.
      ,0.951056516295,1.,0.951056516295,1.,0.951056516295,1.
      ,0.951056516295,1.,0.951056516295,1.,0.951056516295,1.
      ,0.951056516295,1.,0.951056516295,1.,0.951056516295,1.
      ,0.951056516295,1.,0.951056516295,1.,0.951056516295,1.
      ,0.951056516295,1.,0.951056516295,1.,0.951056516295,1.
      ,0.951056516295,1.,0.951056516295,1.,0.951056516295,1.
      ,0.951056516295,1.,0.951056516295,1.,0.951056516295,1.
      ,0.951056516295,1.,0.951056516295,1.,0.951056516295,1.
      ,0.951056516295,1.,0.951056516295,1.,0.951056516295,1.
      ,0.951056516295,1.,0.951056516295,1.,0.951056516295,1.
      ,0.951056516295,1.,0.951056516295,1.,0.951056516295,1.
      ,0.951056516295,1.,0.951056516295,1.,0.951056516295,1.
      ,0.951056516295,1.,0.951056516295,1.,0.951056516295,1.
      ,0.951056516295,1.,0.951056516295,1.,0.951056516295,1.
      ,0.951056516295,1.,0.951056516295,1.,0.951056516295,1.
      ,0.951056516295,1.,0.951056516295,1.,0.951056516295,1.
      ,0.951056516295,1.,0.951056516295,1.,0.951056516295,1.
      ,0.951056516295,1.,0.951056516295,1.,0.951056516295,1.
      ,0.951056516295,1.,0.951056516295,1.,0.951056516295,1.
      ,0.951056516295,1.,0.951056516295,1.,0.951056516295,1.
))) REPRESENTATION_ITEM('') SURFACE() );
#3583 = CARTESIAN_POINT('',(-3.599999999635,-5.124947355626E-05,
    9.415406697682));
#3584 = CARTESIAN_POINT('',(-3.600004033424,0.283300740881,
    9.390249497161));
#3585 = CARTESIAN_POINT('',(-3.555678006757,0.563164196541,
    9.366025392827));
#3586 = CARTESIAN_POINT('',(-3.372694867087,1.718474014399,
    9.266025392827));
#3587 = CARTESIAN_POINT('',(-2.545584324645,2.545584499898,
    9.166025392827));
#3588 = CARTESIAN_POINT('',(-1.718473782203,3.372694985397,
    9.066025392827));
#3589 = CARTESIAN_POINT('',(-0.563163951748,3.555678045528,
    8.966025392827));
#3590 = CARTESIAN_POINT('',(0.592145878707,3.73866110566,8.866025392827)
  );
#3591 = CARTESIAN_POINT('',(1.634365909478,3.207623430819,8.766025392827
    ));
#3592 = CARTESIAN_POINT('',(2.676585940249,2.676585755978,8.666025392827
    ));
#3593 = CARTESIAN_POINT('',(3.207623543338,1.634365688647,8.566025392827
    ));
#3594 = CARTESIAN_POINT('',(3.738661146426,0.592145621316,8.466025392827
    ));
#3595 = CARTESIAN_POINT('',(3.555678006757,-0.563164196541,
    8.366025392827));
#3596 = CARTESIAN_POINT('',(3.372694867087,-1.718474014399,
    8.266025392827));
#3597 = CARTESIAN_POINT('',(2.545584324645,-2.545584499898,
    8.166025392827));
#3598 = CARTESIAN_POINT('',(1.718473782203,-3.372694985397,
    8.066025392827));
#3599 = CARTESIAN_POINT('',(0.563163951748,-3.555678045528,
    7.966025392827));
#3600 = CARTESIAN_POINT('',(-0.592145878707,-3.73866110566,
    7.866025392827));
#3601 = CARTESIAN_POINT('',(-1.634365909478,-3.207623430819,
    7.766025392827));
#3602 = CARTESIAN_POINT('',(-2.676585940249,-2.676585755978,
    7.666025392827));
#3603 = CARTESIAN_POINT('',(-3.207623543338,-1.634365688647,
    7.566025392827));
#3604 = CARTESIAN_POINT('',(-3.738661146426,-0.592145621316,
    7.466025392827));
#3605 = CARTESIAN_POINT('',(-3.555678006757,0.563164196541,
    7.366025392827));
#3606 = CARTESIAN_POINT('',(-3.372694867087,1.718474014399,
    7.266025392827));
#3607 = CARTESIAN_POINT('',(-2.545584324645,2.545584499898,
    7.166025392827));
#3608 = CARTESIAN_POINT('',(-1.718473782203,3.372694985397,
    7.066025392827));
#3609 = CARTESIAN_POINT('',(-0.563163951748,3.555678045528,
    6.966025392827));
#3610 = CARTESIAN_POINT('',(0.592145878707,3.73866110566,6.866025392827)
  );
#3611 = CARTESIAN_POINT('',(1.634365909478,3.207623430819,6.766025392827
    ));
#3612 = CARTESIAN_POINT('',(2.676585940249,2.676585755978,6.666025392827
    ));
#3613 = CARTESIAN_POINT('',(3.207623543338,1.634365688647,6.566025392827
    ));
#3614 = CARTESIAN_POINT('',(3.738661146426,0.592145621316,6.466025392827
    ));
#3615 = CARTESIAN_POINT('',(3.555678006757,-0.563164196541,
    6.366025392827));
#3616 = CARTESIAN_POINT('',(3.372694867087,-1.718474014399,
    6.266025392827));
#3617 = CARTESIAN_POINT('',(2.545584324645,-2.545584499898,
    6.166025392827));
#3618 = CARTESIAN_POINT('',(1.718473782203,-3.372694985397,
    6.066025392827));
#3619 = CARTESIAN_POINT('',(0.563163951748,-3.555678045528,
    5.966025392827));
#3620 = CARTESIAN_POINT('',(-0.592145878707,-3.73866110566,
    5.866025392827));
#3621 = CARTESIAN_POINT('',(-1.634365909478,-3.207623430819,
    5.766025392827));
#3622 = CARTESIAN_POINT('',(-2.676585940249,-2.676585755978,
    5.666025392827));
#3623 = CARTESIAN_POINT('',(-3.207623543338,-1.634365688647,
    5.566025392827));
#3624 = CARTESIAN_POINT('',(-3.738661146426,-0.592145621316,
    5.466025392827));
#3625 = CARTESIAN_POINT('',(-3.555678006757,0.563164196541,
    5.366025392827));
#3626 = CARTESIAN_POINT('',(-3.372694867087,1.718474014399,
    5.266025392827));
#3627 = CARTESIAN_POINT('',(-2.545584324645,2.545584499898,
    5.166025392827));
#3628 = CARTESIAN_POINT('',(-1.718473782203,3.372694985397,
    5.066025392827));
#3629 = CARTESIAN_POINT('',(-0.563163951748,3.555678045528,
    4.966025392827));
#3630 = CARTESIAN_POINT('',(0.592145878707,3.73866110566,4.866025392827)
  );
#3631 = CARTESIAN_POINT('',(1.634365909478,3.207623430819,4.766025392827
    ));
#3632 = CARTESIAN_POINT('',(2.676585940249,2.676585755978,4.666025392827
    ));
#3633 = CARTESIAN_POINT('',(3.207623543338,1.634365688647,4.566025392827
    ));
#3634 = CARTESIAN_POINT('',(3.738661146426,0.592145621316,4.466025392827
    ));
#3635 = CARTESIAN_POINT('',(3.555678006757,-0.563164196541,
    4.366025392827));
#3636 = CARTESIAN_POINT('',(3.372694867087,-1.718474014399,
    4.266025392827));
#3637 = CARTESIAN_POINT('',(2.545584324645,-2.545584499898,
    4.166025392827));
#3638 = CARTESIAN_POINT('',(1.718473782203,-3.372694985397,
    4.066025392827));
#3639 = CARTESIAN_POINT('',(0.563163951748,-3.555678045528,
    3.966025392827));
#3640 = CARTESIAN_POINT('',(-0.592145878707,-3.73866110566,
    3.866025392827));
#3641 = CARTESIAN_POINT('',(-1.634365909478,-3.207623430819,
    3.766025392827));
#3642 = CARTESIAN_POINT('',(-2.676585940249,-2.676585755978,
    3.666025392827));
#3643 = CARTESIAN_POINT('',(-3.207623543338,-1.634365688647,
    3.566025392827));
#3644 = CARTESIAN_POINT('',(-3.738661146426,-0.592145621316,
    3.466025392827));
#3645 = CARTESIAN_POINT('',(-3.555678006757,0.563164196541,
    3.366025392827));
#3646 = CARTESIAN_POINT('',(-3.372694867087,1.718474014399,
    3.266025392827));
#3647 = CARTESIAN_POINT('',(-2.545584324645,2.545584499898,
    3.166025392827));
#3648 = CARTESIAN_POINT('',(-1.718473782203,3.372694985397,
    3.066025392827));
#3649 = CARTESIAN_POINT('',(-0.563163951748,3.555678045528,
    2.966025392827));
#3650 = CARTESIAN_POINT('',(0.592145878707,3.73866110566,2.866025392827)
  );
#3651 = CARTESIAN_POINT('',(1.634365909478,3.207623430819,2.766025392827
    ));
#3652 = CARTESIAN_POINT('',(2.676585940249,2.676585755978,2.666025392827
    ));
#3653 = CARTESIAN_POINT('',(3.207623543338,1.634365688647,2.566025392827
    ));
#3654 = CARTESIAN_POINT('',(3.738661146426,0.592145621316,2.466025392827
    ));
#3655 = CARTESIAN_POINT('',(3.555678006757,-0.563164196541,
    2.366025392827));
#3656 = CARTESIAN_POINT('',(3.372694867087,-1.718474014399,
    2.266025392827));
#3657 = CARTESIAN_POINT('',(2.545584324645,-2.545584499898,
    2.166025392827));
#3658 = CARTESIAN_POINT('',(1.718473782203,-3.372694985397,
    2.066025392827));
#3659 = CARTESIAN_POINT('',(0.563163951748,-3.555678045528,
    1.966025392827));
#3660 = CARTESIAN_POINT('',(-0.592145878707,-3.73866110566,
    1.866025392827));
#3661 = CARTESIAN_POINT('',(-1.634365909478,-3.207623430819,
    1.766025392827));
#3662 = CARTESIAN_POINT('',(-2.676585940249,-2.676585755978,
    1.666025392827));
#3663 = CARTESIAN_POINT('',(-3.207623543338,-1.634365688647,
    1.566025392827));
#3664 = CARTESIAN_POINT('',(-3.738661146426,-0.592145621316,
    1.466025392827));
#3665 = CARTESIAN_POINT('',(-3.555678006757,0.563164196541,
    1.366025392827));
#3666 = CARTESIAN_POINT('',(-3.372694867087,1.718474014399,
    1.266025392827));
#3667 = CARTESIAN_POINT('',(-2.545584324645,2.545584499898,
    1.166025392827));
#3668 = CARTESIAN_POINT('',(-1.718473782203,3.372694985397,
    1.066025392827));
#3669 = CARTESIAN_POINT('',(-0.563163951748,3.555678045528,
    0.966025392827));
#3670 = CARTESIAN_POINT('',(0.592145878707,3.73866110566,0.866025392827)
  );
#3671 = CARTESIAN_POINT('',(1.634365909478,3.207623430819,0.766025392827
    ));
#3672 = CARTESIAN_POINT('',(2.676585940249,2.676585755978,0.666025392827
    ));
#3673 = CARTESIAN_POINT('',(3.207623543338,1.634365688647,0.566025392827
    ));
#3674 = CARTESIAN_POINT('',(3.738661146426,0.592145621316,0.466025392827
    ));
#3675 = CARTESIAN_POINT('',(3.555678006757,-0.563164196541,
    0.366025392827));
#3676 = CARTESIAN_POINT('',(3.372694867087,-1.718474014399,
    0.266025392827));
#3677 = CARTESIAN_POINT('',(2.545584324645,-2.545584499898,
    0.166025392827));
#3678 = CARTESIAN_POINT('',(1.718473782203,-3.372694985397,
    6.602539282732E-02));
#3679 = CARTESIAN_POINT('',(0.563163951748,-3.555678045528,
    -3.397460717268E-02));
#3680 = CARTESIAN_POINT('',(-0.592145878707,-3.73866110566,
    -0.133974607173));
#3681 = CARTESIAN_POINT('',(-1.634365909478,-3.207623430819,
    -0.233974607173));
#3682 = CARTESIAN_POINT('',(-2.676585940249,-2.676585755978,
    -0.333974607173));
#3683 = CARTESIAN_POINT('',(-3.207623543338,-1.634365688647,
    -0.433974607173));
#3684 = CARTESIAN_POINT('',(-3.738661146426,-0.592145621316,
    -0.533974607173));
#3685 = CARTESIAN_POINT('',(-3.555678006757,0.563164196541,
    -0.633974607173));
#3686 = CARTESIAN_POINT('',(-3.372694867087,1.718474014399,
    -0.733974607173));
#3687 = CARTESIAN_POINT('',(-2.545584324645,2.545584499898,
    -0.833974607173));
#3688 = CARTESIAN_POINT('',(-1.718473782203,3.372694985397,
    -0.933974607173));
#3689 = CARTESIAN_POINT('',(-0.563163951748,3.555678045528,
    -1.033974607173));
#3690 = CARTESIAN_POINT('',(0.592145878707,3.73866110566,-1.133974607173
    ));
#3691 = CARTESIAN_POINT('',(1.634365909478,3.207623430819,
    -1.233974607173));
#3692 = CARTESIAN_POINT('',(2.676585940249,2.676585755978,
    -1.333974607173));
#3693 = CARTESIAN_POINT('',(3.207623543338,1.634365688647,
    -1.433974607173));
#3694 = CARTESIAN_POINT('',(3.738661146426,0.592145621316,
    -1.533974607173));
#3695 = CARTESIAN_POINT('',(3.555678006757,-0.563164196541,
    -1.633974607173));
#3696 = CARTESIAN_POINT('',(3.372694867087,-1.718474014399,
    -1.733974607173));
#3697 = CARTESIAN_POINT('',(2.545584324645,-2.545584499898,
    -1.833974607173));
#3698 = CARTESIAN_POINT('',(1.718473782203,-3.372694985397,
    -1.933974607173));
#3699 = CARTESIAN_POINT('',(0.563163951748,-3.555678045528,
    -2.033974607173));
#3700 = CARTESIAN_POINT('',(-0.592145878707,-3.73866110566,
    -2.133974607173));
#3701 = CARTESIAN_POINT('',(-1.634365909478,-3.207623430819,
    -2.233974607173));
#3702 = CARTESIAN_POINT('',(-2.676585940249,-2.676585755978,
    -2.333974607173));
#3703 = CARTESIAN_POINT('',(-3.207623543338,-1.634365688647,
    -2.433974607173));
#3704 = CARTESIAN_POINT('',(-3.738661146426,-0.592145621316,
    -2.533974607173));
#3705 = CARTESIAN_POINT('',(-3.555678006757,0.563164196541,
    -2.633974607173));
#3706 = CARTESIAN_POINT('',(-3.372694867087,1.718474014399,
    -2.733974607173));
#3707 = CARTESIAN_POINT('',(-2.545584324645,2.545584499898,
    -2.833974607173));
#3708 = CARTESIAN_POINT('',(-1.718473782203,3.372694985397,
    -2.933974607173));
#3709 = CARTESIAN_POINT('',(-0.563163951748,3.555678045528,
    -3.033974607173));
#3710 = CARTESIAN_POINT('',(0.592145878707,3.73866110566,-3.133974607173
    ));
#3711 = CARTESIAN_POINT('',(1.634365909478,3.207623430819,
    -3.233974607173));
#3712 = CARTESIAN_POINT('',(2.676585940249,2.676585755978,
    -3.333974607173));
#3713 = CARTESIAN_POINT('',(3.207623543338,1.634365688647,
    -3.433974607173));
#3714 = CARTESIAN_POINT('',(3.738661146426,0.592145621316,
    -3.533974607173));
#3715 = CARTESIAN_POINT('',(3.555678006757,-0.563164196541,
    -3.633974607173));
#3716 = CARTESIAN_POINT('',(3.372694867087,-1.718474014399,
    -3.733974607173));
#3717 = CARTESIAN_POINT('',(2.545584324645,-2.545584499898,
    -3.833974607173));
#3718 = CARTESIAN_POINT('',(1.718473782203,-3.372694985397,
    -3.933974607173));
#3719 = CARTESIAN_POINT('',(0.563163951748,-3.555678045528,
    -4.033974607173));
#3720 = CARTESIAN_POINT('',(-0.592145878707,-3.73866110566,
    -4.133974607173));
#3721 = CARTESIAN_POINT('',(-1.634365909478,-3.207623430819,
    -4.233974607173));
#3722 = CARTESIAN_POINT('',(-2.676585940249,-2.676585755978,
    -4.333974607173));
#3723 = CARTESIAN_POINT('',(-3.207623543338,-1.634365688647,
    -4.433974607173));
#3724 = CARTESIAN_POINT('',(-3.738661146426,-0.592145621316,
    -4.533974607173));
#3725 = CARTESIAN_POINT('',(-3.555678006757,0.563164196541,
    -4.633974607173));
#3726 = CARTESIAN_POINT('',(-3.372694867087,1.718474014399,
    -4.733974607173));
#3727 = CARTESIAN_POINT('',(-2.545584324645,2.545584499898,
    -4.833974607173));
#3728 = CARTESIAN_POINT('',(-4.099999999585,-5.836745599459E-05,
    9.549381293898));
#3729 = CARTESIAN_POINT('',(-4.100004593622,0.322648066003,
    9.524224093377));
#3730 = CARTESIAN_POINT('',(-4.049522174362,0.641381446061,
    9.499999989043));
#3731 = CARTESIAN_POINT('',(-3.841124709738,1.957150960843,
    9.399999989043));
#3732 = CARTESIAN_POINT('',(-2.899137703068,2.899137902661,
    9.299999989043));
#3733 = CARTESIAN_POINT('',(-1.957150696398,3.84112484448,9.199999989043
    ));
#3734 = CARTESIAN_POINT('',(-0.641381167269,4.049522218518,
    9.099999989043));
#3735 = CARTESIAN_POINT('',(0.67438836186,4.257919592557,8.999999989043)
  );
#3736 = CARTESIAN_POINT('',(1.861361174683,3.653126685099,8.899999989043
    ));
#3737 = CARTESIAN_POINT('',(3.048333987506,3.048333777641,8.799999989043
    ));
#3738 = CARTESIAN_POINT('',(3.653126813246,1.861360923181,8.699999989043
    ));
#3739 = CARTESIAN_POINT('',(4.257919638985,0.674388068721,8.599999989043
    ));
#3740 = CARTESIAN_POINT('',(4.049522174362,-0.641381446061,
    8.499999989043));
#3741 = CARTESIAN_POINT('',(3.841124709738,-1.957150960843,
    8.399999989043));
#3742 = CARTESIAN_POINT('',(2.899137703068,-2.899137902661,
    8.299999989043));
#3743 = CARTESIAN_POINT('',(1.957150696398,-3.84112484448,8.199999989043
    ));
#3744 = CARTESIAN_POINT('',(0.641381167269,-4.049522218518,
    8.099999989043));
#3745 = CARTESIAN_POINT('',(-0.67438836186,-4.257919592557,
    7.999999989043));
#3746 = CARTESIAN_POINT('',(-1.861361174683,-3.653126685099,
    7.899999989043));
#3747 = CARTESIAN_POINT('',(-3.048333987506,-3.048333777641,
    7.799999989043));
#3748 = CARTESIAN_POINT('',(-3.653126813246,-1.861360923181,
    7.699999989043));
#3749 = CARTESIAN_POINT('',(-4.257919638985,-0.674388068721,
    7.599999989043));
#3750 = CARTESIAN_POINT('',(-4.049522174362,0.641381446061,
    7.499999989043));
#3751 = CARTESIAN_POINT('',(-3.841124709738,1.957150960843,
    7.399999989043));
#3752 = CARTESIAN_POINT('',(-2.899137703068,2.899137902661,
    7.299999989043));
#3753 = CARTESIAN_POINT('',(-1.957150696398,3.84112484448,7.199999989043
    ));
#3754 = CARTESIAN_POINT('',(-0.641381167269,4.049522218518,
    7.099999989043));
#3755 = CARTESIAN_POINT('',(0.67438836186,4.257919592557,6.999999989043)
  );
#3756 = CARTESIAN_POINT('',(1.861361174683,3.653126685099,6.899999989043
    ));
#3757 = CARTESIAN_POINT('',(3.048333987506,3.048333777641,6.799999989043
    ));
#3758 = CARTESIAN_POINT('',(3.653126813246,1.861360923181,6.699999989043
    ));
#3759 = CARTESIAN_POINT('',(4.257919638985,0.674388068721,6.599999989043
    ));
#3760 = CARTESIAN_POINT('',(4.049522174362,-0.641381446061,
    6.499999989043));
#3761 = CARTESIAN_POINT('',(3.841124709738,-1.957150960843,
    6.399999989043));
#3762 = CARTESIAN_POINT('',(2.899137703068,-2.899137902661,
    6.299999989043));
#3763 = CARTESIAN_POINT('',(1.957150696398,-3.84112484448,6.199999989043
    ));
#3764 = CARTESIAN_POINT('',(0.641381167269,-4.049522218518,
    6.099999989043));
#3765 = CARTESIAN_POINT('',(-0.67438836186,-4.257919592557,
    5.999999989043));
#3766 = CARTESIAN_POINT('',(-1.861361174683,-3.653126685099,
    5.899999989043));
#3767 = CARTESIAN_POINT('',(-3.048333987506,-3.048333777641,
    5.799999989043));
#3768 = CARTESIAN_POINT('',(-3.653126813246,-1.861360923181,
    5.699999989043));
#3769 = CARTESIAN_POINT('',(-4.257919638985,-0.674388068721,
    5.599999989043));
#3770 = CARTESIAN_POINT('',(-4.049522174362,0.641381446061,
    5.499999989043));
#3771 = CARTESIAN_POINT('',(-3.841124709738,1.957150960843,
    5.399999989043));
#3772 = CARTESIAN_POINT('',(-2.899137703068,2.899137902661,
    5.299999989043));
#3773 = CARTESIAN_POINT('',(-1.957150696398,3.84112484448,5.199999989043
    ));
#3774 = CARTESIAN_POINT('',(-0.641381167269,4.049522218518,
    5.099999989043));
#3775 = CARTESIAN_POINT('',(0.67438836186,4.257919592557,4.999999989043)
  );
#3776 = CARTESIAN_POINT('',(1.861361174683,3.653126685099,4.899999989043
    ));
#3777 = CARTESIAN_POINT('',(3.048333987506,3.048333777641,4.799999989043
    ));
#3778 = CARTESIAN_POINT('',(3.653126813246,1.861360923181,4.699999989043
    ));
#3779 = CARTESIAN_POINT('',(4.257919638985,0.674388068721,4.599999989043
    ));
#3780 = CARTESIAN_POINT('',(4.049522174362,-0.641381446061,
    4.499999989043));
#3781 = CARTESIAN_POINT('',(3.841124709738,-1.957150960843,
    4.399999989043));
#3782 = CARTESIAN_POINT('',(2.899137703068,-2.899137902661,
    4.299999989043));
#3783 = CARTESIAN_POINT('',(1.957150696398,-3.84112484448,4.199999989043
    ));
#3784 = CARTESIAN_POINT('',(0.641381167269,-4.049522218518,
    4.099999989043));
#3785 = CARTESIAN_POINT('',(-0.67438836186,-4.257919592557,
    3.999999989043));
#3786 = CARTESIAN_POINT('',(-1.861361174683,-3.653126685099,
    3.899999989043));
#3787 = CARTESIAN_POINT('',(-3.048333987506,-3.048333777641,
    3.799999989043));
#3788 = CARTESIAN_POINT('',(-3.653126813246,-1.861360923181,
    3.699999989043));
#3789 = CARTESIAN_POINT('',(-4.257919638985,-0.674388068721,
    3.599999989043));
#3790 = CARTESIAN_POINT('',(-4.049522174362,0.641381446061,
    3.499999989043));
#3791 = CARTESIAN_POINT('',(-3.841124709738,1.957150960843,
    3.399999989043));
#3792 = CARTESIAN_POINT('',(-2.899137703068,2.899137902661,
    3.299999989043));
#3793 = CARTESIAN_POINT('',(-1.957150696398,3.84112484448,3.199999989043
    ));
#3794 = CARTESIAN_POINT('',(-0.641381167269,4.049522218518,
    3.099999989043));
#3795 = CARTESIAN_POINT('',(0.67438836186,4.257919592557,2.999999989043)
  );
#3796 = CARTESIAN_POINT('',(1.861361174683,3.653126685099,2.899999989043
    ));
#3797 = CARTESIAN_POINT('',(3.048333987506,3.048333777641,2.799999989043
    ));
#3798 = CARTESIAN_POINT('',(3.653126813246,1.861360923181,2.699999989043
    ));
#3799 = CARTESIAN_POINT('',(4.257919638985,0.674388068721,2.599999989043
    ));
#3800 = CARTESIAN_POINT('',(4.049522174362,-0.641381446061,
    2.499999989043));
#3801 = CARTESIAN_POINT('',(3.841124709738,-1.957150960843,
    2.399999989043));
#3802 = CARTESIAN_POINT('',(2.899137703068,-2.899137902661,
    2.299999989043));
#3803 = CARTESIAN_POINT('',(1.957150696398,-3.84112484448,2.199999989043
    ));
#3804 = CARTESIAN_POINT('',(0.641381167269,-4.049522218518,
    2.099999989043));
#3805 = CARTESIAN_POINT('',(-0.67438836186,-4.257919592557,
    1.999999989043));
#3806 = CARTESIAN_POINT('',(-1.861361174683,-3.653126685099,
    1.899999989043));
#3807 = CARTESIAN_POINT('',(-3.048333987506,-3.048333777641,
    1.799999989043));
#3808 = CARTESIAN_POINT('',(-3.653126813246,-1.861360923181,
    1.699999989043));
#3809 = CARTESIAN_POINT('',(-4.257919638985,-0.674388068721,
    1.599999989043));
#3810 = CARTESIAN_POINT('',(-4.049522174362,0.641381446061,
    1.499999989043));
#3811 = CARTESIAN_POINT('',(-3.841124709738,1.957150960843,
    1.399999989043));
#3812 = CARTESIAN_POINT('',(-2.899137703068,2.899137902661,
    1.299999989043));
#3813 = CARTESIAN_POINT('',(-1.957150696398,3.84112484448,1.199999989043
    ));
#3814 = CARTESIAN_POINT('',(-0.641381167269,4.049522218518,
    1.099999989043));
#3815 = CARTESIAN_POINT('',(0.67438836186,4.257919592557,0.999999989043)
  );
#3816 = CARTESIAN_POINT('',(1.861361174683,3.653126685099,0.899999989043
    ));
#3817 = CARTESIAN_POINT('',(3.048333987506,3.048333777641,0.799999989043
    ));
#3818 = CARTESIAN_POINT('',(3.653126813246,1.861360923181,0.699999989043
    ));
#3819 = CARTESIAN_POINT('',(4.257919638985,0.674388068721,0.599999989043
    ));
#3820 = CARTESIAN_POINT('',(4.049522174362,-0.641381446061,
    0.499999989043));
#3821 = CARTESIAN_POINT('',(3.841124709738,-1.957150960843,
    0.399999989043));
#3822 = CARTESIAN_POINT('',(2.899137703068,-2.899137902661,
    0.299999989043));
#3823 = CARTESIAN_POINT('',(1.957150696398,-3.84112484448,0.199999989043
    ));
#3824 = CARTESIAN_POINT('',(0.641381167269,-4.049522218518,
    9.999998904288E-02));
#3825 = CARTESIAN_POINT('',(-0.67438836186,-4.257919592557,
    -1.095712409693E-08));
#3826 = CARTESIAN_POINT('',(-1.861361174683,-3.653126685099,
    -0.100000010957));
#3827 = CARTESIAN_POINT('',(-3.048333987506,-3.048333777641,
    -0.200000010957));
#3828 = CARTESIAN_POINT('',(-3.653126813246,-1.861360923181,
    -0.300000010957));
#3829 = CARTESIAN_POINT('',(-4.257919638985,-0.674388068721,
    -0.400000010957));
#3830 = CARTESIAN_POINT('',(-4.049522174362,0.641381446061,
    -0.500000010957));
#3831 = CARTESIAN_POINT('',(-3.841124709738,1.957150960843,
    -0.600000010957));
#3832 = CARTESIAN_POINT('',(-2.899137703068,2.899137902661,
    -0.700000010957));
#3833 = CARTESIAN_POINT('',(-1.957150696398,3.84112484448,
    -0.800000010957));
#3834 = CARTESIAN_POINT('',(-0.641381167269,4.049522218518,
    -0.900000010957));
#3835 = CARTESIAN_POINT('',(0.67438836186,4.257919592557,-1.000000010957
    ));
#3836 = CARTESIAN_POINT('',(1.861361174683,3.653126685099,
    -1.100000010957));
#3837 = CARTESIAN_POINT('',(3.048333987506,3.048333777641,
    -1.200000010957));
#3838 = CARTESIAN_POINT('',(3.653126813246,1.861360923181,
    -1.300000010957));
#3839 = CARTESIAN_POINT('',(4.257919638985,0.674388068721,
    -1.400000010957));
#3840 = CARTESIAN_POINT('',(4.049522174362,-0.641381446061,
    -1.500000010957));
#3841 = CARTESIAN_POINT('',(3.841124709738,-1.957150960843,
    -1.600000010957));
#3842 = CARTESIAN_POINT('',(2.899137703068,-2.899137902661,
    -1.700000010957));
#3843 = CARTESIAN_POINT('',(1.957150696398,-3.84112484448,
    -1.800000010957));
#3844 = CARTESIAN_POINT('',(0.641381167269,-4.049522218518,
    -1.900000010957));
#3845 = CARTESIAN_POINT('',(-0.67438836186,-4.257919592557,
    -2.000000010957));
#3846 = CARTESIAN_POINT('',(-1.861361174683,-3.653126685099,
    -2.100000010957));
#3847 = CARTESIAN_POINT('',(-3.048333987506,-3.048333777641,
    -2.200000010957));
#3848 = CARTESIAN_POINT('',(-3.653126813246,-1.861360923181,
    -2.300000010957));
#3849 = CARTESIAN_POINT('',(-4.257919638985,-0.674388068721,
    -2.400000010957));
#3850 = CARTESIAN_POINT('',(-4.049522174362,0.641381446061,
    -2.500000010957));
#3851 = CARTESIAN_POINT('',(-3.841124709738,1.957150960843,
    -2.600000010957));
#3852 = CARTESIAN_POINT('',(-2.899137703068,2.899137902661,
    -2.700000010957));
#3853 = CARTESIAN_POINT('',(-1.957150696398,3.84112484448,
    -2.800000010957));
#3854 = CARTESIAN_POINT('',(-0.641381167269,4.049522218518,
    -2.900000010957));
#3855 = CARTESIAN_POINT('',(0.67438836186,4.257919592557,-3.000000010957
    ));
#3856 = CARTESIAN_POINT('',(1.861361174683,3.653126685099,
    -3.100000010957));
#3857 = CARTESIAN_POINT('',(3.048333987506,3.048333777641,
    -3.200000010957));
#3858 = CARTESIAN_POINT('',(3.653126813246,1.861360923181,
    -3.300000010957));
#3859 = CARTESIAN_POINT('',(4.257919638985,0.674388068721,
    -3.400000010957));
#3860 = CARTESIAN_POINT('',(4.049522174362,-0.641381446061,
    -3.500000010957));
#3861 = CARTESIAN_POINT('',(3.841124709738,-1.957150960843,
    -3.600000010957));
#3862 = CARTESIAN_POINT('',(2.899137703068,-2.899137902661,
    -3.700000010957));
#3863 = CARTESIAN_POINT('',(1.957150696398,-3.84112484448,
    -3.800000010957));
#3864 = CARTESIAN_POINT('',(0.641381167269,-4.049522218518,
    -3.900000010957));
#3865 = CARTESIAN_POINT('',(-0.67438836186,-4.257919592557,
    -4.000000010957));
#3866 = CARTESIAN_POINT('',(-1.861361174683,-3.653126685099,
    -4.100000010957));
#3867 = CARTESIAN_POINT('',(-3.048333987506,-3.048333777641,
    -4.200000010957));
#3868 = CARTESIAN_POINT('',(-3.653126813246,-1.861360923181,
    -4.300000010957));
#3869 = CARTESIAN_POINT('',(-4.257919638985,-0.674388068721,
    -4.400000010957));
#3870 = CARTESIAN_POINT('',(-4.049522174362,0.641381446061,
    -4.500000010957));
#3871 = CARTESIAN_POINT('',(-3.841124709738,1.957150960843,
    -4.600000010957));
#3872 = CARTESIAN_POINT('',(-2.899137703068,2.899137902661,
    -4.700000010957));
#3873 = DEFINITIONAL_REPRESENTATION('',(#3874),#3878);
#3874 = LINE('',#3875,#3876);
#3875 = CARTESIAN_POINT('',(-1.051423030244E-14,0.));
#3876 = VECTOR('',#3877,1.);
#3877 = DIRECTION('',(2.334636679952E-14,1.));
#3878 = ( GEOMETRIC_REPRESENTATION_CONTEXT(2) 
PARAMETRIC_REPRESENTATION_CONTEXT() REPRESENTATION_CONTEXT('2D SPACE',''
  ) );
#3879 = ADVANCED_FACE('',(#3880),#3528,.F.);
#3880 = FACE_BOUND('',#3881,.F.);
#3881 = EDGE_LOOP('',(#3882,#3936,#3964,#4017));
#3882 = ORIENTED_EDGE('',*,*,#3883,.T.);
#3883 = EDGE_CURVE('',#3149,#3884,#3886,.T.);
#3884 = VERTEX_POINT('',#3885);
#3885 = CARTESIAN_POINT('',(-3.6,3.313675444463E-15,4.583351339971));
#3886 = SURFACE_CURVE('',#3887,(#3901,#3930),.PCURVE_S1.);
#3887 = ( BOUNDED_CURVE() B_SPLINE_CURVE(2,(#3888,#3889,#3890,#3891,
    #3892,#3893,#3894,#3895,#3896,#3897,#3898,#3899,#3900),
.UNSPECIFIED.,.F.,.F.) B_SPLINE_CURVE_WITH_KNOTS((3,2,2,2,2,2,3),(
    0.508782481778,0.51928683219,0.533321611438,0.547356390686,
0.561391169935,0.575425949183,0.578956377473),.UNSPECIFIED.) CURVE() 
GEOMETRIC_REPRESENTATION_ITEM() RATIONAL_B_SPLINE_CURVE((0.981570635295,
    0.96336818028,1.,0.951056516295,1.,0.951056516295,1.,0.951056516295,
    1.,0.951056516295,1.,0.987688337919,0.981570637188)) 
REPRESENTATION_ITEM('') );
#3888 = CARTESIAN_POINT('',(3.6,4.410407838886E-08,3.583351343887));
#3889 = CARTESIAN_POINT('',(3.599999978823,0.864283508718,3.660085950404
    ));
#3890 = CARTESIAN_POINT('',(3.207623543338,1.634365688647,3.733974585258
    ));
#3891 = CARTESIAN_POINT('',(2.676585940249,2.676585755978,3.833974585258
    ));
#3892 = CARTESIAN_POINT('',(1.634365909478,3.207623430819,3.933974585258
    ));
#3893 = CARTESIAN_POINT('',(0.592145878707,3.73866110566,4.033974585258)
  );
#3894 = CARTESIAN_POINT('',(-0.563163951748,3.555678045528,
    4.133974585258));
#3895 = CARTESIAN_POINT('',(-1.718473782203,3.372694985397,
    4.233974585258));
#3896 = CARTESIAN_POINT('',(-2.545584324645,2.545584499898,
    4.333974585258));
#3897 = CARTESIAN_POINT('',(-3.372694867087,1.718474014399,
    4.433974585258));
#3898 = CARTESIAN_POINT('',(-3.555678006757,0.563164196541,
    4.533974585258));
#3899 = CARTESIAN_POINT('',(-3.6,0.283326206913,4.558196485333));
#3900 = CARTESIAN_POINT('',(-3.6,3.313675444463E-15,4.583351339971));
#3901 = PCURVE('',#3528,#3902);
#3902 = DEFINITIONAL_REPRESENTATION('',(#3903),#3929);
#3903 = B_SPLINE_CURVE_WITH_KNOTS('',3,(#3904,#3905,#3906,#3907,#3908,
    #3909,#3910,#3911,#3912,#3913,#3914,#3915,#3916,#3917,#3918,#3919,
    #3920,#3921,#3922,#3923,#3924,#3925,#3926,#3927,#3928),
  .UNSPECIFIED.,.F.,.F.,(4,1,1,1,1,1,1,1,1,1,1,1,1,1,1,1,1,1,1,1,1,1,4),
  (0.508782481778,0.511972204309,0.515161926841,0.518351649372,
    0.521541371904,0.524731094436,0.527920816967,0.531110539499,
    0.534300262031,0.537489984562,0.540679707094,0.543869429625,
    0.547059152157,0.550248874689,0.55343859722,0.556628319752,
    0.559818042283,0.563007764815,0.566197487347,0.569387209878,
    0.57257693241,0.575766654942,0.578956377473),.QUASI_UNIFORM_KNOTS.);
#3904 = CARTESIAN_POINT('',(3.141592641339,6.416648656113));
#3905 = CARTESIAN_POINT('',(3.093891998516,6.401401415275));
#3906 = CARTESIAN_POINT('',(2.997961100947,6.370397271193));
#3907 = CARTESIAN_POINT('',(2.8538803125,6.32371072184));
#3908 = CARTESIAN_POINT('',(2.711296006824,6.278471402988));
#3909 = CARTESIAN_POINT('',(2.570921249631,6.235330694248));
#3910 = CARTESIAN_POINT('',(2.427237490338,6.18903768921));
#3911 = CARTESIAN_POINT('',(2.283188109267,6.142376934158));
#3912 = CARTESIAN_POINT('',(2.139527326053,6.096106135301));
#3913 = CARTESIAN_POINT('',(1.999181139661,6.052992561779));
#3914 = CARTESIAN_POINT('',(1.85654009784,6.007699111088));
#3915 = CARTESIAN_POINT('',(1.712490679562,5.961042254039));
#3916 = CARTESIAN_POINT('',(1.56847700468,5.91442435132));
#3917 = CARTESIAN_POINT('',(1.426680238724,5.869934532049));
#3918 = CARTESIAN_POINT('',(1.285717755924,5.826236134092));
#3919 = CARTESIAN_POINT('',(1.141785593476,5.779701252084));
#3920 = CARTESIAN_POINT('',(0.997735161385,5.733040601373));
#3921 = CARTESIAN_POINT('',(0.854517758338,5.687196121637));
#3922 = CARTESIAN_POINT('',(0.71435137279,5.644253254354));
#3923 = CARTESIAN_POINT('',(0.57109848832,5.598374746304));
#3924 = CARTESIAN_POINT('',(0.427046064857,5.551712101842));
#3925 = CARTESIAN_POINT('',(0.283133015208,5.505195646346));
#3926 = CARTESIAN_POINT('',(0.142192808887,5.461518876803));
#3927 = CARTESIAN_POINT('',(4.769672035024E-02,5.431890989109));
#3928 = CARTESIAN_POINT('',(0.,5.416648660029));
#3929 = ( GEOMETRIC_REPRESENTATION_CONTEXT(2) 
PARAMETRIC_REPRESENTATION_CONTEXT() REPRESENTATION_CONTEXT('2D SPACE',''
  ) );
#3930 = PCURVE('',#3192,#3931);
#3931 = DEFINITIONAL_REPRESENTATION('',(#3932),#3935);
#3932 = B_SPLINE_CURVE_WITH_KNOTS('',1,(#3933,#3934),.UNSPECIFIED.,.F.,
  .F.,(2,2),(0.508782481778,0.578956377473),.PIECEWISE_BEZIER_KNOTS.);
#3933 = CARTESIAN_POINT('',(1.,0.546855642953));
#3934 = CARTESIAN_POINT('',(1.,0.484355643196));
#3935 = ( GEOMETRIC_REPRESENTATION_CONTEXT(2) 
PARAMETRIC_REPRESENTATION_CONTEXT() REPRESENTATION_CONTEXT('2D SPACE',''
  ) );
#3936 = ORIENTED_EDGE('',*,*,#3937,.F.);
#3937 = EDGE_CURVE('',#3938,#3884,#3940,.T.);
#3938 = VERTEX_POINT('',#3939);
#3939 = CARTESIAN_POINT('',(-3.6,3.451745254649E-15,5.41540214754));
#3940 = SURFACE_CURVE('',#3941,(#3945,#3952),.PCURVE_S1.);
#3941 = LINE('',#3942,#3943);
#3942 = CARTESIAN_POINT('',(-3.6,0.,10.));
#3943 = VECTOR('',#3944,1.);
#3944 = DIRECTION('',(-0.,-0.,-1.));
#3945 = PCURVE('',#3528,#3946);
#3946 = DEFINITIONAL_REPRESENTATION('',(#3947),#3951);
#3947 = LINE('',#3948,#3949);
#3948 = CARTESIAN_POINT('',(0.,0.));
#3949 = VECTOR('',#3950,1.);
#3950 = DIRECTION('',(0.,1.));
#3951 = ( GEOMETRIC_REPRESENTATION_CONTEXT(2) 
PARAMETRIC_REPRESENTATION_CONTEXT() REPRESENTATION_CONTEXT('2D SPACE',''
  ) );
#3952 = PCURVE('',#3953,#3958);
#3953 = CYLINDRICAL_SURFACE('',#3954,3.6);
#3954 = AXIS2_PLACEMENT_3D('',#3955,#3956,#3957);
#3955 = CARTESIAN_POINT('',(0.,0.,10.));
#3956 = DIRECTION('',(-0.,-0.,-1.));
#3957 = DIRECTION('',(-1.,0.,0.));
#3958 = DEFINITIONAL_REPRESENTATION('',(#3959),#3963);
#3959 = LINE('',#3960,#3961);
#3960 = CARTESIAN_POINT('',(6.28318530718,0.));
#3961 = VECTOR('',#3962,1.);
#3962 = DIRECTION('',(0.,1.));
#3963 = ( GEOMETRIC_REPRESENTATION_CONTEXT(2) 
PARAMETRIC_REPRESENTATION_CONTEXT() REPRESENTATION_CONTEXT('2D SPACE',''
  ) );
#3964 = ORIENTED_EDGE('',*,*,#3965,.T.);
#3965 = EDGE_CURVE('',#3938,#3513,#3966,.T.);
#3966 = SURFACE_CURVE('',#3967,(#3981,#4010),.PCURVE_S1.);
#3967 = ( BOUNDED_CURVE() B_SPLINE_CURVE(2,(#3968,#3969,#3970,#3971,
    #3972,#3973,#3974,#3975,#3976,#3977,#3978,#3979,#3980),
.UNSPECIFIED.,.F.,.F.) B_SPLINE_CURVE_WITH_KNOTS((3,2,2,2,2,2,3),(
    0.359355643196,0.3625,0.375,0.3875,0.4,0.4125,0.421855643196),
.UNSPECIFIED.) CURVE() GEOMETRIC_REPRESENTATION_ITEM() 
RATIONAL_B_SPLINE_CURVE((0.981570637188,0.987688337919,1.,0.951056516295
    ,1.,0.951056516295,1.,0.951056516295,1.,0.951056516295,1.,
0.963368178376,0.981570637188)) REPRESENTATION_ITEM('') );
#3968 = CARTESIAN_POINT('',(-3.6,3.451745254649E-15,5.41540214754));
#3969 = CARTESIAN_POINT('',(-3.6,0.283326206913,5.390247292901));
#3970 = CARTESIAN_POINT('',(-3.555678006757,0.563164196541,
    5.366025392827));
#3971 = CARTESIAN_POINT('',(-3.372694867087,1.718474014399,
    5.266025392827));
#3972 = CARTESIAN_POINT('',(-2.545584324645,2.545584499898,
    5.166025392827));
#3973 = CARTESIAN_POINT('',(-1.718473782203,3.372694985397,
    5.066025392827));
#3974 = CARTESIAN_POINT('',(-0.563163951748,3.555678045528,
    4.966025392827));
#3975 = CARTESIAN_POINT('',(0.592145878707,3.73866110566,4.866025392827)
  );
#3976 = CARTESIAN_POINT('',(1.634365909478,3.207623430819,4.766025392827
    ));
#3977 = CARTESIAN_POINT('',(2.676585940249,2.676585755978,4.666025392827
    ));
#3978 = CARTESIAN_POINT('',(3.207623543338,1.634365688647,4.566025392827
    ));
#3979 = CARTESIAN_POINT('',(3.6,0.864283467156,4.492136753985));
#3980 = CARTESIAN_POINT('',(3.6,-3.948796571319E-15,4.41540214754));
#3981 = PCURVE('',#3528,#3982);
#3982 = DEFINITIONAL_REPRESENTATION('',(#3983),#4009);
#3983 = B_SPLINE_CURVE_WITH_KNOTS('',3,(#3984,#3985,#3986,#3987,#3988,
    #3989,#3990,#3991,#3992,#3993,#3994,#3995,#3996,#3997,#3998,#3999,
    #4000,#4001,#4002,#4003,#4004,#4005,#4006,#4007,#4008),
  .UNSPECIFIED.,.F.,.F.,(4,1,1,1,1,1,1,1,1,1,1,1,1,1,1,1,1,1,1,1,1,1,4),
  (0.359355643196,0.362196552287,0.365037461378,0.367878370469,
    0.370719279559,0.37356018865,0.376401097741,0.379242006832,
    0.382082915923,0.384923825014,0.387764734105,0.390605643196,
    0.393446552287,0.396287461378,0.399128370469,0.401969279559,
    0.40481018865,0.407651097741,0.410492006832,0.413332915923,
    0.416173825014,0.419014734105,0.421855643196),
  .QUASI_UNIFORM_KNOTS.);
#3984 = CARTESIAN_POINT('',(0.,4.58459785246));
#3985 = CARTESIAN_POINT('',(4.769672070855E-02,4.599840181646));
#3986 = CARTESIAN_POINT('',(0.142192809978,4.629468069569));
#3987 = CARTESIAN_POINT('',(0.283133017427,4.67314483948));
#3988 = CARTESIAN_POINT('',(0.42704606822,4.719661295363));
#3989 = CARTESIAN_POINT('',(0.571098492808,4.766323940192));
#3990 = CARTESIAN_POINT('',(0.7143513783,4.812202448509));
#3991 = CARTESIAN_POINT('',(0.854517764935,4.855145316122));
#3992 = CARTESIAN_POINT('',(0.99773516923,4.900989796342));
#3993 = CARTESIAN_POINT('',(1.141785602445,4.947650447421));
#3994 = CARTESIAN_POINT('',(1.285717765969,4.994185329747));
#3995 = CARTESIAN_POINT('',(1.42668024957,5.037883727762));
#3996 = CARTESIAN_POINT('',(1.568477016979,5.082373547713));
#3997 = CARTESIAN_POINT('',(1.712490693014,5.128991450827));
#3998 = CARTESIAN_POINT('',(1.856540112412,5.175648308236));
#3999 = CARTESIAN_POINT('',(1.99918115497,5.220941758923));
#4000 = CARTESIAN_POINT('',(2.139527342663,5.264055332978));
#4001 = CARTESIAN_POINT('',(2.283188127204,5.3103261324));
#4002 = CARTESIAN_POINT('',(2.427237509421,5.356986887827));
#4003 = CARTESIAN_POINT('',(2.570921269524,5.403279892976));
#4004 = CARTESIAN_POINT('',(2.711296027817,5.446420601879));
#4005 = CARTESIAN_POINT('',(2.853880333503,5.491659921029));
#4006 = CARTESIAN_POINT('',(2.997961118957,5.538346469471));
#4007 = CARTESIAN_POINT('',(3.093892012958,5.569350612375));
#4008 = CARTESIAN_POINT('',(3.14159265359,5.58459785246));
#4009 = ( GEOMETRIC_REPRESENTATION_CONTEXT(2) 
PARAMETRIC_REPRESENTATION_CONTEXT() REPRESENTATION_CONTEXT('2D SPACE',''
  ) );
#4010 = PCURVE('',#3582,#4011);
#4011 = DEFINITIONAL_REPRESENTATION('',(#4012),#4016);
#4012 = LINE('',#4013,#4014);
#4013 = CARTESIAN_POINT('',(1.077605005373E-14,0.));
#4014 = VECTOR('',#4015,1.);
#4015 = DIRECTION('',(-2.713686777273E-14,1.));
#4016 = ( GEOMETRIC_REPRESENTATION_CONTEXT(2) 
PARAMETRIC_REPRESENTATION_CONTEXT() REPRESENTATION_CONTEXT('2D SPACE',''
  ) );
#4017 = ORIENTED_EDGE('',*,*,#3512,.T.);
#4018 = ADVANCED_FACE('',(#4019),#4033,.F.);
#4019 = FACE_BOUND('',#4020,.F.);
#4020 = EDGE_LOOP('',(#4021,#4051,#4415,#4443));
#4021 = ORIENTED_EDGE('',*,*,#4022,.T.);
#4022 = EDGE_CURVE('',#4023,#4025,#4027,.T.);
#4023 = VERTEX_POINT('',#4024);
#4024 = CARTESIAN_POINT('',(0.5,-3.565108693995,5.96055005394));
#4025 = VERTEX_POINT('',#4026);
#4026 = CARTESIAN_POINT('',(0.500000070168,-3.565108684149,
    5.128430125578));
#4027 = SURFACE_CURVE('',#4028,(#4032,#4044),.PCURVE_S1.);
#4028 = LINE('',#4029,#4030);
#4029 = CARTESIAN_POINT('',(0.5,-3.565108693995,10.));
#4030 = VECTOR('',#4031,1.);
#4031 = DIRECTION('',(-0.,-0.,-1.));
#4032 = PCURVE('',#4033,#4038);
#4033 = CYLINDRICAL_SURFACE('',#4034,3.6);
#4034 = AXIS2_PLACEMENT_3D('',#4035,#4036,#4037);
#4035 = CARTESIAN_POINT('',(0.,0.,10.));
#4036 = DIRECTION('',(-0.,-0.,-1.));
#4037 = DIRECTION('',(-1.,0.,0.));
#4038 = DEFINITIONAL_REPRESENTATION('',(#4039),#4043);
#4039 = LINE('',#4040,#4041);
#4040 = CARTESIAN_POINT('',(4.573049639627,0.));
#4041 = VECTOR('',#4042,1.);
#4042 = DIRECTION('',(0.,1.));
#4043 = ( GEOMETRIC_REPRESENTATION_CONTEXT(2) 
PARAMETRIC_REPRESENTATION_CONTEXT() REPRESENTATION_CONTEXT('2D SPACE',''
  ) );
#4044 = PCURVE('',#543,#4045);
#4045 = DEFINITIONAL_REPRESENTATION('',(#4046),#4050);
#4046 = LINE('',#4047,#4048);
#4047 = CARTESIAN_POINT('',(-10.18474047739,5.437965678228));
#4048 = VECTOR('',#4049,1.);
#4049 = DIRECTION('',(1.,0.));
#4050 = ( GEOMETRIC_REPRESENTATION_CONTEXT(2) 
PARAMETRIC_REPRESENTATION_CONTEXT() REPRESENTATION_CONTEXT('2D SPACE',''
  ) );
#4051 = ORIENTED_EDGE('',*,*,#4052,.T.);
#4052 = EDGE_CURVE('',#4025,#4053,#4055,.T.);
#4053 = VERTEX_POINT('',#4054);
#4054 = CARTESIAN_POINT('',(3.6,4.410412574536E-08,5.583351343887));
#4055 = SURFACE_CURVE('',#4056,(#4066,#4095),.PCURVE_S1.);
#4056 = ( BOUNDED_CURVE() B_SPLINE_CURVE(2,(#4057,#4058,#4059,#4060,
    #4061,#4062,#4063,#4064,#4065),.UNSPECIFIED.,.F.,.F.) 
B_SPLINE_CURVE_WITH_KNOTS((3,2,2,2,3),(0.617127945529,0.617530286928,
0.631565066177,0.645599845425,0.649130274261),.UNSPECIFIED.) CURVE() 
GEOMETRIC_REPRESENTATION_ITEM() RATIONAL_B_SPLINE_CURVE((0.997274275546,
    0.998596914894,1.,0.951056516295,1.,0.951056516295,1.,0.987688336015
,0.981570635295)) REPRESENTATION_ITEM('') );
#4057 = CARTESIAN_POINT('',(0.500000070168,-3.565108684149,
    5.128430125578));
#4058 = CARTESIAN_POINT('',(0.531620899861,-3.560673973034,
    5.131244317493));
#4059 = CARTESIAN_POINT('',(0.563163951748,-3.555678045528,
    5.133974585258));
#4060 = CARTESIAN_POINT('',(1.718473782203,-3.372694985397,
    5.233974585258));
#4061 = CARTESIAN_POINT('',(2.545584324645,-2.545584499898,
    5.333974585258));
#4062 = CARTESIAN_POINT('',(3.372694867087,-1.718474014399,
    5.433974585258));
#4063 = CARTESIAN_POINT('',(3.555678006757,-0.563164196541,
    5.533974585258));
#4064 = CARTESIAN_POINT('',(3.600000006942,-0.283326163082,
    5.558196489126));
#4065 = CARTESIAN_POINT('',(3.6,4.410412574536E-08,5.583351343887));
#4066 = PCURVE('',#4033,#4067);
#4067 = DEFINITIONAL_REPRESENTATION('',(#4068),#4094);
#4068 = B_SPLINE_CURVE_WITH_KNOTS('',3,(#4069,#4070,#4071,#4072,#4073,
    #4074,#4075,#4076,#4077,#4078,#4079,#4080,#4081,#4082,#4083,#4084,
    #4085,#4086,#4087,#4088,#4089,#4090,#4091,#4092,#4093),
  .UNSPECIFIED.,.F.,.F.,(4,1,1,1,1,1,1,1,1,1,1,1,1,1,1,1,1,1,1,1,1,1,4),
  (0.617127945529,0.618582596835,0.620037248141,0.621491899447,
    0.622946550753,0.624401202059,0.625855853365,0.627310504671,
    0.628765155977,0.630219807283,0.631674458589,0.633129109895,
    0.634583761201,0.636038412507,0.637493063813,0.638947715119,
    0.640402366425,0.641857017731,0.643311669037,0.644766320343,
    0.646220971649,0.647675622955,0.649130274261),
  .QUASI_UNIFORM_KNOTS.);
#4069 = CARTESIAN_POINT('',(4.573049619945,4.871569874422));
#4070 = CARTESIAN_POINT('',(4.551729965711,4.86498631479));
#4071 = CARTESIAN_POINT('',(4.508892185226,4.851678123552));
#4072 = CARTESIAN_POINT('',(4.444128493812,4.831311412215));
#4073 = CARTESIAN_POINT('',(4.378919996594,4.810498148835));
#4074 = CARTESIAN_POINT('',(4.31342054016,4.789409422373));
#4075 = CARTESIAN_POINT('',(4.247764183439,4.768167090547));
#4076 = CARTESIAN_POINT('',(4.182094924053,4.746912576568));
#4077 = CARTESIAN_POINT('',(4.116548742847,4.725777517441));
#4078 = CARTESIAN_POINT('',(4.051284849399,4.704914905971));
#4079 = CARTESIAN_POINT('',(3.986367770165,4.684386326922));
#4080 = CARTESIAN_POINT('',(3.922197177353,4.664565025454));
#4081 = CARTESIAN_POINT('',(3.85787450141,4.644600273865));
#4082 = CARTESIAN_POINT('',(3.79290521132,4.624021457637));
#4083 = CARTESIAN_POINT('',(3.72758775234,4.603107300473));
#4084 = CARTESIAN_POINT('',(3.662014728749,4.581946203589));
#4085 = CARTESIAN_POINT('',(3.596337981496,4.560684348531));
#4086 = CARTESIAN_POINT('',(3.530697046851,4.539457275016));
#4087 = CARTESIAN_POINT('',(3.46522960245,4.518398467635));
#4088 = CARTESIAN_POINT('',(3.400090322118,4.49765584513));
#4089 = CARTESIAN_POINT('',(3.335354195999,4.477299828558));
#4090 = CARTESIAN_POINT('',(3.271374011776,4.457658159382));
#4091 = CARTESIAN_POINT('',(3.20672666038,4.437386323128));
#4092 = CARTESIAN_POINT('',(3.163370035266,4.423624522435));
#4093 = CARTESIAN_POINT('',(3.141592641339,4.416648656113));
#4094 = ( GEOMETRIC_REPRESENTATION_CONTEXT(2) 
PARAMETRIC_REPRESENTATION_CONTEXT() REPRESENTATION_CONTEXT('2D SPACE',''
  ) );
#4095 = PCURVE('',#4096,#4387);
#4096 = ( BOUNDED_SURFACE() B_SPLINE_SURFACE(1,2,(
    (#4097,#4098,#4099,#4100,#4101,#4102,#4103,#4104,#4105,#4106,#4107
      ,#4108,#4109,#4110,#4111,#4112,#4113,#4114,#4115,#4116,#4117,#4118
      ,#4119,#4120,#4121,#4122,#4123,#4124,#4125,#4126,#4127,#4128,#4129
      ,#4130,#4131,#4132,#4133,#4134,#4135,#4136,#4137,#4138,#4139,#4140
      ,#4141,#4142,#4143,#4144,#4145,#4146,#4147,#4148,#4149,#4150,#4151
      ,#4152,#4153,#4154,#4155,#4156,#4157,#4158,#4159,#4160,#4161,#4162
      ,#4163,#4164,#4165,#4166,#4167,#4168,#4169,#4170,#4171,#4172,#4173
      ,#4174,#4175,#4176,#4177,#4178,#4179,#4180,#4181,#4182,#4183,#4184
      ,#4185,#4186,#4187,#4188,#4189,#4190,#4191,#4192,#4193,#4194,#4195
      ,#4196,#4197,#4198,#4199,#4200,#4201,#4202,#4203,#4204,#4205,#4206
      ,#4207,#4208,#4209,#4210,#4211,#4212,#4213,#4214,#4215,#4216,#4217
      ,#4218,#4219,#4220,#4221,#4222,#4223,#4224,#4225,#4226,#4227,#4228
      ,#4229,#4230,#4231,#4232,#4233,#4234,#4235,#4236,#4237,#4238,#4239
      ,#4240,#4241)
    ,(#4242,#4243,#4244,#4245,#4246,#4247,#4248,#4249,#4250,#4251,#4252
      ,#4253,#4254,#4255,#4256,#4257,#4258,#4259,#4260,#4261,#4262,#4263
      ,#4264,#4265,#4266,#4267,#4268,#4269,#4270,#4271,#4272,#4273,#4274
      ,#4275,#4276,#4277,#4278,#4279,#4280,#4281,#4282,#4283,#4284,#4285
      ,#4286,#4287,#4288,#4289,#4290,#4291,#4292,#4293,#4294,#4295,#4296
      ,#4297,#4298,#4299,#4300,#4301,#4302,#4303,#4304,#4305,#4306,#4307
      ,#4308,#4309,#4310,#4311,#4312,#4313,#4314,#4315,#4316,#4317,#4318
      ,#4319,#4320,#4321,#4322,#4323,#4324,#4325,#4326,#4327,#4328,#4329
      ,#4330,#4331,#4332,#4333,#4334,#4335,#4336,#4337,#4338,#4339,#4340
      ,#4341,#4342,#4343,#4344,#4345,#4346,#4347,#4348,#4349,#4350,#4351
      ,#4352,#4353,#4354,#4355,#4356,#4357,#4358,#4359,#4360,#4361,#4362
      ,#4363,#4364,#4365,#4366,#4367,#4368,#4369,#4370,#4371,#4372,#4373
      ,#4374,#4375,#4376,#4377,#4378,#4379,#4380,#4381,#4382,#4383,#4384
      ,#4385,#4386
)),.UNSPECIFIED.,.F.,.F.,.F.) B_SPLINE_SURFACE_WITH_KNOTS((2,2),(3,2,2,2
    ,2,2,2,2,2,2,2,2,2,2,2,2,2,2,2,2,2,2,2,2,2,2,2,2,2,2,2,2,2,2,2,2,2,2
    ,2,2,2,2,2,2,2,2,2,2,2,2,2,2,2,2,2,2,2,2,2,2,2,2,2,2,2,2,2,2,2,2,2,2
    ,3),(0.,1.),(0.109355424921,0.1125,0.125,0.1375,0.15,0.1625,0.175,
    0.1875,0.2,0.2125,0.225,0.2375,0.25,0.2625,0.275,0.2875,0.3,0.3125,
    0.325,0.3375,0.35,0.3625,0.375,0.3875,0.4,0.4125,0.425,0.4375,0.45,
    0.4625,0.475,0.4875,0.5,0.5125,0.525,0.5375,0.55,0.5625,0.575,0.5875
    ,0.6,0.6125,0.625,0.6375,0.65,0.6625,0.675,0.6875,0.7,0.7125,0.725,
    0.7375,0.75,0.7625,0.775,0.7875,0.8,0.8125,0.825,0.8375,0.85,0.8625,
    0.875,0.8875,0.9,0.9125,0.925,0.9375,0.95,0.9625,0.975,0.9875,1.),
.UNSPECIFIED.) GEOMETRIC_REPRESENTATION_ITEM() RATIONAL_B_SPLINE_SURFACE
((
    (0.98156978786,0.987687483267,1.,0.951056516295,1.,0.951056516295,1.
      ,0.951056516295,1.,0.951056516295,1.,0.951056516295,1.
      ,0.951056516295,1.,0.951056516295,1.,0.951056516295,1.
      ,0.951056516295,1.,0.951056516295,1.,0.951056516295,1.
      ,0.951056516295,1.,0.951056516295,1.,0.951056516295,1.
      ,0.951056516295,1.,0.951056516295,1.,0.951056516295,1.
      ,0.951056516295,1.,0.951056516295,1.,0.951056516295,1.
      ,0.951056516295,1.,0.951056516295,1.,0.951056516295,1.
      ,0.951056516295,1.,0.951056516295,1.,0.951056516295,1.
      ,0.951056516295,1.,0.951056516295,1.,0.951056516295,1.
      ,0.951056516295,1.,0.951056516295,1.,0.951056516295,1.
      ,0.951056516295,1.,0.951056516295,1.,0.951056516295,1.
      ,0.951056516295,1.,0.951056516295,1.,0.951056516295,1.
      ,0.951056516295,1.,0.951056516295,1.,0.951056516295,1.
      ,0.951056516295,1.,0.951056516295,1.,0.951056516295,1.
      ,0.951056516295,1.,0.951056516295,1.,0.951056516295,1.
      ,0.951056516295,1.,0.951056516295,1.,0.951056516295,1.
      ,0.951056516295,1.,0.951056516295,1.,0.951056516295,1.
      ,0.951056516295,1.,0.951056516295,1.,0.951056516295,1.
      ,0.951056516295,1.,0.951056516295,1.,0.951056516295,1.
      ,0.951056516295,1.,0.951056516295,1.,0.951056516295,1.
      ,0.951056516295,1.,0.951056516295,1.,0.951056516295,1.
      ,0.951056516295,1.,0.951056516295,1.,0.951056516295,1.
      ,0.951056516295,1.,0.951056516295,1.,0.951056516295,1.)
    ,(0.98156978786,0.987687483267,1.,0.951056516295,1.,0.951056516295
      ,1.,0.951056516295,1.,0.951056516295,1.,0.951056516295,1.
      ,0.951056516295,1.,0.951056516295,1.,0.951056516295,1.
      ,0.951056516295,1.,0.951056516295,1.,0.951056516295,1.
      ,0.951056516295,1.,0.951056516295,1.,0.951056516295,1.
      ,0.951056516295,1.,0.951056516295,1.,0.951056516295,1.
      ,0.951056516295,1.,0.951056516295,1.,0.951056516295,1.
      ,0.951056516295,1.,0.951056516295,1.,0.951056516295,1.
      ,0.951056516295,1.,0.951056516295,1.,0.951056516295,1.
      ,0.951056516295,1.,0.951056516295,1.,0.951056516295,1.
      ,0.951056516295,1.,0.951056516295,1.,0.951056516295,1.
      ,0.951056516295,1.,0.951056516295,1.,0.951056516295,1.
      ,0.951056516295,1.,0.951056516295,1.,0.951056516295,1.
      ,0.951056516295,1.,0.951056516295,1.,0.951056516295,1.
      ,0.951056516295,1.,0.951056516295,1.,0.951056516295,1.
      ,0.951056516295,1.,0.951056516295,1.,0.951056516295,1.
      ,0.951056516295,1.,0.951056516295,1.,0.951056516295,1.
      ,0.951056516295,1.,0.951056516295,1.,0.951056516295,1.
      ,0.951056516295,1.,0.951056516295,1.,0.951056516295,1.
      ,0.951056516295,1.,0.951056516295,1.,0.951056516295,1.
      ,0.951056516295,1.,0.951056516295,1.,0.951056516295,1.
      ,0.951056516295,1.,0.951056516295,1.,0.951056516295,1.
      ,0.951056516295,1.,0.951056516295,1.,0.951056516295,1.
      ,0.951056516295,1.,0.951056516295,1.,0.951056516295,1.
))) REPRESENTATION_ITEM('') SURFACE() );
#4097 = CARTESIAN_POINT('',(-4.099999999752,-4.507849041229E-05,
    10.449380257931));
#4098 = CARTESIAN_POINT('',(-4.100003547756,0.322654669337,
    10.424223591516));
#4099 = CARTESIAN_POINT('',(-4.049522174362,0.641381446061,
    10.399999989043));
#4100 = CARTESIAN_POINT('',(-3.841124709738,1.957150960843,
    10.299999989043));
#4101 = CARTESIAN_POINT('',(-2.899137703068,2.899137902661,
    10.199999989043));
#4102 = CARTESIAN_POINT('',(-1.957150696398,3.84112484448,
    10.099999989043));
#4103 = CARTESIAN_POINT('',(-0.641381167269,4.049522218518,
    9.999999989043));
#4104 = CARTESIAN_POINT('',(0.67438836186,4.257919592557,9.899999989043)
  );
#4105 = CARTESIAN_POINT('',(1.861361174683,3.653126685099,9.799999989043
    ));
#4106 = CARTESIAN_POINT('',(3.048333987506,3.048333777641,9.699999989043
    ));
#4107 = CARTESIAN_POINT('',(3.653126813246,1.861360923181,9.599999989043
    ));
#4108 = CARTESIAN_POINT('',(4.257919638985,0.674388068721,9.499999989043
    ));
#4109 = CARTESIAN_POINT('',(4.049522174362,-0.641381446061,
    9.399999989043));
#4110 = CARTESIAN_POINT('',(3.841124709738,-1.957150960843,
    9.299999989043));
#4111 = CARTESIAN_POINT('',(2.899137703068,-2.899137902661,
    9.199999989043));
#4112 = CARTESIAN_POINT('',(1.957150696398,-3.84112484448,9.099999989043
    ));
#4113 = CARTESIAN_POINT('',(0.641381167269,-4.049522218518,
    8.999999989043));
#4114 = CARTESIAN_POINT('',(-0.67438836186,-4.257919592557,
    8.899999989043));
#4115 = CARTESIAN_POINT('',(-1.861361174683,-3.653126685099,
    8.799999989043));
#4116 = CARTESIAN_POINT('',(-3.048333987506,-3.048333777641,
    8.699999989043));
#4117 = CARTESIAN_POINT('',(-3.653126813246,-1.861360923181,
    8.599999989043));
#4118 = CARTESIAN_POINT('',(-4.257919638985,-0.674388068721,
    8.499999989043));
#4119 = CARTESIAN_POINT('',(-4.049522174362,0.641381446061,
    8.399999989043));
#4120 = CARTESIAN_POINT('',(-3.841124709738,1.957150960843,
    8.299999989043));
#4121 = CARTESIAN_POINT('',(-2.899137703068,2.899137902661,
    8.199999989043));
#4122 = CARTESIAN_POINT('',(-1.957150696398,3.84112484448,8.099999989043
    ));
#4123 = CARTESIAN_POINT('',(-0.641381167269,4.049522218518,
    7.999999989043));
#4124 = CARTESIAN_POINT('',(0.67438836186,4.257919592557,7.899999989043)
  );
#4125 = CARTESIAN_POINT('',(1.861361174683,3.653126685099,7.799999989043
    ));
#4126 = CARTESIAN_POINT('',(3.048333987506,3.048333777641,7.699999989043
    ));
#4127 = CARTESIAN_POINT('',(3.653126813246,1.861360923181,7.599999989043
    ));
#4128 = CARTESIAN_POINT('',(4.257919638985,0.674388068721,7.499999989043
    ));
#4129 = CARTESIAN_POINT('',(4.049522174362,-0.641381446061,
    7.399999989043));
#4130 = CARTESIAN_POINT('',(3.841124709738,-1.957150960843,
    7.299999989043));
#4131 = CARTESIAN_POINT('',(2.899137703068,-2.899137902661,
    7.199999989043));
#4132 = CARTESIAN_POINT('',(1.957150696398,-3.84112484448,7.099999989043
    ));
#4133 = CARTESIAN_POINT('',(0.641381167269,-4.049522218518,
    6.999999989043));
#4134 = CARTESIAN_POINT('',(-0.67438836186,-4.257919592557,
    6.899999989043));
#4135 = CARTESIAN_POINT('',(-1.861361174683,-3.653126685099,
    6.799999989043));
#4136 = CARTESIAN_POINT('',(-3.048333987506,-3.048333777641,
    6.699999989043));
#4137 = CARTESIAN_POINT('',(-3.653126813246,-1.861360923181,
    6.599999989043));
#4138 = CARTESIAN_POINT('',(-4.257919638985,-0.674388068721,
    6.499999989043));
#4139 = CARTESIAN_POINT('',(-4.049522174362,0.641381446061,
    6.399999989043));
#4140 = CARTESIAN_POINT('',(-3.841124709738,1.957150960843,
    6.299999989043));
#4141 = CARTESIAN_POINT('',(-2.899137703068,2.899137902661,
    6.199999989043));
#4142 = CARTESIAN_POINT('',(-1.957150696398,3.84112484448,6.099999989043
    ));
#4143 = CARTESIAN_POINT('',(-0.641381167269,4.049522218518,
    5.999999989043));
#4144 = CARTESIAN_POINT('',(0.67438836186,4.257919592557,5.899999989043)
  );
#4145 = CARTESIAN_POINT('',(1.861361174683,3.653126685099,5.799999989043
    ));
#4146 = CARTESIAN_POINT('',(3.048333987506,3.048333777641,5.699999989043
    ));
#4147 = CARTESIAN_POINT('',(3.653126813246,1.861360923181,5.599999989043
    ));
#4148 = CARTESIAN_POINT('',(4.257919638985,0.674388068721,5.499999989043
    ));
#4149 = CARTESIAN_POINT('',(4.049522174362,-0.641381446061,
    5.399999989043));
#4150 = CARTESIAN_POINT('',(3.841124709738,-1.957150960843,
    5.299999989043));
#4151 = CARTESIAN_POINT('',(2.899137703068,-2.899137902661,
    5.199999989043));
#4152 = CARTESIAN_POINT('',(1.957150696398,-3.84112484448,5.099999989043
    ));
#4153 = CARTESIAN_POINT('',(0.641381167269,-4.049522218518,
    4.999999989043));
#4154 = CARTESIAN_POINT('',(-0.67438836186,-4.257919592557,
    4.899999989043));
#4155 = CARTESIAN_POINT('',(-1.861361174683,-3.653126685099,
    4.799999989043));
#4156 = CARTESIAN_POINT('',(-3.048333987506,-3.048333777641,
    4.699999989043));
#4157 = CARTESIAN_POINT('',(-3.653126813246,-1.861360923181,
    4.599999989043));
#4158 = CARTESIAN_POINT('',(-4.257919638985,-0.674388068721,
    4.499999989043));
#4159 = CARTESIAN_POINT('',(-4.049522174362,0.641381446061,
    4.399999989043));
#4160 = CARTESIAN_POINT('',(-3.841124709738,1.957150960843,
    4.299999989043));
#4161 = CARTESIAN_POINT('',(-2.899137703068,2.899137902661,
    4.199999989043));
#4162 = CARTESIAN_POINT('',(-1.957150696398,3.84112484448,4.099999989043
    ));
#4163 = CARTESIAN_POINT('',(-0.641381167269,4.049522218518,
    3.999999989043));
#4164 = CARTESIAN_POINT('',(0.67438836186,4.257919592557,3.899999989043)
  );
#4165 = CARTESIAN_POINT('',(1.861361174683,3.653126685099,3.799999989043
    ));
#4166 = CARTESIAN_POINT('',(3.048333987506,3.048333777641,3.699999989043
    ));
#4167 = CARTESIAN_POINT('',(3.653126813246,1.861360923181,3.599999989043
    ));
#4168 = CARTESIAN_POINT('',(4.257919638985,0.674388068721,3.499999989043
    ));
#4169 = CARTESIAN_POINT('',(4.049522174362,-0.641381446061,
    3.399999989043));
#4170 = CARTESIAN_POINT('',(3.841124709738,-1.957150960843,
    3.299999989043));
#4171 = CARTESIAN_POINT('',(2.899137703068,-2.899137902661,
    3.199999989043));
#4172 = CARTESIAN_POINT('',(1.957150696398,-3.84112484448,3.099999989043
    ));
#4173 = CARTESIAN_POINT('',(0.641381167269,-4.049522218518,
    2.999999989043));
#4174 = CARTESIAN_POINT('',(-0.67438836186,-4.257919592557,
    2.899999989043));
#4175 = CARTESIAN_POINT('',(-1.861361174683,-3.653126685099,
    2.799999989043));
#4176 = CARTESIAN_POINT('',(-3.048333987506,-3.048333777641,
    2.699999989043));
#4177 = CARTESIAN_POINT('',(-3.653126813246,-1.861360923181,
    2.599999989043));
#4178 = CARTESIAN_POINT('',(-4.257919638985,-0.674388068721,
    2.499999989043));
#4179 = CARTESIAN_POINT('',(-4.049522174362,0.641381446061,
    2.399999989043));
#4180 = CARTESIAN_POINT('',(-3.841124709738,1.957150960843,
    2.299999989043));
#4181 = CARTESIAN_POINT('',(-2.899137703068,2.899137902661,
    2.199999989043));
#4182 = CARTESIAN_POINT('',(-1.957150696398,3.84112484448,2.099999989043
    ));
#4183 = CARTESIAN_POINT('',(-0.641381167269,4.049522218518,
    1.999999989043));
#4184 = CARTESIAN_POINT('',(0.67438836186,4.257919592557,1.899999989043)
  );
#4185 = CARTESIAN_POINT('',(1.861361174683,3.653126685099,1.799999989043
    ));
#4186 = CARTESIAN_POINT('',(3.048333987506,3.048333777641,1.699999989043
    ));
#4187 = CARTESIAN_POINT('',(3.653126813246,1.861360923181,1.599999989043
    ));
#4188 = CARTESIAN_POINT('',(4.257919638985,0.674388068721,1.499999989043
    ));
#4189 = CARTESIAN_POINT('',(4.049522174362,-0.641381446061,
    1.399999989043));
#4190 = CARTESIAN_POINT('',(3.841124709738,-1.957150960843,
    1.299999989043));
#4191 = CARTESIAN_POINT('',(2.899137703068,-2.899137902661,
    1.199999989043));
#4192 = CARTESIAN_POINT('',(1.957150696398,-3.84112484448,1.099999989043
    ));
#4193 = CARTESIAN_POINT('',(0.641381167269,-4.049522218518,
    0.999999989043));
#4194 = CARTESIAN_POINT('',(-0.67438836186,-4.257919592557,
    0.899999989043));
#4195 = CARTESIAN_POINT('',(-1.861361174683,-3.653126685099,
    0.799999989043));
#4196 = CARTESIAN_POINT('',(-3.048333987506,-3.048333777641,
    0.699999989043));
#4197 = CARTESIAN_POINT('',(-3.653126813246,-1.861360923181,
    0.599999989043));
#4198 = CARTESIAN_POINT('',(-4.257919638985,-0.674388068721,
    0.499999989043));
#4199 = CARTESIAN_POINT('',(-4.049522174362,0.641381446061,
    0.399999989043));
#4200 = CARTESIAN_POINT('',(-3.841124709738,1.957150960843,
    0.299999989043));
#4201 = CARTESIAN_POINT('',(-2.899137703068,2.899137902661,
    0.199999989043));
#4202 = CARTESIAN_POINT('',(-1.957150696398,3.84112484448,
    9.999998904288E-02));
#4203 = CARTESIAN_POINT('',(-0.641381167269,4.049522218518,
    -1.095712236221E-08));
#4204 = CARTESIAN_POINT('',(0.67438836186,4.257919592557,-0.100000010957
    ));
#4205 = CARTESIAN_POINT('',(1.861361174683,3.653126685099,
    -0.200000010957));
#4206 = CARTESIAN_POINT('',(3.048333987506,3.048333777641,
    -0.300000010957));
#4207 = CARTESIAN_POINT('',(3.653126813246,1.861360923181,
    -0.400000010957));
#4208 = CARTESIAN_POINT('',(4.257919638985,0.674388068721,
    -0.500000010957));
#4209 = CARTESIAN_POINT('',(4.049522174362,-0.641381446061,
    -0.600000010957));
#4210 = CARTESIAN_POINT('',(3.841124709738,-1.957150960843,
    -0.700000010957));
#4211 = CARTESIAN_POINT('',(2.899137703068,-2.899137902661,
    -0.800000010957));
#4212 = CARTESIAN_POINT('',(1.957150696398,-3.84112484448,
    -0.900000010957));
#4213 = CARTESIAN_POINT('',(0.641381167269,-4.049522218518,
    -1.000000010957));
#4214 = CARTESIAN_POINT('',(-0.67438836186,-4.257919592557,
    -1.100000010957));
#4215 = CARTESIAN_POINT('',(-1.861361174683,-3.653126685099,
    -1.200000010957));
#4216 = CARTESIAN_POINT('',(-3.048333987506,-3.048333777641,
    -1.300000010957));
#4217 = CARTESIAN_POINT('',(-3.653126813246,-1.861360923181,
    -1.400000010957));
#4218 = CARTESIAN_POINT('',(-4.257919638985,-0.674388068721,
    -1.500000010957));
#4219 = CARTESIAN_POINT('',(-4.049522174362,0.641381446061,
    -1.600000010957));
#4220 = CARTESIAN_POINT('',(-3.841124709738,1.957150960843,
    -1.700000010957));
#4221 = CARTESIAN_POINT('',(-2.899137703068,2.899137902661,
    -1.800000010957));
#4222 = CARTESIAN_POINT('',(-1.957150696398,3.84112484448,
    -1.900000010957));
#4223 = CARTESIAN_POINT('',(-0.641381167269,4.049522218518,
    -2.000000010957));
#4224 = CARTESIAN_POINT('',(0.67438836186,4.257919592557,-2.100000010957
    ));
#4225 = CARTESIAN_POINT('',(1.861361174683,3.653126685099,
    -2.200000010957));
#4226 = CARTESIAN_POINT('',(3.048333987506,3.048333777641,
    -2.300000010957));
#4227 = CARTESIAN_POINT('',(3.653126813246,1.861360923181,
    -2.400000010957));
#4228 = CARTESIAN_POINT('',(4.257919638985,0.674388068721,
    -2.500000010957));
#4229 = CARTESIAN_POINT('',(4.049522174362,-0.641381446061,
    -2.600000010957));
#4230 = CARTESIAN_POINT('',(3.841124709738,-1.957150960843,
    -2.700000010957));
#4231 = CARTESIAN_POINT('',(2.899137703068,-2.899137902661,
    -2.800000010957));
#4232 = CARTESIAN_POINT('',(1.957150696398,-3.84112484448,
    -2.900000010957));
#4233 = CARTESIAN_POINT('',(0.641381167269,-4.049522218518,
    -3.000000010957));
#4234 = CARTESIAN_POINT('',(-0.67438836186,-4.257919592557,
    -3.100000010957));
#4235 = CARTESIAN_POINT('',(-1.861361174683,-3.653126685099,
    -3.200000010957));
#4236 = CARTESIAN_POINT('',(-3.048333987506,-3.048333777641,
    -3.300000010957));
#4237 = CARTESIAN_POINT('',(-3.653126813246,-1.861360923181,
    -3.400000010957));
#4238 = CARTESIAN_POINT('',(-4.257919638985,-0.674388068721,
    -3.500000010957));
#4239 = CARTESIAN_POINT('',(-4.049522174362,0.641381446061,
    -3.600000010957));
#4240 = CARTESIAN_POINT('',(-3.841124709738,1.957150960843,
    -3.700000010957));
#4241 = CARTESIAN_POINT('',(-2.899137703068,2.899137902661,
    -3.800000010957));
#4242 = CARTESIAN_POINT('',(-3.599999999782,-3.958111353287E-05,
    10.583354854147));
#4243 = CARTESIAN_POINT('',(-3.600003115103,0.28330653893,
    10.558198187732));
#4244 = CARTESIAN_POINT('',(-3.555678006757,0.563164196541,
    10.533974585258));
#4245 = CARTESIAN_POINT('',(-3.372694867087,1.718474014399,
    10.433974585258));
#4246 = CARTESIAN_POINT('',(-2.545584324645,2.545584499898,
    10.333974585258));
#4247 = CARTESIAN_POINT('',(-1.718473782203,3.372694985397,
    10.233974585258));
#4248 = CARTESIAN_POINT('',(-0.563163951748,3.555678045528,
    10.133974585258));
#4249 = CARTESIAN_POINT('',(0.592145878707,3.73866110566,10.033974585258
    ));
#4250 = CARTESIAN_POINT('',(1.634365909478,3.207623430819,9.933974585258
    ));
#4251 = CARTESIAN_POINT('',(2.676585940249,2.676585755978,9.833974585258
    ));
#4252 = CARTESIAN_POINT('',(3.207623543338,1.634365688647,9.733974585258
    ));
#4253 = CARTESIAN_POINT('',(3.738661146426,0.592145621316,9.633974585258
    ));
#4254 = CARTESIAN_POINT('',(3.555678006757,-0.563164196541,
    9.533974585258));
#4255 = CARTESIAN_POINT('',(3.372694867087,-1.718474014399,
    9.433974585258));
#4256 = CARTESIAN_POINT('',(2.545584324645,-2.545584499898,
    9.333974585258));
#4257 = CARTESIAN_POINT('',(1.718473782203,-3.372694985397,
    9.233974585258));
#4258 = CARTESIAN_POINT('',(0.563163951748,-3.555678045528,
    9.133974585258));
#4259 = CARTESIAN_POINT('',(-0.592145878707,-3.73866110566,
    9.033974585258));
#4260 = CARTESIAN_POINT('',(-1.634365909478,-3.207623430819,
    8.933974585258));
#4261 = CARTESIAN_POINT('',(-2.676585940249,-2.676585755978,
    8.833974585258));
#4262 = CARTESIAN_POINT('',(-3.207623543338,-1.634365688647,
    8.733974585258));
#4263 = CARTESIAN_POINT('',(-3.738661146426,-0.592145621316,
    8.633974585258));
#4264 = CARTESIAN_POINT('',(-3.555678006757,0.563164196541,
    8.533974585258));
#4265 = CARTESIAN_POINT('',(-3.372694867087,1.718474014399,
    8.433974585258));
#4266 = CARTESIAN_POINT('',(-2.545584324645,2.545584499898,
    8.333974585258));
#4267 = CARTESIAN_POINT('',(-1.718473782203,3.372694985397,
    8.233974585258));
#4268 = CARTESIAN_POINT('',(-0.563163951748,3.555678045528,
    8.133974585258));
#4269 = CARTESIAN_POINT('',(0.592145878707,3.73866110566,8.033974585258)
  );
#4270 = CARTESIAN_POINT('',(1.634365909478,3.207623430819,7.933974585258
    ));
#4271 = CARTESIAN_POINT('',(2.676585940249,2.676585755978,7.833974585258
    ));
#4272 = CARTESIAN_POINT('',(3.207623543338,1.634365688647,7.733974585258
    ));
#4273 = CARTESIAN_POINT('',(3.738661146426,0.592145621316,7.633974585258
    ));
#4274 = CARTESIAN_POINT('',(3.555678006757,-0.563164196541,
    7.533974585258));
#4275 = CARTESIAN_POINT('',(3.372694867087,-1.718474014399,
    7.433974585258));
#4276 = CARTESIAN_POINT('',(2.545584324645,-2.545584499898,
    7.333974585258));
#4277 = CARTESIAN_POINT('',(1.718473782203,-3.372694985397,
    7.233974585258));
#4278 = CARTESIAN_POINT('',(0.563163951748,-3.555678045528,
    7.133974585258));
#4279 = CARTESIAN_POINT('',(-0.592145878707,-3.73866110566,
    7.033974585258));
#4280 = CARTESIAN_POINT('',(-1.634365909478,-3.207623430819,
    6.933974585258));
#4281 = CARTESIAN_POINT('',(-2.676585940249,-2.676585755978,
    6.833974585258));
#4282 = CARTESIAN_POINT('',(-3.207623543338,-1.634365688647,
    6.733974585258));
#4283 = CARTESIAN_POINT('',(-3.738661146426,-0.592145621316,
    6.633974585258));
#4284 = CARTESIAN_POINT('',(-3.555678006757,0.563164196541,
    6.533974585258));
#4285 = CARTESIAN_POINT('',(-3.372694867087,1.718474014399,
    6.433974585258));
#4286 = CARTESIAN_POINT('',(-2.545584324645,2.545584499898,
    6.333974585258));
#4287 = CARTESIAN_POINT('',(-1.718473782203,3.372694985397,
    6.233974585258));
#4288 = CARTESIAN_POINT('',(-0.563163951748,3.555678045528,
    6.133974585258));
#4289 = CARTESIAN_POINT('',(0.592145878707,3.73866110566,6.033974585258)
  );
#4290 = CARTESIAN_POINT('',(1.634365909478,3.207623430819,5.933974585258
    ));
#4291 = CARTESIAN_POINT('',(2.676585940249,2.676585755978,5.833974585258
    ));
#4292 = CARTESIAN_POINT('',(3.207623543338,1.634365688647,5.733974585258
    ));
#4293 = CARTESIAN_POINT('',(3.738661146426,0.592145621316,5.633974585258
    ));
#4294 = CARTESIAN_POINT('',(3.555678006757,-0.563164196541,
    5.533974585258));
#4295 = CARTESIAN_POINT('',(3.372694867087,-1.718474014399,
    5.433974585258));
#4296 = CARTESIAN_POINT('',(2.545584324645,-2.545584499898,
    5.333974585258));
#4297 = CARTESIAN_POINT('',(1.718473782203,-3.372694985397,
    5.233974585258));
#4298 = CARTESIAN_POINT('',(0.563163951748,-3.555678045528,
    5.133974585258));
#4299 = CARTESIAN_POINT('',(-0.592145878707,-3.73866110566,
    5.033974585258));
#4300 = CARTESIAN_POINT('',(-1.634365909478,-3.207623430819,
    4.933974585258));
#4301 = CARTESIAN_POINT('',(-2.676585940249,-2.676585755978,
    4.833974585258));
#4302 = CARTESIAN_POINT('',(-3.207623543338,-1.634365688647,
    4.733974585258));
#4303 = CARTESIAN_POINT('',(-3.738661146426,-0.592145621316,
    4.633974585258));
#4304 = CARTESIAN_POINT('',(-3.555678006757,0.563164196541,
    4.533974585258));
#4305 = CARTESIAN_POINT('',(-3.372694867087,1.718474014399,
    4.433974585258));
#4306 = CARTESIAN_POINT('',(-2.545584324645,2.545584499898,
    4.333974585258));
#4307 = CARTESIAN_POINT('',(-1.718473782203,3.372694985397,
    4.233974585258));
#4308 = CARTESIAN_POINT('',(-0.563163951748,3.555678045528,
    4.133974585258));
#4309 = CARTESIAN_POINT('',(0.592145878707,3.73866110566,4.033974585258)
  );
#4310 = CARTESIAN_POINT('',(1.634365909478,3.207623430819,3.933974585258
    ));
#4311 = CARTESIAN_POINT('',(2.676585940249,2.676585755978,3.833974585258
    ));
#4312 = CARTESIAN_POINT('',(3.207623543338,1.634365688647,3.733974585258
    ));
#4313 = CARTESIAN_POINT('',(3.738661146426,0.592145621316,3.633974585258
    ));
#4314 = CARTESIAN_POINT('',(3.555678006757,-0.563164196541,
    3.533974585258));
#4315 = CARTESIAN_POINT('',(3.372694867087,-1.718474014399,
    3.433974585258));
#4316 = CARTESIAN_POINT('',(2.545584324645,-2.545584499898,
    3.333974585258));
#4317 = CARTESIAN_POINT('',(1.718473782203,-3.372694985397,
    3.233974585258));
#4318 = CARTESIAN_POINT('',(0.563163951748,-3.555678045528,
    3.133974585258));
#4319 = CARTESIAN_POINT('',(-0.592145878707,-3.73866110566,
    3.033974585258));
#4320 = CARTESIAN_POINT('',(-1.634365909478,-3.207623430819,
    2.933974585258));
#4321 = CARTESIAN_POINT('',(-2.676585940249,-2.676585755978,
    2.833974585258));
#4322 = CARTESIAN_POINT('',(-3.207623543338,-1.634365688647,
    2.733974585258));
#4323 = CARTESIAN_POINT('',(-3.738661146426,-0.592145621316,
    2.633974585258));
#4324 = CARTESIAN_POINT('',(-3.555678006757,0.563164196541,
    2.533974585258));
#4325 = CARTESIAN_POINT('',(-3.372694867087,1.718474014399,
    2.433974585258));
#4326 = CARTESIAN_POINT('',(-2.545584324645,2.545584499898,
    2.333974585258));
#4327 = CARTESIAN_POINT('',(-1.718473782203,3.372694985397,
    2.233974585258));
#4328 = CARTESIAN_POINT('',(-0.563163951748,3.555678045528,
    2.133974585258));
#4329 = CARTESIAN_POINT('',(0.592145878707,3.73866110566,2.033974585258)
  );
#4330 = CARTESIAN_POINT('',(1.634365909478,3.207623430819,1.933974585258
    ));
#4331 = CARTESIAN_POINT('',(2.676585940249,2.676585755978,1.833974585258
    ));
#4332 = CARTESIAN_POINT('',(3.207623543338,1.634365688647,1.733974585258
    ));
#4333 = CARTESIAN_POINT('',(3.738661146426,0.592145621316,1.633974585258
    ));
#4334 = CARTESIAN_POINT('',(3.555678006757,-0.563164196541,
    1.533974585258));
#4335 = CARTESIAN_POINT('',(3.372694867087,-1.718474014399,
    1.433974585258));
#4336 = CARTESIAN_POINT('',(2.545584324645,-2.545584499898,
    1.333974585258));
#4337 = CARTESIAN_POINT('',(1.718473782203,-3.372694985397,
    1.233974585258));
#4338 = CARTESIAN_POINT('',(0.563163951748,-3.555678045528,
    1.133974585258));
#4339 = CARTESIAN_POINT('',(-0.592145878707,-3.73866110566,
    1.033974585258));
#4340 = CARTESIAN_POINT('',(-1.634365909478,-3.207623430819,
    0.933974585258));
#4341 = CARTESIAN_POINT('',(-2.676585940249,-2.676585755978,
    0.833974585258));
#4342 = CARTESIAN_POINT('',(-3.207623543338,-1.634365688647,
    0.733974585258));
#4343 = CARTESIAN_POINT('',(-3.738661146426,-0.592145621316,
    0.633974585258));
#4344 = CARTESIAN_POINT('',(-3.555678006757,0.563164196541,
    0.533974585258));
#4345 = CARTESIAN_POINT('',(-3.372694867087,1.718474014399,
    0.433974585258));
#4346 = CARTESIAN_POINT('',(-2.545584324645,2.545584499898,
    0.333974585258));
#4347 = CARTESIAN_POINT('',(-1.718473782203,3.372694985397,
    0.233974585258));
#4348 = CARTESIAN_POINT('',(-0.563163951748,3.555678045528,
    0.133974585258));
#4349 = CARTESIAN_POINT('',(0.592145878707,3.73866110566,
    3.397458525844E-02));
#4350 = CARTESIAN_POINT('',(1.634365909478,3.207623430819,
    -6.602541474156E-02));
#4351 = CARTESIAN_POINT('',(2.676585940249,2.676585755978,
    -0.166025414742));
#4352 = CARTESIAN_POINT('',(3.207623543338,1.634365688647,
    -0.266025414742));
#4353 = CARTESIAN_POINT('',(3.738661146426,0.592145621316,
    -0.366025414742));
#4354 = CARTESIAN_POINT('',(3.555678006757,-0.563164196541,
    -0.466025414742));
#4355 = CARTESIAN_POINT('',(3.372694867087,-1.718474014399,
    -0.566025414742));
#4356 = CARTESIAN_POINT('',(2.545584324645,-2.545584499898,
    -0.666025414742));
#4357 = CARTESIAN_POINT('',(1.718473782203,-3.372694985397,
    -0.766025414742));
#4358 = CARTESIAN_POINT('',(0.563163951748,-3.555678045528,
    -0.866025414742));
#4359 = CARTESIAN_POINT('',(-0.592145878707,-3.73866110566,
    -0.966025414742));
#4360 = CARTESIAN_POINT('',(-1.634365909478,-3.207623430819,
    -1.066025414742));
#4361 = CARTESIAN_POINT('',(-2.676585940249,-2.676585755978,
    -1.166025414742));
#4362 = CARTESIAN_POINT('',(-3.207623543338,-1.634365688647,
    -1.266025414742));
#4363 = CARTESIAN_POINT('',(-3.738661146426,-0.592145621316,
    -1.366025414742));
#4364 = CARTESIAN_POINT('',(-3.555678006757,0.563164196541,
    -1.466025414742));
#4365 = CARTESIAN_POINT('',(-3.372694867087,1.718474014399,
    -1.566025414742));
#4366 = CARTESIAN_POINT('',(-2.545584324645,2.545584499898,
    -1.666025414742));
#4367 = CARTESIAN_POINT('',(-1.718473782203,3.372694985397,
    -1.766025414742));
#4368 = CARTESIAN_POINT('',(-0.563163951748,3.555678045528,
    -1.866025414742));
#4369 = CARTESIAN_POINT('',(0.592145878707,3.73866110566,-1.966025414742
    ));
#4370 = CARTESIAN_POINT('',(1.634365909478,3.207623430819,
    -2.066025414742));
#4371 = CARTESIAN_POINT('',(2.676585940249,2.676585755978,
    -2.166025414742));
#4372 = CARTESIAN_POINT('',(3.207623543338,1.634365688647,
    -2.266025414742));
#4373 = CARTESIAN_POINT('',(3.738661146426,0.592145621316,
    -2.366025414742));
#4374 = CARTESIAN_POINT('',(3.555678006757,-0.563164196541,
    -2.466025414742));
#4375 = CARTESIAN_POINT('',(3.372694867087,-1.718474014399,
    -2.566025414742));
#4376 = CARTESIAN_POINT('',(2.545584324645,-2.545584499898,
    -2.666025414742));
#4377 = CARTESIAN_POINT('',(1.718473782203,-3.372694985397,
    -2.766025414742));
#4378 = CARTESIAN_POINT('',(0.563163951748,-3.555678045528,
    -2.866025414742));
#4379 = CARTESIAN_POINT('',(-0.592145878707,-3.73866110566,
    -2.966025414742));
#4380 = CARTESIAN_POINT('',(-1.634365909478,-3.207623430819,
    -3.066025414742));
#4381 = CARTESIAN_POINT('',(-2.676585940249,-2.676585755978,
    -3.166025414742));
#4382 = CARTESIAN_POINT('',(-3.207623543338,-1.634365688647,
    -3.266025414742));
#4383 = CARTESIAN_POINT('',(-3.738661146426,-0.592145621316,
    -3.366025414742));
#4384 = CARTESIAN_POINT('',(-3.555678006757,0.563164196541,
    -3.466025414742));
#4385 = CARTESIAN_POINT('',(-3.372694867087,1.718474014399,
    -3.566025414742));
#4386 = CARTESIAN_POINT('',(-2.545584324645,2.545584499898,
    -3.666025414742));
#4387 = DEFINITIONAL_REPRESENTATION('',(#4388),#4414);
#4388 = B_SPLINE_CURVE_WITH_KNOTS('',3,(#4389,#4390,#4391,#4392,#4393,
    #4394,#4395,#4396,#4397,#4398,#4399,#4400,#4401,#4402,#4403,#4404,
    #4405,#4406,#4407,#4408,#4409,#4410,#4411,#4412,#4413),
  .UNSPECIFIED.,.F.,.F.,(4,1,1,1,1,1,1,1,1,1,1,1,1,1,1,1,1,1,1,1,1,1,4),
  (0.617127945529,0.618582596835,0.620037248141,0.621491899447,
    0.622946550753,0.624401202059,0.625855853365,0.627310504671,
    0.628765155977,0.630219807283,0.631674458589,0.633129109895,
    0.634583761201,0.636038412507,0.637493063813,0.638947715119,
    0.640402366425,0.641857017731,0.643311669037,0.644766320343,
    0.646220971649,0.647675622955,0.649130274261),
  .QUASI_UNIFORM_KNOTS.);
#4389 = CARTESIAN_POINT('',(0.999965673285,0.450358340712));
#4390 = CARTESIAN_POINT('',(0.999986650722,0.449926483125));
#4391 = CARTESIAN_POINT('',(1.000006195421,0.449062766337));
#4392 = CARTESIAN_POINT('',(0.999998339942,0.447767188476));
#4393 = CARTESIAN_POINT('',(1.000000444811,0.446471611334));
#4394 = CARTESIAN_POINT('',(0.999999880813,0.445176033999));
#4395 = CARTESIAN_POINT('',(1.000000031936,0.443880456715));
#4396 = CARTESIAN_POINT('',(0.999999991443,0.442584879418));
#4397 = CARTESIAN_POINT('',(1.000000002293,0.441289302125));
#4398 = CARTESIAN_POINT('',(0.999999999386,0.43999372483));
#4399 = CARTESIAN_POINT('',(1.000000000165,0.438698147536));
#4400 = CARTESIAN_POINT('',(0.999999999956,0.437402570241));
#4401 = CARTESIAN_POINT('',(1.000000000012,0.436106992947));
#4402 = CARTESIAN_POINT('',(0.999999999997,0.434811415653));
#4403 = CARTESIAN_POINT('',(1.000000000001,0.433515838358));
#4404 = CARTESIAN_POINT('',(1.,0.432220261064));
#4405 = CARTESIAN_POINT('',(1.,0.43092468377));
#4406 = CARTESIAN_POINT('',(1.000000000001,0.429629106475));
#4407 = CARTESIAN_POINT('',(0.999999999997,0.428333529181));
#4408 = CARTESIAN_POINT('',(1.00000000001,0.427037951886));
#4409 = CARTESIAN_POINT('',(0.999999999962,0.425742374594));
#4410 = CARTESIAN_POINT('',(1.000000000141,0.424446797291));
#4411 = CARTESIAN_POINT('',(0.999999997512,0.423151220075));
#4412 = CARTESIAN_POINT('',(0.999999998314,0.422287501982));
#4413 = CARTESIAN_POINT('',(1.,0.421855642953));
#4414 = ( GEOMETRIC_REPRESENTATION_CONTEXT(2) 
PARAMETRIC_REPRESENTATION_CONTEXT() REPRESENTATION_CONTEXT('2D SPACE',''
  ) );
#4415 = ORIENTED_EDGE('',*,*,#4416,.F.);
#4416 = EDGE_CURVE('',#4417,#4053,#4419,.T.);
#4417 = VERTEX_POINT('',#4418);
#4418 = CARTESIAN_POINT('',(3.6,-3.948796571319E-15,6.41540214754));
#4419 = SURFACE_CURVE('',#4420,(#4424,#4431),.PCURVE_S1.);
#4420 = LINE('',#4421,#4422);
#4421 = CARTESIAN_POINT('',(3.6,4.40872847693E-16,10.));
#4422 = VECTOR('',#4423,1.);
#4423 = DIRECTION('',(-0.,-0.,-1.));
#4424 = PCURVE('',#4033,#4425);
#4425 = DEFINITIONAL_REPRESENTATION('',(#4426),#4430);
#4426 = LINE('',#4427,#4428);
#4427 = CARTESIAN_POINT('',(3.14159265359,0.));
#4428 = VECTOR('',#4429,1.);
#4429 = DIRECTION('',(0.,1.));
#4430 = ( GEOMETRIC_REPRESENTATION_CONTEXT(2) 
PARAMETRIC_REPRESENTATION_CONTEXT() REPRESENTATION_CONTEXT('2D SPACE',''
  ) );
#4431 = PCURVE('',#4432,#4437);
#4432 = CYLINDRICAL_SURFACE('',#4433,3.6);
#4433 = AXIS2_PLACEMENT_3D('',#4434,#4435,#4436);
#4434 = CARTESIAN_POINT('',(0.,0.,10.));
#4435 = DIRECTION('',(-0.,-0.,-1.));
#4436 = DIRECTION('',(-1.,0.,0.));
#4437 = DEFINITIONAL_REPRESENTATION('',(#4438),#4442);
#4438 = LINE('',#4439,#4440);
#4439 = CARTESIAN_POINT('',(3.14159265359,0.));
#4440 = VECTOR('',#4441,1.);
#4441 = DIRECTION('',(0.,1.));
#4442 = ( GEOMETRIC_REPRESENTATION_CONTEXT(2) 
PARAMETRIC_REPRESENTATION_CONTEXT() REPRESENTATION_CONTEXT('2D SPACE',''
  ) );
#4443 = ORIENTED_EDGE('',*,*,#4444,.T.);
#4444 = EDGE_CURVE('',#4417,#4023,#4445,.T.);
#4445 = SURFACE_CURVE('',#4446,(#4456,#4485),.PCURVE_S1.);
#4446 = ( BOUNDED_CURVE() B_SPLINE_CURVE(2,(#4447,#4448,#4449,#4450,
    #4451,#4452,#4453,#4454,#4455),.UNSPECIFIED.,.F.,.F.) 
B_SPLINE_CURVE_WITH_KNOTS((3,2,2,2,3),(0.296855643196,0.3,0.3125,0.325,
0.325358310256),.UNSPECIFIED.) CURVE() GEOMETRIC_REPRESENTATION_ITEM() 
RATIONAL_B_SPLINE_CURVE((0.981570637188,0.987688337919,1.,0.951056516295
    ,1.,0.951056516295,1.,0.998597043827,0.997274518628)) 
REPRESENTATION_ITEM('') );
#4447 = CARTESIAN_POINT('',(3.6,-3.948796571319E-15,6.41540214754));
#4448 = CARTESIAN_POINT('',(3.6,-0.283326206913,6.390247292901));
#4449 = CARTESIAN_POINT('',(3.555678006757,-0.563164196541,
    6.366025392827));
#4450 = CARTESIAN_POINT('',(3.372694867087,-1.718474014399,
    6.266025392827));
#4451 = CARTESIAN_POINT('',(2.545584324645,-2.545584499898,
    6.166025392827));
#4452 = CARTESIAN_POINT('',(1.718473782203,-3.372694985397,
    6.066025392827));
#4453 = CARTESIAN_POINT('',(0.563163951748,-3.555678045528,
    5.966025392827));
#4454 = CARTESIAN_POINT('',(0.531623802496,-3.560673513302,
    5.963295376305));
#4455 = CARTESIAN_POINT('',(0.5,-3.565108693995,5.96055005394));
#4456 = PCURVE('',#4033,#4457);
#4457 = DEFINITIONAL_REPRESENTATION('',(#4458),#4484);
#4458 = B_SPLINE_CURVE_WITH_KNOTS('',3,(#4459,#4460,#4461,#4462,#4463,
    #4464,#4465,#4466,#4467,#4468,#4469,#4470,#4471,#4472,#4473,#4474,
    #4475,#4476,#4477,#4478,#4479,#4480,#4481,#4482,#4483),
  .UNSPECIFIED.,.F.,.F.,(4,1,1,1,1,1,1,1,1,1,1,1,1,1,1,1,1,1,1,1,1,1,4),
  (0.296855643196,0.298151218971,0.299446794747,0.300742370522,
    0.302037946298,0.303333522073,0.304629097849,0.305924673624,
    0.307220249399,0.308515825175,0.30981140095,0.311106976726,
    0.312402552501,0.313698128277,0.314993704052,0.316289279828,
    0.317584855603,0.318880431378,0.320176007154,0.321471582929,
    0.322767158705,0.32406273448,0.325358310256),.QUASI_UNIFORM_KNOTS.);
#4459 = CARTESIAN_POINT('',(3.14159265359,3.58459785246));
#4460 = CARTESIAN_POINT('',(3.163370025182,3.59157371145));
#4461 = CARTESIAN_POINT('',(3.206726604961,3.605335497924));
#4462 = CARTESIAN_POINT('',(3.271373885559,3.625607312703));
#4463 = CARTESIAN_POINT('',(3.335353994046,3.645248958445));
#4464 = CARTESIAN_POINT('',(3.400090042055,3.665604948973));
#4465 = CARTESIAN_POINT('',(3.465229244168,3.686347545398));
#4466 = CARTESIAN_POINT('',(3.530696610263,3.707406326582));
#4467 = CARTESIAN_POINT('',(3.596337467137,3.728633374421));
#4468 = CARTESIAN_POINT('',(3.662014137679,3.749895204828));
#4469 = CARTESIAN_POINT('',(3.72758708593,3.771056278398));
#4470 = CARTESIAN_POINT('',(3.792904472124,3.791970414681));
#4471 = CARTESIAN_POINT('',(3.85787368976,3.812549210398));
#4472 = CARTESIAN_POINT('',(3.92219630391,3.832513951318));
#4473 = CARTESIAN_POINT('',(3.986366808874,3.852335218075));
#4474 = CARTESIAN_POINT('',(4.051283805814,3.872863765533));
#4475 = CARTESIAN_POINT('',(4.116547616695,3.893726352663));
#4476 = CARTESIAN_POINT('',(4.182093718097,3.914861361947));
#4477 = CARTESIAN_POINT('',(4.24776289742,3.936115930857));
#4478 = CARTESIAN_POINT('',(4.313419186081,3.957357937293));
#4479 = CARTESIAN_POINT('',(4.378918543497,3.978447771161));
#4480 = CARTESIAN_POINT('',(4.444127073155,3.999256810035));
#4481 = CARTESIAN_POINT('',(4.508890324328,4.019639212889));
#4482 = CARTESIAN_POINT('',(4.551729000447,4.032908325597));
#4483 = CARTESIAN_POINT('',(4.573049639627,4.03944994606));
#4484 = ( GEOMETRIC_REPRESENTATION_CONTEXT(2) 
PARAMETRIC_REPRESENTATION_CONTEXT() REPRESENTATION_CONTEXT('2D SPACE',''
  ) );
#4485 = PCURVE('',#4486,#4777);
#4486 = ( BOUNDED_SURFACE() B_SPLINE_SURFACE(1,2,(
    (#4487,#4488,#4489,#4490,#4491,#4492,#4493,#4494,#4495,#4496,#4497
      ,#4498,#4499,#4500,#4501,#4502,#4503,#4504,#4505,#4506,#4507,#4508
      ,#4509,#4510,#4511,#4512,#4513,#4514,#4515,#4516,#4517,#4518,#4519
      ,#4520,#4521,#4522,#4523,#4524,#4525,#4526,#4527,#4528,#4529,#4530
      ,#4531,#4532,#4533,#4534,#4535,#4536,#4537,#4538,#4539,#4540,#4541
      ,#4542,#4543,#4544,#4545,#4546,#4547,#4548,#4549,#4550,#4551,#4552
      ,#4553,#4554,#4555,#4556,#4557,#4558,#4559,#4560,#4561,#4562,#4563
      ,#4564,#4565,#4566,#4567,#4568,#4569,#4570,#4571,#4572,#4573,#4574
      ,#4575,#4576,#4577,#4578,#4579,#4580,#4581,#4582,#4583,#4584,#4585
      ,#4586,#4587,#4588,#4589,#4590,#4591,#4592,#4593,#4594,#4595,#4596
      ,#4597,#4598,#4599,#4600,#4601,#4602,#4603,#4604,#4605,#4606,#4607
      ,#4608,#4609,#4610,#4611,#4612,#4613,#4614,#4615,#4616,#4617,#4618
      ,#4619,#4620,#4621,#4622,#4623,#4624,#4625,#4626,#4627,#4628,#4629
      ,#4630,#4631)
    ,(#4632,#4633,#4634,#4635,#4636,#4637,#4638,#4639,#4640,#4641,#4642
      ,#4643,#4644,#4645,#4646,#4647,#4648,#4649,#4650,#4651,#4652,#4653
      ,#4654,#4655,#4656,#4657,#4658,#4659,#4660,#4661,#4662,#4663,#4664
      ,#4665,#4666,#4667,#4668,#4669,#4670,#4671,#4672,#4673,#4674,#4675
      ,#4676,#4677,#4678,#4679,#4680,#4681,#4682,#4683,#4684,#4685,#4686
      ,#4687,#4688,#4689,#4690,#4691,#4692,#4693,#4694,#4695,#4696,#4697
      ,#4698,#4699,#4700,#4701,#4702,#4703,#4704,#4705,#4706,#4707,#4708
      ,#4709,#4710,#4711,#4712,#4713,#4714,#4715,#4716,#4717,#4718,#4719
      ,#4720,#4721,#4722,#4723,#4724,#4725,#4726,#4727,#4728,#4729,#4730
      ,#4731,#4732,#4733,#4734,#4735,#4736,#4737,#4738,#4739,#4740,#4741
      ,#4742,#4743,#4744,#4745,#4746,#4747,#4748,#4749,#4750,#4751,#4752
      ,#4753,#4754,#4755,#4756,#4757,#4758,#4759,#4760,#4761,#4762,#4763
      ,#4764,#4765,#4766,#4767,#4768,#4769,#4770,#4771,#4772,#4773,#4774
      ,#4775,#4776
)),.UNSPECIFIED.,.F.,.F.,.F.) B_SPLINE_SURFACE_WITH_KNOTS((2,2),(3,2,2,2
    ,2,2,2,2,2,2,2,2,2,2,2,2,2,2,2,2,2,2,2,2,2,2,2,2,2,2,2,2,2,2,2,2,2,2
    ,2,2,2,2,2,2,2,2,2,2,2,2,2,2,2,2,2,2,2,2,2,2,2,2,2,2,2,2,2,2,2,2,2,2
    ,3),(0.,1.),(0.109355360574,0.1125,0.125,0.1375,0.15,0.1625,0.175,
    0.1875,0.2,0.2125,0.225,0.2375,0.25,0.2625,0.275,0.2875,0.3,0.3125,
    0.325,0.3375,0.35,0.3625,0.375,0.3875,0.4,0.4125,0.425,0.4375,0.45,
    0.4625,0.475,0.4875,0.5,0.5125,0.525,0.5375,0.55,0.5625,0.575,0.5875
    ,0.6,0.6125,0.625,0.6375,0.65,0.6625,0.675,0.6875,0.7,0.7125,0.725,
    0.7375,0.75,0.7625,0.775,0.7875,0.8,0.8125,0.825,0.8375,0.85,0.8625,
    0.875,0.8875,0.9,0.9125,0.925,0.9375,0.95,0.9625,0.975,0.9875,1.),
.UNSPECIFIED.) GEOMETRIC_REPRESENTATION_ITEM() RATIONAL_B_SPLINE_SURFACE
((
    (0.981569537493,0.987687231319,1.,0.951056516295,1.,0.951056516295
      ,1.,0.951056516295,1.,0.951056516295,1.,0.951056516295,1.
      ,0.951056516295,1.,0.951056516295,1.,0.951056516295,1.
      ,0.951056516295,1.,0.951056516295,1.,0.951056516295,1.
      ,0.951056516295,1.,0.951056516295,1.,0.951056516295,1.
      ,0.951056516295,1.,0.951056516295,1.,0.951056516295,1.
      ,0.951056516295,1.,0.951056516295,1.,0.951056516295,1.
      ,0.951056516295,1.,0.951056516295,1.,0.951056516295,1.
      ,0.951056516295,1.,0.951056516295,1.,0.951056516295,1.
      ,0.951056516295,1.,0.951056516295,1.,0.951056516295,1.
      ,0.951056516295,1.,0.951056516295,1.,0.951056516295,1.
      ,0.951056516295,1.,0.951056516295,1.,0.951056516295,1.
      ,0.951056516295,1.,0.951056516295,1.,0.951056516295,1.
      ,0.951056516295,1.,0.951056516295,1.,0.951056516295,1.
      ,0.951056516295,1.,0.951056516295,1.,0.951056516295,1.
      ,0.951056516295,1.,0.951056516295,1.,0.951056516295,1.
      ,0.951056516295,1.,0.951056516295,1.,0.951056516295,1.
      ,0.951056516295,1.,0.951056516295,1.,0.951056516295,1.
      ,0.951056516295,1.,0.951056516295,1.,0.951056516295,1.
      ,0.951056516295,1.,0.951056516295,1.,0.951056516295,1.
      ,0.951056516295,1.,0.951056516295,1.,0.951056516295,1.
      ,0.951056516295,1.,0.951056516295,1.,0.951056516295,1.
      ,0.951056516295,1.,0.951056516295,1.,0.951056516295,1.
      ,0.951056516295,1.,0.951056516295,1.,0.951056516295,1.)
    ,(0.981569537493,0.987687231319,1.,0.951056516295,1.,0.951056516295
      ,1.,0.951056516295,1.,0.951056516295,1.,0.951056516295,1.
      ,0.951056516295,1.,0.951056516295,1.,0.951056516295,1.
      ,0.951056516295,1.,0.951056516295,1.,0.951056516295,1.
      ,0.951056516295,1.,0.951056516295,1.,0.951056516295,1.
      ,0.951056516295,1.,0.951056516295,1.,0.951056516295,1.
      ,0.951056516295,1.,0.951056516295,1.,0.951056516295,1.
      ,0.951056516295,1.,0.951056516295,1.,0.951056516295,1.
      ,0.951056516295,1.,0.951056516295,1.,0.951056516295,1.
      ,0.951056516295,1.,0.951056516295,1.,0.951056516295,1.
      ,0.951056516295,1.,0.951056516295,1.,0.951056516295,1.
      ,0.951056516295,1.,0.951056516295,1.,0.951056516295,1.
      ,0.951056516295,1.,0.951056516295,1.,0.951056516295,1.
      ,0.951056516295,1.,0.951056516295,1.,0.951056516295,1.
      ,0.951056516295,1.,0.951056516295,1.,0.951056516295,1.
      ,0.951056516295,1.,0.951056516295,1.,0.951056516295,1.
      ,0.951056516295,1.,0.951056516295,1.,0.951056516295,1.
      ,0.951056516295,1.,0.951056516295,1.,0.951056516295,1.
      ,0.951056516295,1.,0.951056516295,1.,0.951056516295,1.
      ,0.951056516295,1.,0.951056516295,1.,0.951056516295,1.
      ,0.951056516295,1.,0.951056516295,1.,0.951056516295,1.
      ,0.951056516295,1.,0.951056516295,1.,0.951056516295,1.
      ,0.951056516295,1.,0.951056516295,1.,0.951056516295,1.
      ,0.951056516295,1.,0.951056516295,1.,0.951056516295,1.
))) REPRESENTATION_ITEM('') SURFACE() );
#4487 = CARTESIAN_POINT('',(-3.599999999635,-5.124947355626E-05,
    9.415406697682));
#4488 = CARTESIAN_POINT('',(-3.600004033424,0.283300740881,
    9.390249497161));
#4489 = CARTESIAN_POINT('',(-3.555678006757,0.563164196541,
    9.366025392827));
#4490 = CARTESIAN_POINT('',(-3.372694867087,1.718474014399,
    9.266025392827));
#4491 = CARTESIAN_POINT('',(-2.545584324645,2.545584499898,
    9.166025392827));
#4492 = CARTESIAN_POINT('',(-1.718473782203,3.372694985397,
    9.066025392827));
#4493 = CARTESIAN_POINT('',(-0.563163951748,3.555678045528,
    8.966025392827));
#4494 = CARTESIAN_POINT('',(0.592145878707,3.73866110566,8.866025392827)
  );
#4495 = CARTESIAN_POINT('',(1.634365909478,3.207623430819,8.766025392827
    ));
#4496 = CARTESIAN_POINT('',(2.676585940249,2.676585755978,8.666025392827
    ));
#4497 = CARTESIAN_POINT('',(3.207623543338,1.634365688647,8.566025392827
    ));
#4498 = CARTESIAN_POINT('',(3.738661146426,0.592145621316,8.466025392827
    ));
#4499 = CARTESIAN_POINT('',(3.555678006757,-0.563164196541,
    8.366025392827));
#4500 = CARTESIAN_POINT('',(3.372694867087,-1.718474014399,
    8.266025392827));
#4501 = CARTESIAN_POINT('',(2.545584324645,-2.545584499898,
    8.166025392827));
#4502 = CARTESIAN_POINT('',(1.718473782203,-3.372694985397,
    8.066025392827));
#4503 = CARTESIAN_POINT('',(0.563163951748,-3.555678045528,
    7.966025392827));
#4504 = CARTESIAN_POINT('',(-0.592145878707,-3.73866110566,
    7.866025392827));
#4505 = CARTESIAN_POINT('',(-1.634365909478,-3.207623430819,
    7.766025392827));
#4506 = CARTESIAN_POINT('',(-2.676585940249,-2.676585755978,
    7.666025392827));
#4507 = CARTESIAN_POINT('',(-3.207623543338,-1.634365688647,
    7.566025392827));
#4508 = CARTESIAN_POINT('',(-3.738661146426,-0.592145621316,
    7.466025392827));
#4509 = CARTESIAN_POINT('',(-3.555678006757,0.563164196541,
    7.366025392827));
#4510 = CARTESIAN_POINT('',(-3.372694867087,1.718474014399,
    7.266025392827));
#4511 = CARTESIAN_POINT('',(-2.545584324645,2.545584499898,
    7.166025392827));
#4512 = CARTESIAN_POINT('',(-1.718473782203,3.372694985397,
    7.066025392827));
#4513 = CARTESIAN_POINT('',(-0.563163951748,3.555678045528,
    6.966025392827));
#4514 = CARTESIAN_POINT('',(0.592145878707,3.73866110566,6.866025392827)
  );
#4515 = CARTESIAN_POINT('',(1.634365909478,3.207623430819,6.766025392827
    ));
#4516 = CARTESIAN_POINT('',(2.676585940249,2.676585755978,6.666025392827
    ));
#4517 = CARTESIAN_POINT('',(3.207623543338,1.634365688647,6.566025392827
    ));
#4518 = CARTESIAN_POINT('',(3.738661146426,0.592145621316,6.466025392827
    ));
#4519 = CARTESIAN_POINT('',(3.555678006757,-0.563164196541,
    6.366025392827));
#4520 = CARTESIAN_POINT('',(3.372694867087,-1.718474014399,
    6.266025392827));
#4521 = CARTESIAN_POINT('',(2.545584324645,-2.545584499898,
    6.166025392827));
#4522 = CARTESIAN_POINT('',(1.718473782203,-3.372694985397,
    6.066025392827));
#4523 = CARTESIAN_POINT('',(0.563163951748,-3.555678045528,
    5.966025392827));
#4524 = CARTESIAN_POINT('',(-0.592145878707,-3.73866110566,
    5.866025392827));
#4525 = CARTESIAN_POINT('',(-1.634365909478,-3.207623430819,
    5.766025392827));
#4526 = CARTESIAN_POINT('',(-2.676585940249,-2.676585755978,
    5.666025392827));
#4527 = CARTESIAN_POINT('',(-3.207623543338,-1.634365688647,
    5.566025392827));
#4528 = CARTESIAN_POINT('',(-3.738661146426,-0.592145621316,
    5.466025392827));
#4529 = CARTESIAN_POINT('',(-3.555678006757,0.563164196541,
    5.366025392827));
#4530 = CARTESIAN_POINT('',(-3.372694867087,1.718474014399,
    5.266025392827));
#4531 = CARTESIAN_POINT('',(-2.545584324645,2.545584499898,
    5.166025392827));
#4532 = CARTESIAN_POINT('',(-1.718473782203,3.372694985397,
    5.066025392827));
#4533 = CARTESIAN_POINT('',(-0.563163951748,3.555678045528,
    4.966025392827));
#4534 = CARTESIAN_POINT('',(0.592145878707,3.73866110566,4.866025392827)
  );
#4535 = CARTESIAN_POINT('',(1.634365909478,3.207623430819,4.766025392827
    ));
#4536 = CARTESIAN_POINT('',(2.676585940249,2.676585755978,4.666025392827
    ));
#4537 = CARTESIAN_POINT('',(3.207623543338,1.634365688647,4.566025392827
    ));
#4538 = CARTESIAN_POINT('',(3.738661146426,0.592145621316,4.466025392827
    ));
#4539 = CARTESIAN_POINT('',(3.555678006757,-0.563164196541,
    4.366025392827));
#4540 = CARTESIAN_POINT('',(3.372694867087,-1.718474014399,
    4.266025392827));
#4541 = CARTESIAN_POINT('',(2.545584324645,-2.545584499898,
    4.166025392827));
#4542 = CARTESIAN_POINT('',(1.718473782203,-3.372694985397,
    4.066025392827));
#4543 = CARTESIAN_POINT('',(0.563163951748,-3.555678045528,
    3.966025392827));
#4544 = CARTESIAN_POINT('',(-0.592145878707,-3.73866110566,
    3.866025392827));
#4545 = CARTESIAN_POINT('',(-1.634365909478,-3.207623430819,
    3.766025392827));
#4546 = CARTESIAN_POINT('',(-2.676585940249,-2.676585755978,
    3.666025392827));
#4547 = CARTESIAN_POINT('',(-3.207623543338,-1.634365688647,
    3.566025392827));
#4548 = CARTESIAN_POINT('',(-3.738661146426,-0.592145621316,
    3.466025392827));
#4549 = CARTESIAN_POINT('',(-3.555678006757,0.563164196541,
    3.366025392827));
#4550 = CARTESIAN_POINT('',(-3.372694867087,1.718474014399,
    3.266025392827));
#4551 = CARTESIAN_POINT('',(-2.545584324645,2.545584499898,
    3.166025392827));
#4552 = CARTESIAN_POINT('',(-1.718473782203,3.372694985397,
    3.066025392827));
#4553 = CARTESIAN_POINT('',(-0.563163951748,3.555678045528,
    2.966025392827));
#4554 = CARTESIAN_POINT('',(0.592145878707,3.73866110566,2.866025392827)
  );
#4555 = CARTESIAN_POINT('',(1.634365909478,3.207623430819,2.766025392827
    ));
#4556 = CARTESIAN_POINT('',(2.676585940249,2.676585755978,2.666025392827
    ));
#4557 = CARTESIAN_POINT('',(3.207623543338,1.634365688647,2.566025392827
    ));
#4558 = CARTESIAN_POINT('',(3.738661146426,0.592145621316,2.466025392827
    ));
#4559 = CARTESIAN_POINT('',(3.555678006757,-0.563164196541,
    2.366025392827));
#4560 = CARTESIAN_POINT('',(3.372694867087,-1.718474014399,
    2.266025392827));
#4561 = CARTESIAN_POINT('',(2.545584324645,-2.545584499898,
    2.166025392827));
#4562 = CARTESIAN_POINT('',(1.718473782203,-3.372694985397,
    2.066025392827));
#4563 = CARTESIAN_POINT('',(0.563163951748,-3.555678045528,
    1.966025392827));
#4564 = CARTESIAN_POINT('',(-0.592145878707,-3.73866110566,
    1.866025392827));
#4565 = CARTESIAN_POINT('',(-1.634365909478,-3.207623430819,
    1.766025392827));
#4566 = CARTESIAN_POINT('',(-2.676585940249,-2.676585755978,
    1.666025392827));
#4567 = CARTESIAN_POINT('',(-3.207623543338,-1.634365688647,
    1.566025392827));
#4568 = CARTESIAN_POINT('',(-3.738661146426,-0.592145621316,
    1.466025392827));
#4569 = CARTESIAN_POINT('',(-3.555678006757,0.563164196541,
    1.366025392827));
#4570 = CARTESIAN_POINT('',(-3.372694867087,1.718474014399,
    1.266025392827));
#4571 = CARTESIAN_POINT('',(-2.545584324645,2.545584499898,
    1.166025392827));
#4572 = CARTESIAN_POINT('',(-1.718473782203,3.372694985397,
    1.066025392827));
#4573 = CARTESIAN_POINT('',(-0.563163951748,3.555678045528,
    0.966025392827));
#4574 = CARTESIAN_POINT('',(0.592145878707,3.73866110566,0.866025392827)
  );
#4575 = CARTESIAN_POINT('',(1.634365909478,3.207623430819,0.766025392827
    ));
#4576 = CARTESIAN_POINT('',(2.676585940249,2.676585755978,0.666025392827
    ));
#4577 = CARTESIAN_POINT('',(3.207623543338,1.634365688647,0.566025392827
    ));
#4578 = CARTESIAN_POINT('',(3.738661146426,0.592145621316,0.466025392827
    ));
#4579 = CARTESIAN_POINT('',(3.555678006757,-0.563164196541,
    0.366025392827));
#4580 = CARTESIAN_POINT('',(3.372694867087,-1.718474014399,
    0.266025392827));
#4581 = CARTESIAN_POINT('',(2.545584324645,-2.545584499898,
    0.166025392827));
#4582 = CARTESIAN_POINT('',(1.718473782203,-3.372694985397,
    6.602539282732E-02));
#4583 = CARTESIAN_POINT('',(0.563163951748,-3.555678045528,
    -3.397460717268E-02));
#4584 = CARTESIAN_POINT('',(-0.592145878707,-3.73866110566,
    -0.133974607173));
#4585 = CARTESIAN_POINT('',(-1.634365909478,-3.207623430819,
    -0.233974607173));
#4586 = CARTESIAN_POINT('',(-2.676585940249,-2.676585755978,
    -0.333974607173));
#4587 = CARTESIAN_POINT('',(-3.207623543338,-1.634365688647,
    -0.433974607173));
#4588 = CARTESIAN_POINT('',(-3.738661146426,-0.592145621316,
    -0.533974607173));
#4589 = CARTESIAN_POINT('',(-3.555678006757,0.563164196541,
    -0.633974607173));
#4590 = CARTESIAN_POINT('',(-3.372694867087,1.718474014399,
    -0.733974607173));
#4591 = CARTESIAN_POINT('',(-2.545584324645,2.545584499898,
    -0.833974607173));
#4592 = CARTESIAN_POINT('',(-1.718473782203,3.372694985397,
    -0.933974607173));
#4593 = CARTESIAN_POINT('',(-0.563163951748,3.555678045528,
    -1.033974607173));
#4594 = CARTESIAN_POINT('',(0.592145878707,3.73866110566,-1.133974607173
    ));
#4595 = CARTESIAN_POINT('',(1.634365909478,3.207623430819,
    -1.233974607173));
#4596 = CARTESIAN_POINT('',(2.676585940249,2.676585755978,
    -1.333974607173));
#4597 = CARTESIAN_POINT('',(3.207623543338,1.634365688647,
    -1.433974607173));
#4598 = CARTESIAN_POINT('',(3.738661146426,0.592145621316,
    -1.533974607173));
#4599 = CARTESIAN_POINT('',(3.555678006757,-0.563164196541,
    -1.633974607173));
#4600 = CARTESIAN_POINT('',(3.372694867087,-1.718474014399,
    -1.733974607173));
#4601 = CARTESIAN_POINT('',(2.545584324645,-2.545584499898,
    -1.833974607173));
#4602 = CARTESIAN_POINT('',(1.718473782203,-3.372694985397,
    -1.933974607173));
#4603 = CARTESIAN_POINT('',(0.563163951748,-3.555678045528,
    -2.033974607173));
#4604 = CARTESIAN_POINT('',(-0.592145878707,-3.73866110566,
    -2.133974607173));
#4605 = CARTESIAN_POINT('',(-1.634365909478,-3.207623430819,
    -2.233974607173));
#4606 = CARTESIAN_POINT('',(-2.676585940249,-2.676585755978,
    -2.333974607173));
#4607 = CARTESIAN_POINT('',(-3.207623543338,-1.634365688647,
    -2.433974607173));
#4608 = CARTESIAN_POINT('',(-3.738661146426,-0.592145621316,
    -2.533974607173));
#4609 = CARTESIAN_POINT('',(-3.555678006757,0.563164196541,
    -2.633974607173));
#4610 = CARTESIAN_POINT('',(-3.372694867087,1.718474014399,
    -2.733974607173));
#4611 = CARTESIAN_POINT('',(-2.545584324645,2.545584499898,
    -2.833974607173));
#4612 = CARTESIAN_POINT('',(-1.718473782203,3.372694985397,
    -2.933974607173));
#4613 = CARTESIAN_POINT('',(-0.563163951748,3.555678045528,
    -3.033974607173));
#4614 = CARTESIAN_POINT('',(0.592145878707,3.73866110566,-3.133974607173
    ));
#4615 = CARTESIAN_POINT('',(1.634365909478,3.207623430819,
    -3.233974607173));
#4616 = CARTESIAN_POINT('',(2.676585940249,2.676585755978,
    -3.333974607173));
#4617 = CARTESIAN_POINT('',(3.207623543338,1.634365688647,
    -3.433974607173));
#4618 = CARTESIAN_POINT('',(3.738661146426,0.592145621316,
    -3.533974607173));
#4619 = CARTESIAN_POINT('',(3.555678006757,-0.563164196541,
    -3.633974607173));
#4620 = CARTESIAN_POINT('',(3.372694867087,-1.718474014399,
    -3.733974607173));
#4621 = CARTESIAN_POINT('',(2.545584324645,-2.545584499898,
    -3.833974607173));
#4622 = CARTESIAN_POINT('',(1.718473782203,-3.372694985397,
    -3.933974607173));
#4623 = CARTESIAN_POINT('',(0.563163951748,-3.555678045528,
    -4.033974607173));
#4624 = CARTESIAN_POINT('',(-0.592145878707,-3.73866110566,
    -4.133974607173));
#4625 = CARTESIAN_POINT('',(-1.634365909478,-3.207623430819,
    -4.233974607173));
#4626 = CARTESIAN_POINT('',(-2.676585940249,-2.676585755978,
    -4.333974607173));
#4627 = CARTESIAN_POINT('',(-3.207623543338,-1.634365688647,
    -4.433974607173));
#4628 = CARTESIAN_POINT('',(-3.738661146426,-0.592145621316,
    -4.533974607173));
#4629 = CARTESIAN_POINT('',(-3.555678006757,0.563164196541,
    -4.633974607173));
#4630 = CARTESIAN_POINT('',(-3.372694867087,1.718474014399,
    -4.733974607173));
#4631 = CARTESIAN_POINT('',(-2.545584324645,2.545584499898,
    -4.833974607173));
#4632 = CARTESIAN_POINT('',(-4.099999999585,-5.836745599459E-05,
    9.549381293898));
#4633 = CARTESIAN_POINT('',(-4.100004593622,0.322648066003,
    9.524224093377));
#4634 = CARTESIAN_POINT('',(-4.049522174362,0.641381446061,
    9.499999989043));
#4635 = CARTESIAN_POINT('',(-3.841124709738,1.957150960843,
    9.399999989043));
#4636 = CARTESIAN_POINT('',(-2.899137703068,2.899137902661,
    9.299999989043));
#4637 = CARTESIAN_POINT('',(-1.957150696398,3.84112484448,9.199999989043
    ));
#4638 = CARTESIAN_POINT('',(-0.641381167269,4.049522218518,
    9.099999989043));
#4639 = CARTESIAN_POINT('',(0.67438836186,4.257919592557,8.999999989043)
  );
#4640 = CARTESIAN_POINT('',(1.861361174683,3.653126685099,8.899999989043
    ));
#4641 = CARTESIAN_POINT('',(3.048333987506,3.048333777641,8.799999989043
    ));
#4642 = CARTESIAN_POINT('',(3.653126813246,1.861360923181,8.699999989043
    ));
#4643 = CARTESIAN_POINT('',(4.257919638985,0.674388068721,8.599999989043
    ));
#4644 = CARTESIAN_POINT('',(4.049522174362,-0.641381446061,
    8.499999989043));
#4645 = CARTESIAN_POINT('',(3.841124709738,-1.957150960843,
    8.399999989043));
#4646 = CARTESIAN_POINT('',(2.899137703068,-2.899137902661,
    8.299999989043));
#4647 = CARTESIAN_POINT('',(1.957150696398,-3.84112484448,8.199999989043
    ));
#4648 = CARTESIAN_POINT('',(0.641381167269,-4.049522218518,
    8.099999989043));
#4649 = CARTESIAN_POINT('',(-0.67438836186,-4.257919592557,
    7.999999989043));
#4650 = CARTESIAN_POINT('',(-1.861361174683,-3.653126685099,
    7.899999989043));
#4651 = CARTESIAN_POINT('',(-3.048333987506,-3.048333777641,
    7.799999989043));
#4652 = CARTESIAN_POINT('',(-3.653126813246,-1.861360923181,
    7.699999989043));
#4653 = CARTESIAN_POINT('',(-4.257919638985,-0.674388068721,
    7.599999989043));
#4654 = CARTESIAN_POINT('',(-4.049522174362,0.641381446061,
    7.499999989043));
#4655 = CARTESIAN_POINT('',(-3.841124709738,1.957150960843,
    7.399999989043));
#4656 = CARTESIAN_POINT('',(-2.899137703068,2.899137902661,
    7.299999989043));
#4657 = CARTESIAN_POINT('',(-1.957150696398,3.84112484448,7.199999989043
    ));
#4658 = CARTESIAN_POINT('',(-0.641381167269,4.049522218518,
    7.099999989043));
#4659 = CARTESIAN_POINT('',(0.67438836186,4.257919592557,6.999999989043)
  );
#4660 = CARTESIAN_POINT('',(1.861361174683,3.653126685099,6.899999989043
    ));
#4661 = CARTESIAN_POINT('',(3.048333987506,3.048333777641,6.799999989043
    ));
#4662 = CARTESIAN_POINT('',(3.653126813246,1.861360923181,6.699999989043
    ));
#4663 = CARTESIAN_POINT('',(4.257919638985,0.674388068721,6.599999989043
    ));
#4664 = CARTESIAN_POINT('',(4.049522174362,-0.641381446061,
    6.499999989043));
#4665 = CARTESIAN_POINT('',(3.841124709738,-1.957150960843,
    6.399999989043));
#4666 = CARTESIAN_POINT('',(2.899137703068,-2.899137902661,
    6.299999989043));
#4667 = CARTESIAN_POINT('',(1.957150696398,-3.84112484448,6.199999989043
    ));
#4668 = CARTESIAN_POINT('',(0.641381167269,-4.049522218518,
    6.099999989043));
#4669 = CARTESIAN_POINT('',(-0.67438836186,-4.257919592557,
    5.999999989043));
#4670 = CARTESIAN_POINT('',(-1.861361174683,-3.653126685099,
    5.899999989043));
#4671 = CARTESIAN_POINT('',(-3.048333987506,-3.048333777641,
    5.799999989043));
#4672 = CARTESIAN_POINT('',(-3.653126813246,-1.861360923181,
    5.699999989043));
#4673 = CARTESIAN_POINT('',(-4.257919638985,-0.674388068721,
    5.599999989043));
#4674 = CARTESIAN_POINT('',(-4.049522174362,0.641381446061,
    5.499999989043));
#4675 = CARTESIAN_POINT('',(-3.841124709738,1.957150960843,
    5.399999989043));
#4676 = CARTESIAN_POINT('',(-2.899137703068,2.899137902661,
    5.299999989043));
#4677 = CARTESIAN_POINT('',(-1.957150696398,3.84112484448,5.199999989043
    ));
#4678 = CARTESIAN_POINT('',(-0.641381167269,4.049522218518,
    5.099999989043));
#4679 = CARTESIAN_POINT('',(0.67438836186,4.257919592557,4.999999989043)
  );
#4680 = CARTESIAN_POINT('',(1.861361174683,3.653126685099,4.899999989043
    ));
#4681 = CARTESIAN_POINT('',(3.048333987506,3.048333777641,4.799999989043
    ));
#4682 = CARTESIAN_POINT('',(3.653126813246,1.861360923181,4.699999989043
    ));
#4683 = CARTESIAN_POINT('',(4.257919638985,0.674388068721,4.599999989043
    ));
#4684 = CARTESIAN_POINT('',(4.049522174362,-0.641381446061,
    4.499999989043));
#4685 = CARTESIAN_POINT('',(3.841124709738,-1.957150960843,
    4.399999989043));
#4686 = CARTESIAN_POINT('',(2.899137703068,-2.899137902661,
    4.299999989043));
#4687 = CARTESIAN_POINT('',(1.957150696398,-3.84112484448,4.199999989043
    ));
#4688 = CARTESIAN_POINT('',(0.641381167269,-4.049522218518,
    4.099999989043));
#4689 = CARTESIAN_POINT('',(-0.67438836186,-4.257919592557,
    3.999999989043));
#4690 = CARTESIAN_POINT('',(-1.861361174683,-3.653126685099,
    3.899999989043));
#4691 = CARTESIAN_POINT('',(-3.048333987506,-3.048333777641,
    3.799999989043));
#4692 = CARTESIAN_POINT('',(-3.653126813246,-1.861360923181,
    3.699999989043));
#4693 = CARTESIAN_POINT('',(-4.257919638985,-0.674388068721,
    3.599999989043));
#4694 = CARTESIAN_POINT('',(-4.049522174362,0.641381446061,
    3.499999989043));
#4695 = CARTESIAN_POINT('',(-3.841124709738,1.957150960843,
    3.399999989043));
#4696 = CARTESIAN_POINT('',(-2.899137703068,2.899137902661,
    3.299999989043));
#4697 = CARTESIAN_POINT('',(-1.957150696398,3.84112484448,3.199999989043
    ));
#4698 = CARTESIAN_POINT('',(-0.641381167269,4.049522218518,
    3.099999989043));
#4699 = CARTESIAN_POINT('',(0.67438836186,4.257919592557,2.999999989043)
  );
#4700 = CARTESIAN_POINT('',(1.861361174683,3.653126685099,2.899999989043
    ));
#4701 = CARTESIAN_POINT('',(3.048333987506,3.048333777641,2.799999989043
    ));
#4702 = CARTESIAN_POINT('',(3.653126813246,1.861360923181,2.699999989043
    ));
#4703 = CARTESIAN_POINT('',(4.257919638985,0.674388068721,2.599999989043
    ));
#4704 = CARTESIAN_POINT('',(4.049522174362,-0.641381446061,
    2.499999989043));
#4705 = CARTESIAN_POINT('',(3.841124709738,-1.957150960843,
    2.399999989043));
#4706 = CARTESIAN_POINT('',(2.899137703068,-2.899137902661,
    2.299999989043));
#4707 = CARTESIAN_POINT('',(1.957150696398,-3.84112484448,2.199999989043
    ));
#4708 = CARTESIAN_POINT('',(0.641381167269,-4.049522218518,
    2.099999989043));
#4709 = CARTESIAN_POINT('',(-0.67438836186,-4.257919592557,
    1.999999989043));
#4710 = CARTESIAN_POINT('',(-1.861361174683,-3.653126685099,
    1.899999989043));
#4711 = CARTESIAN_POINT('',(-3.048333987506,-3.048333777641,
    1.799999989043));
#4712 = CARTESIAN_POINT('',(-3.653126813246,-1.861360923181,
    1.699999989043));
#4713 = CARTESIAN_POINT('',(-4.257919638985,-0.674388068721,
    1.599999989043));
#4714 = CARTESIAN_POINT('',(-4.049522174362,0.641381446061,
    1.499999989043));
#4715 = CARTESIAN_POINT('',(-3.841124709738,1.957150960843,
    1.399999989043));
#4716 = CARTESIAN_POINT('',(-2.899137703068,2.899137902661,
    1.299999989043));
#4717 = CARTESIAN_POINT('',(-1.957150696398,3.84112484448,1.199999989043
    ));
#4718 = CARTESIAN_POINT('',(-0.641381167269,4.049522218518,
    1.099999989043));
#4719 = CARTESIAN_POINT('',(0.67438836186,4.257919592557,0.999999989043)
  );
#4720 = CARTESIAN_POINT('',(1.861361174683,3.653126685099,0.899999989043
    ));
#4721 = CARTESIAN_POINT('',(3.048333987506,3.048333777641,0.799999989043
    ));
#4722 = CARTESIAN_POINT('',(3.653126813246,1.861360923181,0.699999989043
    ));
#4723 = CARTESIAN_POINT('',(4.257919638985,0.674388068721,0.599999989043
    ));
#4724 = CARTESIAN_POINT('',(4.049522174362,-0.641381446061,
    0.499999989043));
#4725 = CARTESIAN_POINT('',(3.841124709738,-1.957150960843,
    0.399999989043));
#4726 = CARTESIAN_POINT('',(2.899137703068,-2.899137902661,
    0.299999989043));
#4727 = CARTESIAN_POINT('',(1.957150696398,-3.84112484448,0.199999989043
    ));
#4728 = CARTESIAN_POINT('',(0.641381167269,-4.049522218518,
    9.999998904288E-02));
#4729 = CARTESIAN_POINT('',(-0.67438836186,-4.257919592557,
    -1.095712409693E-08));
#4730 = CARTESIAN_POINT('',(-1.861361174683,-3.653126685099,
    -0.100000010957));
#4731 = CARTESIAN_POINT('',(-3.048333987506,-3.048333777641,
    -0.200000010957));
#4732 = CARTESIAN_POINT('',(-3.653126813246,-1.861360923181,
    -0.300000010957));
#4733 = CARTESIAN_POINT('',(-4.257919638985,-0.674388068721,
    -0.400000010957));
#4734 = CARTESIAN_POINT('',(-4.049522174362,0.641381446061,
    -0.500000010957));
#4735 = CARTESIAN_POINT('',(-3.841124709738,1.957150960843,
    -0.600000010957));
#4736 = CARTESIAN_POINT('',(-2.899137703068,2.899137902661,
    -0.700000010957));
#4737 = CARTESIAN_POINT('',(-1.957150696398,3.84112484448,
    -0.800000010957));
#4738 = CARTESIAN_POINT('',(-0.641381167269,4.049522218518,
    -0.900000010957));
#4739 = CARTESIAN_POINT('',(0.67438836186,4.257919592557,-1.000000010957
    ));
#4740 = CARTESIAN_POINT('',(1.861361174683,3.653126685099,
    -1.100000010957));
#4741 = CARTESIAN_POINT('',(3.048333987506,3.048333777641,
    -1.200000010957));
#4742 = CARTESIAN_POINT('',(3.653126813246,1.861360923181,
    -1.300000010957));
#4743 = CARTESIAN_POINT('',(4.257919638985,0.674388068721,
    -1.400000010957));
#4744 = CARTESIAN_POINT('',(4.049522174362,-0.641381446061,
    -1.500000010957));
#4745 = CARTESIAN_POINT('',(3.841124709738,-1.957150960843,
    -1.600000010957));
#4746 = CARTESIAN_POINT('',(2.899137703068,-2.899137902661,
    -1.700000010957));
#4747 = CARTESIAN_POINT('',(1.957150696398,-3.84112484448,
    -1.800000010957));
#4748 = CARTESIAN_POINT('',(0.641381167269,-4.049522218518,
    -1.900000010957));
#4749 = CARTESIAN_POINT('',(-0.67438836186,-4.257919592557,
    -2.000000010957));
#4750 = CARTESIAN_POINT('',(-1.861361174683,-3.653126685099,
    -2.100000010957));
#4751 = CARTESIAN_POINT('',(-3.048333987506,-3.048333777641,
    -2.200000010957));
#4752 = CARTESIAN_POINT('',(-3.653126813246,-1.861360923181,
    -2.300000010957));
#4753 = CARTESIAN_POINT('',(-4.257919638985,-0.674388068721,
    -2.400000010957));
#4754 = CARTESIAN_POINT('',(-4.049522174362,0.641381446061,
    -2.500000010957));
#4755 = CARTESIAN_POINT('',(-3.841124709738,1.957150960843,
    -2.600000010957));
#4756 = CARTESIAN_POINT('',(-2.899137703068,2.899137902661,
    -2.700000010957));
#4757 = CARTESIAN_POINT('',(-1.957150696398,3.84112484448,
    -2.800000010957));
#4758 = CARTESIAN_POINT('',(-0.641381167269,4.049522218518,
    -2.900000010957));
#4759 = CARTESIAN_POINT('',(0.67438836186,4.257919592557,-3.000000010957
    ));
#4760 = CARTESIAN_POINT('',(1.861361174683,3.653126685099,
    -3.100000010957));
#4761 = CARTESIAN_POINT('',(3.048333987506,3.048333777641,
    -3.200000010957));
#4762 = CARTESIAN_POINT('',(3.653126813246,1.861360923181,
    -3.300000010957));
#4763 = CARTESIAN_POINT('',(4.257919638985,0.674388068721,
    -3.400000010957));
#4764 = CARTESIAN_POINT('',(4.049522174362,-0.641381446061,
    -3.500000010957));
#4765 = CARTESIAN_POINT('',(3.841124709738,-1.957150960843,
    -3.600000010957));
#4766 = CARTESIAN_POINT('',(2.899137703068,-2.899137902661,
    -3.700000010957));
#4767 = CARTESIAN_POINT('',(1.957150696398,-3.84112484448,
    -3.800000010957));
#4768 = CARTESIAN_POINT('',(0.641381167269,-4.049522218518,
    -3.900000010957));
#4769 = CARTESIAN_POINT('',(-0.67438836186,-4.257919592557,
    -4.000000010957));
#4770 = CARTESIAN_POINT('',(-1.861361174683,-3.653126685099,
    -4.100000010957));
#4771 = CARTESIAN_POINT('',(-3.048333987506,-3.048333777641,
    -4.200000010957));
#4772 = CARTESIAN_POINT('',(-3.653126813246,-1.861360923181,
    -4.300000010957));
#4773 = CARTESIAN_POINT('',(-4.257919638985,-0.674388068721,
    -4.400000010957));
#4774 = CARTESIAN_POINT('',(-4.049522174362,0.641381446061,
    -4.500000010957));
#4775 = CARTESIAN_POINT('',(-3.841124709738,1.957150960843,
    -4.600000010957));
#4776 = CARTESIAN_POINT('',(-2.899137703068,2.899137902661,
    -4.700000010957));
#4777 = DEFINITIONAL_REPRESENTATION('',(#4778),#4782);
#4778 = LINE('',#4779,#4780);
#4779 = CARTESIAN_POINT('',(7.425175567033E-15,0.));
#4780 = VECTOR('',#4781,1.);
#4781 = DIRECTION('',(-2.410305506334E-14,1.));
#4782 = ( GEOMETRIC_REPRESENTATION_CONTEXT(2) 
PARAMETRIC_REPRESENTATION_CONTEXT() REPRESENTATION_CONTEXT('2D SPACE',''
  ) );
#4783 = ADVANCED_FACE('',(#4784),#4432,.F.);
#4784 = FACE_BOUND('',#4785,.F.);
#4785 = EDGE_LOOP('',(#4786,#4840,#4868,#4921));
#4786 = ORIENTED_EDGE('',*,*,#4787,.T.);
#4787 = EDGE_CURVE('',#4053,#4788,#4790,.T.);
#4788 = VERTEX_POINT('',#4789);
#4789 = CARTESIAN_POINT('',(-3.6,-1.467943733322E-08,6.583351341275));
#4790 = SURFACE_CURVE('',#4791,(#4805,#4834),.PCURVE_S1.);
#4791 = ( BOUNDED_CURVE() B_SPLINE_CURVE(2,(#4792,#4793,#4794,#4795,
    #4796,#4797,#4798,#4799,#4800,#4801,#4802,#4803,#4804),
.UNSPECIFIED.,.F.,.F.) B_SPLINE_CURVE_WITH_KNOTS((3,2,2,2,2,2,3),(
    0.649130274261,0.659634624673,0.673669403922,0.68770418317,
0.701738962419,0.715773741667,0.719304170048),.UNSPECIFIED.) CURVE() 
GEOMETRIC_REPRESENTATION_ITEM() RATIONAL_B_SPLINE_CURVE((0.981570635295,
    0.96336818028,1.,0.951056516295,1.,0.951056516295,1.,0.951056516295,
    1.,0.951056516295,1.,0.987688337602,0.981570636873)) 
REPRESENTATION_ITEM('') );
#4792 = CARTESIAN_POINT('',(3.6,4.410412574536E-08,5.583351343887));
#4793 = CARTESIAN_POINT('',(3.599999978823,0.864283508718,5.660085950404
    ));
#4794 = CARTESIAN_POINT('',(3.207623543338,1.634365688647,5.733974585258
    ));
#4795 = CARTESIAN_POINT('',(2.676585940249,2.676585755978,5.833974585258
    ));
#4796 = CARTESIAN_POINT('',(1.634365909478,3.207623430819,5.933974585258
    ));
#4797 = CARTESIAN_POINT('',(0.592145878707,3.73866110566,6.033974585258)
  );
#4798 = CARTESIAN_POINT('',(-0.563163951748,3.555678045528,
    6.133974585258));
#4799 = CARTESIAN_POINT('',(-1.718473782203,3.372694985397,
    6.233974585258));
#4800 = CARTESIAN_POINT('',(-2.545584324645,2.545584499898,
    6.333974585258));
#4801 = CARTESIAN_POINT('',(-3.372694867087,1.718474014399,
    6.433974585258));
#4802 = CARTESIAN_POINT('',(-3.555678006757,0.563164196541,
    6.533974585258));
#4803 = CARTESIAN_POINT('',(-3.600000001155,0.283326199619,
    6.558196485964));
#4804 = CARTESIAN_POINT('',(-3.6,-1.467943733322E-08,6.583351341275));
#4805 = PCURVE('',#4432,#4806);
#4806 = DEFINITIONAL_REPRESENTATION('',(#4807),#4833);
#4807 = B_SPLINE_CURVE_WITH_KNOTS('',3,(#4808,#4809,#4810,#4811,#4812,
    #4813,#4814,#4815,#4816,#4817,#4818,#4819,#4820,#4821,#4822,#4823,
    #4824,#4825,#4826,#4827,#4828,#4829,#4830,#4831,#4832),
  .UNSPECIFIED.,.F.,.F.,(4,1,1,1,1,1,1,1,1,1,1,1,1,1,1,1,1,1,1,1,1,1,4),
  (0.649130274261,0.652319996797,0.655509719333,0.658699441869,
    0.661889164404,0.66507888694,0.668268609476,0.671458332012,
    0.674648054547,0.677837777083,0.681027499619,0.684217222155,
    0.68740694469,0.690596667226,0.693786389762,0.696976112298,
    0.700165834833,0.703355557369,0.706545279905,0.709735002441,
    0.712924724976,0.716114447512,0.719304170048),
  .QUASI_UNIFORM_KNOTS.);
#4808 = CARTESIAN_POINT('',(3.141592641339,4.416648656113));
#4809 = CARTESIAN_POINT('',(3.093891998454,4.401401415255));
#4810 = CARTESIAN_POINT('',(2.997961100761,4.370397271133));
#4811 = CARTESIAN_POINT('',(2.853880312126,4.323710721719));
#4812 = CARTESIAN_POINT('',(2.711296006278,4.27847140282));
#4813 = CARTESIAN_POINT('',(2.570921248894,4.235330694016));
#4814 = CARTESIAN_POINT('',(2.427237489405,4.189037688908));
#4815 = CARTESIAN_POINT('',(2.283188108147,4.142376933795));
#4816 = CARTESIAN_POINT('',(2.139527324761,4.096106134892));
#4817 = CARTESIAN_POINT('',(1.999181138206,4.052992561331));
#4818 = CARTESIAN_POINT('',(1.856540096162,4.007699110546));
#4819 = CARTESIAN_POINT('',(1.712490677696,3.961042253435));
#4820 = CARTESIAN_POINT('',(1.56847700263,3.914424350658));
#4821 = CARTESIAN_POINT('',(1.426680236558,3.869934531393));
#4822 = CARTESIAN_POINT('',(1.285717753513,3.826236133321));
#4823 = CARTESIAN_POINT('',(1.141785590864,3.779701251238));
#4824 = CARTESIAN_POINT('',(0.997735158585,3.733040600465));
#4825 = CARTESIAN_POINT('',(0.854517755408,3.687196120722));
#4826 = CARTESIAN_POINT('',(0.714351369672,3.644253253383));
#4827 = CARTESIAN_POINT('',(0.571098484976,3.598374745217));
#4828 = CARTESIAN_POINT('',(0.427046061258,3.551712100693));
#4829 = CARTESIAN_POINT('',(0.283133011698,3.505195645161));
#4830 = CARTESIAN_POINT('',(0.142192804343,3.461518875639));
#4831 = CARTESIAN_POINT('',(4.769671797588E-02,3.431890987878));
#4832 = CARTESIAN_POINT('',(0.,3.416648658725));
#4833 = ( GEOMETRIC_REPRESENTATION_CONTEXT(2) 
PARAMETRIC_REPRESENTATION_CONTEXT() REPRESENTATION_CONTEXT('2D SPACE',''
  ) );
#4834 = PCURVE('',#4096,#4835);
#4835 = DEFINITIONAL_REPRESENTATION('',(#4836),#4839);
#4836 = B_SPLINE_CURVE_WITH_KNOTS('',1,(#4837,#4838),.UNSPECIFIED.,.F.,
  .F.,(2,2),(0.649130274261,0.719304170048),.PIECEWISE_BEZIER_KNOTS.);
#4837 = CARTESIAN_POINT('',(1.,0.421855642953));
#4838 = CARTESIAN_POINT('',(1.,0.359355643115));
#4839 = ( GEOMETRIC_REPRESENTATION_CONTEXT(2) 
PARAMETRIC_REPRESENTATION_CONTEXT() REPRESENTATION_CONTEXT('2D SPACE',''
  ) );
#4840 = ORIENTED_EDGE('',*,*,#4841,.F.);
#4841 = EDGE_CURVE('',#4842,#4788,#4844,.T.);
#4842 = VERTEX_POINT('',#4843);
#4843 = CARTESIAN_POINT('',(-3.6,2.26434488705E-15,7.41540214754));
#4844 = SURFACE_CURVE('',#4845,(#4849,#4856),.PCURVE_S1.);
#4845 = LINE('',#4846,#4847);
#4846 = CARTESIAN_POINT('',(-3.6,0.,10.));
#4847 = VECTOR('',#4848,1.);
#4848 = DIRECTION('',(-0.,-0.,-1.));
#4849 = PCURVE('',#4432,#4850);
#4850 = DEFINITIONAL_REPRESENTATION('',(#4851),#4855);
#4851 = LINE('',#4852,#4853);
#4852 = CARTESIAN_POINT('',(0.,0.));
#4853 = VECTOR('',#4854,1.);
#4854 = DIRECTION('',(0.,1.));
#4855 = ( GEOMETRIC_REPRESENTATION_CONTEXT(2) 
PARAMETRIC_REPRESENTATION_CONTEXT() REPRESENTATION_CONTEXT('2D SPACE',''
  ) );
#4856 = PCURVE('',#4857,#4862);
#4857 = CYLINDRICAL_SURFACE('',#4858,3.6);
#4858 = AXIS2_PLACEMENT_3D('',#4859,#4860,#4861);
#4859 = CARTESIAN_POINT('',(0.,0.,10.));
#4860 = DIRECTION('',(-0.,-0.,-1.));
#4861 = DIRECTION('',(-1.,0.,0.));
#4862 = DEFINITIONAL_REPRESENTATION('',(#4863),#4867);
#4863 = LINE('',#4864,#4865);
#4864 = CARTESIAN_POINT('',(6.28318530718,0.));
#4865 = VECTOR('',#4866,1.);
#4866 = DIRECTION('',(0.,1.));
#4867 = ( GEOMETRIC_REPRESENTATION_CONTEXT(2) 
PARAMETRIC_REPRESENTATION_CONTEXT() REPRESENTATION_CONTEXT('2D SPACE',''
  ) );
#4868 = ORIENTED_EDGE('',*,*,#4869,.T.);
#4869 = EDGE_CURVE('',#4842,#4417,#4870,.T.);
#4870 = SURFACE_CURVE('',#4871,(#4885,#4914),.PCURVE_S1.);
#4871 = ( BOUNDED_CURVE() B_SPLINE_CURVE(2,(#4872,#4873,#4874,#4875,
    #4876,#4877,#4878,#4879,#4880,#4881,#4882,#4883,#4884),
.UNSPECIFIED.,.F.,.F.) B_SPLINE_CURVE_WITH_KNOTS((3,2,2,2,2,2,3),(
    0.234355643196,0.2375,0.25,0.2625,0.275,0.2875,0.296855643196),
.UNSPECIFIED.) CURVE() GEOMETRIC_REPRESENTATION_ITEM() 
RATIONAL_B_SPLINE_CURVE((0.981570637188,0.987688337919,1.,0.951056516295
    ,1.,0.951056516295,1.,0.951056516295,1.,0.951056516295,1.,
0.963368178376,0.981570637188)) REPRESENTATION_ITEM('') );
#4872 = CARTESIAN_POINT('',(-3.6,2.26434488705E-15,7.41540214754));
#4873 = CARTESIAN_POINT('',(-3.6,0.283326206913,7.390247292901));
#4874 = CARTESIAN_POINT('',(-3.555678006757,0.563164196541,
    7.366025392827));
#4875 = CARTESIAN_POINT('',(-3.372694867087,1.718474014399,
    7.266025392827));
#4876 = CARTESIAN_POINT('',(-2.545584324645,2.545584499898,
    7.166025392827));
#4877 = CARTESIAN_POINT('',(-1.718473782203,3.372694985397,
    7.066025392827));
#4878 = CARTESIAN_POINT('',(-0.563163951748,3.555678045528,
    6.966025392827));
#4879 = CARTESIAN_POINT('',(0.592145878707,3.73866110566,6.866025392827)
  );
#4880 = CARTESIAN_POINT('',(1.634365909478,3.207623430819,6.766025392827
    ));
#4881 = CARTESIAN_POINT('',(2.676585940249,2.676585755978,6.666025392827
    ));
#4882 = CARTESIAN_POINT('',(3.207623543338,1.634365688647,6.566025392827
    ));
#4883 = CARTESIAN_POINT('',(3.6,0.864283467156,6.492136753985));
#4884 = CARTESIAN_POINT('',(3.6,-3.948796571319E-15,6.41540214754));
#4885 = PCURVE('',#4432,#4886);
#4886 = DEFINITIONAL_REPRESENTATION('',(#4887),#4913);
#4887 = B_SPLINE_CURVE_WITH_KNOTS('',3,(#4888,#4889,#4890,#4891,#4892,
    #4893,#4894,#4895,#4896,#4897,#4898,#4899,#4900,#4901,#4902,#4903,
    #4904,#4905,#4906,#4907,#4908,#4909,#4910,#4911,#4912),
  .UNSPECIFIED.,.F.,.F.,(4,1,1,1,1,1,1,1,1,1,1,1,1,1,1,1,1,1,1,1,1,1,4),
  (0.234355643196,0.237196552287,0.240037461378,0.242878370469,
    0.245719279559,0.24856018865,0.251401097741,0.254242006832,
    0.257082915923,0.259923825014,0.262764734105,0.265605643196,
    0.268446552287,0.271287461378,0.274128370469,0.276969279559,
    0.27981018865,0.282651097741,0.285492006832,0.288332915923,
    0.291173825014,0.294014734105,0.296855643196),
  .QUASI_UNIFORM_KNOTS.);
#4888 = CARTESIAN_POINT('',(0.,2.58459785246));
#4889 = CARTESIAN_POINT('',(4.769672070855E-02,2.599840181646));
#4890 = CARTESIAN_POINT('',(0.142192809978,2.629468069569));
#4891 = CARTESIAN_POINT('',(0.283133017427,2.67314483948));
#4892 = CARTESIAN_POINT('',(0.42704606822,2.719661295363));
#4893 = CARTESIAN_POINT('',(0.571098492808,2.766323940192));
#4894 = CARTESIAN_POINT('',(0.7143513783,2.812202448509));
#4895 = CARTESIAN_POINT('',(0.854517764935,2.855145316122));
#4896 = CARTESIAN_POINT('',(0.99773516923,2.900989796342));
#4897 = CARTESIAN_POINT('',(1.141785602445,2.947650447421));
#4898 = CARTESIAN_POINT('',(1.285717765969,2.994185329747));
#4899 = CARTESIAN_POINT('',(1.42668024957,3.037883727762));
#4900 = CARTESIAN_POINT('',(1.568477016979,3.082373547713));
#4901 = CARTESIAN_POINT('',(1.712490693014,3.128991450827));
#4902 = CARTESIAN_POINT('',(1.856540112412,3.175648308236));
#4903 = CARTESIAN_POINT('',(1.99918115497,3.220941758923));
#4904 = CARTESIAN_POINT('',(2.139527342663,3.264055332978));
#4905 = CARTESIAN_POINT('',(2.283188127204,3.3103261324));
#4906 = CARTESIAN_POINT('',(2.427237509421,3.356986887826));
#4907 = CARTESIAN_POINT('',(2.570921269524,3.403279892976));
#4908 = CARTESIAN_POINT('',(2.711296027817,3.446420601879));
#4909 = CARTESIAN_POINT('',(2.853880333503,3.491659921029));
#4910 = CARTESIAN_POINT('',(2.997961118957,3.538346469471));
#4911 = CARTESIAN_POINT('',(3.093892012958,3.569350612375));
#4912 = CARTESIAN_POINT('',(3.14159265359,3.58459785246));
#4913 = ( GEOMETRIC_REPRESENTATION_CONTEXT(2) 
PARAMETRIC_REPRESENTATION_CONTEXT() REPRESENTATION_CONTEXT('2D SPACE',''
  ) );
#4914 = PCURVE('',#4486,#4915);
#4915 = DEFINITIONAL_REPRESENTATION('',(#4916),#4920);
#4916 = LINE('',#4917,#4918);
#4917 = CARTESIAN_POINT('',(1.002207856057E-14,0.));
#4918 = VECTOR('',#4919,1.);
#4919 = DIRECTION('',(-3.715055208595E-14,1.));
#4920 = ( GEOMETRIC_REPRESENTATION_CONTEXT(2) 
PARAMETRIC_REPRESENTATION_CONTEXT() REPRESENTATION_CONTEXT('2D SPACE',''
  ) );
#4921 = ORIENTED_EDGE('',*,*,#4416,.T.);
#4922 = ADVANCED_FACE('',(#4923),#4937,.F.);
#4923 = FACE_BOUND('',#4924,.F.);
#4924 = EDGE_LOOP('',(#4925,#4960,#4984,#5007));
#4925 = ORIENTED_EDGE('',*,*,#4926,.T.);
#4926 = EDGE_CURVE('',#4927,#4929,#4931,.T.);
#4927 = VERTEX_POINT('',#4928);
#4928 = CARTESIAN_POINT('',(4.,-5.986100377806,5.6));
#4929 = VERTEX_POINT('',#4930);
#4930 = CARTESIAN_POINT('',(0.5,-5.986100377806,5.6));
#4931 = SURFACE_CURVE('',#4932,(#4936,#4948),.PCURVE_S1.);
#4932 = LINE('',#4933,#4934);
#4933 = CARTESIAN_POINT('',(9.,-5.986100377806,5.6));
#4934 = VECTOR('',#4935,1.);
#4935 = DIRECTION('',(-1.,-0.,-0.));
#4936 = PCURVE('',#4937,#4942);
#4937 = CYLINDRICAL_SURFACE('',#4938,1.6);
#4938 = AXIS2_PLACEMENT_3D('',#4939,#4940,#4941);
#4939 = CARTESIAN_POINT('',(9.,-5.986100377806,4.));
#4940 = DIRECTION('',(-1.,-0.,-0.));
#4941 = DIRECTION('',(-0.,0.,1.));
#4942 = DEFINITIONAL_REPRESENTATION('',(#4943),#4947);
#4943 = LINE('',#4944,#4945);
#4944 = CARTESIAN_POINT('',(6.28318530718,0.));
#4945 = VECTOR('',#4946,1.);
#4946 = DIRECTION('',(0.,1.));
#4947 = ( GEOMETRIC_REPRESENTATION_CONTEXT(2) 
PARAMETRIC_REPRESENTATION_CONTEXT() REPRESENTATION_CONTEXT('2D SPACE',''
  ) );
#4948 = PCURVE('',#4949,#4954);
#4949 = CYLINDRICAL_SURFACE('',#4950,1.6);
#4950 = AXIS2_PLACEMENT_3D('',#4951,#4952,#4953);
#4951 = CARTESIAN_POINT('',(9.,-5.986100377806,4.));
#4952 = DIRECTION('',(-1.,-0.,-0.));
#4953 = DIRECTION('',(-0.,0.,1.));
#4954 = DEFINITIONAL_REPRESENTATION('',(#4955),#4959);
#4955 = LINE('',#4956,#4957);
#4956 = CARTESIAN_POINT('',(0.,0.));
#4957 = VECTOR('',#4958,1.);
#4958 = DIRECTION('',(0.,1.));
#4959 = ( GEOMETRIC_REPRESENTATION_CONTEXT(2) 
PARAMETRIC_REPRESENTATION_CONTEXT() REPRESENTATION_CONTEXT('2D SPACE',''
  ) );
#4960 = ORIENTED_EDGE('',*,*,#4961,.T.);
#4961 = EDGE_CURVE('',#4929,#4962,#4964,.T.);
#4962 = VERTEX_POINT('',#4963);
#4963 = CARTESIAN_POINT('',(0.5,-5.986100377806,2.4));
#4964 = SURFACE_CURVE('',#4965,(#4970,#4977),.PCURVE_S1.);
#4965 = CIRCLE('',#4966,1.6);
#4966 = AXIS2_PLACEMENT_3D('',#4967,#4968,#4969);
#4967 = CARTESIAN_POINT('',(0.5,-5.986100377806,4.));
#4968 = DIRECTION('',(1.,-0.,0.));
#4969 = DIRECTION('',(0.,0.,-1.));
#4970 = PCURVE('',#4937,#4971);
#4971 = DEFINITIONAL_REPRESENTATION('',(#4972),#4976);
#4972 = LINE('',#4973,#4974);
#4973 = CARTESIAN_POINT('',(9.424777960769,8.5));
#4974 = VECTOR('',#4975,1.);
#4975 = DIRECTION('',(-1.,0.));
#4976 = ( GEOMETRIC_REPRESENTATION_CONTEXT(2) 
PARAMETRIC_REPRESENTATION_CONTEXT() REPRESENTATION_CONTEXT('2D SPACE',''
  ) );
#4977 = PCURVE('',#543,#4978);
#4978 = DEFINITIONAL_REPRESENTATION('',(#4979),#4983);
#4979 = CIRCLE('',#4980,1.6);
#4980 = AXIS2_PLACEMENT_2D('',#4981,#4982);
#4981 = CARTESIAN_POINT('',(-4.184740477399,3.016973994418));
#4982 = DIRECTION('',(1.,0.));
#4983 = ( GEOMETRIC_REPRESENTATION_CONTEXT(2) 
PARAMETRIC_REPRESENTATION_CONTEXT() REPRESENTATION_CONTEXT('2D SPACE',''
  ) );
#4984 = ORIENTED_EDGE('',*,*,#4985,.F.);
#4985 = EDGE_CURVE('',#4986,#4962,#4988,.T.);
#4986 = VERTEX_POINT('',#4987);
#4987 = CARTESIAN_POINT('',(4.,-5.986100377806,2.4));
#4988 = SURFACE_CURVE('',#4989,(#4993,#5000),.PCURVE_S1.);
#4989 = LINE('',#4990,#4991);
#4990 = CARTESIAN_POINT('',(9.,-5.986100377806,2.4));
#4991 = VECTOR('',#4992,1.);
#4992 = DIRECTION('',(-1.,-0.,-0.));
#4993 = PCURVE('',#4937,#4994);
#4994 = DEFINITIONAL_REPRESENTATION('',(#4995),#4999);
#4995 = LINE('',#4996,#4997);
#4996 = CARTESIAN_POINT('',(3.14159265359,0.));
#4997 = VECTOR('',#4998,1.);
#4998 = DIRECTION('',(0.,1.));
#4999 = ( GEOMETRIC_REPRESENTATION_CONTEXT(2) 
PARAMETRIC_REPRESENTATION_CONTEXT() REPRESENTATION_CONTEXT('2D SPACE',''
  ) );
#5000 = PCURVE('',#4949,#5001);
#5001 = DEFINITIONAL_REPRESENTATION('',(#5002),#5006);
#5002 = LINE('',#5003,#5004);
#5003 = CARTESIAN_POINT('',(3.14159265359,0.));
#5004 = VECTOR('',#5005,1.);
#5005 = DIRECTION('',(0.,1.));
#5006 = ( GEOMETRIC_REPRESENTATION_CONTEXT(2) 
PARAMETRIC_REPRESENTATION_CONTEXT() REPRESENTATION_CONTEXT('2D SPACE',''
  ) );
#5007 = ORIENTED_EDGE('',*,*,#5008,.T.);
#5008 = EDGE_CURVE('',#4986,#4927,#5009,.T.);
#5009 = SURFACE_CURVE('',#5010,(#5015,#5022),.PCURVE_S1.);
#5010 = CIRCLE('',#5011,1.6);
#5011 = AXIS2_PLACEMENT_3D('',#5012,#5013,#5014);
#5012 = CARTESIAN_POINT('',(4.,-5.986100377806,4.));
#5013 = DIRECTION('',(-1.,-0.,-0.));
#5014 = DIRECTION('',(0.,0.,-1.));
#5015 = PCURVE('',#4937,#5016);
#5016 = DEFINITIONAL_REPRESENTATION('',(#5017),#5021);
#5017 = LINE('',#5018,#5019);
#5018 = CARTESIAN_POINT('',(3.14159265359,5.));
#5019 = VECTOR('',#5020,1.);
#5020 = DIRECTION('',(1.,0.));
#5021 = ( GEOMETRIC_REPRESENTATION_CONTEXT(2) 
PARAMETRIC_REPRESENTATION_CONTEXT() REPRESENTATION_CONTEXT('2D SPACE',''
  ) );
#5022 = PCURVE('',#148,#5023);
#5023 = DEFINITIONAL_REPRESENTATION('',(#5024),#5032);
#5024 = ( BOUNDED_CURVE() B_SPLINE_CURVE(2,(#5025,#5026,#5027,#5028,
#5029,#5030,#5031),.UNSPECIFIED.,.T.,.F.) B_SPLINE_CURVE_WITH_KNOTS((1,2
    ,2,2,2,1),(-2.094395102393,0.,2.094395102393,4.188790204786,
6.28318530718,8.377580409573),.UNSPECIFIED.) CURVE() 
GEOMETRIC_REPRESENTATION_ITEM() RATIONAL_B_SPLINE_CURVE((1.,0.5,1.,0.5,
1.,0.5,1.)) REPRESENTATION_ITEM('') );
#5025 = CARTESIAN_POINT('',(1.6,0.));
#5026 = CARTESIAN_POINT('',(1.6,-2.77128129211));
#5027 = CARTESIAN_POINT('',(-0.8,-1.385640646055));
#5028 = CARTESIAN_POINT('',(-3.2,-3.918869757272E-16));
#5029 = CARTESIAN_POINT('',(-0.8,1.385640646055));
#5030 = CARTESIAN_POINT('',(1.6,2.77128129211));
#5031 = CARTESIAN_POINT('',(1.6,0.));
#5032 = ( GEOMETRIC_REPRESENTATION_CONTEXT(2) 
PARAMETRIC_REPRESENTATION_CONTEXT() REPRESENTATION_CONTEXT('2D SPACE',''
  ) );
#5033 = ADVANCED_FACE('',(#5034),#4949,.F.);
#5034 = FACE_BOUND('',#5035,.F.);
#5035 = EDGE_LOOP('',(#5036,#5058,#5059,#5085));
#5036 = ORIENTED_EDGE('',*,*,#5037,.T.);
#5037 = EDGE_CURVE('',#4962,#4929,#5038,.T.);
#5038 = SURFACE_CURVE('',#5039,(#5044,#5051),.PCURVE_S1.);
#5039 = CIRCLE('',#5040,1.6);
#5040 = AXIS2_PLACEMENT_3D('',#5041,#5042,#5043);
#5041 = CARTESIAN_POINT('',(0.5,-5.986100377806,4.));
#5042 = DIRECTION('',(1.,-0.,0.));
#5043 = DIRECTION('',(0.,0.,-1.));
#5044 = PCURVE('',#4949,#5045);
#5045 = DEFINITIONAL_REPRESENTATION('',(#5046),#5050);
#5046 = LINE('',#5047,#5048);
#5047 = CARTESIAN_POINT('',(3.14159265359,8.5));
#5048 = VECTOR('',#5049,1.);
#5049 = DIRECTION('',(-1.,0.));
#5050 = ( GEOMETRIC_REPRESENTATION_CONTEXT(2) 
PARAMETRIC_REPRESENTATION_CONTEXT() REPRESENTATION_CONTEXT('2D SPACE',''
  ) );
#5051 = PCURVE('',#543,#5052);
#5052 = DEFINITIONAL_REPRESENTATION('',(#5053),#5057);
#5053 = CIRCLE('',#5054,1.6);
#5054 = AXIS2_PLACEMENT_2D('',#5055,#5056);
#5055 = CARTESIAN_POINT('',(-4.184740477399,3.016973994418));
#5056 = DIRECTION('',(1.,0.));
#5057 = ( GEOMETRIC_REPRESENTATION_CONTEXT(2) 
PARAMETRIC_REPRESENTATION_CONTEXT() REPRESENTATION_CONTEXT('2D SPACE',''
  ) );
#5058 = ORIENTED_EDGE('',*,*,#4926,.F.);
#5059 = ORIENTED_EDGE('',*,*,#5060,.T.);
#5060 = EDGE_CURVE('',#4927,#4986,#5061,.T.);
#5061 = SURFACE_CURVE('',#5062,(#5067,#5074),.PCURVE_S1.);
#5062 = CIRCLE('',#5063,1.6);
#5063 = AXIS2_PLACEMENT_3D('',#5064,#5065,#5066);
#5064 = CARTESIAN_POINT('',(4.,-5.986100377806,4.));
#5065 = DIRECTION('',(-1.,-0.,-0.));
#5066 = DIRECTION('',(0.,0.,-1.));
#5067 = PCURVE('',#4949,#5068);
#5068 = DEFINITIONAL_REPRESENTATION('',(#5069),#5073);
#5069 = LINE('',#5070,#5071);
#5070 = CARTESIAN_POINT('',(-3.14159265359,5.));
#5071 = VECTOR('',#5072,1.);
#5072 = DIRECTION('',(1.,0.));
#5073 = ( GEOMETRIC_REPRESENTATION_CONTEXT(2) 
PARAMETRIC_REPRESENTATION_CONTEXT() REPRESENTATION_CONTEXT('2D SPACE',''
  ) );
#5074 = PCURVE('',#148,#5075);
#5075 = DEFINITIONAL_REPRESENTATION('',(#5076),#5084);
#5076 = ( BOUNDED_CURVE() B_SPLINE_CURVE(2,(#5077,#5078,#5079,#5080,
#5081,#5082,#5083),.UNSPECIFIED.,.T.,.F.) B_SPLINE_CURVE_WITH_KNOTS((1,2
    ,2,2,2,1),(-2.094395102393,0.,2.094395102393,4.188790204786,
6.28318530718,8.377580409573),.UNSPECIFIED.) CURVE() 
GEOMETRIC_REPRESENTATION_ITEM() RATIONAL_B_SPLINE_CURVE((1.,0.5,1.,0.5,
1.,0.5,1.)) REPRESENTATION_ITEM('') );
#5077 = CARTESIAN_POINT('',(1.6,0.));
#5078 = CARTESIAN_POINT('',(1.6,-2.77128129211));
#5079 = CARTESIAN_POINT('',(-0.8,-1.385640646055));
#5080 = CARTESIAN_POINT('',(-3.2,-3.918869757272E-16));
#5081 = CARTESIAN_POINT('',(-0.8,1.385640646055));
#5082 = CARTESIAN_POINT('',(1.6,2.77128129211));
#5083 = CARTESIAN_POINT('',(1.6,0.));
#5084 = ( GEOMETRIC_REPRESENTATION_CONTEXT(2) 
PARAMETRIC_REPRESENTATION_CONTEXT() REPRESENTATION_CONTEXT('2D SPACE',''
  ) );
#5085 = ORIENTED_EDGE('',*,*,#4985,.T.);
#5086 = ADVANCED_FACE('',(#5087),#4857,.F.);
#5087 = FACE_BOUND('',#5088,.F.);
#5088 = EDGE_LOOP('',(#5089,#5160,#5183,#5230));
#5089 = ORIENTED_EDGE('',*,*,#5090,.T.);
#5090 = EDGE_CURVE('',#4788,#5091,#5093,.T.);
#5091 = VERTEX_POINT('',#5092);
#5092 = CARTESIAN_POINT('',(-0.5,-3.565108693995,7.039698219485));
#5093 = SURFACE_CURVE('',#5094,(#5102,#5131),.PCURVE_S1.);
#5094 = ( BOUNDED_CURVE() B_SPLINE_CURVE(2,(#5095,#5096,#5097,#5098,
#5099,#5100,#5101),.UNSPECIFIED.,.F.,.F.) B_SPLINE_CURVE_WITH_KNOTS((3,2
    ,2,3),(0.719304170048,0.729808520915,0.743843300164,0.751253702034),
.UNSPECIFIED.) CURVE() GEOMETRIC_REPRESENTATION_ITEM() 
RATIONAL_B_SPLINE_CURVE((0.981570636873,0.963368178693,1.,0.951056516295
,1.,0.974157706596,0.97560501654)) REPRESENTATION_ITEM('') );
#5095 = CARTESIAN_POINT('',(-3.6,-1.467943733322E-08,6.583351341275));
#5096 = CARTESIAN_POINT('',(-3.599999996476,-0.864283474073,
    6.66008594708));
#5097 = CARTESIAN_POINT('',(-3.207623543338,-1.634365688647,
    6.733974585258));
#5098 = CARTESIAN_POINT('',(-2.676585940249,-2.676585755978,
    6.833974585258));
#5099 = CARTESIAN_POINT('',(-1.634365909478,-3.207623430819,
    6.933974585258));
#5100 = CARTESIAN_POINT('',(-1.097120584122,-3.481363620004,
    6.985522752583));
#5101 = CARTESIAN_POINT('',(-0.5,-3.565108693995,7.039698219485));
#5102 = PCURVE('',#4857,#5103);
#5103 = DEFINITIONAL_REPRESENTATION('',(#5104),#5130);
#5104 = B_SPLINE_CURVE_WITH_KNOTS('',3,(#5105,#5106,#5107,#5108,#5109,
    #5110,#5111,#5112,#5113,#5114,#5115,#5116,#5117,#5118,#5119,#5120,
    #5121,#5122,#5123,#5124,#5125,#5126,#5127,#5128,#5129),
  .UNSPECIFIED.,.F.,.F.,(4,1,1,1,1,1,1,1,1,1,1,1,1,1,1,1,1,1,1,1,1,1,4),
  (0.719304170048,0.720756421502,0.722208672956,0.72366092441,
    0.725113175864,0.726565427317,0.728017678771,0.729469930225,
    0.730922181679,0.732374433133,0.733826684587,0.735278936041,
    0.736731187495,0.738183438949,0.739635690403,0.741087941857,
    0.742540193311,0.743992444765,0.745444696218,0.746896947672,
    0.748349199126,0.74980145058,0.751253702034),.QUASI_UNIFORM_KNOTS.);
#5105 = CARTESIAN_POINT('',(6.28318530718,3.416648658725));
#5106 = CARTESIAN_POINT('',(6.261468186924,3.409707607779));
#5107 = CARTESIAN_POINT('',(6.217921876076,3.395717124027));
#5108 = CARTESIAN_POINT('',(6.152406086703,3.374541518082));
#5109 = CARTESIAN_POINT('',(6.086833907957,3.353311049691));
#5110 = CARTESIAN_POINT('',(6.021345113204,3.332161602586));
#5111 = CARTESIAN_POINT('',(5.956084439073,3.311232854396));
#5112 = CARTESIAN_POINT('',(5.89117045065,3.29063798872));
#5113 = CARTESIAN_POINT('',(5.826804341516,3.270564921567));
#5114 = CARTESIAN_POINT('',(5.762855792164,3.250885893943));
#5115 = CARTESIAN_POINT('',(5.698117329644,3.230459582487));
#5116 = CARTESIAN_POINT('',(5.633018590339,3.209686719628));
#5117 = CARTESIAN_POINT('',(5.567614379943,3.188619338445));
#5118 = CARTESIAN_POINT('',(5.502064569461,3.167410605249));
#5119 = CARTESIAN_POINT('',(5.436505478662,3.146192857858));
#5120 = CARTESIAN_POINT('',(5.371074042274,3.125099097722));
#5121 = CARTESIAN_POINT('',(5.305928993324,3.10428164159));
#5122 = CARTESIAN_POINT('',(5.241131172604,3.083798630273));
#5123 = CARTESIAN_POINT('',(5.177090637126,3.064032670892));
#5124 = CARTESIAN_POINT('',(5.112847100474,3.044076071526));
#5125 = CARTESIAN_POINT('',(5.047977051039,3.023525636315));
#5126 = CARTESIAN_POINT('',(4.982759340501,3.002641674413));
#5127 = CARTESIAN_POINT('',(4.917290847199,2.981516601913));
#5128 = CARTESIAN_POINT('',(4.873578554798,2.967369518531));
#5129 = CARTESIAN_POINT('',(4.851728321142,2.960301780515));
#5130 = ( GEOMETRIC_REPRESENTATION_CONTEXT(2) 
PARAMETRIC_REPRESENTATION_CONTEXT() REPRESENTATION_CONTEXT('2D SPACE',''
  ) );
#5131 = PCURVE('',#4096,#5132);
#5132 = DEFINITIONAL_REPRESENTATION('',(#5133),#5159);
#5133 = B_SPLINE_CURVE_WITH_KNOTS('',3,(#5134,#5135,#5136,#5137,#5138,
    #5139,#5140,#5141,#5142,#5143,#5144,#5145,#5146,#5147,#5148,#5149,
    #5150,#5151,#5152,#5153,#5154,#5155,#5156,#5157,#5158),
  .UNSPECIFIED.,.F.,.F.,(4,1,1,1,1,1,1,1,1,1,1,1,1,1,1,1,1,1,1,1,1,1,4),
  (0.719304170048,0.720756421502,0.722208672956,0.72366092441,
    0.725113175864,0.726565427317,0.728017678771,0.729469930225,
    0.730922181679,0.732374433133,0.733826684587,0.735278936041,
    0.736731187495,0.738183438949,0.739635690403,0.741087941857,
    0.742540193311,0.743992444765,0.745444696218,0.746896947672,
    0.748349199126,0.74980145058,0.751253702034),.QUASI_UNIFORM_KNOTS.);
#5134 = CARTESIAN_POINT('',(1.,0.359355643115));
#5135 = CARTESIAN_POINT('',(1.,0.358924496488));
#5136 = CARTESIAN_POINT('',(1.,0.358062203236));
#5137 = CARTESIAN_POINT('',(1.,0.356768763357));
#5138 = CARTESIAN_POINT('',(1.,0.355475323478));
#5139 = CARTESIAN_POINT('',(1.,0.354181883599));
#5140 = CARTESIAN_POINT('',(1.,0.352888443719));
#5141 = CARTESIAN_POINT('',(1.,0.35159500384));
#5142 = CARTESIAN_POINT('',(1.,0.350301563961));
#5143 = CARTESIAN_POINT('',(1.,0.349008124082));
#5144 = CARTESIAN_POINT('',(1.000000000002,0.347714684203));
#5145 = CARTESIAN_POINT('',(0.999999999993,0.346421244324));
#5146 = CARTESIAN_POINT('',(1.000000000025,0.345127804445));
#5147 = CARTESIAN_POINT('',(0.999999999907,0.343834364566));
#5148 = CARTESIAN_POINT('',(1.000000000345,0.342540924686));
#5149 = CARTESIAN_POINT('',(0.999999998712,0.341247484809));
#5150 = CARTESIAN_POINT('',(1.000000004809,0.339954044924));
#5151 = CARTESIAN_POINT('',(0.999999982054,0.338660605066));
#5152 = CARTESIAN_POINT('',(1.000000066977,0.33736716511));
#5153 = CARTESIAN_POINT('',(0.999999730053,0.336073725534));
#5154 = CARTESIAN_POINT('',(0.99999868859,0.334780286607));
#5155 = CARTESIAN_POINT('',(0.999997008049,0.333486848275));
#5156 = CARTESIAN_POINT('',(0.999994669929,0.332193410556));
#5157 = CARTESIAN_POINT('',(0.999992684326,0.331331119132));
#5158 = CARTESIAN_POINT('',(0.99999158599,0.330899973516));
#5159 = ( GEOMETRIC_REPRESENTATION_CONTEXT(2) 
PARAMETRIC_REPRESENTATION_CONTEXT() REPRESENTATION_CONTEXT('2D SPACE',''
  ) );
#5160 = ORIENTED_EDGE('',*,*,#5161,.T.);
#5161 = EDGE_CURVE('',#5091,#5162,#5164,.T.);
#5162 = VERTEX_POINT('',#5163);
#5163 = CARTESIAN_POINT('',(-0.5,-3.565108693995,7.871765981903));
#5164 = SURFACE_CURVE('',#5165,(#5169,#5176),.PCURVE_S1.);
#5165 = LINE('',#5166,#5167);
#5166 = CARTESIAN_POINT('',(-0.5,-3.565108693995,10.));
#5167 = VECTOR('',#5168,1.);
#5168 = DIRECTION('',(0.,0.,1.));
#5169 = PCURVE('',#4857,#5170);
#5170 = DEFINITIONAL_REPRESENTATION('',(#5171),#5175);
#5171 = LINE('',#5172,#5173);
#5172 = CARTESIAN_POINT('',(4.851728321142,0.));
#5173 = VECTOR('',#5174,1.);
#5174 = DIRECTION('',(0.,-1.));
#5175 = ( GEOMETRIC_REPRESENTATION_CONTEXT(2) 
PARAMETRIC_REPRESENTATION_CONTEXT() REPRESENTATION_CONTEXT('2D SPACE',''
  ) );
#5176 = PCURVE('',#505,#5177);
#5177 = DEFINITIONAL_REPRESENTATION('',(#5178),#5182);
#5178 = LINE('',#5179,#5180);
#5179 = CARTESIAN_POINT('',(-5.437965678228,10.184740477399));
#5180 = VECTOR('',#5181,1.);
#5181 = DIRECTION('',(0.,1.));
#5182 = ( GEOMETRIC_REPRESENTATION_CONTEXT(2) 
PARAMETRIC_REPRESENTATION_CONTEXT() REPRESENTATION_CONTEXT('2D SPACE',''
  ) );
#5183 = ORIENTED_EDGE('',*,*,#5184,.T.);
#5184 = EDGE_CURVE('',#5162,#4842,#5185,.T.);
#5185 = SURFACE_CURVE('',#5186,(#5194,#5223),.PCURVE_S1.);
#5186 = ( BOUNDED_CURVE() B_SPLINE_CURVE(2,(#5187,#5188,#5189,#5190,
#5191,#5192,#5193),.UNSPECIFIED.,.F.,.F.) B_SPLINE_CURVE_WITH_KNOTS((3,2
    ,2,3),(0.205899965781,0.2125,0.225,0.234355643196),.UNSPECIFIED.) 
CURVE() GEOMETRIC_REPRESENTATION_ITEM() RATIONAL_B_SPLINE_CURVE((
    0.975605016537,0.974157706621,1.,0.951056516295,1.,0.963368178376,
0.981570637188)) REPRESENTATION_ITEM('') );
#5187 = CARTESIAN_POINT('',(-0.5,-3.565108693995,7.871765981903));
#5188 = CARTESIAN_POINT('',(-1.097120584651,-3.481363619735,
    7.817573560102));
#5189 = CARTESIAN_POINT('',(-1.634365909478,-3.207623430819,
    7.766025392827));
#5190 = CARTESIAN_POINT('',(-2.676585940249,-2.676585755978,
    7.666025392827));
#5191 = CARTESIAN_POINT('',(-3.207623543338,-1.634365688647,
    7.566025392827));
#5192 = CARTESIAN_POINT('',(-3.6,-0.864283467156,7.492136753985));
#5193 = CARTESIAN_POINT('',(-3.6,2.26434488705E-15,7.41540214754));
#5194 = PCURVE('',#4857,#5195);
#5195 = DEFINITIONAL_REPRESENTATION('',(#5196),#5222);
#5196 = B_SPLINE_CURVE_WITH_KNOTS('',3,(#5197,#5198,#5199,#5200,#5201,
    #5202,#5203,#5204,#5205,#5206,#5207,#5208,#5209,#5210,#5211,#5212,
    #5213,#5214,#5215,#5216,#5217,#5218,#5219,#5220,#5221),
  .UNSPECIFIED.,.F.,.F.,(4,1,1,1,1,1,1,1,1,1,1,1,1,1,1,1,1,1,1,1,1,1,4),
  (0.205899965781,0.207193405664,0.208486845546,0.209780285429,
    0.211073725311,0.212367165194,0.213660605076,0.214954044959,
    0.216247484841,0.217540924724,0.218834364606,0.220127804489,
    0.221421244371,0.222714684253,0.224008124136,0.225301564018,
    0.226595003901,0.227888443783,0.229181883666,0.230475323548,
    0.231768763431,0.233062203313,0.234355643196),
  .QUASI_UNIFORM_KNOTS.);
#5197 = CARTESIAN_POINT('',(4.851728321142,2.128234018097));
#5198 = CARTESIAN_POINT('',(4.873578554897,2.135303969414));
#5199 = CARTESIAN_POINT('',(4.917290847488,2.149455054275));
#5200 = CARTESIAN_POINT('',(4.982759341051,2.170584838903));
#5201 = CARTESIAN_POINT('',(5.04797705182,2.191472187306));
#5202 = CARTESIAN_POINT('',(5.11284710146,2.212024720687));
#5203 = CARTESIAN_POINT('',(5.177090638275,2.231981998543));
#5204 = CARTESIAN_POINT('',(5.241131173934,2.251747786983));
#5205 = CARTESIAN_POINT('',(5.305928994834,2.272230844184));
#5206 = CARTESIAN_POINT('',(5.371074043963,2.293048288101));
#5207 = CARTESIAN_POINT('',(5.436505480529,2.314142051588));
#5208 = CARTESIAN_POINT('',(5.502064571502,2.335359798155));
#5209 = CARTESIAN_POINT('',(5.567614382153,2.35656853164));
#5210 = CARTESIAN_POINT('',(5.633018592712,2.377635912808));
#5211 = CARTESIAN_POINT('',(5.698117332176,2.398408775726));
#5212 = CARTESIAN_POINT('',(5.762855794845,2.418835087211));
#5213 = CARTESIAN_POINT('',(5.82680434434,2.438514114865));
#5214 = CARTESIAN_POINT('',(5.891170453681,2.458587182108));
#5215 = CARTESIAN_POINT('',(5.956084442297,2.479182047854));
#5216 = CARTESIAN_POINT('',(6.021345116597,2.500110796114));
#5217 = CARTESIAN_POINT('',(6.086833911596,2.521260243283));
#5218 = CARTESIAN_POINT('',(6.152406090266,2.54249071173));
#5219 = CARTESIAN_POINT('',(6.217921880737,2.563666317724));
#5220 = CARTESIAN_POINT('',(6.261468189366,2.577656801502));
#5221 = CARTESIAN_POINT('',(6.28318530718,2.58459785246));
#5222 = ( GEOMETRIC_REPRESENTATION_CONTEXT(2) 
PARAMETRIC_REPRESENTATION_CONTEXT() REPRESENTATION_CONTEXT('2D SPACE',''
  ) );
#5223 = PCURVE('',#4486,#5224);
#5224 = DEFINITIONAL_REPRESENTATION('',(#5225),#5229);
#5225 = LINE('',#5226,#5227);
#5226 = CARTESIAN_POINT('',(-1.418239961868E-14,0.));
#5227 = VECTOR('',#5228,1.);
#5228 = DIRECTION('',(6.442755676802E-14,1.));
#5229 = ( GEOMETRIC_REPRESENTATION_CONTEXT(2) 
PARAMETRIC_REPRESENTATION_CONTEXT() REPRESENTATION_CONTEXT('2D SPACE',''
  ) );
#5230 = ORIENTED_EDGE('',*,*,#4841,.T.);
#5231 = ADVANCED_FACE('',(#5232),#3953,.F.);
#5232 = FACE_BOUND('',#5233,.F.);
#5233 = EDGE_LOOP('',(#5234,#5305,#5328,#5375));
#5234 = ORIENTED_EDGE('',*,*,#5235,.T.);
#5235 = EDGE_CURVE('',#3884,#5236,#5238,.T.);
#5236 = VERTEX_POINT('',#5237);
#5237 = CARTESIAN_POINT('',(-0.5,-3.565108693995,5.03969821949));
#5238 = SURFACE_CURVE('',#5239,(#5247,#5276),.PCURVE_S1.);
#5239 = ( BOUNDED_CURVE() B_SPLINE_CURVE(2,(#5240,#5241,#5242,#5243,
#5244,#5245,#5246),.UNSPECIFIED.,.F.,.F.) B_SPLINE_CURVE_WITH_KNOTS((3,2
    ,2,3),(0.578956377473,0.589460728432,0.60349550768,0.610905909537),
.UNSPECIFIED.) CURVE() GEOMETRIC_REPRESENTATION_ITEM() 
RATIONAL_B_SPLINE_CURVE((0.981570637188,0.963368178376,1.,0.951056516295
,1.,0.974157706643,0.975605016534)) REPRESENTATION_ITEM('') );
#5240 = CARTESIAN_POINT('',(-3.6,3.313675444463E-15,4.583351339971));
#5241 = CARTESIAN_POINT('',(-3.6,-0.864283467156,4.660085946416));
#5242 = CARTESIAN_POINT('',(-3.207623543338,-1.634365688647,
    4.733974585258));
#5243 = CARTESIAN_POINT('',(-2.676585940249,-2.676585755978,
    4.833974585258));
#5244 = CARTESIAN_POINT('',(-1.634365909478,-3.207623430819,
    4.933974585258));
#5245 = CARTESIAN_POINT('',(-1.097120585128,-3.481363619491,
    4.985522752487));
#5246 = CARTESIAN_POINT('',(-0.5,-3.565108693995,5.03969821949));
#5247 = PCURVE('',#3953,#5248);
#5248 = DEFINITIONAL_REPRESENTATION('',(#5249),#5275);
#5249 = B_SPLINE_CURVE_WITH_KNOTS('',3,(#5250,#5251,#5252,#5253,#5254,
    #5255,#5256,#5257,#5258,#5259,#5260,#5261,#5262,#5263,#5264,#5265,
    #5266,#5267,#5268,#5269,#5270,#5271,#5272,#5273,#5274),
  .UNSPECIFIED.,.F.,.F.,(4,1,1,1,1,1,1,1,1,1,1,1,1,1,1,1,1,1,1,1,1,1,4),
  (0.578956377473,0.580408628931,0.581860880388,0.583313131846,
    0.584765383303,0.58621763476,0.587669886218,0.589122137675,
    0.590574389133,0.59202664059,0.593478892048,0.594931143505,
    0.596383394963,0.59783564642,0.599287897877,0.600740149335,
    0.602192400792,0.60364465225,0.605096903707,0.606549155165,
    0.608001406622,0.60945365808,0.610905909537),.QUASI_UNIFORM_KNOTS.);
#5250 = CARTESIAN_POINT('',(6.28318530718,5.416648660029));
#5251 = CARTESIAN_POINT('',(6.261468189371,5.409707609072));
#5252 = CARTESIAN_POINT('',(6.21792188075,5.395717125297));
#5253 = CARTESIAN_POINT('',(6.152406090292,5.374541519308));
#5254 = CARTESIAN_POINT('',(6.086833911636,5.353311050865));
#5255 = CARTESIAN_POINT('',(6.021345116649,5.3321616037));
#5256 = CARTESIAN_POINT('',(5.956084442362,5.311232855444));
#5257 = CARTESIAN_POINT('',(5.891170453759,5.290637989702));
#5258 = CARTESIAN_POINT('',(5.82680434443,5.270564922461));
#5259 = CARTESIAN_POINT('',(5.762855794949,5.250885894813));
#5260 = CARTESIAN_POINT('',(5.698117332293,5.230459583328));
#5261 = CARTESIAN_POINT('',(5.633018592844,5.209686720432));
#5262 = CARTESIAN_POINT('',(5.567614382297,5.188619339206));
#5263 = CARTESIAN_POINT('',(5.50206457166,5.167410605961));
#5264 = CARTESIAN_POINT('',(5.4365054807,5.146192858517));
#5265 = CARTESIAN_POINT('',(5.371074044147,5.125099098324));
#5266 = CARTESIAN_POINT('',(5.30592899503,5.104281642132));
#5267 = CARTESIAN_POINT('',(5.241131174141,5.083798630755));
#5268 = CARTESIAN_POINT('',(5.177090638495,5.06403267131));
#5269 = CARTESIAN_POINT('',(5.112847101685,5.044076071907));
#5270 = CARTESIAN_POINT('',(5.047977052024,5.023525636627));
#5271 = CARTESIAN_POINT('',(4.982759341212,5.002641674639));
#5272 = CARTESIAN_POINT('',(4.917290847582,4.981516602033));
#5273 = CARTESIAN_POINT('',(4.87357855493,4.96736951857));
#5274 = CARTESIAN_POINT('',(4.851728321142,4.96030178051));
#5275 = ( GEOMETRIC_REPRESENTATION_CONTEXT(2) 
PARAMETRIC_REPRESENTATION_CONTEXT() REPRESENTATION_CONTEXT('2D SPACE',''
  ) );
#5276 = PCURVE('',#3192,#5277);
#5277 = DEFINITIONAL_REPRESENTATION('',(#5278),#5304);
#5278 = B_SPLINE_CURVE_WITH_KNOTS('',3,(#5279,#5280,#5281,#5282,#5283,
    #5284,#5285,#5286,#5287,#5288,#5289,#5290,#5291,#5292,#5293,#5294,
    #5295,#5296,#5297,#5298,#5299,#5300,#5301,#5302,#5303),
  .UNSPECIFIED.,.F.,.F.,(4,1,1,1,1,1,1,1,1,1,1,1,1,1,1,1,1,1,1,1,1,1,4),
  (0.578956377473,0.580408628931,0.581860880388,0.583313131846,
    0.584765383303,0.58621763476,0.587669886218,0.589122137675,
    0.590574389133,0.59202664059,0.593478892048,0.594931143505,
    0.596383394963,0.59783564642,0.599287897877,0.600740149335,
    0.602192400792,0.60364465225,0.605096903707,0.606549155165,
    0.608001406622,0.60945365808,0.610905909537),.QUASI_UNIFORM_KNOTS.);
#5279 = CARTESIAN_POINT('',(1.,0.484355643196));
#5280 = CARTESIAN_POINT('',(1.,0.483924496568));
#5281 = CARTESIAN_POINT('',(1.,0.483062203314));
#5282 = CARTESIAN_POINT('',(1.,0.481768763431));
#5283 = CARTESIAN_POINT('',(1.,0.480475323549));
#5284 = CARTESIAN_POINT('',(1.,0.479181883667));
#5285 = CARTESIAN_POINT('',(1.,0.477888443785));
#5286 = CARTESIAN_POINT('',(1.,0.476595003902));
#5287 = CARTESIAN_POINT('',(1.,0.47530156402));
#5288 = CARTESIAN_POINT('',(1.,0.474008124138));
#5289 = CARTESIAN_POINT('',(1.000000000002,0.472714684256));
#5290 = CARTESIAN_POINT('',(0.999999999993,0.471421244374));
#5291 = CARTESIAN_POINT('',(1.000000000025,0.470127804491));
#5292 = CARTESIAN_POINT('',(0.999999999908,0.468834364609));
#5293 = CARTESIAN_POINT('',(1.000000000345,0.467540924727));
#5294 = CARTESIAN_POINT('',(0.999999998712,0.466247484846));
#5295 = CARTESIAN_POINT('',(1.000000004808,0.464954044958));
#5296 = CARTESIAN_POINT('',(0.999999982056,0.463660605096));
#5297 = CARTESIAN_POINT('',(1.000000066966,0.462367165138));
#5298 = CARTESIAN_POINT('',(0.999999730094,0.461073725558));
#5299 = CARTESIAN_POINT('',(0.99999868873,0.459780286627));
#5300 = CARTESIAN_POINT('',(0.999997008262,0.45848684829));
#5301 = CARTESIAN_POINT('',(0.999994670129,0.457193410563));
#5302 = CARTESIAN_POINT('',(0.999992684418,0.456331119135));
#5303 = CARTESIAN_POINT('',(0.999991585992,0.455899973516));
#5304 = ( GEOMETRIC_REPRESENTATION_CONTEXT(2) 
PARAMETRIC_REPRESENTATION_CONTEXT() REPRESENTATION_CONTEXT('2D SPACE',''
  ) );
#5305 = ORIENTED_EDGE('',*,*,#5306,.T.);
#5306 = EDGE_CURVE('',#5236,#5307,#5309,.T.);
#5307 = VERTEX_POINT('',#5308);
#5308 = CARTESIAN_POINT('',(-0.5,-3.565108693995,5.871765981903));
#5309 = SURFACE_CURVE('',#5310,(#5314,#5321),.PCURVE_S1.);
#5310 = LINE('',#5311,#5312);
#5311 = CARTESIAN_POINT('',(-0.5,-3.565108693995,10.));
#5312 = VECTOR('',#5313,1.);
#5313 = DIRECTION('',(0.,0.,1.));
#5314 = PCURVE('',#3953,#5315);
#5315 = DEFINITIONAL_REPRESENTATION('',(#5316),#5320);
#5316 = LINE('',#5317,#5318);
#5317 = CARTESIAN_POINT('',(4.851728321142,0.));
#5318 = VECTOR('',#5319,1.);
#5319 = DIRECTION('',(0.,-1.));
#5320 = ( GEOMETRIC_REPRESENTATION_CONTEXT(2) 
PARAMETRIC_REPRESENTATION_CONTEXT() REPRESENTATION_CONTEXT('2D SPACE',''
  ) );
#5321 = PCURVE('',#505,#5322);
#5322 = DEFINITIONAL_REPRESENTATION('',(#5323),#5327);
#5323 = LINE('',#5324,#5325);
#5324 = CARTESIAN_POINT('',(-5.437965678228,10.184740477399));
#5325 = VECTOR('',#5326,1.);
#5326 = DIRECTION('',(0.,1.));
#5327 = ( GEOMETRIC_REPRESENTATION_CONTEXT(2) 
PARAMETRIC_REPRESENTATION_CONTEXT() REPRESENTATION_CONTEXT('2D SPACE',''
  ) );
#5328 = ORIENTED_EDGE('',*,*,#5329,.T.);
#5329 = EDGE_CURVE('',#5307,#3938,#5330,.T.);
#5330 = SURFACE_CURVE('',#5331,(#5339,#5368),.PCURVE_S1.);
#5331 = ( BOUNDED_CURVE() B_SPLINE_CURVE(2,(#5332,#5333,#5334,#5335,
#5336,#5337,#5338),.UNSPECIFIED.,.F.,.F.) B_SPLINE_CURVE_WITH_KNOTS((3,2
    ,2,3),(0.330899965781,0.3375,0.35,0.359355643196),.UNSPECIFIED.) 
CURVE() GEOMETRIC_REPRESENTATION_ITEM() RATIONAL_B_SPLINE_CURVE((
    0.975605016537,0.974157706621,1.,0.951056516295,1.,0.963368178376,
0.981570637188)) REPRESENTATION_ITEM('') );
#5332 = CARTESIAN_POINT('',(-0.5,-3.565108693995,5.871765981903));
#5333 = CARTESIAN_POINT('',(-1.097120584651,-3.481363619735,
    5.817573560102));
#5334 = CARTESIAN_POINT('',(-1.634365909478,-3.207623430819,
    5.766025392827));
#5335 = CARTESIAN_POINT('',(-2.676585940249,-2.676585755978,
    5.666025392827));
#5336 = CARTESIAN_POINT('',(-3.207623543338,-1.634365688647,
    5.566025392827));
#5337 = CARTESIAN_POINT('',(-3.6,-0.864283467156,5.492136753985));
#5338 = CARTESIAN_POINT('',(-3.6,3.451745254649E-15,5.41540214754));
#5339 = PCURVE('',#3953,#5340);
#5340 = DEFINITIONAL_REPRESENTATION('',(#5341),#5367);
#5341 = B_SPLINE_CURVE_WITH_KNOTS('',3,(#5342,#5343,#5344,#5345,#5346,
    #5347,#5348,#5349,#5350,#5351,#5352,#5353,#5354,#5355,#5356,#5357,
    #5358,#5359,#5360,#5361,#5362,#5363,#5364,#5365,#5366),
  .UNSPECIFIED.,.F.,.F.,(4,1,1,1,1,1,1,1,1,1,1,1,1,1,1,1,1,1,1,1,1,1,4),
  (0.330899965781,0.332193405664,0.333486845546,0.334780285429,
    0.336073725311,0.337367165194,0.338660605076,0.339954044959,
    0.341247484841,0.342540924724,0.343834364606,0.345127804489,
    0.346421244371,0.347714684253,0.349008124136,0.350301564018,
    0.351595003901,0.352888443783,0.354181883666,0.355475323548,
    0.356768763431,0.358062203313,0.359355643196),
  .QUASI_UNIFORM_KNOTS.);
#5342 = CARTESIAN_POINT('',(4.851728321142,4.128234018097));
#5343 = CARTESIAN_POINT('',(4.873578554897,4.135303969414));
#5344 = CARTESIAN_POINT('',(4.917290847488,4.149455054275));
#5345 = CARTESIAN_POINT('',(4.982759341051,4.170584838903));
#5346 = CARTESIAN_POINT('',(5.04797705182,4.191472187306));
#5347 = CARTESIAN_POINT('',(5.11284710146,4.212024720687));
#5348 = CARTESIAN_POINT('',(5.177090638275,4.231981998543));
#5349 = CARTESIAN_POINT('',(5.241131173934,4.251747786983));
#5350 = CARTESIAN_POINT('',(5.305928994834,4.272230844184));
#5351 = CARTESIAN_POINT('',(5.371074043963,4.293048288101));
#5352 = CARTESIAN_POINT('',(5.436505480529,4.314142051588));
#5353 = CARTESIAN_POINT('',(5.502064571502,4.335359798155));
#5354 = CARTESIAN_POINT('',(5.567614382153,4.35656853164));
#5355 = CARTESIAN_POINT('',(5.633018592712,4.377635912808));
#5356 = CARTESIAN_POINT('',(5.698117332176,4.398408775726));
#5357 = CARTESIAN_POINT('',(5.762855794845,4.418835087211));
#5358 = CARTESIAN_POINT('',(5.82680434434,4.438514114865));
#5359 = CARTESIAN_POINT('',(5.891170453681,4.458587182108));
#5360 = CARTESIAN_POINT('',(5.956084442297,4.479182047854));
#5361 = CARTESIAN_POINT('',(6.021345116597,4.500110796114));
#5362 = CARTESIAN_POINT('',(6.086833911596,4.521260243283));
#5363 = CARTESIAN_POINT('',(6.152406090266,4.54249071173));
#5364 = CARTESIAN_POINT('',(6.217921880737,4.563666317724));
#5365 = CARTESIAN_POINT('',(6.261468189366,4.577656801502));
#5366 = CARTESIAN_POINT('',(6.28318530718,4.58459785246));
#5367 = ( GEOMETRIC_REPRESENTATION_CONTEXT(2) 
PARAMETRIC_REPRESENTATION_CONTEXT() REPRESENTATION_CONTEXT('2D SPACE',''
  ) );
#5368 = PCURVE('',#3582,#5369);
#5369 = DEFINITIONAL_REPRESENTATION('',(#5370),#5374);
#5370 = LINE('',#5371,#5372);
#5371 = CARTESIAN_POINT('',(2.031744858429E-14,0.));
#5372 = VECTOR('',#5373,1.);
#5373 = DIRECTION('',(-6.075516709231E-14,1.));
#5374 = ( GEOMETRIC_REPRESENTATION_CONTEXT(2) 
PARAMETRIC_REPRESENTATION_CONTEXT() REPRESENTATION_CONTEXT('2D SPACE',''
  ) );
#5375 = ORIENTED_EDGE('',*,*,#3937,.T.);
#5376 = ADVANCED_FACE('',(#5377),#3049,.F.);
#5377 = FACE_BOUND('',#5378,.F.);
#5378 = EDGE_LOOP('',(#5379,#5450,#5473,#5520));
#5379 = ORIENTED_EDGE('',*,*,#5380,.T.);
#5380 = EDGE_CURVE('',#2980,#5381,#5383,.T.);
#5381 = VERTEX_POINT('',#5382);
#5382 = CARTESIAN_POINT('',(-0.5,-3.565108693995,3.03969821949));
#5383 = SURFACE_CURVE('',#5384,(#5392,#5421),.PCURVE_S1.);
#5384 = ( BOUNDED_CURVE() B_SPLINE_CURVE(2,(#5385,#5386,#5387,#5388,
#5389,#5390,#5391),.UNSPECIFIED.,.F.,.F.) B_SPLINE_CURVE_WITH_KNOTS((3,2
    ,2,3),(0.43860858499,0.449112935948,0.463147715196,0.470558117077),
.UNSPECIFIED.) CURVE() GEOMETRIC_REPRESENTATION_ITEM() 
RATIONAL_B_SPLINE_CURVE((0.981570637188,0.963368178376,1.,0.951056516295
,1.,0.97415770656,0.975605016544)) REPRESENTATION_ITEM('') );
#5385 = CARTESIAN_POINT('',(-3.6,4.606008867804E-14,2.583351339971));
#5386 = CARTESIAN_POINT('',(-3.6,-0.864283467156,2.660085946416));
#5387 = CARTESIAN_POINT('',(-3.207623543338,-1.634365688647,
    2.733974585258));
#5388 = CARTESIAN_POINT('',(-2.676585940249,-2.676585755978,
    2.833974585258));
#5389 = CARTESIAN_POINT('',(-1.634365909478,-3.207623430819,
    2.933974585258));
#5390 = CARTESIAN_POINT('',(-1.097120583345,-3.4813636204,2.985522752658
    ));
#5391 = CARTESIAN_POINT('',(-0.5,-3.565108693995,3.03969821949));
#5392 = PCURVE('',#3049,#5393);
#5393 = DEFINITIONAL_REPRESENTATION('',(#5394),#5420);
#5394 = B_SPLINE_CURVE_WITH_KNOTS('',3,(#5395,#5396,#5397,#5398,#5399,
    #5400,#5401,#5402,#5403,#5404,#5405,#5406,#5407,#5408,#5409,#5410,
    #5411,#5412,#5413,#5414,#5415,#5416,#5417,#5418,#5419),
  .UNSPECIFIED.,.F.,.F.,(4,1,1,1,1,1,1,1,1,1,1,1,1,1,1,1,1,1,1,1,1,1,4),
  (0.43860858499,0.440060836448,0.441513087907,0.442965339365,
    0.444417590824,0.445869842282,0.447322093741,0.448774345199,
    0.450226596658,0.451678848116,0.453131099575,0.454583351033,
    0.456035602492,0.45748785395,0.458940105409,0.460392356867,
    0.461844608326,0.463296859785,0.464749111243,0.466201362702,
    0.46765361416,0.469105865619,0.470558117077),.QUASI_UNIFORM_KNOTS.);
#5395 = CARTESIAN_POINT('',(6.28318530718,7.416648660029));
#5396 = CARTESIAN_POINT('',(6.261468189354,7.409707609067));
#5397 = CARTESIAN_POINT('',(6.217921880701,7.395717125281));
#5398 = CARTESIAN_POINT('',(6.152406090194,7.374541519276));
#5399 = CARTESIAN_POINT('',(6.086833911488,7.353311050817));
#5400 = CARTESIAN_POINT('',(6.021345116453,7.332161603637));
#5401 = CARTESIAN_POINT('',(5.956084442118,7.311232855366));
#5402 = CARTESIAN_POINT('',(5.891170453468,7.29063798961));
#5403 = CARTESIAN_POINT('',(5.826804344095,7.270564922358));
#5404 = CARTESIAN_POINT('',(5.762855794562,7.250885894693));
#5405 = CARTESIAN_POINT('',(5.698117331855,7.230459583189));
#5406 = CARTESIAN_POINT('',(5.633018592354,7.209686720275));
#5407 = CARTESIAN_POINT('',(5.567614381757,7.188619339031));
#5408 = CARTESIAN_POINT('',(5.50206457107,7.16741060577));
#5409 = CARTESIAN_POINT('',(5.436505480061,7.146192858311));
#5410 = CARTESIAN_POINT('',(5.371074043461,7.125099098103));
#5411 = CARTESIAN_POINT('',(5.305928994299,7.104281641899));
#5412 = CARTESIAN_POINT('',(5.241131173368,7.083798630512));
#5413 = CARTESIAN_POINT('',(5.177090637674,7.06403267106));
#5414 = CARTESIAN_POINT('',(5.112847100845,7.044076071644));
#5415 = CARTESIAN_POINT('',(5.047977051262,7.023525636386));
#5416 = CARTESIAN_POINT('',(4.982759340612,7.002641674448));
#5417 = CARTESIAN_POINT('',(4.917290847233,6.981516601921));
#5418 = CARTESIAN_POINT('',(4.873578554805,6.96736951853));
#5419 = CARTESIAN_POINT('',(4.851728321142,6.96030178051));
#5420 = ( GEOMETRIC_REPRESENTATION_CONTEXT(2) 
PARAMETRIC_REPRESENTATION_CONTEXT() REPRESENTATION_CONTEXT('2D SPACE',''
  ) );
#5421 = PCURVE('',#2288,#5422);
#5422 = DEFINITIONAL_REPRESENTATION('',(#5423),#5449);
#5423 = B_SPLINE_CURVE_WITH_KNOTS('',3,(#5424,#5425,#5426,#5427,#5428,
    #5429,#5430,#5431,#5432,#5433,#5434,#5435,#5436,#5437,#5438,#5439,
    #5440,#5441,#5442,#5443,#5444,#5445,#5446,#5447,#5448),
  .UNSPECIFIED.,.F.,.F.,(4,1,1,1,1,1,1,1,1,1,1,1,1,1,1,1,1,1,1,1,1,1,4),
  (0.43860858499,0.440060836448,0.441513087907,0.442965339365,
    0.444417590824,0.445869842282,0.447322093741,0.448774345199,
    0.450226596658,0.451678848116,0.453131099575,0.454583351033,
    0.456035602492,0.45748785395,0.458940105409,0.460392356867,
    0.461844608326,0.463296859785,0.464749111243,0.466201362702,
    0.46765361416,0.469105865619,0.470558117077),.QUASI_UNIFORM_KNOTS.);
#5424 = CARTESIAN_POINT('',(1.,0.609355643196));
#5425 = CARTESIAN_POINT('',(1.,0.608924496568));
#5426 = CARTESIAN_POINT('',(1.,0.608062203313));
#5427 = CARTESIAN_POINT('',(1.,0.606768763429));
#5428 = CARTESIAN_POINT('',(1.,0.605475323546));
#5429 = CARTESIAN_POINT('',(1.,0.604181883663));
#5430 = CARTESIAN_POINT('',(1.,0.60288844378));
#5431 = CARTESIAN_POINT('',(1.,0.601595003897));
#5432 = CARTESIAN_POINT('',(1.,0.600301564013));
#5433 = CARTESIAN_POINT('',(1.,0.59900812413));
#5434 = CARTESIAN_POINT('',(1.000000000002,0.597714684247));
#5435 = CARTESIAN_POINT('',(0.999999999993,0.596421244364));
#5436 = CARTESIAN_POINT('',(1.000000000025,0.595127804481));
#5437 = CARTESIAN_POINT('',(0.999999999907,0.593834364598));
#5438 = CARTESIAN_POINT('',(1.000000000345,0.592540924714));
#5439 = CARTESIAN_POINT('',(0.999999998711,0.591247484832));
#5440 = CARTESIAN_POINT('',(1.000000004809,0.589954044944));
#5441 = CARTESIAN_POINT('',(0.999999982052,0.588660605081));
#5442 = CARTESIAN_POINT('',(1.000000066984,0.587367165121));
#5443 = CARTESIAN_POINT('',(0.999999730021,0.586073725542));
#5444 = CARTESIAN_POINT('',(0.999998688483,0.584780286611));
#5445 = CARTESIAN_POINT('',(0.999997007886,0.583486848278));
#5446 = CARTESIAN_POINT('',(0.999994669777,0.582193410557));
#5447 = CARTESIAN_POINT('',(0.999992684259,0.581331119133));
#5448 = CARTESIAN_POINT('',(0.999991585992,0.580899973516));
#5449 = ( GEOMETRIC_REPRESENTATION_CONTEXT(2) 
PARAMETRIC_REPRESENTATION_CONTEXT() REPRESENTATION_CONTEXT('2D SPACE',''
  ) );
#5450 = ORIENTED_EDGE('',*,*,#5451,.T.);
#5451 = EDGE_CURVE('',#5381,#5452,#5454,.T.);
#5452 = VERTEX_POINT('',#5453);
#5453 = CARTESIAN_POINT('',(-0.5,-3.565108693995,3.871765981903));
#5454 = SURFACE_CURVE('',#5455,(#5459,#5466),.PCURVE_S1.);
#5455 = LINE('',#5456,#5457);
#5456 = CARTESIAN_POINT('',(-0.5,-3.565108693995,10.));
#5457 = VECTOR('',#5458,1.);
#5458 = DIRECTION('',(0.,0.,1.));
#5459 = PCURVE('',#3049,#5460);
#5460 = DEFINITIONAL_REPRESENTATION('',(#5461),#5465);
#5461 = LINE('',#5462,#5463);
#5462 = CARTESIAN_POINT('',(4.851728321142,0.));
#5463 = VECTOR('',#5464,1.);
#5464 = DIRECTION('',(0.,-1.));
#5465 = ( GEOMETRIC_REPRESENTATION_CONTEXT(2) 
PARAMETRIC_REPRESENTATION_CONTEXT() REPRESENTATION_CONTEXT('2D SPACE',''
  ) );
#5466 = PCURVE('',#505,#5467);
#5467 = DEFINITIONAL_REPRESENTATION('',(#5468),#5472);
#5468 = LINE('',#5469,#5470);
#5469 = CARTESIAN_POINT('',(-5.437965678228,10.184740477399));
#5470 = VECTOR('',#5471,1.);
#5471 = DIRECTION('',(0.,1.));
#5472 = ( GEOMETRIC_REPRESENTATION_CONTEXT(2) 
PARAMETRIC_REPRESENTATION_CONTEXT() REPRESENTATION_CONTEXT('2D SPACE',''
  ) );
#5473 = ORIENTED_EDGE('',*,*,#5474,.T.);
#5474 = EDGE_CURVE('',#5452,#3034,#5475,.T.);
#5475 = SURFACE_CURVE('',#5476,(#5484,#5513),.PCURVE_S1.);
#5476 = ( BOUNDED_CURVE() B_SPLINE_CURVE(2,(#5477,#5478,#5479,#5480,
#5481,#5482,#5483),.UNSPECIFIED.,.F.,.F.) B_SPLINE_CURVE_WITH_KNOTS((3,2
    ,2,3),(0.455899965781,0.4625,0.475,0.484355643196),.UNSPECIFIED.) 
CURVE() GEOMETRIC_REPRESENTATION_ITEM() RATIONAL_B_SPLINE_CURVE((
    0.975605016537,0.974157706621,1.,0.951056516295,1.,0.963368178376,
0.981570637188)) REPRESENTATION_ITEM('') );
#5477 = CARTESIAN_POINT('',(-0.5,-3.565108693995,3.871765981903));
#5478 = CARTESIAN_POINT('',(-1.097120584651,-3.481363619735,
    3.817573560102));
#5479 = CARTESIAN_POINT('',(-1.634365909478,-3.207623430819,
    3.766025392827));
#5480 = CARTESIAN_POINT('',(-2.676585940249,-2.676585755978,
    3.666025392827));
#5481 = CARTESIAN_POINT('',(-3.207623543338,-1.634365688647,
    3.566025392827));
#5482 = CARTESIAN_POINT('',(-3.6,-0.864283467156,3.492136753985));
#5483 = CARTESIAN_POINT('',(-3.6,3.451745254649E-15,3.41540214754));
#5484 = PCURVE('',#3049,#5485);
#5485 = DEFINITIONAL_REPRESENTATION('',(#5486),#5512);
#5486 = B_SPLINE_CURVE_WITH_KNOTS('',3,(#5487,#5488,#5489,#5490,#5491,
    #5492,#5493,#5494,#5495,#5496,#5497,#5498,#5499,#5500,#5501,#5502,
    #5503,#5504,#5505,#5506,#5507,#5508,#5509,#5510,#5511),
  .UNSPECIFIED.,.F.,.F.,(4,1,1,1,1,1,1,1,1,1,1,1,1,1,1,1,1,1,1,1,1,1,4),
  (0.455899965781,0.457193405664,0.458486845546,0.459780285429,
    0.461073725311,0.462367165194,0.463660605076,0.464954044959,
    0.466247484841,0.467540924724,0.468834364606,0.470127804489,
    0.471421244371,0.472714684253,0.474008124136,0.475301564018,
    0.476595003901,0.477888443783,0.479181883666,0.480475323548,
    0.481768763431,0.483062203313,0.484355643196),
  .QUASI_UNIFORM_KNOTS.);
#5487 = CARTESIAN_POINT('',(4.851728321142,6.128234018097));
#5488 = CARTESIAN_POINT('',(4.873578554897,6.135303969414));
#5489 = CARTESIAN_POINT('',(4.917290847488,6.149455054275));
#5490 = CARTESIAN_POINT('',(4.982759341051,6.170584838903));
#5491 = CARTESIAN_POINT('',(5.04797705182,6.191472187306));
#5492 = CARTESIAN_POINT('',(5.11284710146,6.212024720687));
#5493 = CARTESIAN_POINT('',(5.177090638275,6.231981998543));
#5494 = CARTESIAN_POINT('',(5.241131173934,6.251747786983));
#5495 = CARTESIAN_POINT('',(5.305928994834,6.272230844184));
#5496 = CARTESIAN_POINT('',(5.371074043963,6.293048288101));
#5497 = CARTESIAN_POINT('',(5.436505480529,6.314142051588));
#5498 = CARTESIAN_POINT('',(5.502064571502,6.335359798155));
#5499 = CARTESIAN_POINT('',(5.567614382153,6.35656853164));
#5500 = CARTESIAN_POINT('',(5.633018592712,6.377635912808));
#5501 = CARTESIAN_POINT('',(5.698117332176,6.398408775726));
#5502 = CARTESIAN_POINT('',(5.762855794845,6.418835087211));
#5503 = CARTESIAN_POINT('',(5.82680434434,6.438514114865));
#5504 = CARTESIAN_POINT('',(5.891170453681,6.458587182108));
#5505 = CARTESIAN_POINT('',(5.956084442297,6.479182047854));
#5506 = CARTESIAN_POINT('',(6.021345116597,6.500110796114));
#5507 = CARTESIAN_POINT('',(6.086833911596,6.521260243283));
#5508 = CARTESIAN_POINT('',(6.152406090266,6.54249071173));
#5509 = CARTESIAN_POINT('',(6.217921880737,6.563666317724));
#5510 = CARTESIAN_POINT('',(6.261468189366,6.577656801502));
#5511 = CARTESIAN_POINT('',(6.28318530718,6.58459785246));
#5512 = ( GEOMETRIC_REPRESENTATION_CONTEXT(2) 
PARAMETRIC_REPRESENTATION_CONTEXT() REPRESENTATION_CONTEXT('2D SPACE',''
  ) );
#5513 = PCURVE('',#2678,#5514);
#5514 = DEFINITIONAL_REPRESENTATION('',(#5515),#5519);
#5515 = LINE('',#5516,#5517);
#5516 = CARTESIAN_POINT('',(9.339656019742E-15,0.));
#5517 = VECTOR('',#5518,1.);
#5518 = DIRECTION('',(-2.150506165897E-14,1.));
#5519 = ( GEOMETRIC_REPRESENTATION_CONTEXT(2) 
PARAMETRIC_REPRESENTATION_CONTEXT() REPRESENTATION_CONTEXT('2D SPACE',''
  ) );
#5520 = ORIENTED_EDGE('',*,*,#3033,.T.);
#5521 = ADVANCED_FACE('',(#5522),#2145,.F.);
#5522 = FACE_BOUND('',#5523,.F.);
#5523 = EDGE_LOOP('',(#5524,#5595,#5618,#5665));
#5524 = ORIENTED_EDGE('',*,*,#5525,.T.);
#5525 = EDGE_CURVE('',#1789,#5526,#5528,.T.);
#5526 = VERTEX_POINT('',#5527);
#5527 = CARTESIAN_POINT('',(-0.5,-3.565108693995,1.03969821949));
#5528 = SURFACE_CURVE('',#5529,(#5537,#5566),.PCURVE_S1.);
#5529 = ( BOUNDED_CURVE() B_SPLINE_CURVE(2,(#5530,#5531,#5532,#5533,
#5534,#5535,#5536),.UNSPECIFIED.,.F.,.F.) B_SPLINE_CURVE_WITH_KNOTS((3,2
    ,2,3),(0.298260792506,0.308765143464,0.322799922713,0.33021032457),
.UNSPECIFIED.) CURVE() GEOMETRIC_REPRESENTATION_ITEM() 
RATIONAL_B_SPLINE_CURVE((0.981570637188,0.963368178376,1.,0.951056516295
,1.,0.974157706643,0.975605016534)) REPRESENTATION_ITEM('') );
#5530 = CARTESIAN_POINT('',(-3.6,2.595712431496E-14,0.583351339971));
#5531 = CARTESIAN_POINT('',(-3.6,-0.864283467156,0.660085946416));
#5532 = CARTESIAN_POINT('',(-3.207623543338,-1.634365688647,
    0.733974585258));
#5533 = CARTESIAN_POINT('',(-2.676585940249,-2.676585755978,
    0.833974585258));
#5534 = CARTESIAN_POINT('',(-1.634365909478,-3.207623430819,
    0.933974585258));
#5535 = CARTESIAN_POINT('',(-1.097120585128,-3.481363619491,
    0.985522752487));
#5536 = CARTESIAN_POINT('',(-0.5,-3.565108693995,1.03969821949));
#5537 = PCURVE('',#2145,#5538);
#5538 = DEFINITIONAL_REPRESENTATION('',(#5539),#5565);
#5539 = B_SPLINE_CURVE_WITH_KNOTS('',3,(#5540,#5541,#5542,#5543,#5544,
    #5545,#5546,#5547,#5548,#5549,#5550,#5551,#5552,#5553,#5554,#5555,
    #5556,#5557,#5558,#5559,#5560,#5561,#5562,#5563,#5564),
  .UNSPECIFIED.,.F.,.F.,(4,1,1,1,1,1,1,1,1,1,1,1,1,1,1,1,1,1,1,1,1,1,4),
  (0.298260792506,0.299713043963,0.301165295421,0.302617546878,
    0.304069798336,0.305522049793,0.30697430125,0.308426552708,
    0.309878804165,0.311331055623,0.31278330708,0.314235558538,
    0.315687809995,0.317140061453,0.31859231291,0.320044564367,
    0.321496815825,0.322949067282,0.32440131874,0.325853570197,
    0.327305821655,0.328758073112,0.33021032457),.QUASI_UNIFORM_KNOTS.);
#5540 = CARTESIAN_POINT('',(6.28318530718,9.416648660029));
#5541 = CARTESIAN_POINT('',(6.261468189371,9.409707609072));
#5542 = CARTESIAN_POINT('',(6.21792188075,9.395717125297));
#5543 = CARTESIAN_POINT('',(6.152406090292,9.374541519308));
#5544 = CARTESIAN_POINT('',(6.086833911636,9.353311050865));
#5545 = CARTESIAN_POINT('',(6.021345116649,9.3321616037));
#5546 = CARTESIAN_POINT('',(5.956084442362,9.311232855444));
#5547 = CARTESIAN_POINT('',(5.891170453759,9.290637989702));
#5548 = CARTESIAN_POINT('',(5.82680434443,9.270564922461));
#5549 = CARTESIAN_POINT('',(5.762855794949,9.250885894813));
#5550 = CARTESIAN_POINT('',(5.698117332293,9.230459583328));
#5551 = CARTESIAN_POINT('',(5.633018592844,9.209686720432));
#5552 = CARTESIAN_POINT('',(5.567614382297,9.188619339206));
#5553 = CARTESIAN_POINT('',(5.50206457166,9.167410605961));
#5554 = CARTESIAN_POINT('',(5.4365054807,9.146192858517));
#5555 = CARTESIAN_POINT('',(5.371074044147,9.125099098324));
#5556 = CARTESIAN_POINT('',(5.30592899503,9.104281642132));
#5557 = CARTESIAN_POINT('',(5.241131174141,9.083798630755));
#5558 = CARTESIAN_POINT('',(5.177090638495,9.06403267131));
#5559 = CARTESIAN_POINT('',(5.112847101685,9.044076071907));
#5560 = CARTESIAN_POINT('',(5.047977052024,9.023525636627));
#5561 = CARTESIAN_POINT('',(4.982759341212,9.002641674639));
#5562 = CARTESIAN_POINT('',(4.917290847582,8.981516602033));
#5563 = CARTESIAN_POINT('',(4.87357855493,8.96736951857));
#5564 = CARTESIAN_POINT('',(4.851728321142,8.96030178051));
#5565 = ( GEOMETRIC_REPRESENTATION_CONTEXT(2) 
PARAMETRIC_REPRESENTATION_CONTEXT() REPRESENTATION_CONTEXT('2D SPACE',''
  ) );
#5566 = PCURVE('',#1832,#5567);
#5567 = DEFINITIONAL_REPRESENTATION('',(#5568),#5594);
#5568 = B_SPLINE_CURVE_WITH_KNOTS('',3,(#5569,#5570,#5571,#5572,#5573,
    #5574,#5575,#5576,#5577,#5578,#5579,#5580,#5581,#5582,#5583,#5584,
    #5585,#5586,#5587,#5588,#5589,#5590,#5591,#5592,#5593),
  .UNSPECIFIED.,.F.,.F.,(4,1,1,1,1,1,1,1,1,1,1,1,1,1,1,1,1,1,1,1,1,1,4),
  (0.298260792506,0.299713043963,0.301165295421,0.302617546878,
    0.304069798336,0.305522049793,0.30697430125,0.308426552708,
    0.309878804165,0.311331055623,0.31278330708,0.314235558538,
    0.315687809995,0.317140061453,0.31859231291,0.320044564367,
    0.321496815825,0.322949067282,0.32440131874,0.325853570197,
    0.327305821655,0.328758073112,0.33021032457),.QUASI_UNIFORM_KNOTS.);
#5569 = CARTESIAN_POINT('',(1.,0.734355643196));
#5570 = CARTESIAN_POINT('',(1.,0.733924496568));
#5571 = CARTESIAN_POINT('',(1.,0.733062203314));
#5572 = CARTESIAN_POINT('',(1.,0.731768763431));
#5573 = CARTESIAN_POINT('',(1.,0.730475323549));
#5574 = CARTESIAN_POINT('',(1.,0.729181883667));
#5575 = CARTESIAN_POINT('',(1.,0.727888443785));
#5576 = CARTESIAN_POINT('',(1.,0.726595003902));
#5577 = CARTESIAN_POINT('',(1.,0.72530156402));
#5578 = CARTESIAN_POINT('',(1.,0.724008124138));
#5579 = CARTESIAN_POINT('',(1.000000000002,0.722714684256));
#5580 = CARTESIAN_POINT('',(0.999999999993,0.721421244374));
#5581 = CARTESIAN_POINT('',(1.000000000025,0.720127804491));
#5582 = CARTESIAN_POINT('',(0.999999999908,0.718834364609));
#5583 = CARTESIAN_POINT('',(1.000000000345,0.717540924727));
#5584 = CARTESIAN_POINT('',(0.999999998712,0.716247484846));
#5585 = CARTESIAN_POINT('',(1.000000004808,0.714954044958));
#5586 = CARTESIAN_POINT('',(0.999999982056,0.713660605096));
#5587 = CARTESIAN_POINT('',(1.000000066966,0.712367165138));
#5588 = CARTESIAN_POINT('',(0.999999730094,0.711073725558));
#5589 = CARTESIAN_POINT('',(0.99999868873,0.709780286627));
#5590 = CARTESIAN_POINT('',(0.999997008262,0.70848684829));
#5591 = CARTESIAN_POINT('',(0.999994670129,0.707193410563));
#5592 = CARTESIAN_POINT('',(0.999992684418,0.706331119135));
#5593 = CARTESIAN_POINT('',(0.999991585992,0.705899973516));
#5594 = ( GEOMETRIC_REPRESENTATION_CONTEXT(2) 
PARAMETRIC_REPRESENTATION_CONTEXT() REPRESENTATION_CONTEXT('2D SPACE',''
  ) );
#5595 = ORIENTED_EDGE('',*,*,#5596,.T.);
#5596 = EDGE_CURVE('',#5526,#5597,#5599,.T.);
#5597 = VERTEX_POINT('',#5598);
#5598 = CARTESIAN_POINT('',(-0.5,-3.565108693995,1.871765981903));
#5599 = SURFACE_CURVE('',#5600,(#5604,#5611),.PCURVE_S1.);
#5600 = LINE('',#5601,#5602);
#5601 = CARTESIAN_POINT('',(-0.5,-3.565108693995,10.));
#5602 = VECTOR('',#5603,1.);
#5603 = DIRECTION('',(0.,0.,1.));
#5604 = PCURVE('',#2145,#5605);
#5605 = DEFINITIONAL_REPRESENTATION('',(#5606),#5610);
#5606 = LINE('',#5607,#5608);
#5607 = CARTESIAN_POINT('',(4.851728321142,0.));
#5608 = VECTOR('',#5609,1.);
#5609 = DIRECTION('',(0.,-1.));
#5610 = ( GEOMETRIC_REPRESENTATION_CONTEXT(2) 
PARAMETRIC_REPRESENTATION_CONTEXT() REPRESENTATION_CONTEXT('2D SPACE',''
  ) );
#5611 = PCURVE('',#505,#5612);
#5612 = DEFINITIONAL_REPRESENTATION('',(#5613),#5617);
#5613 = LINE('',#5614,#5615);
#5614 = CARTESIAN_POINT('',(-5.437965678228,10.184740477399));
#5615 = VECTOR('',#5616,1.);
#5616 = DIRECTION('',(0.,1.));
#5617 = ( GEOMETRIC_REPRESENTATION_CONTEXT(2) 
PARAMETRIC_REPRESENTATION_CONTEXT() REPRESENTATION_CONTEXT('2D SPACE',''
  ) );
#5618 = ORIENTED_EDGE('',*,*,#5619,.T.);
#5619 = EDGE_CURVE('',#5597,#2130,#5620,.T.);
#5620 = SURFACE_CURVE('',#5621,(#5629,#5658),.PCURVE_S1.);
#5621 = ( BOUNDED_CURVE() B_SPLINE_CURVE(2,(#5622,#5623,#5624,#5625,
#5626,#5627,#5628),.UNSPECIFIED.,.F.,.F.) B_SPLINE_CURVE_WITH_KNOTS((3,2
    ,2,3),(0.580899965781,0.5875,0.6,0.609355643196),.UNSPECIFIED.) 
CURVE() GEOMETRIC_REPRESENTATION_ITEM() RATIONAL_B_SPLINE_CURVE((
    0.975605016537,0.974157706621,1.,0.951056516295,1.,0.963368178376,
0.981570637188)) REPRESENTATION_ITEM('') );
#5622 = CARTESIAN_POINT('',(-0.5,-3.565108693995,1.871765981903));
#5623 = CARTESIAN_POINT('',(-1.097120584651,-3.481363619735,
    1.817573560102));
#5624 = CARTESIAN_POINT('',(-1.634365909478,-3.207623430819,
    1.766025392827));
#5625 = CARTESIAN_POINT('',(-2.676585940249,-2.676585755978,
    1.666025392827));
#5626 = CARTESIAN_POINT('',(-3.207623543338,-1.634365688647,
    1.566025392827));
#5627 = CARTESIAN_POINT('',(-3.6,-0.864283467156,1.492136753985));
#5628 = CARTESIAN_POINT('',(-3.6,6.019843724108E-15,1.41540214754));
#5629 = PCURVE('',#2145,#5630);
#5630 = DEFINITIONAL_REPRESENTATION('',(#5631),#5657);
#5631 = B_SPLINE_CURVE_WITH_KNOTS('',3,(#5632,#5633,#5634,#5635,#5636,
    #5637,#5638,#5639,#5640,#5641,#5642,#5643,#5644,#5645,#5646,#5647,
    #5648,#5649,#5650,#5651,#5652,#5653,#5654,#5655,#5656),
  .UNSPECIFIED.,.F.,.F.,(4,1,1,1,1,1,1,1,1,1,1,1,1,1,1,1,1,1,1,1,1,1,4),
  (0.580899965781,0.582193405664,0.583486845546,0.584780285429,
    0.586073725311,0.587367165194,0.588660605076,0.589954044959,
    0.591247484841,0.592540924724,0.593834364606,0.595127804489,
    0.596421244371,0.597714684253,0.599008124136,0.600301564018,
    0.601595003901,0.602888443783,0.604181883666,0.605475323548,
    0.606768763431,0.608062203313,0.609355643196),
  .QUASI_UNIFORM_KNOTS.);
#5632 = CARTESIAN_POINT('',(4.851728321142,8.128234018097));
#5633 = CARTESIAN_POINT('',(4.873578554897,8.135303969414));
#5634 = CARTESIAN_POINT('',(4.917290847488,8.149455054275));
#5635 = CARTESIAN_POINT('',(4.982759341051,8.170584838903));
#5636 = CARTESIAN_POINT('',(5.04797705182,8.191472187306));
#5637 = CARTESIAN_POINT('',(5.11284710146,8.212024720687));
#5638 = CARTESIAN_POINT('',(5.177090638275,8.231981998543));
#5639 = CARTESIAN_POINT('',(5.241131173934,8.251747786983));
#5640 = CARTESIAN_POINT('',(5.305928994834,8.272230844184));
#5641 = CARTESIAN_POINT('',(5.371074043963,8.293048288101));
#5642 = CARTESIAN_POINT('',(5.436505480529,8.314142051588));
#5643 = CARTESIAN_POINT('',(5.502064571502,8.335359798155));
#5644 = CARTESIAN_POINT('',(5.567614382153,8.35656853164));
#5645 = CARTESIAN_POINT('',(5.633018592712,8.377635912808));
#5646 = CARTESIAN_POINT('',(5.698117332176,8.398408775726));
#5647 = CARTESIAN_POINT('',(5.762855794845,8.418835087211));
#5648 = CARTESIAN_POINT('',(5.82680434434,8.438514114865));
#5649 = CARTESIAN_POINT('',(5.891170453681,8.458587182108));
#5650 = CARTESIAN_POINT('',(5.956084442297,8.479182047854));
#5651 = CARTESIAN_POINT('',(6.021345116597,8.500110796114));
#5652 = CARTESIAN_POINT('',(6.086833911596,8.521260243283));
#5653 = CARTESIAN_POINT('',(6.152406090266,8.54249071173));
#5654 = CARTESIAN_POINT('',(6.217921880737,8.563666317724));
#5655 = CARTESIAN_POINT('',(6.261468189366,8.577656801502));
#5656 = CARTESIAN_POINT('',(6.28318530718,8.58459785246));
#5657 = ( GEOMETRIC_REPRESENTATION_CONTEXT(2) 
PARAMETRIC_REPRESENTATION_CONTEXT() REPRESENTATION_CONTEXT('2D SPACE',''
  ) );
#5658 = PCURVE('',#1463,#5659);
#5659 = DEFINITIONAL_REPRESENTATION('',(#5660),#5664);
#5660 = LINE('',#5661,#5662);
#5661 = CARTESIAN_POINT('',(-3.673377238984E-14,0.));
#5662 = VECTOR('',#5663,1.);
#5663 = DIRECTION('',(6.23730789743E-14,1.));
#5664 = ( GEOMETRIC_REPRESENTATION_CONTEXT(2) 
PARAMETRIC_REPRESENTATION_CONTEXT() REPRESENTATION_CONTEXT('2D SPACE',''
  ) );
#5665 = ORIENTED_EDGE('',*,*,#2129,.T.);
#5666 = ADVANCED_FACE('',(#5667),#5681,.F.);
#5667 = FACE_BOUND('',#5668,.F.);
#5668 = EDGE_LOOP('',(#5669,#5988,#6029,#6051));
#5669 = ORIENTED_EDGE('',*,*,#5670,.F.);
#5670 = EDGE_CURVE('',#5671,#5673,#5675,.T.);
#5671 = VERTEX_POINT('',#5672);
#5672 = CARTESIAN_POINT('',(0.5,-4.069397989875,4.089223782171));
#5673 = VERTEX_POINT('',#5674);
#5674 = CARTESIAN_POINT('',(0.5,-4.069397989875,4.989223782171));
#5675 = SURFACE_CURVE('',#5676,(#5680,#5981),.PCURVE_S1.);
#5676 = LINE('',#5677,#5678);
#5677 = CARTESIAN_POINT('',(0.5,-4.069397989875,4.539223782171));
#5678 = VECTOR('',#5679,1.);
#5679 = DIRECTION('',(0.,0.,1.));
#5680 = PCURVE('',#5681,#5976);
#5681 = ( BOUNDED_SURFACE() B_SPLINE_SURFACE(1,2,(
    (#5682,#5683,#5684,#5685,#5686,#5687,#5688,#5689,#5690,#5691,#5692
      ,#5693,#5694,#5695,#5696,#5697,#5698,#5699,#5700,#5701,#5702,#5703
      ,#5704,#5705,#5706,#5707,#5708,#5709,#5710,#5711,#5712,#5713,#5714
      ,#5715,#5716,#5717,#5718,#5719,#5720,#5721,#5722,#5723,#5724,#5725
      ,#5726,#5727,#5728,#5729,#5730,#5731,#5732,#5733,#5734,#5735,#5736
      ,#5737,#5738,#5739,#5740,#5741,#5742,#5743,#5744,#5745,#5746,#5747
      ,#5748,#5749,#5750,#5751,#5752,#5753,#5754,#5755,#5756,#5757,#5758
      ,#5759,#5760,#5761,#5762,#5763,#5764,#5765,#5766,#5767,#5768,#5769
      ,#5770,#5771,#5772,#5773,#5774,#5775,#5776,#5777,#5778,#5779,#5780
      ,#5781,#5782,#5783,#5784,#5785,#5786,#5787,#5788,#5789,#5790,#5791
      ,#5792,#5793,#5794,#5795,#5796,#5797,#5798,#5799,#5800,#5801,#5802
      ,#5803,#5804,#5805,#5806,#5807,#5808,#5809,#5810,#5811,#5812,#5813
      ,#5814,#5815,#5816,#5817,#5818,#5819,#5820,#5821,#5822,#5823,#5824
      ,#5825,#5826,#5827,#5828)
    ,(#5829,#5830,#5831,#5832,#5833,#5834,#5835,#5836,#5837,#5838,#5839
      ,#5840,#5841,#5842,#5843,#5844,#5845,#5846,#5847,#5848,#5849,#5850
      ,#5851,#5852,#5853,#5854,#5855,#5856,#5857,#5858,#5859,#5860,#5861
      ,#5862,#5863,#5864,#5865,#5866,#5867,#5868,#5869,#5870,#5871,#5872
      ,#5873,#5874,#5875,#5876,#5877,#5878,#5879,#5880,#5881,#5882,#5883
      ,#5884,#5885,#5886,#5887,#5888,#5889,#5890,#5891,#5892,#5893,#5894
      ,#5895,#5896,#5897,#5898,#5899,#5900,#5901,#5902,#5903,#5904,#5905
      ,#5906,#5907,#5908,#5909,#5910,#5911,#5912,#5913,#5914,#5915,#5916
      ,#5917,#5918,#5919,#5920,#5921,#5922,#5923,#5924,#5925,#5926,#5927
      ,#5928,#5929,#5930,#5931,#5932,#5933,#5934,#5935,#5936,#5937,#5938
      ,#5939,#5940,#5941,#5942,#5943,#5944,#5945,#5946,#5947,#5948,#5949
      ,#5950,#5951,#5952,#5953,#5954,#5955,#5956,#5957,#5958,#5959,#5960
      ,#5961,#5962,#5963,#5964,#5965,#5966,#5967,#5968,#5969,#5970,#5971
      ,#5972,#5973,#5974,#5975
)),.UNSPECIFIED.,.F.,.F.,.F.) B_SPLINE_SURFACE_WITH_KNOTS((2,2),(3,2,2,2
    ,2,2,2,2,2,2,2,2,2,2,2,2,2,2,2,2,2,2,2,2,2,2,2,2,2,2,2,2,2,2,2,2,2,2
    ,2,2,2,2,2,2,2,2,2,2,2,2,2,2,2,2,2,2,2,2,2,2,2,2,2,2,2,2,2,2,2,2,2,2
    ,2,3),(0.,1.),(0.100449199628,0.109355643196,0.1125,0.125,0.1375,
    0.15,0.1625,0.175,0.1875,0.2,0.2125,0.225,0.2375,0.25,0.2625,0.275,
    0.2875,0.3,0.3125,0.325,0.3375,0.35,0.3625,0.375,0.3875,0.4,0.4125,
    0.425,0.4375,0.45,0.4625,0.475,0.4875,0.5,0.5125,0.525,0.5375,0.55,
    0.5625,0.575,0.5875,0.6,0.6125,0.625,0.6375,0.65,0.6625,0.675,0.6875
    ,0.7,0.7125,0.725,0.7375,0.75,0.7625,0.775,0.7875,0.8,0.8125,0.825,
    0.8375,0.85,0.8625,0.875,0.8875,0.9,0.9125,0.925,0.9375,0.95,0.9625,
0.975,0.9875,1.),.UNSPECIFIED.) GEOMETRIC_REPRESENTATION_ITEM() 
RATIONAL_B_SPLINE_SURFACE((
    (0.981570637188,0.981570637188,0.981570637188,0.987688337919,1.
      ,0.951056516295,1.,0.951056516295,1.,0.951056516295,1.
      ,0.951056516295,1.,0.951056516295,1.,0.951056516295,1.
      ,0.951056516295,1.,0.951056516295,1.,0.951056516295,1.
      ,0.951056516295,1.,0.951056516295,1.,0.951056516295,1.
      ,0.951056516295,1.,0.951056516295,1.,0.951056516295,1.
      ,0.951056516295,1.,0.951056516295,1.,0.951056516295,1.
      ,0.951056516295,1.,0.951056516295,1.,0.951056516295,1.
      ,0.951056516295,1.,0.951056516295,1.,0.951056516295,1.
      ,0.951056516295,1.,0.951056516295,1.,0.951056516295,1.
      ,0.951056516295,1.,0.951056516295,1.,0.951056516295,1.
      ,0.951056516295,1.,0.951056516295,1.,0.951056516295,1.
      ,0.951056516295,1.,0.951056516295,1.,0.951056516295,1.
      ,0.951056516295,1.,0.951056516295,1.,0.951056516295,1.
      ,0.951056516295,1.,0.951056516295,1.,0.951056516295,1.
      ,0.951056516295,1.,0.951056516295,1.,0.951056516295,1.
      ,0.951056516295,1.,0.951056516295,1.,0.951056516295,1.
      ,0.951056516295,1.,0.951056516295,1.,0.951056516295,1.
      ,0.951056516295,1.,0.951056516295,1.,0.951056516295,1.
      ,0.951056516295,1.,0.951056516295,1.,0.951056516295,1.
      ,0.951056516295,1.,0.951056516295,1.,0.951056516295,1.
      ,0.951056516295,1.,0.951056516295,1.,0.951056516295,1.
      ,0.951056516295,1.,0.951056516295,1.,0.951056516295,1.
      ,0.951056516295,1.,0.951056516295,1.,0.951056516295,1.
      ,0.951056516295,1.,0.951056516295,1.)
    ,(0.981570637188,0.981570637188,0.981570637188,0.987688337919,1.
      ,0.951056516295,1.,0.951056516295,1.,0.951056516295,1.
      ,0.951056516295,1.,0.951056516295,1.,0.951056516295,1.
      ,0.951056516295,1.,0.951056516295,1.,0.951056516295,1.
      ,0.951056516295,1.,0.951056516295,1.,0.951056516295,1.
      ,0.951056516295,1.,0.951056516295,1.,0.951056516295,1.
      ,0.951056516295,1.,0.951056516295,1.,0.951056516295,1.
      ,0.951056516295,1.,0.951056516295,1.,0.951056516295,1.
      ,0.951056516295,1.,0.951056516295,1.,0.951056516295,1.
      ,0.951056516295,1.,0.951056516295,1.,0.951056516295,1.
      ,0.951056516295,1.,0.951056516295,1.,0.951056516295,1.
      ,0.951056516295,1.,0.951056516295,1.,0.951056516295,1.
      ,0.951056516295,1.,0.951056516295,1.,0.951056516295,1.
      ,0.951056516295,1.,0.951056516295,1.,0.951056516295,1.
      ,0.951056516295,1.,0.951056516295,1.,0.951056516295,1.
      ,0.951056516295,1.,0.951056516295,1.,0.951056516295,1.
      ,0.951056516295,1.,0.951056516295,1.,0.951056516295,1.
      ,0.951056516295,1.,0.951056516295,1.,0.951056516295,1.
      ,0.951056516295,1.,0.951056516295,1.,0.951056516295,1.
      ,0.951056516295,1.,0.951056516295,1.,0.951056516295,1.
      ,0.951056516295,1.,0.951056516295,1.,0.951056516295,1.
      ,0.951056516295,1.,0.951056516295,1.,0.951056516295,1.
      ,0.951056516295,1.,0.951056516295,1.,0.951056516295,1.
      ,0.951056516295,1.,0.951056516295,1.,0.951056516295,1.
,0.951056516295,1.,0.951056516295,1.
  ))) REPRESENTATION_ITEM('') SURFACE() );
#5682 = CARTESIAN_POINT('',(-4.1,-1.839369435481,9.69276800153));
#5683 = CARTESIAN_POINT('',(-4.1,-0.919684717741,9.621072372643));
#5684 = CARTESIAN_POINT('',(-4.1,1.932977342604E-16,9.549376743756));
#5685 = CARTESIAN_POINT('',(-4.1,0.322677068985,9.524221889117));
#5686 = CARTESIAN_POINT('',(-4.049522174362,0.641381446061,
    9.499999989043));
#5687 = CARTESIAN_POINT('',(-3.841124709738,1.957150960843,
    9.399999989043));
#5688 = CARTESIAN_POINT('',(-2.899137703068,2.899137902661,
    9.299999989043));
#5689 = CARTESIAN_POINT('',(-1.957150696398,3.84112484448,9.199999989043
    ));
#5690 = CARTESIAN_POINT('',(-0.641381167269,4.049522218518,
    9.099999989043));
#5691 = CARTESIAN_POINT('',(0.67438836186,4.257919592557,8.999999989043)
  );
#5692 = CARTESIAN_POINT('',(1.861361174683,3.653126685099,8.899999989043
    ));
#5693 = CARTESIAN_POINT('',(3.048333987506,3.048333777641,8.799999989043
    ));
#5694 = CARTESIAN_POINT('',(3.653126813246,1.861360923181,8.699999989043
    ));
#5695 = CARTESIAN_POINT('',(4.257919638985,0.674388068721,8.599999989043
    ));
#5696 = CARTESIAN_POINT('',(4.049522174362,-0.641381446061,
    8.499999989043));
#5697 = CARTESIAN_POINT('',(3.841124709738,-1.957150960843,
    8.399999989043));
#5698 = CARTESIAN_POINT('',(2.899137703068,-2.899137902661,
    8.299999989043));
#5699 = CARTESIAN_POINT('',(1.957150696398,-3.84112484448,8.199999989043
    ));
#5700 = CARTESIAN_POINT('',(0.641381167269,-4.049522218518,
    8.099999989043));
#5701 = CARTESIAN_POINT('',(-0.67438836186,-4.257919592557,
    7.999999989043));
#5702 = CARTESIAN_POINT('',(-1.861361174683,-3.653126685099,
    7.899999989043));
#5703 = CARTESIAN_POINT('',(-3.048333987506,-3.048333777641,
    7.799999989043));
#5704 = CARTESIAN_POINT('',(-3.653126813246,-1.861360923181,
    7.699999989043));
#5705 = CARTESIAN_POINT('',(-4.257919638985,-0.674388068721,
    7.599999989043));
#5706 = CARTESIAN_POINT('',(-4.049522174362,0.641381446061,
    7.499999989043));
#5707 = CARTESIAN_POINT('',(-3.841124709738,1.957150960843,
    7.399999989043));
#5708 = CARTESIAN_POINT('',(-2.899137703068,2.899137902661,
    7.299999989043));
#5709 = CARTESIAN_POINT('',(-1.957150696398,3.84112484448,7.199999989043
    ));
#5710 = CARTESIAN_POINT('',(-0.641381167269,4.049522218518,
    7.099999989043));
#5711 = CARTESIAN_POINT('',(0.67438836186,4.257919592557,6.999999989043)
  );
#5712 = CARTESIAN_POINT('',(1.861361174683,3.653126685099,6.899999989043
    ));
#5713 = CARTESIAN_POINT('',(3.048333987506,3.048333777641,6.799999989043
    ));
#5714 = CARTESIAN_POINT('',(3.653126813246,1.861360923181,6.699999989043
    ));
#5715 = CARTESIAN_POINT('',(4.257919638985,0.674388068721,6.599999989043
    ));
#5716 = CARTESIAN_POINT('',(4.049522174362,-0.641381446061,
    6.499999989043));
#5717 = CARTESIAN_POINT('',(3.841124709738,-1.957150960843,
    6.399999989043));
#5718 = CARTESIAN_POINT('',(2.899137703068,-2.899137902661,
    6.299999989043));
#5719 = CARTESIAN_POINT('',(1.957150696398,-3.84112484448,6.199999989043
    ));
#5720 = CARTESIAN_POINT('',(0.641381167269,-4.049522218518,
    6.099999989043));
#5721 = CARTESIAN_POINT('',(-0.67438836186,-4.257919592557,
    5.999999989043));
#5722 = CARTESIAN_POINT('',(-1.861361174683,-3.653126685099,
    5.899999989043));
#5723 = CARTESIAN_POINT('',(-3.048333987506,-3.048333777641,
    5.799999989043));
#5724 = CARTESIAN_POINT('',(-3.653126813246,-1.861360923181,
    5.699999989043));
#5725 = CARTESIAN_POINT('',(-4.257919638985,-0.674388068721,
    5.599999989043));
#5726 = CARTESIAN_POINT('',(-4.049522174362,0.641381446061,
    5.499999989043));
#5727 = CARTESIAN_POINT('',(-3.841124709738,1.957150960843,
    5.399999989043));
#5728 = CARTESIAN_POINT('',(-2.899137703068,2.899137902661,
    5.299999989043));
#5729 = CARTESIAN_POINT('',(-1.957150696398,3.84112484448,5.199999989043
    ));
#5730 = CARTESIAN_POINT('',(-0.641381167269,4.049522218518,
    5.099999989043));
#5731 = CARTESIAN_POINT('',(0.67438836186,4.257919592557,4.999999989043)
  );
#5732 = CARTESIAN_POINT('',(1.861361174683,3.653126685099,4.899999989043
    ));
#5733 = CARTESIAN_POINT('',(3.048333987506,3.048333777641,4.799999989043
    ));
#5734 = CARTESIAN_POINT('',(3.653126813246,1.861360923181,4.699999989043
    ));
#5735 = CARTESIAN_POINT('',(4.257919638985,0.674388068721,4.599999989043
    ));
#5736 = CARTESIAN_POINT('',(4.049522174362,-0.641381446061,
    4.499999989043));
#5737 = CARTESIAN_POINT('',(3.841124709738,-1.957150960843,
    4.399999989043));
#5738 = CARTESIAN_POINT('',(2.899137703068,-2.899137902661,
    4.299999989043));
#5739 = CARTESIAN_POINT('',(1.957150696398,-3.84112484448,4.199999989043
    ));
#5740 = CARTESIAN_POINT('',(0.641381167269,-4.049522218518,
    4.099999989043));
#5741 = CARTESIAN_POINT('',(-0.67438836186,-4.257919592557,
    3.999999989043));
#5742 = CARTESIAN_POINT('',(-1.861361174683,-3.653126685099,
    3.899999989043));
#5743 = CARTESIAN_POINT('',(-3.048333987506,-3.048333777641,
    3.799999989043));
#5744 = CARTESIAN_POINT('',(-3.653126813246,-1.861360923181,
    3.699999989043));
#5745 = CARTESIAN_POINT('',(-4.257919638985,-0.674388068721,
    3.599999989043));
#5746 = CARTESIAN_POINT('',(-4.049522174362,0.641381446061,
    3.499999989043));
#5747 = CARTESIAN_POINT('',(-3.841124709738,1.957150960843,
    3.399999989043));
#5748 = CARTESIAN_POINT('',(-2.899137703068,2.899137902661,
    3.299999989043));
#5749 = CARTESIAN_POINT('',(-1.957150696398,3.84112484448,3.199999989043
    ));
#5750 = CARTESIAN_POINT('',(-0.641381167269,4.049522218518,
    3.099999989043));
#5751 = CARTESIAN_POINT('',(0.67438836186,4.257919592557,2.999999989043)
  );
#5752 = CARTESIAN_POINT('',(1.861361174683,3.653126685099,2.899999989043
    ));
#5753 = CARTESIAN_POINT('',(3.048333987506,3.048333777641,2.799999989043
    ));
#5754 = CARTESIAN_POINT('',(3.653126813246,1.861360923181,2.699999989043
    ));
#5755 = CARTESIAN_POINT('',(4.257919638985,0.674388068721,2.599999989043
    ));
#5756 = CARTESIAN_POINT('',(4.049522174362,-0.641381446061,
    2.499999989043));
#5757 = CARTESIAN_POINT('',(3.841124709738,-1.957150960843,
    2.399999989043));
#5758 = CARTESIAN_POINT('',(2.899137703068,-2.899137902661,
    2.299999989043));
#5759 = CARTESIAN_POINT('',(1.957150696398,-3.84112484448,2.199999989043
    ));
#5760 = CARTESIAN_POINT('',(0.641381167269,-4.049522218518,
    2.099999989043));
#5761 = CARTESIAN_POINT('',(-0.67438836186,-4.257919592557,
    1.999999989043));
#5762 = CARTESIAN_POINT('',(-1.861361174683,-3.653126685099,
    1.899999989043));
#5763 = CARTESIAN_POINT('',(-3.048333987506,-3.048333777641,
    1.799999989043));
#5764 = CARTESIAN_POINT('',(-3.653126813246,-1.861360923181,
    1.699999989043));
#5765 = CARTESIAN_POINT('',(-4.257919638985,-0.674388068721,
    1.599999989043));
#5766 = CARTESIAN_POINT('',(-4.049522174362,0.641381446061,
    1.499999989043));
#5767 = CARTESIAN_POINT('',(-3.841124709738,1.957150960843,
    1.399999989043));
#5768 = CARTESIAN_POINT('',(-2.899137703068,2.899137902661,
    1.299999989043));
#5769 = CARTESIAN_POINT('',(-1.957150696398,3.84112484448,1.199999989043
    ));
#5770 = CARTESIAN_POINT('',(-0.641381167269,4.049522218518,
    1.099999989043));
#5771 = CARTESIAN_POINT('',(0.67438836186,4.257919592557,0.999999989043)
  );
#5772 = CARTESIAN_POINT('',(1.861361174683,3.653126685099,0.899999989043
    ));
#5773 = CARTESIAN_POINT('',(3.048333987506,3.048333777641,0.799999989043
    ));
#5774 = CARTESIAN_POINT('',(3.653126813246,1.861360923181,0.699999989043
    ));
#5775 = CARTESIAN_POINT('',(4.257919638985,0.674388068721,0.599999989043
    ));
#5776 = CARTESIAN_POINT('',(4.049522174362,-0.641381446061,
    0.499999989043));
#5777 = CARTESIAN_POINT('',(3.841124709738,-1.957150960843,
    0.399999989043));
#5778 = CARTESIAN_POINT('',(2.899137703068,-2.899137902661,
    0.299999989043));
#5779 = CARTESIAN_POINT('',(1.957150696398,-3.84112484448,0.199999989043
    ));
#5780 = CARTESIAN_POINT('',(0.641381167269,-4.049522218518,
    9.999998904288E-02));
#5781 = CARTESIAN_POINT('',(-0.67438836186,-4.257919592557,
    -1.095712409693E-08));
#5782 = CARTESIAN_POINT('',(-1.861361174683,-3.653126685099,
    -0.100000010957));
#5783 = CARTESIAN_POINT('',(-3.048333987506,-3.048333777641,
    -0.200000010957));
#5784 = CARTESIAN_POINT('',(-3.653126813246,-1.861360923181,
    -0.300000010957));
#5785 = CARTESIAN_POINT('',(-4.257919638985,-0.674388068721,
    -0.400000010957));
#5786 = CARTESIAN_POINT('',(-4.049522174362,0.641381446061,
    -0.500000010957));
#5787 = CARTESIAN_POINT('',(-3.841124709738,1.957150960843,
    -0.600000010957));
#5788 = CARTESIAN_POINT('',(-2.899137703068,2.899137902661,
    -0.700000010957));
#5789 = CARTESIAN_POINT('',(-1.957150696398,3.84112484448,
    -0.800000010957));
#5790 = CARTESIAN_POINT('',(-0.641381167269,4.049522218518,
    -0.900000010957));
#5791 = CARTESIAN_POINT('',(0.67438836186,4.257919592557,-1.000000010957
    ));
#5792 = CARTESIAN_POINT('',(1.861361174683,3.653126685099,
    -1.100000010957));
#5793 = CARTESIAN_POINT('',(3.048333987506,3.048333777641,
    -1.200000010957));
#5794 = CARTESIAN_POINT('',(3.653126813246,1.861360923181,
    -1.300000010957));
#5795 = CARTESIAN_POINT('',(4.257919638985,0.674388068721,
    -1.400000010957));
#5796 = CARTESIAN_POINT('',(4.049522174362,-0.641381446061,
    -1.500000010957));
#5797 = CARTESIAN_POINT('',(3.841124709738,-1.957150960843,
    -1.600000010957));
#5798 = CARTESIAN_POINT('',(2.899137703068,-2.899137902661,
    -1.700000010957));
#5799 = CARTESIAN_POINT('',(1.957150696398,-3.84112484448,
    -1.800000010957));
#5800 = CARTESIAN_POINT('',(0.641381167269,-4.049522218518,
    -1.900000010957));
#5801 = CARTESIAN_POINT('',(-0.67438836186,-4.257919592557,
    -2.000000010957));
#5802 = CARTESIAN_POINT('',(-1.861361174683,-3.653126685099,
    -2.100000010957));
#5803 = CARTESIAN_POINT('',(-3.048333987506,-3.048333777641,
    -2.200000010957));
#5804 = CARTESIAN_POINT('',(-3.653126813246,-1.861360923181,
    -2.300000010957));
#5805 = CARTESIAN_POINT('',(-4.257919638985,-0.674388068721,
    -2.400000010957));
#5806 = CARTESIAN_POINT('',(-4.049522174362,0.641381446061,
    -2.500000010957));
#5807 = CARTESIAN_POINT('',(-3.841124709738,1.957150960843,
    -2.600000010957));
#5808 = CARTESIAN_POINT('',(-2.899137703068,2.899137902661,
    -2.700000010957));
#5809 = CARTESIAN_POINT('',(-1.957150696398,3.84112484448,
    -2.800000010957));
#5810 = CARTESIAN_POINT('',(-0.641381167269,4.049522218518,
    -2.900000010957));
#5811 = CARTESIAN_POINT('',(0.67438836186,4.257919592557,-3.000000010957
    ));
#5812 = CARTESIAN_POINT('',(1.861361174683,3.653126685099,
    -3.100000010957));
#5813 = CARTESIAN_POINT('',(3.048333987506,3.048333777641,
    -3.200000010957));
#5814 = CARTESIAN_POINT('',(3.653126813246,1.861360923181,
    -3.300000010957));
#5815 = CARTESIAN_POINT('',(4.257919638985,0.674388068721,
    -3.400000010957));
#5816 = CARTESIAN_POINT('',(4.049522174362,-0.641381446061,
    -3.500000010957));
#5817 = CARTESIAN_POINT('',(3.841124709738,-1.957150960843,
    -3.600000010957));
#5818 = CARTESIAN_POINT('',(2.899137703068,-2.899137902661,
    -3.700000010957));
#5819 = CARTESIAN_POINT('',(1.957150696398,-3.84112484448,
    -3.800000010957));
#5820 = CARTESIAN_POINT('',(0.641381167269,-4.049522218518,
    -3.900000010957));
#5821 = CARTESIAN_POINT('',(-0.67438836186,-4.257919592557,
    -4.000000010957));
#5822 = CARTESIAN_POINT('',(-1.861361174683,-3.653126685099,
    -4.100000010957));
#5823 = CARTESIAN_POINT('',(-3.048333987506,-3.048333777641,
    -4.200000010957));
#5824 = CARTESIAN_POINT('',(-3.653126813246,-1.861360923181,
    -4.300000010957));
#5825 = CARTESIAN_POINT('',(-4.257919638985,-0.674388068721,
    -4.400000010957));
#5826 = CARTESIAN_POINT('',(-4.049522174362,0.641381446061,
    -4.500000010957));
#5827 = CARTESIAN_POINT('',(-3.841124709738,1.957150960843,
    -4.600000010957));
#5828 = CARTESIAN_POINT('',(-2.899137703068,2.899137902661,
    -4.700000010957));
#5829 = CARTESIAN_POINT('',(-4.1,-1.839369435481,10.59276800153));
#5830 = CARTESIAN_POINT('',(-4.1,-0.919684717741,10.521072372643));
#5831 = CARTESIAN_POINT('',(-4.1,1.932977342604E-16,10.449376743756));
#5832 = CARTESIAN_POINT('',(-4.1,0.322677068985,10.424221889117));
#5833 = CARTESIAN_POINT('',(-4.049522174362,0.641381446061,
    10.399999989043));
#5834 = CARTESIAN_POINT('',(-3.841124709738,1.957150960843,
    10.299999989043));
#5835 = CARTESIAN_POINT('',(-2.899137703068,2.899137902661,
    10.199999989043));
#5836 = CARTESIAN_POINT('',(-1.957150696398,3.84112484448,
    10.099999989043));
#5837 = CARTESIAN_POINT('',(-0.641381167269,4.049522218518,
    9.999999989043));
#5838 = CARTESIAN_POINT('',(0.67438836186,4.257919592557,9.899999989043)
  );
#5839 = CARTESIAN_POINT('',(1.861361174683,3.653126685099,9.799999989043
    ));
#5840 = CARTESIAN_POINT('',(3.048333987506,3.048333777641,9.699999989043
    ));
#5841 = CARTESIAN_POINT('',(3.653126813246,1.861360923181,9.599999989043
    ));
#5842 = CARTESIAN_POINT('',(4.257919638985,0.674388068721,9.499999989043
    ));
#5843 = CARTESIAN_POINT('',(4.049522174362,-0.641381446061,
    9.399999989043));
#5844 = CARTESIAN_POINT('',(3.841124709738,-1.957150960843,
    9.299999989043));
#5845 = CARTESIAN_POINT('',(2.899137703068,-2.899137902661,
    9.199999989043));
#5846 = CARTESIAN_POINT('',(1.957150696398,-3.84112484448,9.099999989043
    ));
#5847 = CARTESIAN_POINT('',(0.641381167269,-4.049522218518,
    8.999999989043));
#5848 = CARTESIAN_POINT('',(-0.67438836186,-4.257919592557,
    8.899999989043));
#5849 = CARTESIAN_POINT('',(-1.861361174683,-3.653126685099,
    8.799999989043));
#5850 = CARTESIAN_POINT('',(-3.048333987506,-3.048333777641,
    8.699999989043));
#5851 = CARTESIAN_POINT('',(-3.653126813246,-1.861360923181,
    8.599999989043));
#5852 = CARTESIAN_POINT('',(-4.257919638985,-0.674388068721,
    8.499999989043));
#5853 = CARTESIAN_POINT('',(-4.049522174362,0.641381446061,
    8.399999989043));
#5854 = CARTESIAN_POINT('',(-3.841124709738,1.957150960843,
    8.299999989043));
#5855 = CARTESIAN_POINT('',(-2.899137703068,2.899137902661,
    8.199999989043));
#5856 = CARTESIAN_POINT('',(-1.957150696398,3.84112484448,8.099999989043
    ));
#5857 = CARTESIAN_POINT('',(-0.641381167269,4.049522218518,
    7.999999989043));
#5858 = CARTESIAN_POINT('',(0.67438836186,4.257919592557,7.899999989043)
  );
#5859 = CARTESIAN_POINT('',(1.861361174683,3.653126685099,7.799999989043
    ));
#5860 = CARTESIAN_POINT('',(3.048333987506,3.048333777641,7.699999989043
    ));
#5861 = CARTESIAN_POINT('',(3.653126813246,1.861360923181,7.599999989043
    ));
#5862 = CARTESIAN_POINT('',(4.257919638985,0.674388068721,7.499999989043
    ));
#5863 = CARTESIAN_POINT('',(4.049522174362,-0.641381446061,
    7.399999989043));
#5864 = CARTESIAN_POINT('',(3.841124709738,-1.957150960843,
    7.299999989043));
#5865 = CARTESIAN_POINT('',(2.899137703068,-2.899137902661,
    7.199999989043));
#5866 = CARTESIAN_POINT('',(1.957150696398,-3.84112484448,7.099999989043
    ));
#5867 = CARTESIAN_POINT('',(0.641381167269,-4.049522218518,
    6.999999989043));
#5868 = CARTESIAN_POINT('',(-0.67438836186,-4.257919592557,
    6.899999989043));
#5869 = CARTESIAN_POINT('',(-1.861361174683,-3.653126685099,
    6.799999989043));
#5870 = CARTESIAN_POINT('',(-3.048333987506,-3.048333777641,
    6.699999989043));
#5871 = CARTESIAN_POINT('',(-3.653126813246,-1.861360923181,
    6.599999989043));
#5872 = CARTESIAN_POINT('',(-4.257919638985,-0.674388068721,
    6.499999989043));
#5873 = CARTESIAN_POINT('',(-4.049522174362,0.641381446061,
    6.399999989043));
#5874 = CARTESIAN_POINT('',(-3.841124709738,1.957150960843,
    6.299999989043));
#5875 = CARTESIAN_POINT('',(-2.899137703068,2.899137902661,
    6.199999989043));
#5876 = CARTESIAN_POINT('',(-1.957150696398,3.84112484448,6.099999989043
    ));
#5877 = CARTESIAN_POINT('',(-0.641381167269,4.049522218518,
    5.999999989043));
#5878 = CARTESIAN_POINT('',(0.67438836186,4.257919592557,5.899999989043)
  );
#5879 = CARTESIAN_POINT('',(1.861361174683,3.653126685099,5.799999989043
    ));
#5880 = CARTESIAN_POINT('',(3.048333987506,3.048333777641,5.699999989043
    ));
#5881 = CARTESIAN_POINT('',(3.653126813246,1.861360923181,5.599999989043
    ));
#5882 = CARTESIAN_POINT('',(4.257919638985,0.674388068721,5.499999989043
    ));
#5883 = CARTESIAN_POINT('',(4.049522174362,-0.641381446061,
    5.399999989043));
#5884 = CARTESIAN_POINT('',(3.841124709738,-1.957150960843,
    5.299999989043));
#5885 = CARTESIAN_POINT('',(2.899137703068,-2.899137902661,
    5.199999989043));
#5886 = CARTESIAN_POINT('',(1.957150696398,-3.84112484448,5.099999989043
    ));
#5887 = CARTESIAN_POINT('',(0.641381167269,-4.049522218518,
    4.999999989043));
#5888 = CARTESIAN_POINT('',(-0.67438836186,-4.257919592557,
    4.899999989043));
#5889 = CARTESIAN_POINT('',(-1.861361174683,-3.653126685099,
    4.799999989043));
#5890 = CARTESIAN_POINT('',(-3.048333987506,-3.048333777641,
    4.699999989043));
#5891 = CARTESIAN_POINT('',(-3.653126813246,-1.861360923181,
    4.599999989043));
#5892 = CARTESIAN_POINT('',(-4.257919638985,-0.674388068721,
    4.499999989043));
#5893 = CARTESIAN_POINT('',(-4.049522174362,0.641381446061,
    4.399999989043));
#5894 = CARTESIAN_POINT('',(-3.841124709738,1.957150960843,
    4.299999989043));
#5895 = CARTESIAN_POINT('',(-2.899137703068,2.899137902661,
    4.199999989043));
#5896 = CARTESIAN_POINT('',(-1.957150696398,3.84112484448,4.099999989043
    ));
#5897 = CARTESIAN_POINT('',(-0.641381167269,4.049522218518,
    3.999999989043));
#5898 = CARTESIAN_POINT('',(0.67438836186,4.257919592557,3.899999989043)
  );
#5899 = CARTESIAN_POINT('',(1.861361174683,3.653126685099,3.799999989043
    ));
#5900 = CARTESIAN_POINT('',(3.048333987506,3.048333777641,3.699999989043
    ));
#5901 = CARTESIAN_POINT('',(3.653126813246,1.861360923181,3.599999989043
    ));
#5902 = CARTESIAN_POINT('',(4.257919638985,0.674388068721,3.499999989043
    ));
#5903 = CARTESIAN_POINT('',(4.049522174362,-0.641381446061,
    3.399999989043));
#5904 = CARTESIAN_POINT('',(3.841124709738,-1.957150960843,
    3.299999989043));
#5905 = CARTESIAN_POINT('',(2.899137703068,-2.899137902661,
    3.199999989043));
#5906 = CARTESIAN_POINT('',(1.957150696398,-3.84112484448,3.099999989043
    ));
#5907 = CARTESIAN_POINT('',(0.641381167269,-4.049522218518,
    2.999999989043));
#5908 = CARTESIAN_POINT('',(-0.67438836186,-4.257919592557,
    2.899999989043));
#5909 = CARTESIAN_POINT('',(-1.861361174683,-3.653126685099,
    2.799999989043));
#5910 = CARTESIAN_POINT('',(-3.048333987506,-3.048333777641,
    2.699999989043));
#5911 = CARTESIAN_POINT('',(-3.653126813246,-1.861360923181,
    2.599999989043));
#5912 = CARTESIAN_POINT('',(-4.257919638985,-0.674388068721,
    2.499999989043));
#5913 = CARTESIAN_POINT('',(-4.049522174362,0.641381446061,
    2.399999989043));
#5914 = CARTESIAN_POINT('',(-3.841124709738,1.957150960843,
    2.299999989043));
#5915 = CARTESIAN_POINT('',(-2.899137703068,2.899137902661,
    2.199999989043));
#5916 = CARTESIAN_POINT('',(-1.957150696398,3.84112484448,2.099999989043
    ));
#5917 = CARTESIAN_POINT('',(-0.641381167269,4.049522218518,
    1.999999989043));
#5918 = CARTESIAN_POINT('',(0.67438836186,4.257919592557,1.899999989043)
  );
#5919 = CARTESIAN_POINT('',(1.861361174683,3.653126685099,1.799999989043
    ));
#5920 = CARTESIAN_POINT('',(3.048333987506,3.048333777641,1.699999989043
    ));
#5921 = CARTESIAN_POINT('',(3.653126813246,1.861360923181,1.599999989043
    ));
#5922 = CARTESIAN_POINT('',(4.257919638985,0.674388068721,1.499999989043
    ));
#5923 = CARTESIAN_POINT('',(4.049522174362,-0.641381446061,
    1.399999989043));
#5924 = CARTESIAN_POINT('',(3.841124709738,-1.957150960843,
    1.299999989043));
#5925 = CARTESIAN_POINT('',(2.899137703068,-2.899137902661,
    1.199999989043));
#5926 = CARTESIAN_POINT('',(1.957150696398,-3.84112484448,1.099999989043
    ));
#5927 = CARTESIAN_POINT('',(0.641381167269,-4.049522218518,
    0.999999989043));
#5928 = CARTESIAN_POINT('',(-0.67438836186,-4.257919592557,
    0.899999989043));
#5929 = CARTESIAN_POINT('',(-1.861361174683,-3.653126685099,
    0.799999989043));
#5930 = CARTESIAN_POINT('',(-3.048333987506,-3.048333777641,
    0.699999989043));
#5931 = CARTESIAN_POINT('',(-3.653126813246,-1.861360923181,
    0.599999989043));
#5932 = CARTESIAN_POINT('',(-4.257919638985,-0.674388068721,
    0.499999989043));
#5933 = CARTESIAN_POINT('',(-4.049522174362,0.641381446061,
    0.399999989043));
#5934 = CARTESIAN_POINT('',(-3.841124709738,1.957150960843,
    0.299999989043));
#5935 = CARTESIAN_POINT('',(-2.899137703068,2.899137902661,
    0.199999989043));
#5936 = CARTESIAN_POINT('',(-1.957150696398,3.84112484448,
    9.999998904288E-02));
#5937 = CARTESIAN_POINT('',(-0.641381167269,4.049522218518,
    -1.095712236221E-08));
#5938 = CARTESIAN_POINT('',(0.67438836186,4.257919592557,-0.100000010957
    ));
#5939 = CARTESIAN_POINT('',(1.861361174683,3.653126685099,
    -0.200000010957));
#5940 = CARTESIAN_POINT('',(3.048333987506,3.048333777641,
    -0.300000010957));
#5941 = CARTESIAN_POINT('',(3.653126813246,1.861360923181,
    -0.400000010957));
#5942 = CARTESIAN_POINT('',(4.257919638985,0.674388068721,
    -0.500000010957));
#5943 = CARTESIAN_POINT('',(4.049522174362,-0.641381446061,
    -0.600000010957));
#5944 = CARTESIAN_POINT('',(3.841124709738,-1.957150960843,
    -0.700000010957));
#5945 = CARTESIAN_POINT('',(2.899137703068,-2.899137902661,
    -0.800000010957));
#5946 = CARTESIAN_POINT('',(1.957150696398,-3.84112484448,
    -0.900000010957));
#5947 = CARTESIAN_POINT('',(0.641381167269,-4.049522218518,
    -1.000000010957));
#5948 = CARTESIAN_POINT('',(-0.67438836186,-4.257919592557,
    -1.100000010957));
#5949 = CARTESIAN_POINT('',(-1.861361174683,-3.653126685099,
    -1.200000010957));
#5950 = CARTESIAN_POINT('',(-3.048333987506,-3.048333777641,
    -1.300000010957));
#5951 = CARTESIAN_POINT('',(-3.653126813246,-1.861360923181,
    -1.400000010957));
#5952 = CARTESIAN_POINT('',(-4.257919638985,-0.674388068721,
    -1.500000010957));
#5953 = CARTESIAN_POINT('',(-4.049522174362,0.641381446061,
    -1.600000010957));
#5954 = CARTESIAN_POINT('',(-3.841124709738,1.957150960843,
    -1.700000010957));
#5955 = CARTESIAN_POINT('',(-2.899137703068,2.899137902661,
    -1.800000010957));
#5956 = CARTESIAN_POINT('',(-1.957150696398,3.84112484448,
    -1.900000010957));
#5957 = CARTESIAN_POINT('',(-0.641381167269,4.049522218518,
    -2.000000010957));
#5958 = CARTESIAN_POINT('',(0.67438836186,4.257919592557,-2.100000010957
    ));
#5959 = CARTESIAN_POINT('',(1.861361174683,3.653126685099,
    -2.200000010957));
#5960 = CARTESIAN_POINT('',(3.048333987506,3.048333777641,
    -2.300000010957));
#5961 = CARTESIAN_POINT('',(3.653126813246,1.861360923181,
    -2.400000010957));
#5962 = CARTESIAN_POINT('',(4.257919638985,0.674388068721,
    -2.500000010957));
#5963 = CARTESIAN_POINT('',(4.049522174362,-0.641381446061,
    -2.600000010957));
#5964 = CARTESIAN_POINT('',(3.841124709738,-1.957150960843,
    -2.700000010957));
#5965 = CARTESIAN_POINT('',(2.899137703068,-2.899137902661,
    -2.800000010957));
#5966 = CARTESIAN_POINT('',(1.957150696398,-3.84112484448,
    -2.900000010957));
#5967 = CARTESIAN_POINT('',(0.641381167269,-4.049522218518,
    -3.000000010957));
#5968 = CARTESIAN_POINT('',(-0.67438836186,-4.257919592557,
    -3.100000010957));
#5969 = CARTESIAN_POINT('',(-1.861361174683,-3.653126685099,
    -3.200000010957));
#5970 = CARTESIAN_POINT('',(-3.048333987506,-3.048333777641,
    -3.300000010957));
#5971 = CARTESIAN_POINT('',(-3.653126813246,-1.861360923181,
    -3.400000010957));
#5972 = CARTESIAN_POINT('',(-4.257919638985,-0.674388068721,
    -3.500000010957));
#5973 = CARTESIAN_POINT('',(-4.049522174362,0.641381446061,
    -3.600000010957));
#5974 = CARTESIAN_POINT('',(-3.841124709738,1.957150960843,
    -3.700000010957));
#5975 = CARTESIAN_POINT('',(-2.899137703068,2.899137902661,
    -3.800000010957));
#5976 = DEFINITIONAL_REPRESENTATION('',(#5977),#5980);
#5977 = B_SPLINE_CURVE_WITH_KNOTS('',1,(#5978,#5979),.UNSPECIFIED.,.F.,
  .F.,(2,2),(-0.45,0.45),.PIECEWISE_BEZIER_KNOTS.);
#5978 = CARTESIAN_POINT('',(-1.420295335721E-15,0.450702465131));
#5979 = CARTESIAN_POINT('',(1.,0.450702465131));
#5980 = ( GEOMETRIC_REPRESENTATION_CONTEXT(2) 
PARAMETRIC_REPRESENTATION_CONTEXT() REPRESENTATION_CONTEXT('2D SPACE',''
  ) );
#5981 = PCURVE('',#543,#5982);
#5982 = DEFINITIONAL_REPRESENTATION('',(#5983),#5987);
#5983 = LINE('',#5984,#5985);
#5984 = CARTESIAN_POINT('',(-4.72396425957,4.933676382348));
#5985 = VECTOR('',#5986,1.);
#5986 = DIRECTION('',(-1.,0.));
#5987 = ( GEOMETRIC_REPRESENTATION_CONTEXT(2) 
PARAMETRIC_REPRESENTATION_CONTEXT() REPRESENTATION_CONTEXT('2D SPACE',''
  ) );
#5988 = ORIENTED_EDGE('',*,*,#5989,.F.);
#5989 = EDGE_CURVE('',#5990,#5671,#5992,.T.);
#5990 = VERTEX_POINT('',#5991);
#5991 = CARTESIAN_POINT('',(-0.5,-4.069397989875,6.011267035992));
#5992 = SURFACE_CURVE('',#5993,(#6017,#6023),.PCURVE_S1.);
#5993 = ( BOUNDED_CURVE() B_SPLINE_CURVE(2,(#5994,#5995,#5996,#5997,
    #5998,#5999,#6000,#6001,#6002,#6003,#6004,#6005,#6006,#6007,#6008,
    #6009,#6010,#6011,#6012,#6013,#6014,#6015,#6016),.UNSPECIFIED.,.F.,
.F.) B_SPLINE_CURVE_WITH_KNOTS((3,2,2,2,2,2,2,2,2,2,2,3),(0.248367826687
    ,0.256156753577,0.270191531811,0.284226310046,0.29826108828,
    0.312295866515,0.326330644749,0.340365422983,0.354400201218,
0.368434979452,0.382469757687,0.383258473073),.UNSPECIFIED.) CURVE() 
GEOMETRIC_REPRESENTATION_ITEM() RATIONAL_B_SPLINE_CURVE((0.975824078569,
    0.972837674385,1.,0.951056516295,1.,0.951056516295,1.,0.951056516295
    ,1.,0.951056516295,1.,0.951056516295,1.,0.951056516295,1.,
    0.951056516295,1.,0.951056516295,1.,0.951056516295,1.,0.997249512746
,0.994808164913)) REPRESENTATION_ITEM('') );
#5994 = CARTESIAN_POINT('',(-0.5,-4.069397989875,6.011267035992));
#5995 = CARTESIAN_POINT('',(-1.217371670654,-3.981255754532,
    5.954254770372));
#5996 = CARTESIAN_POINT('',(-1.861361174683,-3.653126685099,
    5.899999989043));
#5997 = CARTESIAN_POINT('',(-3.048333987506,-3.048333777641,
    5.799999989043));
#5998 = CARTESIAN_POINT('',(-3.653126813246,-1.861360923181,
    5.699999989043));
#5999 = CARTESIAN_POINT('',(-4.257919638985,-0.674388068721,
    5.599999989043));
#6000 = CARTESIAN_POINT('',(-4.049522174362,0.641381446061,
    5.499999989043));
#6001 = CARTESIAN_POINT('',(-3.841124709738,1.957150960843,
    5.399999989043));
#6002 = CARTESIAN_POINT('',(-2.899137703068,2.899137902661,
    5.299999989043));
#6003 = CARTESIAN_POINT('',(-1.957150696398,3.84112484448,5.199999989043
    ));
#6004 = CARTESIAN_POINT('',(-0.641381167269,4.049522218518,
    5.099999989043));
#6005 = CARTESIAN_POINT('',(0.67438836186,4.257919592557,4.999999989043)
  );
#6006 = CARTESIAN_POINT('',(1.861361174683,3.653126685099,4.899999989043
    ));
#6007 = CARTESIAN_POINT('',(3.048333987506,3.048333777641,4.799999989043
    ));
#6008 = CARTESIAN_POINT('',(3.653126813246,1.861360923181,4.699999989043
    ));
#6009 = CARTESIAN_POINT('',(4.257919638985,0.674388068721,4.599999989043
    ));
#6010 = CARTESIAN_POINT('',(4.049522174362,-0.641381446061,
    4.499999989043));
#6011 = CARTESIAN_POINT('',(3.841124709738,-1.957150960843,
    4.399999989043));
#6012 = CARTESIAN_POINT('',(2.899137703068,-2.899137902661,
    4.299999989043));
#6013 = CARTESIAN_POINT('',(1.957150696398,-3.84112484448,4.199999989043
    ));
#6014 = CARTESIAN_POINT('',(0.641381167269,-4.049522218518,
    4.099999989043));
#6015 = CARTESIAN_POINT('',(0.570863639884,-4.060691095138,
    4.094640575724));
#6016 = CARTESIAN_POINT('',(0.5,-4.069397989875,4.089223782171));
#6017 = PCURVE('',#5681,#6018);
#6018 = DEFINITIONAL_REPRESENTATION('',(#6019),#6022);
#6019 = B_SPLINE_CURVE_WITH_KNOTS('',1,(#6020,#6021),.UNSPECIFIED.,.F.,
  .F.,(2,2),(0.248367826687,0.383258473073),.PIECEWISE_BEZIER_KNOTS.);
#6020 = CARTESIAN_POINT('',(1.00937975879E-16,0.330562834018));
#6021 = CARTESIAN_POINT('',(-1.429584553985E-15,0.450702465131));
#6022 = ( GEOMETRIC_REPRESENTATION_CONTEXT(2) 
PARAMETRIC_REPRESENTATION_CONTEXT() REPRESENTATION_CONTEXT('2D SPACE',''
  ) );
#6023 = PCURVE('',#3582,#6024);
#6024 = DEFINITIONAL_REPRESENTATION('',(#6025),#6028);
#6025 = B_SPLINE_CURVE_WITH_KNOTS('',1,(#6026,#6027),.UNSPECIFIED.,.F.,
  .F.,(2,2),(0.248367826687,0.383258473073),.PIECEWISE_BEZIER_KNOTS.);
#6026 = CARTESIAN_POINT('',(1.,0.330562834018));
#6027 = CARTESIAN_POINT('',(1.,0.450702465131));
#6028 = ( GEOMETRIC_REPRESENTATION_CONTEXT(2) 
PARAMETRIC_REPRESENTATION_CONTEXT() REPRESENTATION_CONTEXT('2D SPACE',''
  ) );
#6029 = ORIENTED_EDGE('',*,*,#6030,.F.);
#6030 = EDGE_CURVE('',#6031,#5990,#6033,.T.);
#6031 = VERTEX_POINT('',#6032);
#6032 = CARTESIAN_POINT('',(-0.5,-4.069397989875,6.911267035992));
#6033 = SURFACE_CURVE('',#6034,(#6038,#6044),.PCURVE_S1.);
#6034 = LINE('',#6035,#6036);
#6035 = CARTESIAN_POINT('',(-0.5,-4.069397989875,6.461267035992));
#6036 = VECTOR('',#6037,1.);
#6037 = DIRECTION('',(-0.,-0.,-1.));
#6038 = PCURVE('',#5681,#6039);
#6039 = DEFINITIONAL_REPRESENTATION('',(#6040),#6043);
#6040 = B_SPLINE_CURVE_WITH_KNOTS('',1,(#6041,#6042),.UNSPECIFIED.,.F.,
  .F.,(2,2),(-0.45,0.45),.PIECEWISE_BEZIER_KNOTS.);
#6041 = CARTESIAN_POINT('',(1.,0.330562834018));
#6042 = CARTESIAN_POINT('',(1.00937975879E-16,0.330562834018));
#6043 = ( GEOMETRIC_REPRESENTATION_CONTEXT(2) 
PARAMETRIC_REPRESENTATION_CONTEXT() REPRESENTATION_CONTEXT('2D SPACE',''
  ) );
#6044 = PCURVE('',#505,#6045);
#6045 = DEFINITIONAL_REPRESENTATION('',(#6046),#6050);
#6046 = LINE('',#6047,#6048);
#6047 = CARTESIAN_POINT('',(-4.933676382348,6.646007513391));
#6048 = VECTOR('',#6049,1.);
#6049 = DIRECTION('',(0.,-1.));
#6050 = ( GEOMETRIC_REPRESENTATION_CONTEXT(2) 
PARAMETRIC_REPRESENTATION_CONTEXT() REPRESENTATION_CONTEXT('2D SPACE',''
  ) );
#6051 = ORIENTED_EDGE('',*,*,#6052,.T.);
#6052 = EDGE_CURVE('',#6031,#5673,#6053,.T.);
#6053 = SURFACE_CURVE('',#6054,(#6078,#6084),.PCURVE_S1.);
#6054 = ( BOUNDED_CURVE() B_SPLINE_CURVE(2,(#6055,#6056,#6057,#6058,
    #6059,#6060,#6061,#6062,#6063,#6064,#6065,#6066,#6067,#6068,#6069,
    #6070,#6071,#6072,#6073,#6074,#6075,#6076,#6077),.UNSPECIFIED.,.F.,
.F.) B_SPLINE_CURVE_WITH_KNOTS((3,2,2,2,2,2,2,2,2,2,2,3),(0.248367587028
    ,0.256156516402,0.270191299111,0.284226081821,0.29826086453,
    0.31229564724,0.326330429949,0.340365212658,0.354399995368,
0.368434778077,0.382469560786,0.383258276424),.UNSPECIFIED.) CURVE() 
GEOMETRIC_REPRESENTATION_ITEM() RATIONAL_B_SPLINE_CURVE((0.975824078569,
    0.972837674385,1.,0.951056516295,1.,0.951056516295,1.,0.951056516295
    ,1.,0.951056516295,1.,0.951056516295,1.,0.951056516295,1.,
    0.951056516295,1.,0.951056516295,1.,0.951056516295,1.,0.997249512745
,0.994808164913)) REPRESENTATION_ITEM('') );
#6055 = CARTESIAN_POINT('',(-0.5,-4.069397989875,6.911267035992));
#6056 = CARTESIAN_POINT('',(-1.217371670654,-3.981255754532,
    6.854254770372));
#6057 = CARTESIAN_POINT('',(-1.861361174683,-3.653126685099,
    6.799999989043));
#6058 = CARTESIAN_POINT('',(-3.048333987506,-3.048333777641,
    6.699999989043));
#6059 = CARTESIAN_POINT('',(-3.653126813246,-1.861360923181,
    6.599999989043));
#6060 = CARTESIAN_POINT('',(-4.257919638985,-0.674388068721,
    6.499999989043));
#6061 = CARTESIAN_POINT('',(-4.049522174362,0.641381446061,
    6.399999989043));
#6062 = CARTESIAN_POINT('',(-3.841124709738,1.957150960843,
    6.299999989043));
#6063 = CARTESIAN_POINT('',(-2.899137703068,2.899137902661,
    6.199999989043));
#6064 = CARTESIAN_POINT('',(-1.957150696398,3.84112484448,6.099999989043
    ));
#6065 = CARTESIAN_POINT('',(-0.641381167269,4.049522218518,
    5.999999989043));
#6066 = CARTESIAN_POINT('',(0.67438836186,4.257919592557,5.899999989043)
  );
#6067 = CARTESIAN_POINT('',(1.861361174683,3.653126685099,5.799999989043
    ));
#6068 = CARTESIAN_POINT('',(3.048333987506,3.048333777641,5.699999989043
    ));
#6069 = CARTESIAN_POINT('',(3.653126813246,1.861360923181,5.599999989043
    ));
#6070 = CARTESIAN_POINT('',(4.257919638985,0.674388068721,5.499999989043
    ));
#6071 = CARTESIAN_POINT('',(4.049522174362,-0.641381446061,
    5.399999989043));
#6072 = CARTESIAN_POINT('',(3.841124709738,-1.957150960843,
    5.299999989043));
#6073 = CARTESIAN_POINT('',(2.899137703068,-2.899137902661,
    5.199999989043));
#6074 = CARTESIAN_POINT('',(1.957150696398,-3.84112484448,5.099999989043
    ));
#6075 = CARTESIAN_POINT('',(0.641381167269,-4.049522218518,
    4.999999989043));
#6076 = CARTESIAN_POINT('',(0.570863639876,-4.060691095139,
    4.994640575724));
#6077 = CARTESIAN_POINT('',(0.5,-4.069397989875,4.989223782171));
#6078 = PCURVE('',#5681,#6079);
#6079 = DEFINITIONAL_REPRESENTATION('',(#6080),#6083);
#6080 = B_SPLINE_CURVE_WITH_KNOTS('',1,(#6081,#6082),.UNSPECIFIED.,.F.,
  .F.,(2,2),(0.248367587028,0.383258276424),.PIECEWISE_BEZIER_KNOTS.);
#6081 = CARTESIAN_POINT('',(1.,0.330562834018));
#6082 = CARTESIAN_POINT('',(1.,0.450702465131));
#6083 = ( GEOMETRIC_REPRESENTATION_CONTEXT(2) 
PARAMETRIC_REPRESENTATION_CONTEXT() REPRESENTATION_CONTEXT('2D SPACE',''
  ) );
#6084 = PCURVE('',#4096,#6085);
#6085 = DEFINITIONAL_REPRESENTATION('',(#6086),#6089);
#6086 = B_SPLINE_CURVE_WITH_KNOTS('',1,(#6087,#6088),.UNSPECIFIED.,.F.,
  .F.,(2,2),(0.248367587028,0.383258276424),.PIECEWISE_BEZIER_KNOTS.);
#6087 = CARTESIAN_POINT('',(-4.735577276218E-16,0.330562834018));
#6088 = CARTESIAN_POINT('',(-7.13954880955E-16,0.450702465131));
#6089 = ( GEOMETRIC_REPRESENTATION_CONTEXT(2) 
PARAMETRIC_REPRESENTATION_CONTEXT() REPRESENTATION_CONTEXT('2D SPACE',''
  ) );
#6090 = ADVANCED_FACE('',(#6091),#6105,.F.);
#6091 = FACE_BOUND('',#6092,.F.);
#6092 = EDGE_LOOP('',(#6093,#6412,#6453,#6475));
#6093 = ORIENTED_EDGE('',*,*,#6094,.F.);
#6094 = EDGE_CURVE('',#6095,#6097,#6099,.T.);
#6095 = VERTEX_POINT('',#6096);
#6096 = CARTESIAN_POINT('',(0.5,-4.069397989875,2.089223782171));
#6097 = VERTEX_POINT('',#6098);
#6098 = CARTESIAN_POINT('',(0.5,-4.069397989875,2.989223782171));
#6099 = SURFACE_CURVE('',#6100,(#6104,#6405),.PCURVE_S1.);
#6100 = LINE('',#6101,#6102);
#6101 = CARTESIAN_POINT('',(0.5,-4.069397989875,2.539223782171));
#6102 = VECTOR('',#6103,1.);
#6103 = DIRECTION('',(0.,0.,1.));
#6104 = PCURVE('',#6105,#6400);
#6105 = ( BOUNDED_SURFACE() B_SPLINE_SURFACE(1,2,(
    (#6106,#6107,#6108,#6109,#6110,#6111,#6112,#6113,#6114,#6115,#6116
      ,#6117,#6118,#6119,#6120,#6121,#6122,#6123,#6124,#6125,#6126,#6127
      ,#6128,#6129,#6130,#6131,#6132,#6133,#6134,#6135,#6136,#6137,#6138
      ,#6139,#6140,#6141,#6142,#6143,#6144,#6145,#6146,#6147,#6148,#6149
      ,#6150,#6151,#6152,#6153,#6154,#6155,#6156,#6157,#6158,#6159,#6160
      ,#6161,#6162,#6163,#6164,#6165,#6166,#6167,#6168,#6169,#6170,#6171
      ,#6172,#6173,#6174,#6175,#6176,#6177,#6178,#6179,#6180,#6181,#6182
      ,#6183,#6184,#6185,#6186,#6187,#6188,#6189,#6190,#6191,#6192,#6193
      ,#6194,#6195,#6196,#6197,#6198,#6199,#6200,#6201,#6202,#6203,#6204
      ,#6205,#6206,#6207,#6208,#6209,#6210,#6211,#6212,#6213,#6214,#6215
      ,#6216,#6217,#6218,#6219,#6220,#6221,#6222,#6223,#6224,#6225,#6226
      ,#6227,#6228,#6229,#6230,#6231,#6232,#6233,#6234,#6235,#6236,#6237
      ,#6238,#6239,#6240,#6241,#6242,#6243,#6244,#6245,#6246,#6247,#6248
      ,#6249,#6250,#6251,#6252)
    ,(#6253,#6254,#6255,#6256,#6257,#6258,#6259,#6260,#6261,#6262,#6263
      ,#6264,#6265,#6266,#6267,#6268,#6269,#6270,#6271,#6272,#6273,#6274
      ,#6275,#6276,#6277,#6278,#6279,#6280,#6281,#6282,#6283,#6284,#6285
      ,#6286,#6287,#6288,#6289,#6290,#6291,#6292,#6293,#6294,#6295,#6296
      ,#6297,#6298,#6299,#6300,#6301,#6302,#6303,#6304,#6305,#6306,#6307
      ,#6308,#6309,#6310,#6311,#6312,#6313,#6314,#6315,#6316,#6317,#6318
      ,#6319,#6320,#6321,#6322,#6323,#6324,#6325,#6326,#6327,#6328,#6329
      ,#6330,#6331,#6332,#6333,#6334,#6335,#6336,#6337,#6338,#6339,#6340
      ,#6341,#6342,#6343,#6344,#6345,#6346,#6347,#6348,#6349,#6350,#6351
      ,#6352,#6353,#6354,#6355,#6356,#6357,#6358,#6359,#6360,#6361,#6362
      ,#6363,#6364,#6365,#6366,#6367,#6368,#6369,#6370,#6371,#6372,#6373
      ,#6374,#6375,#6376,#6377,#6378,#6379,#6380,#6381,#6382,#6383,#6384
      ,#6385,#6386,#6387,#6388,#6389,#6390,#6391,#6392,#6393,#6394,#6395
      ,#6396,#6397,#6398,#6399
)),.UNSPECIFIED.,.F.,.F.,.F.) B_SPLINE_SURFACE_WITH_KNOTS((2,2),(3,2,2,2
    ,2,2,2,2,2,2,2,2,2,2,2,2,2,2,2,2,2,2,2,2,2,2,2,2,2,2,2,2,2,2,2,2,2,2
    ,2,2,2,2,2,2,2,2,2,2,2,2,2,2,2,2,2,2,2,2,2,2,2,2,2,2,2,2,2,2,2,2,2,2
    ,2,3),(0.,1.),(0.100449199628,0.109355643196,0.1125,0.125,0.1375,
    0.15,0.1625,0.175,0.1875,0.2,0.2125,0.225,0.2375,0.25,0.2625,0.275,
    0.2875,0.3,0.3125,0.325,0.3375,0.35,0.3625,0.375,0.3875,0.4,0.4125,
    0.425,0.4375,0.45,0.4625,0.475,0.4875,0.5,0.5125,0.525,0.5375,0.55,
    0.5625,0.575,0.5875,0.6,0.6125,0.625,0.6375,0.65,0.6625,0.675,0.6875
    ,0.7,0.7125,0.725,0.7375,0.75,0.7625,0.775,0.7875,0.8,0.8125,0.825,
    0.8375,0.85,0.8625,0.875,0.8875,0.9,0.9125,0.925,0.9375,0.95,0.9625,
0.975,0.9875,1.),.UNSPECIFIED.) GEOMETRIC_REPRESENTATION_ITEM() 
RATIONAL_B_SPLINE_SURFACE((
    (0.981570637188,0.981570637188,0.981570637188,0.987688337919,1.
      ,0.951056516295,1.,0.951056516295,1.,0.951056516295,1.
      ,0.951056516295,1.,0.951056516295,1.,0.951056516295,1.
      ,0.951056516295,1.,0.951056516295,1.,0.951056516295,1.
      ,0.951056516295,1.,0.951056516295,1.,0.951056516295,1.
      ,0.951056516295,1.,0.951056516295,1.,0.951056516295,1.
      ,0.951056516295,1.,0.951056516295,1.,0.951056516295,1.
      ,0.951056516295,1.,0.951056516295,1.,0.951056516295,1.
      ,0.951056516295,1.,0.951056516295,1.,0.951056516295,1.
      ,0.951056516295,1.,0.951056516295,1.,0.951056516295,1.
      ,0.951056516295,1.,0.951056516295,1.,0.951056516295,1.
      ,0.951056516295,1.,0.951056516295,1.,0.951056516295,1.
      ,0.951056516295,1.,0.951056516295,1.,0.951056516295,1.
      ,0.951056516295,1.,0.951056516295,1.,0.951056516295,1.
      ,0.951056516295,1.,0.951056516295,1.,0.951056516295,1.
      ,0.951056516295,1.,0.951056516295,1.,0.951056516295,1.
      ,0.951056516295,1.,0.951056516295,1.,0.951056516295,1.
      ,0.951056516295,1.,0.951056516295,1.,0.951056516295,1.
      ,0.951056516295,1.,0.951056516295,1.,0.951056516295,1.
      ,0.951056516295,1.,0.951056516295,1.,0.951056516295,1.
      ,0.951056516295,1.,0.951056516295,1.,0.951056516295,1.
      ,0.951056516295,1.,0.951056516295,1.,0.951056516295,1.
      ,0.951056516295,1.,0.951056516295,1.,0.951056516295,1.
      ,0.951056516295,1.,0.951056516295,1.,0.951056516295,1.
      ,0.951056516295,1.,0.951056516295,1.)
    ,(0.981570637188,0.981570637188,0.981570637188,0.987688337919,1.
      ,0.951056516295,1.,0.951056516295,1.,0.951056516295,1.
      ,0.951056516295,1.,0.951056516295,1.,0.951056516295,1.
      ,0.951056516295,1.,0.951056516295,1.,0.951056516295,1.
      ,0.951056516295,1.,0.951056516295,1.,0.951056516295,1.
      ,0.951056516295,1.,0.951056516295,1.,0.951056516295,1.
      ,0.951056516295,1.,0.951056516295,1.,0.951056516295,1.
      ,0.951056516295,1.,0.951056516295,1.,0.951056516295,1.
      ,0.951056516295,1.,0.951056516295,1.,0.951056516295,1.
      ,0.951056516295,1.,0.951056516295,1.,0.951056516295,1.
      ,0.951056516295,1.,0.951056516295,1.,0.951056516295,1.
      ,0.951056516295,1.,0.951056516295,1.,0.951056516295,1.
      ,0.951056516295,1.,0.951056516295,1.,0.951056516295,1.
      ,0.951056516295,1.,0.951056516295,1.,0.951056516295,1.
      ,0.951056516295,1.,0.951056516295,1.,0.951056516295,1.
      ,0.951056516295,1.,0.951056516295,1.,0.951056516295,1.
      ,0.951056516295,1.,0.951056516295,1.,0.951056516295,1.
      ,0.951056516295,1.,0.951056516295,1.,0.951056516295,1.
      ,0.951056516295,1.,0.951056516295,1.,0.951056516295,1.
      ,0.951056516295,1.,0.951056516295,1.,0.951056516295,1.
      ,0.951056516295,1.,0.951056516295,1.,0.951056516295,1.
      ,0.951056516295,1.,0.951056516295,1.,0.951056516295,1.
      ,0.951056516295,1.,0.951056516295,1.,0.951056516295,1.
      ,0.951056516295,1.,0.951056516295,1.,0.951056516295,1.
,0.951056516295,1.,0.951056516295,1.
  ))) REPRESENTATION_ITEM('') SURFACE() );
#6106 = CARTESIAN_POINT('',(-4.1,-1.839369435481,9.69276800153));
#6107 = CARTESIAN_POINT('',(-4.1,-0.919684717741,9.621072372643));
#6108 = CARTESIAN_POINT('',(-4.1,1.932977342604E-16,9.549376743756));
#6109 = CARTESIAN_POINT('',(-4.1,0.322677068985,9.524221889117));
#6110 = CARTESIAN_POINT('',(-4.049522174362,0.641381446061,
    9.499999989043));
#6111 = CARTESIAN_POINT('',(-3.841124709738,1.957150960843,
    9.399999989043));
#6112 = CARTESIAN_POINT('',(-2.899137703068,2.899137902661,
    9.299999989043));
#6113 = CARTESIAN_POINT('',(-1.957150696398,3.84112484448,9.199999989043
    ));
#6114 = CARTESIAN_POINT('',(-0.641381167269,4.049522218518,
    9.099999989043));
#6115 = CARTESIAN_POINT('',(0.67438836186,4.257919592557,8.999999989043)
  );
#6116 = CARTESIAN_POINT('',(1.861361174683,3.653126685099,8.899999989043
    ));
#6117 = CARTESIAN_POINT('',(3.048333987506,3.048333777641,8.799999989043
    ));
#6118 = CARTESIAN_POINT('',(3.653126813246,1.861360923181,8.699999989043
    ));
#6119 = CARTESIAN_POINT('',(4.257919638985,0.674388068721,8.599999989043
    ));
#6120 = CARTESIAN_POINT('',(4.049522174362,-0.641381446061,
    8.499999989043));
#6121 = CARTESIAN_POINT('',(3.841124709738,-1.957150960843,
    8.399999989043));
#6122 = CARTESIAN_POINT('',(2.899137703068,-2.899137902661,
    8.299999989043));
#6123 = CARTESIAN_POINT('',(1.957150696398,-3.84112484448,8.199999989043
    ));
#6124 = CARTESIAN_POINT('',(0.641381167269,-4.049522218518,
    8.099999989043));
#6125 = CARTESIAN_POINT('',(-0.67438836186,-4.257919592557,
    7.999999989043));
#6126 = CARTESIAN_POINT('',(-1.861361174683,-3.653126685099,
    7.899999989043));
#6127 = CARTESIAN_POINT('',(-3.048333987506,-3.048333777641,
    7.799999989043));
#6128 = CARTESIAN_POINT('',(-3.653126813246,-1.861360923181,
    7.699999989043));
#6129 = CARTESIAN_POINT('',(-4.257919638985,-0.674388068721,
    7.599999989043));
#6130 = CARTESIAN_POINT('',(-4.049522174362,0.641381446061,
    7.499999989043));
#6131 = CARTESIAN_POINT('',(-3.841124709738,1.957150960843,
    7.399999989043));
#6132 = CARTESIAN_POINT('',(-2.899137703068,2.899137902661,
    7.299999989043));
#6133 = CARTESIAN_POINT('',(-1.957150696398,3.84112484448,7.199999989043
    ));
#6134 = CARTESIAN_POINT('',(-0.641381167269,4.049522218518,
    7.099999989043));
#6135 = CARTESIAN_POINT('',(0.67438836186,4.257919592557,6.999999989043)
  );
#6136 = CARTESIAN_POINT('',(1.861361174683,3.653126685099,6.899999989043
    ));
#6137 = CARTESIAN_POINT('',(3.048333987506,3.048333777641,6.799999989043
    ));
#6138 = CARTESIAN_POINT('',(3.653126813246,1.861360923181,6.699999989043
    ));
#6139 = CARTESIAN_POINT('',(4.257919638985,0.674388068721,6.599999989043
    ));
#6140 = CARTESIAN_POINT('',(4.049522174362,-0.641381446061,
    6.499999989043));
#6141 = CARTESIAN_POINT('',(3.841124709738,-1.957150960843,
    6.399999989043));
#6142 = CARTESIAN_POINT('',(2.899137703068,-2.899137902661,
    6.299999989043));
#6143 = CARTESIAN_POINT('',(1.957150696398,-3.84112484448,6.199999989043
    ));
#6144 = CARTESIAN_POINT('',(0.641381167269,-4.049522218518,
    6.099999989043));
#6145 = CARTESIAN_POINT('',(-0.67438836186,-4.257919592557,
    5.999999989043));
#6146 = CARTESIAN_POINT('',(-1.861361174683,-3.653126685099,
    5.899999989043));
#6147 = CARTESIAN_POINT('',(-3.048333987506,-3.048333777641,
    5.799999989043));
#6148 = CARTESIAN_POINT('',(-3.653126813246,-1.861360923181,
    5.699999989043));
#6149 = CARTESIAN_POINT('',(-4.257919638985,-0.674388068721,
    5.599999989043));
#6150 = CARTESIAN_POINT('',(-4.049522174362,0.641381446061,
    5.499999989043));
#6151 = CARTESIAN_POINT('',(-3.841124709738,1.957150960843,
    5.399999989043));
#6152 = CARTESIAN_POINT('',(-2.899137703068,2.899137902661,
    5.299999989043));
#6153 = CARTESIAN_POINT('',(-1.957150696398,3.84112484448,5.199999989043
    ));
#6154 = CARTESIAN_POINT('',(-0.641381167269,4.049522218518,
    5.099999989043));
#6155 = CARTESIAN_POINT('',(0.67438836186,4.257919592557,4.999999989043)
  );
#6156 = CARTESIAN_POINT('',(1.861361174683,3.653126685099,4.899999989043
    ));
#6157 = CARTESIAN_POINT('',(3.048333987506,3.048333777641,4.799999989043
    ));
#6158 = CARTESIAN_POINT('',(3.653126813246,1.861360923181,4.699999989043
    ));
#6159 = CARTESIAN_POINT('',(4.257919638985,0.674388068721,4.599999989043
    ));
#6160 = CARTESIAN_POINT('',(4.049522174362,-0.641381446061,
    4.499999989043));
#6161 = CARTESIAN_POINT('',(3.841124709738,-1.957150960843,
    4.399999989043));
#6162 = CARTESIAN_POINT('',(2.899137703068,-2.899137902661,
    4.299999989043));
#6163 = CARTESIAN_POINT('',(1.957150696398,-3.84112484448,4.199999989043
    ));
#6164 = CARTESIAN_POINT('',(0.641381167269,-4.049522218518,
    4.099999989043));
#6165 = CARTESIAN_POINT('',(-0.67438836186,-4.257919592557,
    3.999999989043));
#6166 = CARTESIAN_POINT('',(-1.861361174683,-3.653126685099,
    3.899999989043));
#6167 = CARTESIAN_POINT('',(-3.048333987506,-3.048333777641,
    3.799999989043));
#6168 = CARTESIAN_POINT('',(-3.653126813246,-1.861360923181,
    3.699999989043));
#6169 = CARTESIAN_POINT('',(-4.257919638985,-0.674388068721,
    3.599999989043));
#6170 = CARTESIAN_POINT('',(-4.049522174362,0.641381446061,
    3.499999989043));
#6171 = CARTESIAN_POINT('',(-3.841124709738,1.957150960843,
    3.399999989043));
#6172 = CARTESIAN_POINT('',(-2.899137703068,2.899137902661,
    3.299999989043));
#6173 = CARTESIAN_POINT('',(-1.957150696398,3.84112484448,3.199999989043
    ));
#6174 = CARTESIAN_POINT('',(-0.641381167269,4.049522218518,
    3.099999989043));
#6175 = CARTESIAN_POINT('',(0.67438836186,4.257919592557,2.999999989043)
  );
#6176 = CARTESIAN_POINT('',(1.861361174683,3.653126685099,2.899999989043
    ));
#6177 = CARTESIAN_POINT('',(3.048333987506,3.048333777641,2.799999989043
    ));
#6178 = CARTESIAN_POINT('',(3.653126813246,1.861360923181,2.699999989043
    ));
#6179 = CARTESIAN_POINT('',(4.257919638985,0.674388068721,2.599999989043
    ));
#6180 = CARTESIAN_POINT('',(4.049522174362,-0.641381446061,
    2.499999989043));
#6181 = CARTESIAN_POINT('',(3.841124709738,-1.957150960843,
    2.399999989043));
#6182 = CARTESIAN_POINT('',(2.899137703068,-2.899137902661,
    2.299999989043));
#6183 = CARTESIAN_POINT('',(1.957150696398,-3.84112484448,2.199999989043
    ));
#6184 = CARTESIAN_POINT('',(0.641381167269,-4.049522218518,
    2.099999989043));
#6185 = CARTESIAN_POINT('',(-0.67438836186,-4.257919592557,
    1.999999989043));
#6186 = CARTESIAN_POINT('',(-1.861361174683,-3.653126685099,
    1.899999989043));
#6187 = CARTESIAN_POINT('',(-3.048333987506,-3.048333777641,
    1.799999989043));
#6188 = CARTESIAN_POINT('',(-3.653126813246,-1.861360923181,
    1.699999989043));
#6189 = CARTESIAN_POINT('',(-4.257919638985,-0.674388068721,
    1.599999989043));
#6190 = CARTESIAN_POINT('',(-4.049522174362,0.641381446061,
    1.499999989043));
#6191 = CARTESIAN_POINT('',(-3.841124709738,1.957150960843,
    1.399999989043));
#6192 = CARTESIAN_POINT('',(-2.899137703068,2.899137902661,
    1.299999989043));
#6193 = CARTESIAN_POINT('',(-1.957150696398,3.84112484448,1.199999989043
    ));
#6194 = CARTESIAN_POINT('',(-0.641381167269,4.049522218518,
    1.099999989043));
#6195 = CARTESIAN_POINT('',(0.67438836186,4.257919592557,0.999999989043)
  );
#6196 = CARTESIAN_POINT('',(1.861361174683,3.653126685099,0.899999989043
    ));
#6197 = CARTESIAN_POINT('',(3.048333987506,3.048333777641,0.799999989043
    ));
#6198 = CARTESIAN_POINT('',(3.653126813246,1.861360923181,0.699999989043
    ));
#6199 = CARTESIAN_POINT('',(4.257919638985,0.674388068721,0.599999989043
    ));
#6200 = CARTESIAN_POINT('',(4.049522174362,-0.641381446061,
    0.499999989043));
#6201 = CARTESIAN_POINT('',(3.841124709738,-1.957150960843,
    0.399999989043));
#6202 = CARTESIAN_POINT('',(2.899137703068,-2.899137902661,
    0.299999989043));
#6203 = CARTESIAN_POINT('',(1.957150696398,-3.84112484448,0.199999989043
    ));
#6204 = CARTESIAN_POINT('',(0.641381167269,-4.049522218518,
    9.999998904288E-02));
#6205 = CARTESIAN_POINT('',(-0.67438836186,-4.257919592557,
    -1.095712409693E-08));
#6206 = CARTESIAN_POINT('',(-1.861361174683,-3.653126685099,
    -0.100000010957));
#6207 = CARTESIAN_POINT('',(-3.048333987506,-3.048333777641,
    -0.200000010957));
#6208 = CARTESIAN_POINT('',(-3.653126813246,-1.861360923181,
    -0.300000010957));
#6209 = CARTESIAN_POINT('',(-4.257919638985,-0.674388068721,
    -0.400000010957));
#6210 = CARTESIAN_POINT('',(-4.049522174362,0.641381446061,
    -0.500000010957));
#6211 = CARTESIAN_POINT('',(-3.841124709738,1.957150960843,
    -0.600000010957));
#6212 = CARTESIAN_POINT('',(-2.899137703068,2.899137902661,
    -0.700000010957));
#6213 = CARTESIAN_POINT('',(-1.957150696398,3.84112484448,
    -0.800000010957));
#6214 = CARTESIAN_POINT('',(-0.641381167269,4.049522218518,
    -0.900000010957));
#6215 = CARTESIAN_POINT('',(0.67438836186,4.257919592557,-1.000000010957
    ));
#6216 = CARTESIAN_POINT('',(1.861361174683,3.653126685099,
    -1.100000010957));
#6217 = CARTESIAN_POINT('',(3.048333987506,3.048333777641,
    -1.200000010957));
#6218 = CARTESIAN_POINT('',(3.653126813246,1.861360923181,
    -1.300000010957));
#6219 = CARTESIAN_POINT('',(4.257919638985,0.674388068721,
    -1.400000010957));
#6220 = CARTESIAN_POINT('',(4.049522174362,-0.641381446061,
    -1.500000010957));
#6221 = CARTESIAN_POINT('',(3.841124709738,-1.957150960843,
    -1.600000010957));
#6222 = CARTESIAN_POINT('',(2.899137703068,-2.899137902661,
    -1.700000010957));
#6223 = CARTESIAN_POINT('',(1.957150696398,-3.84112484448,
    -1.800000010957));
#6224 = CARTESIAN_POINT('',(0.641381167269,-4.049522218518,
    -1.900000010957));
#6225 = CARTESIAN_POINT('',(-0.67438836186,-4.257919592557,
    -2.000000010957));
#6226 = CARTESIAN_POINT('',(-1.861361174683,-3.653126685099,
    -2.100000010957));
#6227 = CARTESIAN_POINT('',(-3.048333987506,-3.048333777641,
    -2.200000010957));
#6228 = CARTESIAN_POINT('',(-3.653126813246,-1.861360923181,
    -2.300000010957));
#6229 = CARTESIAN_POINT('',(-4.257919638985,-0.674388068721,
    -2.400000010957));
#6230 = CARTESIAN_POINT('',(-4.049522174362,0.641381446061,
    -2.500000010957));
#6231 = CARTESIAN_POINT('',(-3.841124709738,1.957150960843,
    -2.600000010957));
#6232 = CARTESIAN_POINT('',(-2.899137703068,2.899137902661,
    -2.700000010957));
#6233 = CARTESIAN_POINT('',(-1.957150696398,3.84112484448,
    -2.800000010957));
#6234 = CARTESIAN_POINT('',(-0.641381167269,4.049522218518,
    -2.900000010957));
#6235 = CARTESIAN_POINT('',(0.67438836186,4.257919592557,-3.000000010957
    ));
#6236 = CARTESIAN_POINT('',(1.861361174683,3.653126685099,
    -3.100000010957));
#6237 = CARTESIAN_POINT('',(3.048333987506,3.048333777641,
    -3.200000010957));
#6238 = CARTESIAN_POINT('',(3.653126813246,1.861360923181,
    -3.300000010957));
#6239 = CARTESIAN_POINT('',(4.257919638985,0.674388068721,
    -3.400000010957));
#6240 = CARTESIAN_POINT('',(4.049522174362,-0.641381446061,
    -3.500000010957));
#6241 = CARTESIAN_POINT('',(3.841124709738,-1.957150960843,
    -3.600000010957));
#6242 = CARTESIAN_POINT('',(2.899137703068,-2.899137902661,
    -3.700000010957));
#6243 = CARTESIAN_POINT('',(1.957150696398,-3.84112484448,
    -3.800000010957));
#6244 = CARTESIAN_POINT('',(0.641381167269,-4.049522218518,
    -3.900000010957));
#6245 = CARTESIAN_POINT('',(-0.67438836186,-4.257919592557,
    -4.000000010957));
#6246 = CARTESIAN_POINT('',(-1.861361174683,-3.653126685099,
    -4.100000010957));
#6247 = CARTESIAN_POINT('',(-3.048333987506,-3.048333777641,
    -4.200000010957));
#6248 = CARTESIAN_POINT('',(-3.653126813246,-1.861360923181,
    -4.300000010957));
#6249 = CARTESIAN_POINT('',(-4.257919638985,-0.674388068721,
    -4.400000010957));
#6250 = CARTESIAN_POINT('',(-4.049522174362,0.641381446061,
    -4.500000010957));
#6251 = CARTESIAN_POINT('',(-3.841124709738,1.957150960843,
    -4.600000010957));
#6252 = CARTESIAN_POINT('',(-2.899137703068,2.899137902661,
    -4.700000010957));
#6253 = CARTESIAN_POINT('',(-4.1,-1.839369435481,10.59276800153));
#6254 = CARTESIAN_POINT('',(-4.1,-0.919684717741,10.521072372643));
#6255 = CARTESIAN_POINT('',(-4.1,1.932977342604E-16,10.449376743756));
#6256 = CARTESIAN_POINT('',(-4.1,0.322677068985,10.424221889117));
#6257 = CARTESIAN_POINT('',(-4.049522174362,0.641381446061,
    10.399999989043));
#6258 = CARTESIAN_POINT('',(-3.841124709738,1.957150960843,
    10.299999989043));
#6259 = CARTESIAN_POINT('',(-2.899137703068,2.899137902661,
    10.199999989043));
#6260 = CARTESIAN_POINT('',(-1.957150696398,3.84112484448,
    10.099999989043));
#6261 = CARTESIAN_POINT('',(-0.641381167269,4.049522218518,
    9.999999989043));
#6262 = CARTESIAN_POINT('',(0.67438836186,4.257919592557,9.899999989043)
  );
#6263 = CARTESIAN_POINT('',(1.861361174683,3.653126685099,9.799999989043
    ));
#6264 = CARTESIAN_POINT('',(3.048333987506,3.048333777641,9.699999989043
    ));
#6265 = CARTESIAN_POINT('',(3.653126813246,1.861360923181,9.599999989043
    ));
#6266 = CARTESIAN_POINT('',(4.257919638985,0.674388068721,9.499999989043
    ));
#6267 = CARTESIAN_POINT('',(4.049522174362,-0.641381446061,
    9.399999989043));
#6268 = CARTESIAN_POINT('',(3.841124709738,-1.957150960843,
    9.299999989043));
#6269 = CARTESIAN_POINT('',(2.899137703068,-2.899137902661,
    9.199999989043));
#6270 = CARTESIAN_POINT('',(1.957150696398,-3.84112484448,9.099999989043
    ));
#6271 = CARTESIAN_POINT('',(0.641381167269,-4.049522218518,
    8.999999989043));
#6272 = CARTESIAN_POINT('',(-0.67438836186,-4.257919592557,
    8.899999989043));
#6273 = CARTESIAN_POINT('',(-1.861361174683,-3.653126685099,
    8.799999989043));
#6274 = CARTESIAN_POINT('',(-3.048333987506,-3.048333777641,
    8.699999989043));
#6275 = CARTESIAN_POINT('',(-3.653126813246,-1.861360923181,
    8.599999989043));
#6276 = CARTESIAN_POINT('',(-4.257919638985,-0.674388068721,
    8.499999989043));
#6277 = CARTESIAN_POINT('',(-4.049522174362,0.641381446061,
    8.399999989043));
#6278 = CARTESIAN_POINT('',(-3.841124709738,1.957150960843,
    8.299999989043));
#6279 = CARTESIAN_POINT('',(-2.899137703068,2.899137902661,
    8.199999989043));
#6280 = CARTESIAN_POINT('',(-1.957150696398,3.84112484448,8.099999989043
    ));
#6281 = CARTESIAN_POINT('',(-0.641381167269,4.049522218518,
    7.999999989043));
#6282 = CARTESIAN_POINT('',(0.67438836186,4.257919592557,7.899999989043)
  );
#6283 = CARTESIAN_POINT('',(1.861361174683,3.653126685099,7.799999989043
    ));
#6284 = CARTESIAN_POINT('',(3.048333987506,3.048333777641,7.699999989043
    ));
#6285 = CARTESIAN_POINT('',(3.653126813246,1.861360923181,7.599999989043
    ));
#6286 = CARTESIAN_POINT('',(4.257919638985,0.674388068721,7.499999989043
    ));
#6287 = CARTESIAN_POINT('',(4.049522174362,-0.641381446061,
    7.399999989043));
#6288 = CARTESIAN_POINT('',(3.841124709738,-1.957150960843,
    7.299999989043));
#6289 = CARTESIAN_POINT('',(2.899137703068,-2.899137902661,
    7.199999989043));
#6290 = CARTESIAN_POINT('',(1.957150696398,-3.84112484448,7.099999989043
    ));
#6291 = CARTESIAN_POINT('',(0.641381167269,-4.049522218518,
    6.999999989043));
#6292 = CARTESIAN_POINT('',(-0.67438836186,-4.257919592557,
    6.899999989043));
#6293 = CARTESIAN_POINT('',(-1.861361174683,-3.653126685099,
    6.799999989043));
#6294 = CARTESIAN_POINT('',(-3.048333987506,-3.048333777641,
    6.699999989043));
#6295 = CARTESIAN_POINT('',(-3.653126813246,-1.861360923181,
    6.599999989043));
#6296 = CARTESIAN_POINT('',(-4.257919638985,-0.674388068721,
    6.499999989043));
#6297 = CARTESIAN_POINT('',(-4.049522174362,0.641381446061,
    6.399999989043));
#6298 = CARTESIAN_POINT('',(-3.841124709738,1.957150960843,
    6.299999989043));
#6299 = CARTESIAN_POINT('',(-2.899137703068,2.899137902661,
    6.199999989043));
#6300 = CARTESIAN_POINT('',(-1.957150696398,3.84112484448,6.099999989043
    ));
#6301 = CARTESIAN_POINT('',(-0.641381167269,4.049522218518,
    5.999999989043));
#6302 = CARTESIAN_POINT('',(0.67438836186,4.257919592557,5.899999989043)
  );
#6303 = CARTESIAN_POINT('',(1.861361174683,3.653126685099,5.799999989043
    ));
#6304 = CARTESIAN_POINT('',(3.048333987506,3.048333777641,5.699999989043
    ));
#6305 = CARTESIAN_POINT('',(3.653126813246,1.861360923181,5.599999989043
    ));
#6306 = CARTESIAN_POINT('',(4.257919638985,0.674388068721,5.499999989043
    ));
#6307 = CARTESIAN_POINT('',(4.049522174362,-0.641381446061,
    5.399999989043));
#6308 = CARTESIAN_POINT('',(3.841124709738,-1.957150960843,
    5.299999989043));
#6309 = CARTESIAN_POINT('',(2.899137703068,-2.899137902661,
    5.199999989043));
#6310 = CARTESIAN_POINT('',(1.957150696398,-3.84112484448,5.099999989043
    ));
#6311 = CARTESIAN_POINT('',(0.641381167269,-4.049522218518,
    4.999999989043));
#6312 = CARTESIAN_POINT('',(-0.67438836186,-4.257919592557,
    4.899999989043));
#6313 = CARTESIAN_POINT('',(-1.861361174683,-3.653126685099,
    4.799999989043));
#6314 = CARTESIAN_POINT('',(-3.048333987506,-3.048333777641,
    4.699999989043));
#6315 = CARTESIAN_POINT('',(-3.653126813246,-1.861360923181,
    4.599999989043));
#6316 = CARTESIAN_POINT('',(-4.257919638985,-0.674388068721,
    4.499999989043));
#6317 = CARTESIAN_POINT('',(-4.049522174362,0.641381446061,
    4.399999989043));
#6318 = CARTESIAN_POINT('',(-3.841124709738,1.957150960843,
    4.299999989043));
#6319 = CARTESIAN_POINT('',(-2.899137703068,2.899137902661,
    4.199999989043));
#6320 = CARTESIAN_POINT('',(-1.957150696398,3.84112484448,4.099999989043
    ));
#6321 = CARTESIAN_POINT('',(-0.641381167269,4.049522218518,
    3.999999989043));
#6322 = CARTESIAN_POINT('',(0.67438836186,4.257919592557,3.899999989043)
  );
#6323 = CARTESIAN_POINT('',(1.861361174683,3.653126685099,3.799999989043
    ));
#6324 = CARTESIAN_POINT('',(3.048333987506,3.048333777641,3.699999989043
    ));
#6325 = CARTESIAN_POINT('',(3.653126813246,1.861360923181,3.599999989043
    ));
#6326 = CARTESIAN_POINT('',(4.257919638985,0.674388068721,3.499999989043
    ));
#6327 = CARTESIAN_POINT('',(4.049522174362,-0.641381446061,
    3.399999989043));
#6328 = CARTESIAN_POINT('',(3.841124709738,-1.957150960843,
    3.299999989043));
#6329 = CARTESIAN_POINT('',(2.899137703068,-2.899137902661,
    3.199999989043));
#6330 = CARTESIAN_POINT('',(1.957150696398,-3.84112484448,3.099999989043
    ));
#6331 = CARTESIAN_POINT('',(0.641381167269,-4.049522218518,
    2.999999989043));
#6332 = CARTESIAN_POINT('',(-0.67438836186,-4.257919592557,
    2.899999989043));
#6333 = CARTESIAN_POINT('',(-1.861361174683,-3.653126685099,
    2.799999989043));
#6334 = CARTESIAN_POINT('',(-3.048333987506,-3.048333777641,
    2.699999989043));
#6335 = CARTESIAN_POINT('',(-3.653126813246,-1.861360923181,
    2.599999989043));
#6336 = CARTESIAN_POINT('',(-4.257919638985,-0.674388068721,
    2.499999989043));
#6337 = CARTESIAN_POINT('',(-4.049522174362,0.641381446061,
    2.399999989043));
#6338 = CARTESIAN_POINT('',(-3.841124709738,1.957150960843,
    2.299999989043));
#6339 = CARTESIAN_POINT('',(-2.899137703068,2.899137902661,
    2.199999989043));
#6340 = CARTESIAN_POINT('',(-1.957150696398,3.84112484448,2.099999989043
    ));
#6341 = CARTESIAN_POINT('',(-0.641381167269,4.049522218518,
    1.999999989043));
#6342 = CARTESIAN_POINT('',(0.67438836186,4.257919592557,1.899999989043)
  );
#6343 = CARTESIAN_POINT('',(1.861361174683,3.653126685099,1.799999989043
    ));
#6344 = CARTESIAN_POINT('',(3.048333987506,3.048333777641,1.699999989043
    ));
#6345 = CARTESIAN_POINT('',(3.653126813246,1.861360923181,1.599999989043
    ));
#6346 = CARTESIAN_POINT('',(4.257919638985,0.674388068721,1.499999989043
    ));
#6347 = CARTESIAN_POINT('',(4.049522174362,-0.641381446061,
    1.399999989043));
#6348 = CARTESIAN_POINT('',(3.841124709738,-1.957150960843,
    1.299999989043));
#6349 = CARTESIAN_POINT('',(2.899137703068,-2.899137902661,
    1.199999989043));
#6350 = CARTESIAN_POINT('',(1.957150696398,-3.84112484448,1.099999989043
    ));
#6351 = CARTESIAN_POINT('',(0.641381167269,-4.049522218518,
    0.999999989043));
#6352 = CARTESIAN_POINT('',(-0.67438836186,-4.257919592557,
    0.899999989043));
#6353 = CARTESIAN_POINT('',(-1.861361174683,-3.653126685099,
    0.799999989043));
#6354 = CARTESIAN_POINT('',(-3.048333987506,-3.048333777641,
    0.699999989043));
#6355 = CARTESIAN_POINT('',(-3.653126813246,-1.861360923181,
    0.599999989043));
#6356 = CARTESIAN_POINT('',(-4.257919638985,-0.674388068721,
    0.499999989043));
#6357 = CARTESIAN_POINT('',(-4.049522174362,0.641381446061,
    0.399999989043));
#6358 = CARTESIAN_POINT('',(-3.841124709738,1.957150960843,
    0.299999989043));
#6359 = CARTESIAN_POINT('',(-2.899137703068,2.899137902661,
    0.199999989043));
#6360 = CARTESIAN_POINT('',(-1.957150696398,3.84112484448,
    9.999998904288E-02));
#6361 = CARTESIAN_POINT('',(-0.641381167269,4.049522218518,
    -1.095712236221E-08));
#6362 = CARTESIAN_POINT('',(0.67438836186,4.257919592557,-0.100000010957
    ));
#6363 = CARTESIAN_POINT('',(1.861361174683,3.653126685099,
    -0.200000010957));
#6364 = CARTESIAN_POINT('',(3.048333987506,3.048333777641,
    -0.300000010957));
#6365 = CARTESIAN_POINT('',(3.653126813246,1.861360923181,
    -0.400000010957));
#6366 = CARTESIAN_POINT('',(4.257919638985,0.674388068721,
    -0.500000010957));
#6367 = CARTESIAN_POINT('',(4.049522174362,-0.641381446061,
    -0.600000010957));
#6368 = CARTESIAN_POINT('',(3.841124709738,-1.957150960843,
    -0.700000010957));
#6369 = CARTESIAN_POINT('',(2.899137703068,-2.899137902661,
    -0.800000010957));
#6370 = CARTESIAN_POINT('',(1.957150696398,-3.84112484448,
    -0.900000010957));
#6371 = CARTESIAN_POINT('',(0.641381167269,-4.049522218518,
    -1.000000010957));
#6372 = CARTESIAN_POINT('',(-0.67438836186,-4.257919592557,
    -1.100000010957));
#6373 = CARTESIAN_POINT('',(-1.861361174683,-3.653126685099,
    -1.200000010957));
#6374 = CARTESIAN_POINT('',(-3.048333987506,-3.048333777641,
    -1.300000010957));
#6375 = CARTESIAN_POINT('',(-3.653126813246,-1.861360923181,
    -1.400000010957));
#6376 = CARTESIAN_POINT('',(-4.257919638985,-0.674388068721,
    -1.500000010957));
#6377 = CARTESIAN_POINT('',(-4.049522174362,0.641381446061,
    -1.600000010957));
#6378 = CARTESIAN_POINT('',(-3.841124709738,1.957150960843,
    -1.700000010957));
#6379 = CARTESIAN_POINT('',(-2.899137703068,2.899137902661,
    -1.800000010957));
#6380 = CARTESIAN_POINT('',(-1.957150696398,3.84112484448,
    -1.900000010957));
#6381 = CARTESIAN_POINT('',(-0.641381167269,4.049522218518,
    -2.000000010957));
#6382 = CARTESIAN_POINT('',(0.67438836186,4.257919592557,-2.100000010957
    ));
#6383 = CARTESIAN_POINT('',(1.861361174683,3.653126685099,
    -2.200000010957));
#6384 = CARTESIAN_POINT('',(3.048333987506,3.048333777641,
    -2.300000010957));
#6385 = CARTESIAN_POINT('',(3.653126813246,1.861360923181,
    -2.400000010957));
#6386 = CARTESIAN_POINT('',(4.257919638985,0.674388068721,
    -2.500000010957));
#6387 = CARTESIAN_POINT('',(4.049522174362,-0.641381446061,
    -2.600000010957));
#6388 = CARTESIAN_POINT('',(3.841124709738,-1.957150960843,
    -2.700000010957));
#6389 = CARTESIAN_POINT('',(2.899137703068,-2.899137902661,
    -2.800000010957));
#6390 = CARTESIAN_POINT('',(1.957150696398,-3.84112484448,
    -2.900000010957));
#6391 = CARTESIAN_POINT('',(0.641381167269,-4.049522218518,
    -3.000000010957));
#6392 = CARTESIAN_POINT('',(-0.67438836186,-4.257919592557,
    -3.100000010957));
#6393 = CARTESIAN_POINT('',(-1.861361174683,-3.653126685099,
    -3.200000010957));
#6394 = CARTESIAN_POINT('',(-3.048333987506,-3.048333777641,
    -3.300000010957));
#6395 = CARTESIAN_POINT('',(-3.653126813246,-1.861360923181,
    -3.400000010957));
#6396 = CARTESIAN_POINT('',(-4.257919638985,-0.674388068721,
    -3.500000010957));
#6397 = CARTESIAN_POINT('',(-4.049522174362,0.641381446061,
    -3.600000010957));
#6398 = CARTESIAN_POINT('',(-3.841124709738,1.957150960843,
    -3.700000010957));
#6399 = CARTESIAN_POINT('',(-2.899137703068,2.899137902661,
    -3.800000010957));
#6400 = DEFINITIONAL_REPRESENTATION('',(#6401),#6404);
#6401 = B_SPLINE_CURVE_WITH_KNOTS('',1,(#6402,#6403),.UNSPECIFIED.,.F.,
  .F.,(2,2),(-0.45,0.45),.PIECEWISE_BEZIER_KNOTS.);
#6402 = CARTESIAN_POINT('',(-2.14221768776E-15,0.575702465131));
#6403 = CARTESIAN_POINT('',(1.,0.575702465131));
#6404 = ( GEOMETRIC_REPRESENTATION_CONTEXT(2) 
PARAMETRIC_REPRESENTATION_CONTEXT() REPRESENTATION_CONTEXT('2D SPACE',''
  ) );
#6405 = PCURVE('',#543,#6406);
#6406 = DEFINITIONAL_REPRESENTATION('',(#6407),#6411);
#6407 = LINE('',#6408,#6409);
#6408 = CARTESIAN_POINT('',(-2.72396425957,4.933676382348));
#6409 = VECTOR('',#6410,1.);
#6410 = DIRECTION('',(-1.,0.));
#6411 = ( GEOMETRIC_REPRESENTATION_CONTEXT(2) 
PARAMETRIC_REPRESENTATION_CONTEXT() REPRESENTATION_CONTEXT('2D SPACE',''
  ) );
#6412 = ORIENTED_EDGE('',*,*,#6413,.F.);
#6413 = EDGE_CURVE('',#6414,#6095,#6416,.T.);
#6414 = VERTEX_POINT('',#6415);
#6415 = CARTESIAN_POINT('',(-0.5,-4.069397989875,4.011267035992));
#6416 = SURFACE_CURVE('',#6417,(#6441,#6447),.PCURVE_S1.);
#6417 = ( BOUNDED_CURVE() B_SPLINE_CURVE(2,(#6418,#6419,#6420,#6421,
    #6422,#6423,#6424,#6425,#6426,#6427,#6428,#6429,#6430,#6431,#6432,
    #6433,#6434,#6435,#6436,#6437,#6438,#6439,#6440),.UNSPECIFIED.,.F.,
.F.) B_SPLINE_CURVE_WITH_KNOTS((3,2,2,2,2,2,2,2,2,2,2,3),(0.388715609031
    ,0.396504535921,0.410539314155,0.42457409239,0.438608870624,
    0.452643648859,0.466678427093,0.480713205327,0.494747983562,
0.508782761796,0.522817540031,0.523606255447),.UNSPECIFIED.) CURVE() 
GEOMETRIC_REPRESENTATION_ITEM() RATIONAL_B_SPLINE_CURVE((0.975824078569,
    0.972837674385,1.,0.951056516295,1.,0.951056516295,1.,0.951056516295
    ,1.,0.951056516295,1.,0.951056516295,1.,0.951056516295,1.,
    0.951056516295,1.,0.951056516295,1.,0.951056516295,1.,0.99724951264,
0.994808164727)) REPRESENTATION_ITEM('') );
#6418 = CARTESIAN_POINT('',(-0.5,-4.069397989875,4.011267035992));
#6419 = CARTESIAN_POINT('',(-1.217371670657,-3.981255754531,
    3.954254770371));
#6420 = CARTESIAN_POINT('',(-1.861361174683,-3.653126685099,
    3.899999989043));
#6421 = CARTESIAN_POINT('',(-3.048333987506,-3.048333777641,
    3.799999989043));
#6422 = CARTESIAN_POINT('',(-3.653126813246,-1.861360923181,
    3.699999989043));
#6423 = CARTESIAN_POINT('',(-4.257919638985,-0.674388068721,
    3.599999989043));
#6424 = CARTESIAN_POINT('',(-4.049522174362,0.641381446061,
    3.499999989043));
#6425 = CARTESIAN_POINT('',(-3.841124709738,1.957150960843,
    3.399999989043));
#6426 = CARTESIAN_POINT('',(-2.899137703068,2.899137902661,
    3.299999989043));
#6427 = CARTESIAN_POINT('',(-1.957150696398,3.84112484448,3.199999989043
    ));
#6428 = CARTESIAN_POINT('',(-0.641381167269,4.049522218518,
    3.099999989043));
#6429 = CARTESIAN_POINT('',(0.67438836186,4.257919592557,2.999999989043)
  );
#6430 = CARTESIAN_POINT('',(1.861361174683,3.653126685099,2.899999989043
    ));
#6431 = CARTESIAN_POINT('',(3.048333987506,3.048333777641,2.799999989043
    ));
#6432 = CARTESIAN_POINT('',(3.653126813246,1.861360923181,2.699999989043
    ));
#6433 = CARTESIAN_POINT('',(4.257919638985,0.674388068721,2.599999989043
    ));
#6434 = CARTESIAN_POINT('',(4.049522174362,-0.641381446061,
    2.499999989043));
#6435 = CARTESIAN_POINT('',(3.841124709738,-1.957150960843,
    2.399999989043));
#6436 = CARTESIAN_POINT('',(2.899137703068,-2.899137902661,
    2.299999989043));
#6437 = CARTESIAN_POINT('',(1.957150696398,-3.84112484448,2.199999989043
    ));
#6438 = CARTESIAN_POINT('',(0.641381167269,-4.049522218518,
    2.099999989043));
#6439 = CARTESIAN_POINT('',(0.570863637177,-4.060691095567,
    2.094640575519));
#6440 = CARTESIAN_POINT('',(0.5,-4.069397989875,2.089223782171));
#6441 = PCURVE('',#6105,#6442);
#6442 = DEFINITIONAL_REPRESENTATION('',(#6443),#6446);
#6443 = B_SPLINE_CURVE_WITH_KNOTS('',1,(#6444,#6445),.UNSPECIFIED.,.F.,
  .F.,(2,2),(0.388715609031,0.523606255447),.PIECEWISE_BEZIER_KNOTS.);
#6444 = CARTESIAN_POINT('',(1.008160032412E-16,0.455562834018));
#6445 = CARTESIAN_POINT('',(-1.595154776416E-16,0.575702465131));
#6446 = ( GEOMETRIC_REPRESENTATION_CONTEXT(2) 
PARAMETRIC_REPRESENTATION_CONTEXT() REPRESENTATION_CONTEXT('2D SPACE',''
  ) );
#6447 = PCURVE('',#2678,#6448);
#6448 = DEFINITIONAL_REPRESENTATION('',(#6449),#6452);
#6449 = B_SPLINE_CURVE_WITH_KNOTS('',1,(#6450,#6451),.UNSPECIFIED.,.F.,
  .F.,(2,2),(0.388715609031,0.523606255447),.PIECEWISE_BEZIER_KNOTS.);
#6450 = CARTESIAN_POINT('',(1.,0.455562834018));
#6451 = CARTESIAN_POINT('',(1.,0.575702465131));
#6452 = ( GEOMETRIC_REPRESENTATION_CONTEXT(2) 
PARAMETRIC_REPRESENTATION_CONTEXT() REPRESENTATION_CONTEXT('2D SPACE',''
  ) );
#6453 = ORIENTED_EDGE('',*,*,#6454,.F.);
#6454 = EDGE_CURVE('',#6455,#6414,#6457,.T.);
#6455 = VERTEX_POINT('',#6456);
#6456 = CARTESIAN_POINT('',(-0.5,-4.069397989875,4.911267035992));
#6457 = SURFACE_CURVE('',#6458,(#6462,#6468),.PCURVE_S1.);
#6458 = LINE('',#6459,#6460);
#6459 = CARTESIAN_POINT('',(-0.5,-4.069397989875,4.461267035992));
#6460 = VECTOR('',#6461,1.);
#6461 = DIRECTION('',(-0.,-0.,-1.));
#6462 = PCURVE('',#6105,#6463);
#6463 = DEFINITIONAL_REPRESENTATION('',(#6464),#6467);
#6464 = B_SPLINE_CURVE_WITH_KNOTS('',1,(#6465,#6466),.UNSPECIFIED.,.F.,
  .F.,(2,2),(-0.45,0.45),.PIECEWISE_BEZIER_KNOTS.);
#6465 = CARTESIAN_POINT('',(1.,0.455562834018));
#6466 = CARTESIAN_POINT('',(1.008160032412E-16,0.455562834018));
#6467 = ( GEOMETRIC_REPRESENTATION_CONTEXT(2) 
PARAMETRIC_REPRESENTATION_CONTEXT() REPRESENTATION_CONTEXT('2D SPACE',''
  ) );
#6468 = PCURVE('',#505,#6469);
#6469 = DEFINITIONAL_REPRESENTATION('',(#6470),#6474);
#6470 = LINE('',#6471,#6472);
#6471 = CARTESIAN_POINT('',(-4.933676382348,4.646007513391));
#6472 = VECTOR('',#6473,1.);
#6473 = DIRECTION('',(0.,-1.));
#6474 = ( GEOMETRIC_REPRESENTATION_CONTEXT(2) 
PARAMETRIC_REPRESENTATION_CONTEXT() REPRESENTATION_CONTEXT('2D SPACE',''
  ) );
#6475 = ORIENTED_EDGE('',*,*,#6476,.T.);
#6476 = EDGE_CURVE('',#6455,#6097,#6477,.T.);
#6477 = SURFACE_CURVE('',#6478,(#6502,#6508),.PCURVE_S1.);
#6478 = ( BOUNDED_CURVE() B_SPLINE_CURVE(2,(#6479,#6480,#6481,#6482,
    #6483,#6484,#6485,#6486,#6487,#6488,#6489,#6490,#6491,#6492,#6493,
    #6494,#6495,#6496,#6497,#6498,#6499,#6500,#6501),.UNSPECIFIED.,.F.,
.F.) B_SPLINE_CURVE_WITH_KNOTS((3,2,2,2,2,2,2,2,2,2,2,3),(0.388715414117
    ,0.396504343496,0.410539126205,0.424573908915,0.438608691624,
    0.452643474333,0.466678257043,0.480713039752,0.494747822462,
0.508782605171,0.52281738788,0.523606103518),.UNSPECIFIED.) CURVE() 
GEOMETRIC_REPRESENTATION_ITEM() RATIONAL_B_SPLINE_CURVE((0.975824078573,
    0.972837674367,1.,0.951056516295,1.,0.951056516295,1.,0.951056516295
    ,1.,0.951056516295,1.,0.951056516295,1.,0.951056516295,1.,
    0.951056516295,1.,0.951056516295,1.,0.951056516295,1.,0.997249512745
,0.994808164913)) REPRESENTATION_ITEM('') );
#6479 = CARTESIAN_POINT('',(-0.5,-4.069397989875,4.911267035992));
#6480 = CARTESIAN_POINT('',(-1.217371670197,-3.981255754765,
    4.85425477041));
#6481 = CARTESIAN_POINT('',(-1.861361174683,-3.653126685099,
    4.799999989043));
#6482 = CARTESIAN_POINT('',(-3.048333987506,-3.048333777641,
    4.699999989043));
#6483 = CARTESIAN_POINT('',(-3.653126813246,-1.861360923181,
    4.599999989043));
#6484 = CARTESIAN_POINT('',(-4.257919638985,-0.674388068721,
    4.499999989043));
#6485 = CARTESIAN_POINT('',(-4.049522174362,0.641381446061,
    4.399999989043));
#6486 = CARTESIAN_POINT('',(-3.841124709738,1.957150960843,
    4.299999989043));
#6487 = CARTESIAN_POINT('',(-2.899137703068,2.899137902661,
    4.199999989043));
#6488 = CARTESIAN_POINT('',(-1.957150696398,3.84112484448,4.099999989043
    ));
#6489 = CARTESIAN_POINT('',(-0.641381167269,4.049522218518,
    3.999999989043));
#6490 = CARTESIAN_POINT('',(0.67438836186,4.257919592557,3.899999989043)
  );
#6491 = CARTESIAN_POINT('',(1.861361174683,3.653126685099,3.799999989043
    ));
#6492 = CARTESIAN_POINT('',(3.048333987506,3.048333777641,3.699999989043
    ));
#6493 = CARTESIAN_POINT('',(3.653126813246,1.861360923181,3.599999989043
    ));
#6494 = CARTESIAN_POINT('',(4.257919638985,0.674388068721,3.499999989043
    ));
#6495 = CARTESIAN_POINT('',(4.049522174362,-0.641381446061,
    3.399999989043));
#6496 = CARTESIAN_POINT('',(3.841124709738,-1.957150960843,
    3.299999989043));
#6497 = CARTESIAN_POINT('',(2.899137703068,-2.899137902661,
    3.199999989043));
#6498 = CARTESIAN_POINT('',(1.957150696398,-3.84112484448,3.099999989043
    ));
#6499 = CARTESIAN_POINT('',(0.641381167269,-4.049522218518,
    2.999999989043));
#6500 = CARTESIAN_POINT('',(0.570863639876,-4.060691095139,
    2.994640575724));
#6501 = CARTESIAN_POINT('',(0.5,-4.069397989875,2.989223782171));
#6502 = PCURVE('',#6105,#6503);
#6503 = DEFINITIONAL_REPRESENTATION('',(#6504),#6507);
#6504 = B_SPLINE_CURVE_WITH_KNOTS('',1,(#6505,#6506),.UNSPECIFIED.,.F.,
  .F.,(2,2),(0.388715414117,0.523606103518),.PIECEWISE_BEZIER_KNOTS.);
#6505 = CARTESIAN_POINT('',(1.,0.455562834018));
#6506 = CARTESIAN_POINT('',(1.,0.575702465131));
#6507 = ( GEOMETRIC_REPRESENTATION_CONTEXT(2) 
PARAMETRIC_REPRESENTATION_CONTEXT() REPRESENTATION_CONTEXT('2D SPACE',''
  ) );
#6508 = PCURVE('',#3192,#6509);
#6509 = DEFINITIONAL_REPRESENTATION('',(#6510),#6513);
#6510 = B_SPLINE_CURVE_WITH_KNOTS('',1,(#6511,#6512),.UNSPECIFIED.,.F.,
  .F.,(2,2),(0.388715414117,0.523606103518),.PIECEWISE_BEZIER_KNOTS.);
#6511 = CARTESIAN_POINT('',(-5.29299208949E-17,0.455562834018));
#6512 = CARTESIAN_POINT('',(-3.503932632608E-15,0.575702465131));
#6513 = ( GEOMETRIC_REPRESENTATION_CONTEXT(2) 
PARAMETRIC_REPRESENTATION_CONTEXT() REPRESENTATION_CONTEXT('2D SPACE',''
  ) );
#6514 = ADVANCED_FACE('',(#6515),#6529,.F.);
#6515 = FACE_BOUND('',#6516,.F.);
#6516 = EDGE_LOOP('',(#6517,#6836,#6877,#6899));
#6517 = ORIENTED_EDGE('',*,*,#6518,.F.);
#6518 = EDGE_CURVE('',#6519,#6521,#6523,.T.);
#6519 = VERTEX_POINT('',#6520);
#6520 = CARTESIAN_POINT('',(0.5,-4.069397989875,8.922378217068E-02));
#6521 = VERTEX_POINT('',#6522);
#6522 = CARTESIAN_POINT('',(0.5,-4.069397989875,0.989223782171));
#6523 = SURFACE_CURVE('',#6524,(#6528,#6829),.PCURVE_S1.);
#6524 = LINE('',#6525,#6526);
#6525 = CARTESIAN_POINT('',(0.5,-4.069397989875,0.539223782171));
#6526 = VECTOR('',#6527,1.);
#6527 = DIRECTION('',(0.,0.,1.));
#6528 = PCURVE('',#6529,#6824);
#6529 = ( BOUNDED_SURFACE() B_SPLINE_SURFACE(1,2,(
    (#6530,#6531,#6532,#6533,#6534,#6535,#6536,#6537,#6538,#6539,#6540
      ,#6541,#6542,#6543,#6544,#6545,#6546,#6547,#6548,#6549,#6550,#6551
      ,#6552,#6553,#6554,#6555,#6556,#6557,#6558,#6559,#6560,#6561,#6562
      ,#6563,#6564,#6565,#6566,#6567,#6568,#6569,#6570,#6571,#6572,#6573
      ,#6574,#6575,#6576,#6577,#6578,#6579,#6580,#6581,#6582,#6583,#6584
      ,#6585,#6586,#6587,#6588,#6589,#6590,#6591,#6592,#6593,#6594,#6595
      ,#6596,#6597,#6598,#6599,#6600,#6601,#6602,#6603,#6604,#6605,#6606
      ,#6607,#6608,#6609,#6610,#6611,#6612,#6613,#6614,#6615,#6616,#6617
      ,#6618,#6619,#6620,#6621,#6622,#6623,#6624,#6625,#6626,#6627,#6628
      ,#6629,#6630,#6631,#6632,#6633,#6634,#6635,#6636,#6637,#6638,#6639
      ,#6640,#6641,#6642,#6643,#6644,#6645,#6646,#6647,#6648,#6649,#6650
      ,#6651,#6652,#6653,#6654,#6655,#6656,#6657,#6658,#6659,#6660,#6661
      ,#6662,#6663,#6664,#6665,#6666,#6667,#6668,#6669,#6670,#6671,#6672
      ,#6673,#6674,#6675,#6676)
    ,(#6677,#6678,#6679,#6680,#6681,#6682,#6683,#6684,#6685,#6686,#6687
      ,#6688,#6689,#6690,#6691,#6692,#6693,#6694,#6695,#6696,#6697,#6698
      ,#6699,#6700,#6701,#6702,#6703,#6704,#6705,#6706,#6707,#6708,#6709
      ,#6710,#6711,#6712,#6713,#6714,#6715,#6716,#6717,#6718,#6719,#6720
      ,#6721,#6722,#6723,#6724,#6725,#6726,#6727,#6728,#6729,#6730,#6731
      ,#6732,#6733,#6734,#6735,#6736,#6737,#6738,#6739,#6740,#6741,#6742
      ,#6743,#6744,#6745,#6746,#6747,#6748,#6749,#6750,#6751,#6752,#6753
      ,#6754,#6755,#6756,#6757,#6758,#6759,#6760,#6761,#6762,#6763,#6764
      ,#6765,#6766,#6767,#6768,#6769,#6770,#6771,#6772,#6773,#6774,#6775
      ,#6776,#6777,#6778,#6779,#6780,#6781,#6782,#6783,#6784,#6785,#6786
      ,#6787,#6788,#6789,#6790,#6791,#6792,#6793,#6794,#6795,#6796,#6797
      ,#6798,#6799,#6800,#6801,#6802,#6803,#6804,#6805,#6806,#6807,#6808
      ,#6809,#6810,#6811,#6812,#6813,#6814,#6815,#6816,#6817,#6818,#6819
      ,#6820,#6821,#6822,#6823
)),.UNSPECIFIED.,.F.,.F.,.F.) B_SPLINE_SURFACE_WITH_KNOTS((2,2),(3,2,2,2
    ,2,2,2,2,2,2,2,2,2,2,2,2,2,2,2,2,2,2,2,2,2,2,2,2,2,2,2,2,2,2,2,2,2,2
    ,2,2,2,2,2,2,2,2,2,2,2,2,2,2,2,2,2,2,2,2,2,2,2,2,2,2,2,2,2,2,2,2,2,2
    ,2,3),(0.,1.),(0.100449199628,0.109355643196,0.1125,0.125,0.1375,
    0.15,0.1625,0.175,0.1875,0.2,0.2125,0.225,0.2375,0.25,0.2625,0.275,
    0.2875,0.3,0.3125,0.325,0.3375,0.35,0.3625,0.375,0.3875,0.4,0.4125,
    0.425,0.4375,0.45,0.4625,0.475,0.4875,0.5,0.5125,0.525,0.5375,0.55,
    0.5625,0.575,0.5875,0.6,0.6125,0.625,0.6375,0.65,0.6625,0.675,0.6875
    ,0.7,0.7125,0.725,0.7375,0.75,0.7625,0.775,0.7875,0.8,0.8125,0.825,
    0.8375,0.85,0.8625,0.875,0.8875,0.9,0.9125,0.925,0.9375,0.95,0.9625,
0.975,0.9875,1.),.UNSPECIFIED.) GEOMETRIC_REPRESENTATION_ITEM() 
RATIONAL_B_SPLINE_SURFACE((
    (0.981570637188,0.981570637188,0.981570637188,0.987688337919,1.
      ,0.951056516295,1.,0.951056516295,1.,0.951056516295,1.
      ,0.951056516295,1.,0.951056516295,1.,0.951056516295,1.
      ,0.951056516295,1.,0.951056516295,1.,0.951056516295,1.
      ,0.951056516295,1.,0.951056516295,1.,0.951056516295,1.
      ,0.951056516295,1.,0.951056516295,1.,0.951056516295,1.
      ,0.951056516295,1.,0.951056516295,1.,0.951056516295,1.
      ,0.951056516295,1.,0.951056516295,1.,0.951056516295,1.
      ,0.951056516295,1.,0.951056516295,1.,0.951056516295,1.
      ,0.951056516295,1.,0.951056516295,1.,0.951056516295,1.
      ,0.951056516295,1.,0.951056516295,1.,0.951056516295,1.
      ,0.951056516295,1.,0.951056516295,1.,0.951056516295,1.
      ,0.951056516295,1.,0.951056516295,1.,0.951056516295,1.
      ,0.951056516295,1.,0.951056516295,1.,0.951056516295,1.
      ,0.951056516295,1.,0.951056516295,1.,0.951056516295,1.
      ,0.951056516295,1.,0.951056516295,1.,0.951056516295,1.
      ,0.951056516295,1.,0.951056516295,1.,0.951056516295,1.
      ,0.951056516295,1.,0.951056516295,1.,0.951056516295,1.
      ,0.951056516295,1.,0.951056516295,1.,0.951056516295,1.
      ,0.951056516295,1.,0.951056516295,1.,0.951056516295,1.
      ,0.951056516295,1.,0.951056516295,1.,0.951056516295,1.
      ,0.951056516295,1.,0.951056516295,1.,0.951056516295,1.
      ,0.951056516295,1.,0.951056516295,1.,0.951056516295,1.
      ,0.951056516295,1.,0.951056516295,1.,0.951056516295,1.
      ,0.951056516295,1.,0.951056516295,1.)
    ,(0.981570637188,0.981570637188,0.981570637188,0.987688337919,1.
      ,0.951056516295,1.,0.951056516295,1.,0.951056516295,1.
      ,0.951056516295,1.,0.951056516295,1.,0.951056516295,1.
      ,0.951056516295,1.,0.951056516295,1.,0.951056516295,1.
      ,0.951056516295,1.,0.951056516295,1.,0.951056516295,1.
      ,0.951056516295,1.,0.951056516295,1.,0.951056516295,1.
      ,0.951056516295,1.,0.951056516295,1.,0.951056516295,1.
      ,0.951056516295,1.,0.951056516295,1.,0.951056516295,1.
      ,0.951056516295,1.,0.951056516295,1.,0.951056516295,1.
      ,0.951056516295,1.,0.951056516295,1.,0.951056516295,1.
      ,0.951056516295,1.,0.951056516295,1.,0.951056516295,1.
      ,0.951056516295,1.,0.951056516295,1.,0.951056516295,1.
      ,0.951056516295,1.,0.951056516295,1.,0.951056516295,1.
      ,0.951056516295,1.,0.951056516295,1.,0.951056516295,1.
      ,0.951056516295,1.,0.951056516295,1.,0.951056516295,1.
      ,0.951056516295,1.,0.951056516295,1.,0.951056516295,1.
      ,0.951056516295,1.,0.951056516295,1.,0.951056516295,1.
      ,0.951056516295,1.,0.951056516295,1.,0.951056516295,1.
      ,0.951056516295,1.,0.951056516295,1.,0.951056516295,1.
      ,0.951056516295,1.,0.951056516295,1.,0.951056516295,1.
      ,0.951056516295,1.,0.951056516295,1.,0.951056516295,1.
      ,0.951056516295,1.,0.951056516295,1.,0.951056516295,1.
      ,0.951056516295,1.,0.951056516295,1.,0.951056516295,1.
      ,0.951056516295,1.,0.951056516295,1.,0.951056516295,1.
,0.951056516295,1.,0.951056516295,1.
  ))) REPRESENTATION_ITEM('') SURFACE() );
#6530 = CARTESIAN_POINT('',(-4.1,-1.839369435481,9.69276800153));
#6531 = CARTESIAN_POINT('',(-4.1,-0.919684717741,9.621072372643));
#6532 = CARTESIAN_POINT('',(-4.1,1.932977342604E-16,9.549376743756));
#6533 = CARTESIAN_POINT('',(-4.1,0.322677068985,9.524221889117));
#6534 = CARTESIAN_POINT('',(-4.049522174362,0.641381446061,
    9.499999989043));
#6535 = CARTESIAN_POINT('',(-3.841124709738,1.957150960843,
    9.399999989043));
#6536 = CARTESIAN_POINT('',(-2.899137703068,2.899137902661,
    9.299999989043));
#6537 = CARTESIAN_POINT('',(-1.957150696398,3.84112484448,9.199999989043
    ));
#6538 = CARTESIAN_POINT('',(-0.641381167269,4.049522218518,
    9.099999989043));
#6539 = CARTESIAN_POINT('',(0.67438836186,4.257919592557,8.999999989043)
  );
#6540 = CARTESIAN_POINT('',(1.861361174683,3.653126685099,8.899999989043
    ));
#6541 = CARTESIAN_POINT('',(3.048333987506,3.048333777641,8.799999989043
    ));
#6542 = CARTESIAN_POINT('',(3.653126813246,1.861360923181,8.699999989043
    ));
#6543 = CARTESIAN_POINT('',(4.257919638985,0.674388068721,8.599999989043
    ));
#6544 = CARTESIAN_POINT('',(4.049522174362,-0.641381446061,
    8.499999989043));
#6545 = CARTESIAN_POINT('',(3.841124709738,-1.957150960843,
    8.399999989043));
#6546 = CARTESIAN_POINT('',(2.899137703068,-2.899137902661,
    8.299999989043));
#6547 = CARTESIAN_POINT('',(1.957150696398,-3.84112484448,8.199999989043
    ));
#6548 = CARTESIAN_POINT('',(0.641381167269,-4.049522218518,
    8.099999989043));
#6549 = CARTESIAN_POINT('',(-0.67438836186,-4.257919592557,
    7.999999989043));
#6550 = CARTESIAN_POINT('',(-1.861361174683,-3.653126685099,
    7.899999989043));
#6551 = CARTESIAN_POINT('',(-3.048333987506,-3.048333777641,
    7.799999989043));
#6552 = CARTESIAN_POINT('',(-3.653126813246,-1.861360923181,
    7.699999989043));
#6553 = CARTESIAN_POINT('',(-4.257919638985,-0.674388068721,
    7.599999989043));
#6554 = CARTESIAN_POINT('',(-4.049522174362,0.641381446061,
    7.499999989043));
#6555 = CARTESIAN_POINT('',(-3.841124709738,1.957150960843,
    7.399999989043));
#6556 = CARTESIAN_POINT('',(-2.899137703068,2.899137902661,
    7.299999989043));
#6557 = CARTESIAN_POINT('',(-1.957150696398,3.84112484448,7.199999989043
    ));
#6558 = CARTESIAN_POINT('',(-0.641381167269,4.049522218518,
    7.099999989043));
#6559 = CARTESIAN_POINT('',(0.67438836186,4.257919592557,6.999999989043)
  );
#6560 = CARTESIAN_POINT('',(1.861361174683,3.653126685099,6.899999989043
    ));
#6561 = CARTESIAN_POINT('',(3.048333987506,3.048333777641,6.799999989043
    ));
#6562 = CARTESIAN_POINT('',(3.653126813246,1.861360923181,6.699999989043
    ));
#6563 = CARTESIAN_POINT('',(4.257919638985,0.674388068721,6.599999989043
    ));
#6564 = CARTESIAN_POINT('',(4.049522174362,-0.641381446061,
    6.499999989043));
#6565 = CARTESIAN_POINT('',(3.841124709738,-1.957150960843,
    6.399999989043));
#6566 = CARTESIAN_POINT('',(2.899137703068,-2.899137902661,
    6.299999989043));
#6567 = CARTESIAN_POINT('',(1.957150696398,-3.84112484448,6.199999989043
    ));
#6568 = CARTESIAN_POINT('',(0.641381167269,-4.049522218518,
    6.099999989043));
#6569 = CARTESIAN_POINT('',(-0.67438836186,-4.257919592557,
    5.999999989043));
#6570 = CARTESIAN_POINT('',(-1.861361174683,-3.653126685099,
    5.899999989043));
#6571 = CARTESIAN_POINT('',(-3.048333987506,-3.048333777641,
    5.799999989043));
#6572 = CARTESIAN_POINT('',(-3.653126813246,-1.861360923181,
    5.699999989043));
#6573 = CARTESIAN_POINT('',(-4.257919638985,-0.674388068721,
    5.599999989043));
#6574 = CARTESIAN_POINT('',(-4.049522174362,0.641381446061,
    5.499999989043));
#6575 = CARTESIAN_POINT('',(-3.841124709738,1.957150960843,
    5.399999989043));
#6576 = CARTESIAN_POINT('',(-2.899137703068,2.899137902661,
    5.299999989043));
#6577 = CARTESIAN_POINT('',(-1.957150696398,3.84112484448,5.199999989043
    ));
#6578 = CARTESIAN_POINT('',(-0.641381167269,4.049522218518,
    5.099999989043));
#6579 = CARTESIAN_POINT('',(0.67438836186,4.257919592557,4.999999989043)
  );
#6580 = CARTESIAN_POINT('',(1.861361174683,3.653126685099,4.899999989043
    ));
#6581 = CARTESIAN_POINT('',(3.048333987506,3.048333777641,4.799999989043
    ));
#6582 = CARTESIAN_POINT('',(3.653126813246,1.861360923181,4.699999989043
    ));
#6583 = CARTESIAN_POINT('',(4.257919638985,0.674388068721,4.599999989043
    ));
#6584 = CARTESIAN_POINT('',(4.049522174362,-0.641381446061,
    4.499999989043));
#6585 = CARTESIAN_POINT('',(3.841124709738,-1.957150960843,
    4.399999989043));
#6586 = CARTESIAN_POINT('',(2.899137703068,-2.899137902661,
    4.299999989043));
#6587 = CARTESIAN_POINT('',(1.957150696398,-3.84112484448,4.199999989043
    ));
#6588 = CARTESIAN_POINT('',(0.641381167269,-4.049522218518,
    4.099999989043));
#6589 = CARTESIAN_POINT('',(-0.67438836186,-4.257919592557,
    3.999999989043));
#6590 = CARTESIAN_POINT('',(-1.861361174683,-3.653126685099,
    3.899999989043));
#6591 = CARTESIAN_POINT('',(-3.048333987506,-3.048333777641,
    3.799999989043));
#6592 = CARTESIAN_POINT('',(-3.653126813246,-1.861360923181,
    3.699999989043));
#6593 = CARTESIAN_POINT('',(-4.257919638985,-0.674388068721,
    3.599999989043));
#6594 = CARTESIAN_POINT('',(-4.049522174362,0.641381446061,
    3.499999989043));
#6595 = CARTESIAN_POINT('',(-3.841124709738,1.957150960843,
    3.399999989043));
#6596 = CARTESIAN_POINT('',(-2.899137703068,2.899137902661,
    3.299999989043));
#6597 = CARTESIAN_POINT('',(-1.957150696398,3.84112484448,3.199999989043
    ));
#6598 = CARTESIAN_POINT('',(-0.641381167269,4.049522218518,
    3.099999989043));
#6599 = CARTESIAN_POINT('',(0.67438836186,4.257919592557,2.999999989043)
  );
#6600 = CARTESIAN_POINT('',(1.861361174683,3.653126685099,2.899999989043
    ));
#6601 = CARTESIAN_POINT('',(3.048333987506,3.048333777641,2.799999989043
    ));
#6602 = CARTESIAN_POINT('',(3.653126813246,1.861360923181,2.699999989043
    ));
#6603 = CARTESIAN_POINT('',(4.257919638985,0.674388068721,2.599999989043
    ));
#6604 = CARTESIAN_POINT('',(4.049522174362,-0.641381446061,
    2.499999989043));
#6605 = CARTESIAN_POINT('',(3.841124709738,-1.957150960843,
    2.399999989043));
#6606 = CARTESIAN_POINT('',(2.899137703068,-2.899137902661,
    2.299999989043));
#6607 = CARTESIAN_POINT('',(1.957150696398,-3.84112484448,2.199999989043
    ));
#6608 = CARTESIAN_POINT('',(0.641381167269,-4.049522218518,
    2.099999989043));
#6609 = CARTESIAN_POINT('',(-0.67438836186,-4.257919592557,
    1.999999989043));
#6610 = CARTESIAN_POINT('',(-1.861361174683,-3.653126685099,
    1.899999989043));
#6611 = CARTESIAN_POINT('',(-3.048333987506,-3.048333777641,
    1.799999989043));
#6612 = CARTESIAN_POINT('',(-3.653126813246,-1.861360923181,
    1.699999989043));
#6613 = CARTESIAN_POINT('',(-4.257919638985,-0.674388068721,
    1.599999989043));
#6614 = CARTESIAN_POINT('',(-4.049522174362,0.641381446061,
    1.499999989043));
#6615 = CARTESIAN_POINT('',(-3.841124709738,1.957150960843,
    1.399999989043));
#6616 = CARTESIAN_POINT('',(-2.899137703068,2.899137902661,
    1.299999989043));
#6617 = CARTESIAN_POINT('',(-1.957150696398,3.84112484448,1.199999989043
    ));
#6618 = CARTESIAN_POINT('',(-0.641381167269,4.049522218518,
    1.099999989043));
#6619 = CARTESIAN_POINT('',(0.67438836186,4.257919592557,0.999999989043)
  );
#6620 = CARTESIAN_POINT('',(1.861361174683,3.653126685099,0.899999989043
    ));
#6621 = CARTESIAN_POINT('',(3.048333987506,3.048333777641,0.799999989043
    ));
#6622 = CARTESIAN_POINT('',(3.653126813246,1.861360923181,0.699999989043
    ));
#6623 = CARTESIAN_POINT('',(4.257919638985,0.674388068721,0.599999989043
    ));
#6624 = CARTESIAN_POINT('',(4.049522174362,-0.641381446061,
    0.499999989043));
#6625 = CARTESIAN_POINT('',(3.841124709738,-1.957150960843,
    0.399999989043));
#6626 = CARTESIAN_POINT('',(2.899137703068,-2.899137902661,
    0.299999989043));
#6627 = CARTESIAN_POINT('',(1.957150696398,-3.84112484448,0.199999989043
    ));
#6628 = CARTESIAN_POINT('',(0.641381167269,-4.049522218518,
    9.999998904288E-02));
#6629 = CARTESIAN_POINT('',(-0.67438836186,-4.257919592557,
    -1.095712409693E-08));
#6630 = CARTESIAN_POINT('',(-1.861361174683,-3.653126685099,
    -0.100000010957));
#6631 = CARTESIAN_POINT('',(-3.048333987506,-3.048333777641,
    -0.200000010957));
#6632 = CARTESIAN_POINT('',(-3.653126813246,-1.861360923181,
    -0.300000010957));
#6633 = CARTESIAN_POINT('',(-4.257919638985,-0.674388068721,
    -0.400000010957));
#6634 = CARTESIAN_POINT('',(-4.049522174362,0.641381446061,
    -0.500000010957));
#6635 = CARTESIAN_POINT('',(-3.841124709738,1.957150960843,
    -0.600000010957));
#6636 = CARTESIAN_POINT('',(-2.899137703068,2.899137902661,
    -0.700000010957));
#6637 = CARTESIAN_POINT('',(-1.957150696398,3.84112484448,
    -0.800000010957));
#6638 = CARTESIAN_POINT('',(-0.641381167269,4.049522218518,
    -0.900000010957));
#6639 = CARTESIAN_POINT('',(0.67438836186,4.257919592557,-1.000000010957
    ));
#6640 = CARTESIAN_POINT('',(1.861361174683,3.653126685099,
    -1.100000010957));
#6641 = CARTESIAN_POINT('',(3.048333987506,3.048333777641,
    -1.200000010957));
#6642 = CARTESIAN_POINT('',(3.653126813246,1.861360923181,
    -1.300000010957));
#6643 = CARTESIAN_POINT('',(4.257919638985,0.674388068721,
    -1.400000010957));
#6644 = CARTESIAN_POINT('',(4.049522174362,-0.641381446061,
    -1.500000010957));
#6645 = CARTESIAN_POINT('',(3.841124709738,-1.957150960843,
    -1.600000010957));
#6646 = CARTESIAN_POINT('',(2.899137703068,-2.899137902661,
    -1.700000010957));
#6647 = CARTESIAN_POINT('',(1.957150696398,-3.84112484448,
    -1.800000010957));
#6648 = CARTESIAN_POINT('',(0.641381167269,-4.049522218518,
    -1.900000010957));
#6649 = CARTESIAN_POINT('',(-0.67438836186,-4.257919592557,
    -2.000000010957));
#6650 = CARTESIAN_POINT('',(-1.861361174683,-3.653126685099,
    -2.100000010957));
#6651 = CARTESIAN_POINT('',(-3.048333987506,-3.048333777641,
    -2.200000010957));
#6652 = CARTESIAN_POINT('',(-3.653126813246,-1.861360923181,
    -2.300000010957));
#6653 = CARTESIAN_POINT('',(-4.257919638985,-0.674388068721,
    -2.400000010957));
#6654 = CARTESIAN_POINT('',(-4.049522174362,0.641381446061,
    -2.500000010957));
#6655 = CARTESIAN_POINT('',(-3.841124709738,1.957150960843,
    -2.600000010957));
#6656 = CARTESIAN_POINT('',(-2.899137703068,2.899137902661,
    -2.700000010957));
#6657 = CARTESIAN_POINT('',(-1.957150696398,3.84112484448,
    -2.800000010957));
#6658 = CARTESIAN_POINT('',(-0.641381167269,4.049522218518,
    -2.900000010957));
#6659 = CARTESIAN_POINT('',(0.67438836186,4.257919592557,-3.000000010957
    ));
#6660 = CARTESIAN_POINT('',(1.861361174683,3.653126685099,
    -3.100000010957));
#6661 = CARTESIAN_POINT('',(3.048333987506,3.048333777641,
    -3.200000010957));
#6662 = CARTESIAN_POINT('',(3.653126813246,1.861360923181,
    -3.300000010957));
#6663 = CARTESIAN_POINT('',(4.257919638985,0.674388068721,
    -3.400000010957));
#6664 = CARTESIAN_POINT('',(4.049522174362,-0.641381446061,
    -3.500000010957));
#6665 = CARTESIAN_POINT('',(3.841124709738,-1.957150960843,
    -3.600000010957));
#6666 = CARTESIAN_POINT('',(2.899137703068,-2.899137902661,
    -3.700000010957));
#6667 = CARTESIAN_POINT('',(1.957150696398,-3.84112484448,
    -3.800000010957));
#6668 = CARTESIAN_POINT('',(0.641381167269,-4.049522218518,
    -3.900000010957));
#6669 = CARTESIAN_POINT('',(-0.67438836186,-4.257919592557,
    -4.000000010957));
#6670 = CARTESIAN_POINT('',(-1.861361174683,-3.653126685099,
    -4.100000010957));
#6671 = CARTESIAN_POINT('',(-3.048333987506,-3.048333777641,
    -4.200000010957));
#6672 = CARTESIAN_POINT('',(-3.653126813246,-1.861360923181,
    -4.300000010957));
#6673 = CARTESIAN_POINT('',(-4.257919638985,-0.674388068721,
    -4.400000010957));
#6674 = CARTESIAN_POINT('',(-4.049522174362,0.641381446061,
    -4.500000010957));
#6675 = CARTESIAN_POINT('',(-3.841124709738,1.957150960843,
    -4.600000010957));
#6676 = CARTESIAN_POINT('',(-2.899137703068,2.899137902661,
    -4.700000010957));
#6677 = CARTESIAN_POINT('',(-4.1,-1.839369435481,10.59276800153));
#6678 = CARTESIAN_POINT('',(-4.1,-0.919684717741,10.521072372643));
#6679 = CARTESIAN_POINT('',(-4.1,1.932977342604E-16,10.449376743756));
#6680 = CARTESIAN_POINT('',(-4.1,0.322677068985,10.424221889117));
#6681 = CARTESIAN_POINT('',(-4.049522174362,0.641381446061,
    10.399999989043));
#6682 = CARTESIAN_POINT('',(-3.841124709738,1.957150960843,
    10.299999989043));
#6683 = CARTESIAN_POINT('',(-2.899137703068,2.899137902661,
    10.199999989043));
#6684 = CARTESIAN_POINT('',(-1.957150696398,3.84112484448,
    10.099999989043));
#6685 = CARTESIAN_POINT('',(-0.641381167269,4.049522218518,
    9.999999989043));
#6686 = CARTESIAN_POINT('',(0.67438836186,4.257919592557,9.899999989043)
  );
#6687 = CARTESIAN_POINT('',(1.861361174683,3.653126685099,9.799999989043
    ));
#6688 = CARTESIAN_POINT('',(3.048333987506,3.048333777641,9.699999989043
    ));
#6689 = CARTESIAN_POINT('',(3.653126813246,1.861360923181,9.599999989043
    ));
#6690 = CARTESIAN_POINT('',(4.257919638985,0.674388068721,9.499999989043
    ));
#6691 = CARTESIAN_POINT('',(4.049522174362,-0.641381446061,
    9.399999989043));
#6692 = CARTESIAN_POINT('',(3.841124709738,-1.957150960843,
    9.299999989043));
#6693 = CARTESIAN_POINT('',(2.899137703068,-2.899137902661,
    9.199999989043));
#6694 = CARTESIAN_POINT('',(1.957150696398,-3.84112484448,9.099999989043
    ));
#6695 = CARTESIAN_POINT('',(0.641381167269,-4.049522218518,
    8.999999989043));
#6696 = CARTESIAN_POINT('',(-0.67438836186,-4.257919592557,
    8.899999989043));
#6697 = CARTESIAN_POINT('',(-1.861361174683,-3.653126685099,
    8.799999989043));
#6698 = CARTESIAN_POINT('',(-3.048333987506,-3.048333777641,
    8.699999989043));
#6699 = CARTESIAN_POINT('',(-3.653126813246,-1.861360923181,
    8.599999989043));
#6700 = CARTESIAN_POINT('',(-4.257919638985,-0.674388068721,
    8.499999989043));
#6701 = CARTESIAN_POINT('',(-4.049522174362,0.641381446061,
    8.399999989043));
#6702 = CARTESIAN_POINT('',(-3.841124709738,1.957150960843,
    8.299999989043));
#6703 = CARTESIAN_POINT('',(-2.899137703068,2.899137902661,
    8.199999989043));
#6704 = CARTESIAN_POINT('',(-1.957150696398,3.84112484448,8.099999989043
    ));
#6705 = CARTESIAN_POINT('',(-0.641381167269,4.049522218518,
    7.999999989043));
#6706 = CARTESIAN_POINT('',(0.67438836186,4.257919592557,7.899999989043)
  );
#6707 = CARTESIAN_POINT('',(1.861361174683,3.653126685099,7.799999989043
    ));
#6708 = CARTESIAN_POINT('',(3.048333987506,3.048333777641,7.699999989043
    ));
#6709 = CARTESIAN_POINT('',(3.653126813246,1.861360923181,7.599999989043
    ));
#6710 = CARTESIAN_POINT('',(4.257919638985,0.674388068721,7.499999989043
    ));
#6711 = CARTESIAN_POINT('',(4.049522174362,-0.641381446061,
    7.399999989043));
#6712 = CARTESIAN_POINT('',(3.841124709738,-1.957150960843,
    7.299999989043));
#6713 = CARTESIAN_POINT('',(2.899137703068,-2.899137902661,
    7.199999989043));
#6714 = CARTESIAN_POINT('',(1.957150696398,-3.84112484448,7.099999989043
    ));
#6715 = CARTESIAN_POINT('',(0.641381167269,-4.049522218518,
    6.999999989043));
#6716 = CARTESIAN_POINT('',(-0.67438836186,-4.257919592557,
    6.899999989043));
#6717 = CARTESIAN_POINT('',(-1.861361174683,-3.653126685099,
    6.799999989043));
#6718 = CARTESIAN_POINT('',(-3.048333987506,-3.048333777641,
    6.699999989043));
#6719 = CARTESIAN_POINT('',(-3.653126813246,-1.861360923181,
    6.599999989043));
#6720 = CARTESIAN_POINT('',(-4.257919638985,-0.674388068721,
    6.499999989043));
#6721 = CARTESIAN_POINT('',(-4.049522174362,0.641381446061,
    6.399999989043));
#6722 = CARTESIAN_POINT('',(-3.841124709738,1.957150960843,
    6.299999989043));
#6723 = CARTESIAN_POINT('',(-2.899137703068,2.899137902661,
    6.199999989043));
#6724 = CARTESIAN_POINT('',(-1.957150696398,3.84112484448,6.099999989043
    ));
#6725 = CARTESIAN_POINT('',(-0.641381167269,4.049522218518,
    5.999999989043));
#6726 = CARTESIAN_POINT('',(0.67438836186,4.257919592557,5.899999989043)
  );
#6727 = CARTESIAN_POINT('',(1.861361174683,3.653126685099,5.799999989043
    ));
#6728 = CARTESIAN_POINT('',(3.048333987506,3.048333777641,5.699999989043
    ));
#6729 = CARTESIAN_POINT('',(3.653126813246,1.861360923181,5.599999989043
    ));
#6730 = CARTESIAN_POINT('',(4.257919638985,0.674388068721,5.499999989043
    ));
#6731 = CARTESIAN_POINT('',(4.049522174362,-0.641381446061,
    5.399999989043));
#6732 = CARTESIAN_POINT('',(3.841124709738,-1.957150960843,
    5.299999989043));
#6733 = CARTESIAN_POINT('',(2.899137703068,-2.899137902661,
    5.199999989043));
#6734 = CARTESIAN_POINT('',(1.957150696398,-3.84112484448,5.099999989043
    ));
#6735 = CARTESIAN_POINT('',(0.641381167269,-4.049522218518,
    4.999999989043));
#6736 = CARTESIAN_POINT('',(-0.67438836186,-4.257919592557,
    4.899999989043));
#6737 = CARTESIAN_POINT('',(-1.861361174683,-3.653126685099,
    4.799999989043));
#6738 = CARTESIAN_POINT('',(-3.048333987506,-3.048333777641,
    4.699999989043));
#6739 = CARTESIAN_POINT('',(-3.653126813246,-1.861360923181,
    4.599999989043));
#6740 = CARTESIAN_POINT('',(-4.257919638985,-0.674388068721,
    4.499999989043));
#6741 = CARTESIAN_POINT('',(-4.049522174362,0.641381446061,
    4.399999989043));
#6742 = CARTESIAN_POINT('',(-3.841124709738,1.957150960843,
    4.299999989043));
#6743 = CARTESIAN_POINT('',(-2.899137703068,2.899137902661,
    4.199999989043));
#6744 = CARTESIAN_POINT('',(-1.957150696398,3.84112484448,4.099999989043
    ));
#6745 = CARTESIAN_POINT('',(-0.641381167269,4.049522218518,
    3.999999989043));
#6746 = CARTESIAN_POINT('',(0.67438836186,4.257919592557,3.899999989043)
  );
#6747 = CARTESIAN_POINT('',(1.861361174683,3.653126685099,3.799999989043
    ));
#6748 = CARTESIAN_POINT('',(3.048333987506,3.048333777641,3.699999989043
    ));
#6749 = CARTESIAN_POINT('',(3.653126813246,1.861360923181,3.599999989043
    ));
#6750 = CARTESIAN_POINT('',(4.257919638985,0.674388068721,3.499999989043
    ));
#6751 = CARTESIAN_POINT('',(4.049522174362,-0.641381446061,
    3.399999989043));
#6752 = CARTESIAN_POINT('',(3.841124709738,-1.957150960843,
    3.299999989043));
#6753 = CARTESIAN_POINT('',(2.899137703068,-2.899137902661,
    3.199999989043));
#6754 = CARTESIAN_POINT('',(1.957150696398,-3.84112484448,3.099999989043
    ));
#6755 = CARTESIAN_POINT('',(0.641381167269,-4.049522218518,
    2.999999989043));
#6756 = CARTESIAN_POINT('',(-0.67438836186,-4.257919592557,
    2.899999989043));
#6757 = CARTESIAN_POINT('',(-1.861361174683,-3.653126685099,
    2.799999989043));
#6758 = CARTESIAN_POINT('',(-3.048333987506,-3.048333777641,
    2.699999989043));
#6759 = CARTESIAN_POINT('',(-3.653126813246,-1.861360923181,
    2.599999989043));
#6760 = CARTESIAN_POINT('',(-4.257919638985,-0.674388068721,
    2.499999989043));
#6761 = CARTESIAN_POINT('',(-4.049522174362,0.641381446061,
    2.399999989043));
#6762 = CARTESIAN_POINT('',(-3.841124709738,1.957150960843,
    2.299999989043));
#6763 = CARTESIAN_POINT('',(-2.899137703068,2.899137902661,
    2.199999989043));
#6764 = CARTESIAN_POINT('',(-1.957150696398,3.84112484448,2.099999989043
    ));
#6765 = CARTESIAN_POINT('',(-0.641381167269,4.049522218518,
    1.999999989043));
#6766 = CARTESIAN_POINT('',(0.67438836186,4.257919592557,1.899999989043)
  );
#6767 = CARTESIAN_POINT('',(1.861361174683,3.653126685099,1.799999989043
    ));
#6768 = CARTESIAN_POINT('',(3.048333987506,3.048333777641,1.699999989043
    ));
#6769 = CARTESIAN_POINT('',(3.653126813246,1.861360923181,1.599999989043
    ));
#6770 = CARTESIAN_POINT('',(4.257919638985,0.674388068721,1.499999989043
    ));
#6771 = CARTESIAN_POINT('',(4.049522174362,-0.641381446061,
    1.399999989043));
#6772 = CARTESIAN_POINT('',(3.841124709738,-1.957150960843,
    1.299999989043));
#6773 = CARTESIAN_POINT('',(2.899137703068,-2.899137902661,
    1.199999989043));
#6774 = CARTESIAN_POINT('',(1.957150696398,-3.84112484448,1.099999989043
    ));
#6775 = CARTESIAN_POINT('',(0.641381167269,-4.049522218518,
    0.999999989043));
#6776 = CARTESIAN_POINT('',(-0.67438836186,-4.257919592557,
    0.899999989043));
#6777 = CARTESIAN_POINT('',(-1.861361174683,-3.653126685099,
    0.799999989043));
#6778 = CARTESIAN_POINT('',(-3.048333987506,-3.048333777641,
    0.699999989043));
#6779 = CARTESIAN_POINT('',(-3.653126813246,-1.861360923181,
    0.599999989043));
#6780 = CARTESIAN_POINT('',(-4.257919638985,-0.674388068721,
    0.499999989043));
#6781 = CARTESIAN_POINT('',(-4.049522174362,0.641381446061,
    0.399999989043));
#6782 = CARTESIAN_POINT('',(-3.841124709738,1.957150960843,
    0.299999989043));
#6783 = CARTESIAN_POINT('',(-2.899137703068,2.899137902661,
    0.199999989043));
#6784 = CARTESIAN_POINT('',(-1.957150696398,3.84112484448,
    9.999998904288E-02));
#6785 = CARTESIAN_POINT('',(-0.641381167269,4.049522218518,
    -1.095712236221E-08));
#6786 = CARTESIAN_POINT('',(0.67438836186,4.257919592557,-0.100000010957
    ));
#6787 = CARTESIAN_POINT('',(1.861361174683,3.653126685099,
    -0.200000010957));
#6788 = CARTESIAN_POINT('',(3.048333987506,3.048333777641,
    -0.300000010957));
#6789 = CARTESIAN_POINT('',(3.653126813246,1.861360923181,
    -0.400000010957));
#6790 = CARTESIAN_POINT('',(4.257919638985,0.674388068721,
    -0.500000010957));
#6791 = CARTESIAN_POINT('',(4.049522174362,-0.641381446061,
    -0.600000010957));
#6792 = CARTESIAN_POINT('',(3.841124709738,-1.957150960843,
    -0.700000010957));
#6793 = CARTESIAN_POINT('',(2.899137703068,-2.899137902661,
    -0.800000010957));
#6794 = CARTESIAN_POINT('',(1.957150696398,-3.84112484448,
    -0.900000010957));
#6795 = CARTESIAN_POINT('',(0.641381167269,-4.049522218518,
    -1.000000010957));
#6796 = CARTESIAN_POINT('',(-0.67438836186,-4.257919592557,
    -1.100000010957));
#6797 = CARTESIAN_POINT('',(-1.861361174683,-3.653126685099,
    -1.200000010957));
#6798 = CARTESIAN_POINT('',(-3.048333987506,-3.048333777641,
    -1.300000010957));
#6799 = CARTESIAN_POINT('',(-3.653126813246,-1.861360923181,
    -1.400000010957));
#6800 = CARTESIAN_POINT('',(-4.257919638985,-0.674388068721,
    -1.500000010957));
#6801 = CARTESIAN_POINT('',(-4.049522174362,0.641381446061,
    -1.600000010957));
#6802 = CARTESIAN_POINT('',(-3.841124709738,1.957150960843,
    -1.700000010957));
#6803 = CARTESIAN_POINT('',(-2.899137703068,2.899137902661,
    -1.800000010957));
#6804 = CARTESIAN_POINT('',(-1.957150696398,3.84112484448,
    -1.900000010957));
#6805 = CARTESIAN_POINT('',(-0.641381167269,4.049522218518,
    -2.000000010957));
#6806 = CARTESIAN_POINT('',(0.67438836186,4.257919592557,-2.100000010957
    ));
#6807 = CARTESIAN_POINT('',(1.861361174683,3.653126685099,
    -2.200000010957));
#6808 = CARTESIAN_POINT('',(3.048333987506,3.048333777641,
    -2.300000010957));
#6809 = CARTESIAN_POINT('',(3.653126813246,1.861360923181,
    -2.400000010957));
#6810 = CARTESIAN_POINT('',(4.257919638985,0.674388068721,
    -2.500000010957));
#6811 = CARTESIAN_POINT('',(4.049522174362,-0.641381446061,
    -2.600000010957));
#6812 = CARTESIAN_POINT('',(3.841124709738,-1.957150960843,
    -2.700000010957));
#6813 = CARTESIAN_POINT('',(2.899137703068,-2.899137902661,
    -2.800000010957));
#6814 = CARTESIAN_POINT('',(1.957150696398,-3.84112484448,
    -2.900000010957));
#6815 = CARTESIAN_POINT('',(0.641381167269,-4.049522218518,
    -3.000000010957));
#6816 = CARTESIAN_POINT('',(-0.67438836186,-4.257919592557,
    -3.100000010957));
#6817 = CARTESIAN_POINT('',(-1.861361174683,-3.653126685099,
    -3.200000010957));
#6818 = CARTESIAN_POINT('',(-3.048333987506,-3.048333777641,
    -3.300000010957));
#6819 = CARTESIAN_POINT('',(-3.653126813246,-1.861360923181,
    -3.400000010957));
#6820 = CARTESIAN_POINT('',(-4.257919638985,-0.674388068721,
    -3.500000010957));
#6821 = CARTESIAN_POINT('',(-4.049522174362,0.641381446061,
    -3.600000010957));
#6822 = CARTESIAN_POINT('',(-3.841124709738,1.957150960843,
    -3.700000010957));
#6823 = CARTESIAN_POINT('',(-2.899137703068,2.899137902661,
    -3.800000010957));
#6824 = DEFINITIONAL_REPRESENTATION('',(#6825),#6828);
#6825 = B_SPLINE_CURVE_WITH_KNOTS('',1,(#6826,#6827),.UNSPECIFIED.,.F.,
  .F.,(2,2),(-0.45,0.45),.PIECEWISE_BEZIER_KNOTS.);
#6826 = CARTESIAN_POINT('',(1.627597355144E-18,0.700702465131));
#6827 = CARTESIAN_POINT('',(1.,0.700702465131));
#6828 = ( GEOMETRIC_REPRESENTATION_CONTEXT(2) 
PARAMETRIC_REPRESENTATION_CONTEXT() REPRESENTATION_CONTEXT('2D SPACE',''
  ) );
#6829 = PCURVE('',#543,#6830);
#6830 = DEFINITIONAL_REPRESENTATION('',(#6831),#6835);
#6831 = LINE('',#6832,#6833);
#6832 = CARTESIAN_POINT('',(-0.72396425957,4.933676382348));
#6833 = VECTOR('',#6834,1.);
#6834 = DIRECTION('',(-1.,0.));
#6835 = ( GEOMETRIC_REPRESENTATION_CONTEXT(2) 
PARAMETRIC_REPRESENTATION_CONTEXT() REPRESENTATION_CONTEXT('2D SPACE',''
  ) );
#6836 = ORIENTED_EDGE('',*,*,#6837,.F.);
#6837 = EDGE_CURVE('',#6838,#6519,#6840,.T.);
#6838 = VERTEX_POINT('',#6839);
#6839 = CARTESIAN_POINT('',(-0.500000000001,-4.069397989875,
    2.011267035992));
#6840 = SURFACE_CURVE('',#6841,(#6865,#6871),.PCURVE_S1.);
#6841 = ( BOUNDED_CURVE() B_SPLINE_CURVE(2,(#6842,#6843,#6844,#6845,
    #6846,#6847,#6848,#6849,#6850,#6851,#6852,#6853,#6854,#6855,#6856,
    #6857,#6858,#6859,#6860,#6861,#6862,#6863,#6864),.UNSPECIFIED.,.F.,
.F.) B_SPLINE_CURVE_WITH_KNOTS((3,2,2,2,2,2,2,2,2,2,2,3),(0.529063391375
    ,0.536852318265,0.550887096499,0.564921874734,0.578956652968,
    0.592991431202,0.607026209437,0.621060987671,0.635095765906,
0.64913054414,0.663165322374,0.663954037803),.UNSPECIFIED.) CURVE() 
GEOMETRIC_REPRESENTATION_ITEM() RATIONAL_B_SPLINE_CURVE((0.975824078569,
    0.972837674385,1.,0.951056516295,1.,0.951056516295,1.,0.951056516295
    ,1.,0.951056516295,1.,0.951056516295,1.,0.951056516295,1.,
    0.951056516295,1.,0.951056516295,1.,0.951056516295,1.,0.997249512599
,0.994808164654)) REPRESENTATION_ITEM('') );
#6842 = CARTESIAN_POINT('',(-0.500000000001,-4.069397989875,
    2.011267035992));
#6843 = CARTESIAN_POINT('',(-1.217371670654,-3.981255754532,
    1.954254770372));
#6844 = CARTESIAN_POINT('',(-1.861361174683,-3.653126685099,
    1.899999989043));
#6845 = CARTESIAN_POINT('',(-3.048333987506,-3.048333777641,
    1.799999989043));
#6846 = CARTESIAN_POINT('',(-3.653126813246,-1.861360923181,
    1.699999989043));
#6847 = CARTESIAN_POINT('',(-4.257919638985,-0.674388068721,
    1.599999989043));
#6848 = CARTESIAN_POINT('',(-4.049522174362,0.641381446061,
    1.499999989043));
#6849 = CARTESIAN_POINT('',(-3.841124709738,1.957150960843,
    1.399999989043));
#6850 = CARTESIAN_POINT('',(-2.899137703068,2.899137902661,
    1.299999989043));
#6851 = CARTESIAN_POINT('',(-1.957150696398,3.84112484448,1.199999989043
    ));
#6852 = CARTESIAN_POINT('',(-0.641381167269,4.049522218518,
    1.099999989043));
#6853 = CARTESIAN_POINT('',(0.67438836186,4.257919592557,0.999999989043)
  );
#6854 = CARTESIAN_POINT('',(1.861361174683,3.653126685099,0.899999989043
    ));
#6855 = CARTESIAN_POINT('',(3.048333987506,3.048333777641,0.799999989043
    ));
#6856 = CARTESIAN_POINT('',(3.653126813246,1.861360923181,0.699999989043
    ));
#6857 = CARTESIAN_POINT('',(4.257919638985,0.674388068721,0.599999989043
    ));
#6858 = CARTESIAN_POINT('',(4.049522174362,-0.641381446061,
    0.499999989043));
#6859 = CARTESIAN_POINT('',(3.841124709738,-1.957150960843,
    0.399999989043));
#6860 = CARTESIAN_POINT('',(2.899137703068,-2.899137902661,
    0.299999989043));
#6861 = CARTESIAN_POINT('',(1.957150696398,-3.84112484448,0.199999989043
    ));
#6862 = CARTESIAN_POINT('',(0.641381167269,-4.049522218518,
    9.999998904288E-02));
#6863 = CARTESIAN_POINT('',(0.570863636125,-4.060691095733,
    9.464057543865E-02));
#6864 = CARTESIAN_POINT('',(0.5,-4.069397989875,8.922378217068E-02));
#6865 = PCURVE('',#6529,#6866);
#6866 = DEFINITIONAL_REPRESENTATION('',(#6867),#6870);
#6867 = B_SPLINE_CURVE_WITH_KNOTS('',1,(#6868,#6869),.UNSPECIFIED.,.F.,
  .F.,(2,2),(0.529063391375,0.663954037803),.PIECEWISE_BEZIER_KNOTS.);
#6868 = CARTESIAN_POINT('',(-4.041427448795E-16,0.580562834018));
#6869 = CARTESIAN_POINT('',(2.601975014858E-17,0.700702465131));
#6870 = ( GEOMETRIC_REPRESENTATION_CONTEXT(2) 
PARAMETRIC_REPRESENTATION_CONTEXT() REPRESENTATION_CONTEXT('2D SPACE',''
  ) );
#6871 = PCURVE('',#1463,#6872);
#6872 = DEFINITIONAL_REPRESENTATION('',(#6873),#6876);
#6873 = B_SPLINE_CURVE_WITH_KNOTS('',1,(#6874,#6875),.UNSPECIFIED.,.F.,
  .F.,(2,2),(0.529063391375,0.663954037803),.PIECEWISE_BEZIER_KNOTS.);
#6874 = CARTESIAN_POINT('',(1.,0.580562834018));
#6875 = CARTESIAN_POINT('',(1.,0.700702465131));
#6876 = ( GEOMETRIC_REPRESENTATION_CONTEXT(2) 
PARAMETRIC_REPRESENTATION_CONTEXT() REPRESENTATION_CONTEXT('2D SPACE',''
  ) );
#6877 = ORIENTED_EDGE('',*,*,#6878,.F.);
#6878 = EDGE_CURVE('',#6879,#6838,#6881,.T.);
#6879 = VERTEX_POINT('',#6880);
#6880 = CARTESIAN_POINT('',(-0.5,-4.069397989875,2.911267035992));
#6881 = SURFACE_CURVE('',#6882,(#6886,#6892),.PCURVE_S1.);
#6882 = LINE('',#6883,#6884);
#6883 = CARTESIAN_POINT('',(-0.500000000001,-4.069397989875,
    2.461267035992));
#6884 = VECTOR('',#6885,1.);
#6885 = DIRECTION('',(-0.,-0.,-1.));
#6886 = PCURVE('',#6529,#6887);
#6887 = DEFINITIONAL_REPRESENTATION('',(#6888),#6891);
#6888 = B_SPLINE_CURVE_WITH_KNOTS('',1,(#6889,#6890),.UNSPECIFIED.,.F.,
  .F.,(2,2),(-0.45,0.45),.PIECEWISE_BEZIER_KNOTS.);
#6889 = CARTESIAN_POINT('',(1.,0.580562834018));
#6890 = CARTESIAN_POINT('',(8.945441337001E-17,0.580562834018));
#6891 = ( GEOMETRIC_REPRESENTATION_CONTEXT(2) 
PARAMETRIC_REPRESENTATION_CONTEXT() REPRESENTATION_CONTEXT('2D SPACE',''
  ) );
#6892 = PCURVE('',#505,#6893);
#6893 = DEFINITIONAL_REPRESENTATION('',(#6894),#6898);
#6894 = LINE('',#6895,#6896);
#6895 = CARTESIAN_POINT('',(-4.933676382349,2.646007513391));
#6896 = VECTOR('',#6897,1.);
#6897 = DIRECTION('',(0.,-1.));
#6898 = ( GEOMETRIC_REPRESENTATION_CONTEXT(2) 
PARAMETRIC_REPRESENTATION_CONTEXT() REPRESENTATION_CONTEXT('2D SPACE',''
  ) );
#6899 = ORIENTED_EDGE('',*,*,#6900,.T.);
#6900 = EDGE_CURVE('',#6879,#6521,#6901,.T.);
#6901 = SURFACE_CURVE('',#6902,(#6926,#6932),.PCURVE_S1.);
#6902 = ( BOUNDED_CURVE() B_SPLINE_CURVE(2,(#6903,#6904,#6905,#6906,
    #6907,#6908,#6909,#6910,#6911,#6912,#6913,#6914,#6915,#6916,#6917,
    #6918,#6919,#6920,#6921,#6922,#6923,#6924,#6925),.UNSPECIFIED.,.F.,
.F.) B_SPLINE_CURVE_WITH_KNOTS((3,2,2,2,2,2,2,2,2,2,2,3),(0.52906324121,
    0.53685217059,0.550886953299,0.564921736009,0.578956518718,
    0.592991301427,0.607026084137,0.621060866846,0.635095649556,
0.649130432265,0.663165214974,0.663953930612),.UNSPECIFIED.) CURVE() 
GEOMETRIC_REPRESENTATION_ITEM() RATIONAL_B_SPLINE_CURVE((0.975824078573,
    0.972837674365,1.,0.951056516295,1.,0.951056516295,1.,0.951056516295
    ,1.,0.951056516295,1.,0.951056516295,1.,0.951056516295,1.,
    0.951056516295,1.,0.951056516295,1.,0.951056516295,1.,0.997249512745
,0.994808164913)) REPRESENTATION_ITEM('') );
#6903 = CARTESIAN_POINT('',(-0.5,-4.069397989875,2.911267035992));
#6904 = CARTESIAN_POINT('',(-1.217371670157,-3.981255754785,
    2.854254770413));
#6905 = CARTESIAN_POINT('',(-1.861361174683,-3.653126685099,
    2.799999989043));
#6906 = CARTESIAN_POINT('',(-3.048333987506,-3.048333777641,
    2.699999989043));
#6907 = CARTESIAN_POINT('',(-3.653126813246,-1.861360923181,
    2.599999989043));
#6908 = CARTESIAN_POINT('',(-4.257919638985,-0.674388068721,
    2.499999989043));
#6909 = CARTESIAN_POINT('',(-4.049522174362,0.641381446061,
    2.399999989043));
#6910 = CARTESIAN_POINT('',(-3.841124709738,1.957150960843,
    2.299999989043));
#6911 = CARTESIAN_POINT('',(-2.899137703068,2.899137902661,
    2.199999989043));
#6912 = CARTESIAN_POINT('',(-1.957150696398,3.84112484448,2.099999989043
    ));
#6913 = CARTESIAN_POINT('',(-0.641381167269,4.049522218518,
    1.999999989043));
#6914 = CARTESIAN_POINT('',(0.67438836186,4.257919592557,1.899999989043)
  );
#6915 = CARTESIAN_POINT('',(1.861361174683,3.653126685099,1.799999989043
    ));
#6916 = CARTESIAN_POINT('',(3.048333987506,3.048333777641,1.699999989043
    ));
#6917 = CARTESIAN_POINT('',(3.653126813246,1.861360923181,1.599999989043
    ));
#6918 = CARTESIAN_POINT('',(4.257919638985,0.674388068721,1.499999989043
    ));
#6919 = CARTESIAN_POINT('',(4.049522174362,-0.641381446061,
    1.399999989043));
#6920 = CARTESIAN_POINT('',(3.841124709738,-1.957150960843,
    1.299999989043));
#6921 = CARTESIAN_POINT('',(2.899137703068,-2.899137902661,
    1.199999989043));
#6922 = CARTESIAN_POINT('',(1.957150696398,-3.84112484448,1.099999989043
    ));
#6923 = CARTESIAN_POINT('',(0.641381167269,-4.049522218518,
    0.999999989043));
#6924 = CARTESIAN_POINT('',(0.570863639876,-4.060691095139,
    0.994640575724));
#6925 = CARTESIAN_POINT('',(0.5,-4.069397989875,0.989223782171));
#6926 = PCURVE('',#6529,#6927);
#6927 = DEFINITIONAL_REPRESENTATION('',(#6928),#6931);
#6928 = B_SPLINE_CURVE_WITH_KNOTS('',1,(#6929,#6930),.UNSPECIFIED.,.F.,
  .F.,(2,2),(0.52906324121,0.663953930612),.PIECEWISE_BEZIER_KNOTS.);
#6929 = CARTESIAN_POINT('',(1.,0.580562834018));
#6930 = CARTESIAN_POINT('',(1.,0.700702465131));
#6931 = ( GEOMETRIC_REPRESENTATION_CONTEXT(2) 
PARAMETRIC_REPRESENTATION_CONTEXT() REPRESENTATION_CONTEXT('2D SPACE',''
  ) );
#6932 = PCURVE('',#2288,#6933);
#6933 = DEFINITIONAL_REPRESENTATION('',(#6934),#6937);
#6934 = B_SPLINE_CURVE_WITH_KNOTS('',1,(#6935,#6936),.UNSPECIFIED.,.F.,
  .F.,(2,2),(0.52906324121,0.663953930612),.PIECEWISE_BEZIER_KNOTS.);
#6935 = CARTESIAN_POINT('',(2.484810392219E-16,0.580562834018));
#6936 = CARTESIAN_POINT('',(-3.283074156623E-15,0.700702465131));
#6937 = ( GEOMETRIC_REPRESENTATION_CONTEXT(2) 
PARAMETRIC_REPRESENTATION_CONTEXT() REPRESENTATION_CONTEXT('2D SPACE',''
  ) );
#6938 = ADVANCED_FACE('',(#6939),#6984,.F.);
#6939 = FACE_BOUND('',#6940,.F.);
#6940 = EDGE_LOOP('',(#6941,#7389,#7701,#7723));
#6941 = ORIENTED_EDGE('',*,*,#6942,.T.);
#6942 = EDGE_CURVE('',#6943,#6945,#6947,.T.);
#6943 = VERTEX_POINT('',#6944);
#6944 = CARTESIAN_POINT('',(-0.641381311641,4.049522195652,
    1.535003439803E-11));
#6945 = VERTEX_POINT('',#6946);
#6946 = CARTESIAN_POINT('',(-0.641381308947,-4.049522196079,
    1.080141941132E-15));
#6947 = SURFACE_CURVE('',#6948,(#6983,#7351),.PCURVE_S1.);
#6948 = B_SPLINE_CURVE_WITH_KNOTS('',3,(#6949,#6950,#6951,#6952,#6953,
    #6954,#6955,#6956,#6957,#6958,#6959,#6960,#6961,#6962,#6963,#6964,
    #6965,#6966,#6967,#6968,#6969,#6970,#6971,#6972,#6973,#6974,#6975,
    #6976,#6977,#6978,#6979,#6980,#6981,#6982),.UNSPECIFIED.,.F.,.F.,(4,
    2,2,2,2,2,2,2,2,2,2,2,2,2,2,2,4),(0.,7.208320092182E-04,
    1.441664018436E-03,2.162496027655E-03,2.883328036873E-03,
    3.604160046091E-03,4.324992055309E-03,5.045824064527E-03,
    5.766656073745E-03,6.487488082964E-03,7.208320092182E-03,
    7.9291521014E-03,8.649984110618E-03,9.370816119836E-03,
    1.009164812905E-02,1.081248013827E-02,1.153331214749E-02),
  .UNSPECIFIED.);
#6949 = CARTESIAN_POINT('',(-0.641381311641,4.049522195652,
    1.535003439803E-11));
#6950 = CARTESIAN_POINT('',(-0.882117328942,4.011393355995,
    -5.125019657202E-16));
#6951 = CARTESIAN_POINT('',(-1.115854082557,3.952544306249,
    4.920646298105E-15));
#6952 = CARTESIAN_POINT('',(-1.569915521045,3.795141905542,
    4.920646298105E-15));
#6953 = CARTESIAN_POINT('',(-1.791243628386,3.696017513397,
    8.748901539294E-16));
#6954 = CARTESIAN_POINT('',(-2.215456674356,3.45844631585,
    8.748901539294E-16));
#6955 = CARTESIAN_POINT('',(-2.414203252621,3.322557527282,
    -2.923536527459E-14));
#6956 = CARTESIAN_POINT('',(-2.785875712414,3.017724702825,
    -2.923536527459E-14));
#6957 = CARTESIAN_POINT('',(-2.960041631585,2.84727546828,
    2.671600236361E-16));
#6958 = CARTESIAN_POINT('',(-3.275085580257,2.478434686446,
    2.671600236361E-16));
#6959 = CARTESIAN_POINT('',(-3.414465374092,2.282378199423,
    2.602546121999E-17));
#6960 = CARTESIAN_POINT('',(-3.657861960352,1.867583978053,
    2.602546121999E-17));
#6961 = CARTESIAN_POINT('',(-3.762627670936,1.646576550446,
    2.517958222761E-16));
#6962 = CARTESIAN_POINT('',(-3.930223885871,1.192443513755,
    2.517958222761E-16));
#6963 = CARTESIAN_POINT('',(-3.99317930814,0.960432466456,
    -1.054275021361E-13));
#6964 = CARTESIAN_POINT('',(-4.078117694048,0.486690438647,
    -1.054275021361E-13));
#6965 = CARTESIAN_POINT('',(-4.09994755548,0.242487708364,
    2.236692756838E-15));
#6966 = CARTESIAN_POINT('',(-4.100052252035,-0.240710982256,
    2.236692756838E-15));
#6967 = CARTESIAN_POINT('',(-4.078914444738,-0.480089060423,
    7.761751311552E-16));
#6968 = CARTESIAN_POINT('',(-3.994630110458,-0.954441634705,
    7.761751311552E-16));
#6969 = CARTESIAN_POINT('',(-3.93049215068,-1.191394814506,
    -1.857532775659E-16));
#6970 = CARTESIAN_POINT('',(-3.76366467527,-1.644085874494,
    -1.857532775659E-16));
#6971 = CARTESIAN_POINT('',(-3.661079371958,-1.861363306148,
    1.263217468569E-15));
#6972 = CARTESIAN_POINT('',(-3.41758008878,-2.277788809793,
    1.263217468569E-15));
#6973 = CARTESIAN_POINT('',(-3.275371974848,-2.477898082331,
    1.352404292295E-16));
#6974 = CARTESIAN_POINT('',(-2.962631316067,-2.844443032492,
    1.352404292295E-16));
#6975 = CARTESIAN_POINT('',(-2.791230077972,-3.012870313998,
    -1.975026571277E-15));
#6976 = CARTESIAN_POINT('',(-2.418122749796,-3.319794458105,
    -1.975026571277E-15));
#6977 = CARTESIAN_POINT('',(-2.215662701574,-3.458143948256,
    -1.110725450654E-14));
#6978 = CARTESIAN_POINT('',(-1.795858914372,-3.693617675623,
    -1.110725450654E-14));
#6979 = CARTESIAN_POINT('',(-1.576716247949,-3.792430227797,
    1.29213515035E-16));
#6980 = CARTESIAN_POINT('',(-1.119642013314,-3.951577270063,
    1.29213515035E-16));
#6981 = CARTESIAN_POINT('',(-0.882117326472,-4.011393356538,
    2.160283882263E-15));
#6982 = CARTESIAN_POINT('',(-0.641381308947,-4.049522196079,
    1.080141941132E-15));
#6983 = PCURVE('',#6984,#7279);
#6984 = ( BOUNDED_SURFACE() B_SPLINE_SURFACE(1,2,(
    (#6985,#6986,#6987,#6988,#6989,#6990,#6991,#6992,#6993,#6994,#6995
      ,#6996,#6997,#6998,#6999,#7000,#7001,#7002,#7003,#7004,#7005,#7006
      ,#7007,#7008,#7009,#7010,#7011,#7012,#7013,#7014,#7015,#7016,#7017
      ,#7018,#7019,#7020,#7021,#7022,#7023,#7024,#7025,#7026,#7027,#7028
      ,#7029,#7030,#7031,#7032,#7033,#7034,#7035,#7036,#7037,#7038,#7039
      ,#7040,#7041,#7042,#7043,#7044,#7045,#7046,#7047,#7048,#7049,#7050
      ,#7051,#7052,#7053,#7054,#7055,#7056,#7057,#7058,#7059,#7060,#7061
      ,#7062,#7063,#7064,#7065,#7066,#7067,#7068,#7069,#7070,#7071,#7072
      ,#7073,#7074,#7075,#7076,#7077,#7078,#7079,#7080,#7081,#7082,#7083
      ,#7084,#7085,#7086,#7087,#7088,#7089,#7090,#7091,#7092,#7093,#7094
      ,#7095,#7096,#7097,#7098,#7099,#7100,#7101,#7102,#7103,#7104,#7105
      ,#7106,#7107,#7108,#7109,#7110,#7111,#7112,#7113,#7114,#7115,#7116
      ,#7117,#7118,#7119,#7120,#7121,#7122,#7123,#7124,#7125,#7126,#7127
      ,#7128,#7129,#7130,#7131)
    ,(#7132,#7133,#7134,#7135,#7136,#7137,#7138,#7139,#7140,#7141,#7142
      ,#7143,#7144,#7145,#7146,#7147,#7148,#7149,#7150,#7151,#7152,#7153
      ,#7154,#7155,#7156,#7157,#7158,#7159,#7160,#7161,#7162,#7163,#7164
      ,#7165,#7166,#7167,#7168,#7169,#7170,#7171,#7172,#7173,#7174,#7175
      ,#7176,#7177,#7178,#7179,#7180,#7181,#7182,#7183,#7184,#7185,#7186
      ,#7187,#7188,#7189,#7190,#7191,#7192,#7193,#7194,#7195,#7196,#7197
      ,#7198,#7199,#7200,#7201,#7202,#7203,#7204,#7205,#7206,#7207,#7208
      ,#7209,#7210,#7211,#7212,#7213,#7214,#7215,#7216,#7217,#7218,#7219
      ,#7220,#7221,#7222,#7223,#7224,#7225,#7226,#7227,#7228,#7229,#7230
      ,#7231,#7232,#7233,#7234,#7235,#7236,#7237,#7238,#7239,#7240,#7241
      ,#7242,#7243,#7244,#7245,#7246,#7247,#7248,#7249,#7250,#7251,#7252
      ,#7253,#7254,#7255,#7256,#7257,#7258,#7259,#7260,#7261,#7262,#7263
      ,#7264,#7265,#7266,#7267,#7268,#7269,#7270,#7271,#7272,#7273,#7274
      ,#7275,#7276,#7277,#7278
)),.UNSPECIFIED.,.F.,.F.,.F.) B_SPLINE_SURFACE_WITH_KNOTS((2,2),(3,2,2,2
    ,2,2,2,2,2,2,2,2,2,2,2,2,2,2,2,2,2,2,2,2,2,2,2,2,2,2,2,2,2,2,2,2,2,2
    ,2,2,2,2,2,2,2,2,2,2,2,2,2,2,2,2,2,2,2,2,2,2,2,2,2,2,2,2,2,2,2,2,2,2
    ,2,3),(0.,1.),(0.100449199628,0.109355643196,0.1125,0.125,0.1375,
    0.15,0.1625,0.175,0.1875,0.2,0.2125,0.225,0.2375,0.25,0.2625,0.275,
    0.2875,0.3,0.3125,0.325,0.3375,0.35,0.3625,0.375,0.3875,0.4,0.4125,
    0.425,0.4375,0.45,0.4625,0.475,0.4875,0.5,0.5125,0.525,0.5375,0.55,
    0.5625,0.575,0.5875,0.6,0.6125,0.625,0.6375,0.65,0.6625,0.675,0.6875
    ,0.7,0.7125,0.725,0.7375,0.75,0.7625,0.775,0.7875,0.8,0.8125,0.825,
    0.8375,0.85,0.8625,0.875,0.8875,0.9,0.9125,0.925,0.9375,0.95,0.9625,
0.975,0.9875,1.),.UNSPECIFIED.) GEOMETRIC_REPRESENTATION_ITEM() 
RATIONAL_B_SPLINE_SURFACE((
    (0.981570637188,0.981570637188,0.981570637188,0.987688337919,1.
      ,0.951056516295,1.,0.951056516295,1.,0.951056516295,1.
      ,0.951056516295,1.,0.951056516295,1.,0.951056516295,1.
      ,0.951056516295,1.,0.951056516295,1.,0.951056516295,1.
      ,0.951056516295,1.,0.951056516295,1.,0.951056516295,1.
      ,0.951056516295,1.,0.951056516295,1.,0.951056516295,1.
      ,0.951056516295,1.,0.951056516295,1.,0.951056516295,1.
      ,0.951056516295,1.,0.951056516295,1.,0.951056516295,1.
      ,0.951056516295,1.,0.951056516295,1.,0.951056516295,1.
      ,0.951056516295,1.,0.951056516295,1.,0.951056516295,1.
      ,0.951056516295,1.,0.951056516295,1.,0.951056516295,1.
      ,0.951056516295,1.,0.951056516295,1.,0.951056516295,1.
      ,0.951056516295,1.,0.951056516295,1.,0.951056516295,1.
      ,0.951056516295,1.,0.951056516295,1.,0.951056516295,1.
      ,0.951056516295,1.,0.951056516295,1.,0.951056516295,1.
      ,0.951056516295,1.,0.951056516295,1.,0.951056516295,1.
      ,0.951056516295,1.,0.951056516295,1.,0.951056516295,1.
      ,0.951056516295,1.,0.951056516295,1.,0.951056516295,1.
      ,0.951056516295,1.,0.951056516295,1.,0.951056516295,1.
      ,0.951056516295,1.,0.951056516295,1.,0.951056516295,1.
      ,0.951056516295,1.,0.951056516295,1.,0.951056516295,1.
      ,0.951056516295,1.,0.951056516295,1.,0.951056516295,1.
      ,0.951056516295,1.,0.951056516295,1.,0.951056516295,1.
      ,0.951056516295,1.,0.951056516295,1.,0.951056516295,1.
      ,0.951056516295,1.,0.951056516295,1.)
    ,(0.981570637188,0.981570637188,0.981570637188,0.987688337919,1.
      ,0.951056516295,1.,0.951056516295,1.,0.951056516295,1.
      ,0.951056516295,1.,0.951056516295,1.,0.951056516295,1.
      ,0.951056516295,1.,0.951056516295,1.,0.951056516295,1.
      ,0.951056516295,1.,0.951056516295,1.,0.951056516295,1.
      ,0.951056516295,1.,0.951056516295,1.,0.951056516295,1.
      ,0.951056516295,1.,0.951056516295,1.,0.951056516295,1.
      ,0.951056516295,1.,0.951056516295,1.,0.951056516295,1.
      ,0.951056516295,1.,0.951056516295,1.,0.951056516295,1.
      ,0.951056516295,1.,0.951056516295,1.,0.951056516295,1.
      ,0.951056516295,1.,0.951056516295,1.,0.951056516295,1.
      ,0.951056516295,1.,0.951056516295,1.,0.951056516295,1.
      ,0.951056516295,1.,0.951056516295,1.,0.951056516295,1.
      ,0.951056516295,1.,0.951056516295,1.,0.951056516295,1.
      ,0.951056516295,1.,0.951056516295,1.,0.951056516295,1.
      ,0.951056516295,1.,0.951056516295,1.,0.951056516295,1.
      ,0.951056516295,1.,0.951056516295,1.,0.951056516295,1.
      ,0.951056516295,1.,0.951056516295,1.,0.951056516295,1.
      ,0.951056516295,1.,0.951056516295,1.,0.951056516295,1.
      ,0.951056516295,1.,0.951056516295,1.,0.951056516295,1.
      ,0.951056516295,1.,0.951056516295,1.,0.951056516295,1.
      ,0.951056516295,1.,0.951056516295,1.,0.951056516295,1.
      ,0.951056516295,1.,0.951056516295,1.,0.951056516295,1.
      ,0.951056516295,1.,0.951056516295,1.,0.951056516295,1.
,0.951056516295,1.,0.951056516295,1.
  ))) REPRESENTATION_ITEM('') SURFACE() );
#6985 = CARTESIAN_POINT('',(-4.1,-1.839369435481,9.69276800153));
#6986 = CARTESIAN_POINT('',(-4.1,-0.919684717741,9.621072372643));
#6987 = CARTESIAN_POINT('',(-4.1,1.932977342604E-16,9.549376743756));
#6988 = CARTESIAN_POINT('',(-4.1,0.322677068985,9.524221889117));
#6989 = CARTESIAN_POINT('',(-4.049522174362,0.641381446061,
    9.499999989043));
#6990 = CARTESIAN_POINT('',(-3.841124709738,1.957150960843,
    9.399999989043));
#6991 = CARTESIAN_POINT('',(-2.899137703068,2.899137902661,
    9.299999989043));
#6992 = CARTESIAN_POINT('',(-1.957150696398,3.84112484448,9.199999989043
    ));
#6993 = CARTESIAN_POINT('',(-0.641381167269,4.049522218518,
    9.099999989043));
#6994 = CARTESIAN_POINT('',(0.67438836186,4.257919592557,8.999999989043)
  );
#6995 = CARTESIAN_POINT('',(1.861361174683,3.653126685099,8.899999989043
    ));
#6996 = CARTESIAN_POINT('',(3.048333987506,3.048333777641,8.799999989043
    ));
#6997 = CARTESIAN_POINT('',(3.653126813246,1.861360923181,8.699999989043
    ));
#6998 = CARTESIAN_POINT('',(4.257919638985,0.674388068721,8.599999989043
    ));
#6999 = CARTESIAN_POINT('',(4.049522174362,-0.641381446061,
    8.499999989043));
#7000 = CARTESIAN_POINT('',(3.841124709738,-1.957150960843,
    8.399999989043));
#7001 = CARTESIAN_POINT('',(2.899137703068,-2.899137902661,
    8.299999989043));
#7002 = CARTESIAN_POINT('',(1.957150696398,-3.84112484448,8.199999989043
    ));
#7003 = CARTESIAN_POINT('',(0.641381167269,-4.049522218518,
    8.099999989043));
#7004 = CARTESIAN_POINT('',(-0.67438836186,-4.257919592557,
    7.999999989043));
#7005 = CARTESIAN_POINT('',(-1.861361174683,-3.653126685099,
    7.899999989043));
#7006 = CARTESIAN_POINT('',(-3.048333987506,-3.048333777641,
    7.799999989043));
#7007 = CARTESIAN_POINT('',(-3.653126813246,-1.861360923181,
    7.699999989043));
#7008 = CARTESIAN_POINT('',(-4.257919638985,-0.674388068721,
    7.599999989043));
#7009 = CARTESIAN_POINT('',(-4.049522174362,0.641381446061,
    7.499999989043));
#7010 = CARTESIAN_POINT('',(-3.841124709738,1.957150960843,
    7.399999989043));
#7011 = CARTESIAN_POINT('',(-2.899137703068,2.899137902661,
    7.299999989043));
#7012 = CARTESIAN_POINT('',(-1.957150696398,3.84112484448,7.199999989043
    ));
#7013 = CARTESIAN_POINT('',(-0.641381167269,4.049522218518,
    7.099999989043));
#7014 = CARTESIAN_POINT('',(0.67438836186,4.257919592557,6.999999989043)
  );
#7015 = CARTESIAN_POINT('',(1.861361174683,3.653126685099,6.899999989043
    ));
#7016 = CARTESIAN_POINT('',(3.048333987506,3.048333777641,6.799999989043
    ));
#7017 = CARTESIAN_POINT('',(3.653126813246,1.861360923181,6.699999989043
    ));
#7018 = CARTESIAN_POINT('',(4.257919638985,0.674388068721,6.599999989043
    ));
#7019 = CARTESIAN_POINT('',(4.049522174362,-0.641381446061,
    6.499999989043));
#7020 = CARTESIAN_POINT('',(3.841124709738,-1.957150960843,
    6.399999989043));
#7021 = CARTESIAN_POINT('',(2.899137703068,-2.899137902661,
    6.299999989043));
#7022 = CARTESIAN_POINT('',(1.957150696398,-3.84112484448,6.199999989043
    ));
#7023 = CARTESIAN_POINT('',(0.641381167269,-4.049522218518,
    6.099999989043));
#7024 = CARTESIAN_POINT('',(-0.67438836186,-4.257919592557,
    5.999999989043));
#7025 = CARTESIAN_POINT('',(-1.861361174683,-3.653126685099,
    5.899999989043));
#7026 = CARTESIAN_POINT('',(-3.048333987506,-3.048333777641,
    5.799999989043));
#7027 = CARTESIAN_POINT('',(-3.653126813246,-1.861360923181,
    5.699999989043));
#7028 = CARTESIAN_POINT('',(-4.257919638985,-0.674388068721,
    5.599999989043));
#7029 = CARTESIAN_POINT('',(-4.049522174362,0.641381446061,
    5.499999989043));
#7030 = CARTESIAN_POINT('',(-3.841124709738,1.957150960843,
    5.399999989043));
#7031 = CARTESIAN_POINT('',(-2.899137703068,2.899137902661,
    5.299999989043));
#7032 = CARTESIAN_POINT('',(-1.957150696398,3.84112484448,5.199999989043
    ));
#7033 = CARTESIAN_POINT('',(-0.641381167269,4.049522218518,
    5.099999989043));
#7034 = CARTESIAN_POINT('',(0.67438836186,4.257919592557,4.999999989043)
  );
#7035 = CARTESIAN_POINT('',(1.861361174683,3.653126685099,4.899999989043
    ));
#7036 = CARTESIAN_POINT('',(3.048333987506,3.048333777641,4.799999989043
    ));
#7037 = CARTESIAN_POINT('',(3.653126813246,1.861360923181,4.699999989043
    ));
#7038 = CARTESIAN_POINT('',(4.257919638985,0.674388068721,4.599999989043
    ));
#7039 = CARTESIAN_POINT('',(4.049522174362,-0.641381446061,
    4.499999989043));
#7040 = CARTESIAN_POINT('',(3.841124709738,-1.957150960843,
    4.399999989043));
#7041 = CARTESIAN_POINT('',(2.899137703068,-2.899137902661,
    4.299999989043));
#7042 = CARTESIAN_POINT('',(1.957150696398,-3.84112484448,4.199999989043
    ));
#7043 = CARTESIAN_POINT('',(0.641381167269,-4.049522218518,
    4.099999989043));
#7044 = CARTESIAN_POINT('',(-0.67438836186,-4.257919592557,
    3.999999989043));
#7045 = CARTESIAN_POINT('',(-1.861361174683,-3.653126685099,
    3.899999989043));
#7046 = CARTESIAN_POINT('',(-3.048333987506,-3.048333777641,
    3.799999989043));
#7047 = CARTESIAN_POINT('',(-3.653126813246,-1.861360923181,
    3.699999989043));
#7048 = CARTESIAN_POINT('',(-4.257919638985,-0.674388068721,
    3.599999989043));
#7049 = CARTESIAN_POINT('',(-4.049522174362,0.641381446061,
    3.499999989043));
#7050 = CARTESIAN_POINT('',(-3.841124709738,1.957150960843,
    3.399999989043));
#7051 = CARTESIAN_POINT('',(-2.899137703068,2.899137902661,
    3.299999989043));
#7052 = CARTESIAN_POINT('',(-1.957150696398,3.84112484448,3.199999989043
    ));
#7053 = CARTESIAN_POINT('',(-0.641381167269,4.049522218518,
    3.099999989043));
#7054 = CARTESIAN_POINT('',(0.67438836186,4.257919592557,2.999999989043)
  );
#7055 = CARTESIAN_POINT('',(1.861361174683,3.653126685099,2.899999989043
    ));
#7056 = CARTESIAN_POINT('',(3.048333987506,3.048333777641,2.799999989043
    ));
#7057 = CARTESIAN_POINT('',(3.653126813246,1.861360923181,2.699999989043
    ));
#7058 = CARTESIAN_POINT('',(4.257919638985,0.674388068721,2.599999989043
    ));
#7059 = CARTESIAN_POINT('',(4.049522174362,-0.641381446061,
    2.499999989043));
#7060 = CARTESIAN_POINT('',(3.841124709738,-1.957150960843,
    2.399999989043));
#7061 = CARTESIAN_POINT('',(2.899137703068,-2.899137902661,
    2.299999989043));
#7062 = CARTESIAN_POINT('',(1.957150696398,-3.84112484448,2.199999989043
    ));
#7063 = CARTESIAN_POINT('',(0.641381167269,-4.049522218518,
    2.099999989043));
#7064 = CARTESIAN_POINT('',(-0.67438836186,-4.257919592557,
    1.999999989043));
#7065 = CARTESIAN_POINT('',(-1.861361174683,-3.653126685099,
    1.899999989043));
#7066 = CARTESIAN_POINT('',(-3.048333987506,-3.048333777641,
    1.799999989043));
#7067 = CARTESIAN_POINT('',(-3.653126813246,-1.861360923181,
    1.699999989043));
#7068 = CARTESIAN_POINT('',(-4.257919638985,-0.674388068721,
    1.599999989043));
#7069 = CARTESIAN_POINT('',(-4.049522174362,0.641381446061,
    1.499999989043));
#7070 = CARTESIAN_POINT('',(-3.841124709738,1.957150960843,
    1.399999989043));
#7071 = CARTESIAN_POINT('',(-2.899137703068,2.899137902661,
    1.299999989043));
#7072 = CARTESIAN_POINT('',(-1.957150696398,3.84112484448,1.199999989043
    ));
#7073 = CARTESIAN_POINT('',(-0.641381167269,4.049522218518,
    1.099999989043));
#7074 = CARTESIAN_POINT('',(0.67438836186,4.257919592557,0.999999989043)
  );
#7075 = CARTESIAN_POINT('',(1.861361174683,3.653126685099,0.899999989043
    ));
#7076 = CARTESIAN_POINT('',(3.048333987506,3.048333777641,0.799999989043
    ));
#7077 = CARTESIAN_POINT('',(3.653126813246,1.861360923181,0.699999989043
    ));
#7078 = CARTESIAN_POINT('',(4.257919638985,0.674388068721,0.599999989043
    ));
#7079 = CARTESIAN_POINT('',(4.049522174362,-0.641381446061,
    0.499999989043));
#7080 = CARTESIAN_POINT('',(3.841124709738,-1.957150960843,
    0.399999989043));
#7081 = CARTESIAN_POINT('',(2.899137703068,-2.899137902661,
    0.299999989043));
#7082 = CARTESIAN_POINT('',(1.957150696398,-3.84112484448,0.199999989043
    ));
#7083 = CARTESIAN_POINT('',(0.641381167269,-4.049522218518,
    9.999998904288E-02));
#7084 = CARTESIAN_POINT('',(-0.67438836186,-4.257919592557,
    -1.095712409693E-08));
#7085 = CARTESIAN_POINT('',(-1.861361174683,-3.653126685099,
    -0.100000010957));
#7086 = CARTESIAN_POINT('',(-3.048333987506,-3.048333777641,
    -0.200000010957));
#7087 = CARTESIAN_POINT('',(-3.653126813246,-1.861360923181,
    -0.300000010957));
#7088 = CARTESIAN_POINT('',(-4.257919638985,-0.674388068721,
    -0.400000010957));
#7089 = CARTESIAN_POINT('',(-4.049522174362,0.641381446061,
    -0.500000010957));
#7090 = CARTESIAN_POINT('',(-3.841124709738,1.957150960843,
    -0.600000010957));
#7091 = CARTESIAN_POINT('',(-2.899137703068,2.899137902661,
    -0.700000010957));
#7092 = CARTESIAN_POINT('',(-1.957150696398,3.84112484448,
    -0.800000010957));
#7093 = CARTESIAN_POINT('',(-0.641381167269,4.049522218518,
    -0.900000010957));
#7094 = CARTESIAN_POINT('',(0.67438836186,4.257919592557,-1.000000010957
    ));
#7095 = CARTESIAN_POINT('',(1.861361174683,3.653126685099,
    -1.100000010957));
#7096 = CARTESIAN_POINT('',(3.048333987506,3.048333777641,
    -1.200000010957));
#7097 = CARTESIAN_POINT('',(3.653126813246,1.861360923181,
    -1.300000010957));
#7098 = CARTESIAN_POINT('',(4.257919638985,0.674388068721,
    -1.400000010957));
#7099 = CARTESIAN_POINT('',(4.049522174362,-0.641381446061,
    -1.500000010957));
#7100 = CARTESIAN_POINT('',(3.841124709738,-1.957150960843,
    -1.600000010957));
#7101 = CARTESIAN_POINT('',(2.899137703068,-2.899137902661,
    -1.700000010957));
#7102 = CARTESIAN_POINT('',(1.957150696398,-3.84112484448,
    -1.800000010957));
#7103 = CARTESIAN_POINT('',(0.641381167269,-4.049522218518,
    -1.900000010957));
#7104 = CARTESIAN_POINT('',(-0.67438836186,-4.257919592557,
    -2.000000010957));
#7105 = CARTESIAN_POINT('',(-1.861361174683,-3.653126685099,
    -2.100000010957));
#7106 = CARTESIAN_POINT('',(-3.048333987506,-3.048333777641,
    -2.200000010957));
#7107 = CARTESIAN_POINT('',(-3.653126813246,-1.861360923181,
    -2.300000010957));
#7108 = CARTESIAN_POINT('',(-4.257919638985,-0.674388068721,
    -2.400000010957));
#7109 = CARTESIAN_POINT('',(-4.049522174362,0.641381446061,
    -2.500000010957));
#7110 = CARTESIAN_POINT('',(-3.841124709738,1.957150960843,
    -2.600000010957));
#7111 = CARTESIAN_POINT('',(-2.899137703068,2.899137902661,
    -2.700000010957));
#7112 = CARTESIAN_POINT('',(-1.957150696398,3.84112484448,
    -2.800000010957));
#7113 = CARTESIAN_POINT('',(-0.641381167269,4.049522218518,
    -2.900000010957));
#7114 = CARTESIAN_POINT('',(0.67438836186,4.257919592557,-3.000000010957
    ));
#7115 = CARTESIAN_POINT('',(1.861361174683,3.653126685099,
    -3.100000010957));
#7116 = CARTESIAN_POINT('',(3.048333987506,3.048333777641,
    -3.200000010957));
#7117 = CARTESIAN_POINT('',(3.653126813246,1.861360923181,
    -3.300000010957));
#7118 = CARTESIAN_POINT('',(4.257919638985,0.674388068721,
    -3.400000010957));
#7119 = CARTESIAN_POINT('',(4.049522174362,-0.641381446061,
    -3.500000010957));
#7120 = CARTESIAN_POINT('',(3.841124709738,-1.957150960843,
    -3.600000010957));
#7121 = CARTESIAN_POINT('',(2.899137703068,-2.899137902661,
    -3.700000010957));
#7122 = CARTESIAN_POINT('',(1.957150696398,-3.84112484448,
    -3.800000010957));
#7123 = CARTESIAN_POINT('',(0.641381167269,-4.049522218518,
    -3.900000010957));
#7124 = CARTESIAN_POINT('',(-0.67438836186,-4.257919592557,
    -4.000000010957));
#7125 = CARTESIAN_POINT('',(-1.861361174683,-3.653126685099,
    -4.100000010957));
#7126 = CARTESIAN_POINT('',(-3.048333987506,-3.048333777641,
    -4.200000010957));
#7127 = CARTESIAN_POINT('',(-3.653126813246,-1.861360923181,
    -4.300000010957));
#7128 = CARTESIAN_POINT('',(-4.257919638985,-0.674388068721,
    -4.400000010957));
#7129 = CARTESIAN_POINT('',(-4.049522174362,0.641381446061,
    -4.500000010957));
#7130 = CARTESIAN_POINT('',(-3.841124709738,1.957150960843,
    -4.600000010957));
#7131 = CARTESIAN_POINT('',(-2.899137703068,2.899137902661,
    -4.700000010957));
#7132 = CARTESIAN_POINT('',(-4.1,-1.839369435481,10.59276800153));
#7133 = CARTESIAN_POINT('',(-4.1,-0.919684717741,10.521072372643));
#7134 = CARTESIAN_POINT('',(-4.1,1.932977342604E-16,10.449376743756));
#7135 = CARTESIAN_POINT('',(-4.1,0.322677068985,10.424221889117));
#7136 = CARTESIAN_POINT('',(-4.049522174362,0.641381446061,
    10.399999989043));
#7137 = CARTESIAN_POINT('',(-3.841124709738,1.957150960843,
    10.299999989043));
#7138 = CARTESIAN_POINT('',(-2.899137703068,2.899137902661,
    10.199999989043));
#7139 = CARTESIAN_POINT('',(-1.957150696398,3.84112484448,
    10.099999989043));
#7140 = CARTESIAN_POINT('',(-0.641381167269,4.049522218518,
    9.999999989043));
#7141 = CARTESIAN_POINT('',(0.67438836186,4.257919592557,9.899999989043)
  );
#7142 = CARTESIAN_POINT('',(1.861361174683,3.653126685099,9.799999989043
    ));
#7143 = CARTESIAN_POINT('',(3.048333987506,3.048333777641,9.699999989043
    ));
#7144 = CARTESIAN_POINT('',(3.653126813246,1.861360923181,9.599999989043
    ));
#7145 = CARTESIAN_POINT('',(4.257919638985,0.674388068721,9.499999989043
    ));
#7146 = CARTESIAN_POINT('',(4.049522174362,-0.641381446061,
    9.399999989043));
#7147 = CARTESIAN_POINT('',(3.841124709738,-1.957150960843,
    9.299999989043));
#7148 = CARTESIAN_POINT('',(2.899137703068,-2.899137902661,
    9.199999989043));
#7149 = CARTESIAN_POINT('',(1.957150696398,-3.84112484448,9.099999989043
    ));
#7150 = CARTESIAN_POINT('',(0.641381167269,-4.049522218518,
    8.999999989043));
#7151 = CARTESIAN_POINT('',(-0.67438836186,-4.257919592557,
    8.899999989043));
#7152 = CARTESIAN_POINT('',(-1.861361174683,-3.653126685099,
    8.799999989043));
#7153 = CARTESIAN_POINT('',(-3.048333987506,-3.048333777641,
    8.699999989043));
#7154 = CARTESIAN_POINT('',(-3.653126813246,-1.861360923181,
    8.599999989043));
#7155 = CARTESIAN_POINT('',(-4.257919638985,-0.674388068721,
    8.499999989043));
#7156 = CARTESIAN_POINT('',(-4.049522174362,0.641381446061,
    8.399999989043));
#7157 = CARTESIAN_POINT('',(-3.841124709738,1.957150960843,
    8.299999989043));
#7158 = CARTESIAN_POINT('',(-2.899137703068,2.899137902661,
    8.199999989043));
#7159 = CARTESIAN_POINT('',(-1.957150696398,3.84112484448,8.099999989043
    ));
#7160 = CARTESIAN_POINT('',(-0.641381167269,4.049522218518,
    7.999999989043));
#7161 = CARTESIAN_POINT('',(0.67438836186,4.257919592557,7.899999989043)
  );
#7162 = CARTESIAN_POINT('',(1.861361174683,3.653126685099,7.799999989043
    ));
#7163 = CARTESIAN_POINT('',(3.048333987506,3.048333777641,7.699999989043
    ));
#7164 = CARTESIAN_POINT('',(3.653126813246,1.861360923181,7.599999989043
    ));
#7165 = CARTESIAN_POINT('',(4.257919638985,0.674388068721,7.499999989043
    ));
#7166 = CARTESIAN_POINT('',(4.049522174362,-0.641381446061,
    7.399999989043));
#7167 = CARTESIAN_POINT('',(3.841124709738,-1.957150960843,
    7.299999989043));
#7168 = CARTESIAN_POINT('',(2.899137703068,-2.899137902661,
    7.199999989043));
#7169 = CARTESIAN_POINT('',(1.957150696398,-3.84112484448,7.099999989043
    ));
#7170 = CARTESIAN_POINT('',(0.641381167269,-4.049522218518,
    6.999999989043));
#7171 = CARTESIAN_POINT('',(-0.67438836186,-4.257919592557,
    6.899999989043));
#7172 = CARTESIAN_POINT('',(-1.861361174683,-3.653126685099,
    6.799999989043));
#7173 = CARTESIAN_POINT('',(-3.048333987506,-3.048333777641,
    6.699999989043));
#7174 = CARTESIAN_POINT('',(-3.653126813246,-1.861360923181,
    6.599999989043));
#7175 = CARTESIAN_POINT('',(-4.257919638985,-0.674388068721,
    6.499999989043));
#7176 = CARTESIAN_POINT('',(-4.049522174362,0.641381446061,
    6.399999989043));
#7177 = CARTESIAN_POINT('',(-3.841124709738,1.957150960843,
    6.299999989043));
#7178 = CARTESIAN_POINT('',(-2.899137703068,2.899137902661,
    6.199999989043));
#7179 = CARTESIAN_POINT('',(-1.957150696398,3.84112484448,6.099999989043
    ));
#7180 = CARTESIAN_POINT('',(-0.641381167269,4.049522218518,
    5.999999989043));
#7181 = CARTESIAN_POINT('',(0.67438836186,4.257919592557,5.899999989043)
  );
#7182 = CARTESIAN_POINT('',(1.861361174683,3.653126685099,5.799999989043
    ));
#7183 = CARTESIAN_POINT('',(3.048333987506,3.048333777641,5.699999989043
    ));
#7184 = CARTESIAN_POINT('',(3.653126813246,1.861360923181,5.599999989043
    ));
#7185 = CARTESIAN_POINT('',(4.257919638985,0.674388068721,5.499999989043
    ));
#7186 = CARTESIAN_POINT('',(4.049522174362,-0.641381446061,
    5.399999989043));
#7187 = CARTESIAN_POINT('',(3.841124709738,-1.957150960843,
    5.299999989043));
#7188 = CARTESIAN_POINT('',(2.899137703068,-2.899137902661,
    5.199999989043));
#7189 = CARTESIAN_POINT('',(1.957150696398,-3.84112484448,5.099999989043
    ));
#7190 = CARTESIAN_POINT('',(0.641381167269,-4.049522218518,
    4.999999989043));
#7191 = CARTESIAN_POINT('',(-0.67438836186,-4.257919592557,
    4.899999989043));
#7192 = CARTESIAN_POINT('',(-1.861361174683,-3.653126685099,
    4.799999989043));
#7193 = CARTESIAN_POINT('',(-3.048333987506,-3.048333777641,
    4.699999989043));
#7194 = CARTESIAN_POINT('',(-3.653126813246,-1.861360923181,
    4.599999989043));
#7195 = CARTESIAN_POINT('',(-4.257919638985,-0.674388068721,
    4.499999989043));
#7196 = CARTESIAN_POINT('',(-4.049522174362,0.641381446061,
    4.399999989043));
#7197 = CARTESIAN_POINT('',(-3.841124709738,1.957150960843,
    4.299999989043));
#7198 = CARTESIAN_POINT('',(-2.899137703068,2.899137902661,
    4.199999989043));
#7199 = CARTESIAN_POINT('',(-1.957150696398,3.84112484448,4.099999989043
    ));
#7200 = CARTESIAN_POINT('',(-0.641381167269,4.049522218518,
    3.999999989043));
#7201 = CARTESIAN_POINT('',(0.67438836186,4.257919592557,3.899999989043)
  );
#7202 = CARTESIAN_POINT('',(1.861361174683,3.653126685099,3.799999989043
    ));
#7203 = CARTESIAN_POINT('',(3.048333987506,3.048333777641,3.699999989043
    ));
#7204 = CARTESIAN_POINT('',(3.653126813246,1.861360923181,3.599999989043
    ));
#7205 = CARTESIAN_POINT('',(4.257919638985,0.674388068721,3.499999989043
    ));
#7206 = CARTESIAN_POINT('',(4.049522174362,-0.641381446061,
    3.399999989043));
#7207 = CARTESIAN_POINT('',(3.841124709738,-1.957150960843,
    3.299999989043));
#7208 = CARTESIAN_POINT('',(2.899137703068,-2.899137902661,
    3.199999989043));
#7209 = CARTESIAN_POINT('',(1.957150696398,-3.84112484448,3.099999989043
    ));
#7210 = CARTESIAN_POINT('',(0.641381167269,-4.049522218518,
    2.999999989043));
#7211 = CARTESIAN_POINT('',(-0.67438836186,-4.257919592557,
    2.899999989043));
#7212 = CARTESIAN_POINT('',(-1.861361174683,-3.653126685099,
    2.799999989043));
#7213 = CARTESIAN_POINT('',(-3.048333987506,-3.048333777641,
    2.699999989043));
#7214 = CARTESIAN_POINT('',(-3.653126813246,-1.861360923181,
    2.599999989043));
#7215 = CARTESIAN_POINT('',(-4.257919638985,-0.674388068721,
    2.499999989043));
#7216 = CARTESIAN_POINT('',(-4.049522174362,0.641381446061,
    2.399999989043));
#7217 = CARTESIAN_POINT('',(-3.841124709738,1.957150960843,
    2.299999989043));
#7218 = CARTESIAN_POINT('',(-2.899137703068,2.899137902661,
    2.199999989043));
#7219 = CARTESIAN_POINT('',(-1.957150696398,3.84112484448,2.099999989043
    ));
#7220 = CARTESIAN_POINT('',(-0.641381167269,4.049522218518,
    1.999999989043));
#7221 = CARTESIAN_POINT('',(0.67438836186,4.257919592557,1.899999989043)
  );
#7222 = CARTESIAN_POINT('',(1.861361174683,3.653126685099,1.799999989043
    ));
#7223 = CARTESIAN_POINT('',(3.048333987506,3.048333777641,1.699999989043
    ));
#7224 = CARTESIAN_POINT('',(3.653126813246,1.861360923181,1.599999989043
    ));
#7225 = CARTESIAN_POINT('',(4.257919638985,0.674388068721,1.499999989043
    ));
#7226 = CARTESIAN_POINT('',(4.049522174362,-0.641381446061,
    1.399999989043));
#7227 = CARTESIAN_POINT('',(3.841124709738,-1.957150960843,
    1.299999989043));
#7228 = CARTESIAN_POINT('',(2.899137703068,-2.899137902661,
    1.199999989043));
#7229 = CARTESIAN_POINT('',(1.957150696398,-3.84112484448,1.099999989043
    ));
#7230 = CARTESIAN_POINT('',(0.641381167269,-4.049522218518,
    0.999999989043));
#7231 = CARTESIAN_POINT('',(-0.67438836186,-4.257919592557,
    0.899999989043));
#7232 = CARTESIAN_POINT('',(-1.861361174683,-3.653126685099,
    0.799999989043));
#7233 = CARTESIAN_POINT('',(-3.048333987506,-3.048333777641,
    0.699999989043));
#7234 = CARTESIAN_POINT('',(-3.653126813246,-1.861360923181,
    0.599999989043));
#7235 = CARTESIAN_POINT('',(-4.257919638985,-0.674388068721,
    0.499999989043));
#7236 = CARTESIAN_POINT('',(-4.049522174362,0.641381446061,
    0.399999989043));
#7237 = CARTESIAN_POINT('',(-3.841124709738,1.957150960843,
    0.299999989043));
#7238 = CARTESIAN_POINT('',(-2.899137703068,2.899137902661,
    0.199999989043));
#7239 = CARTESIAN_POINT('',(-1.957150696398,3.84112484448,
    9.999998904288E-02));
#7240 = CARTESIAN_POINT('',(-0.641381167269,4.049522218518,
    -1.095712236221E-08));
#7241 = CARTESIAN_POINT('',(0.67438836186,4.257919592557,-0.100000010957
    ));
#7242 = CARTESIAN_POINT('',(1.861361174683,3.653126685099,
    -0.200000010957));
#7243 = CARTESIAN_POINT('',(3.048333987506,3.048333777641,
    -0.300000010957));
#7244 = CARTESIAN_POINT('',(3.653126813246,1.861360923181,
    -0.400000010957));
#7245 = CARTESIAN_POINT('',(4.257919638985,0.674388068721,
    -0.500000010957));
#7246 = CARTESIAN_POINT('',(4.049522174362,-0.641381446061,
    -0.600000010957));
#7247 = CARTESIAN_POINT('',(3.841124709738,-1.957150960843,
    -0.700000010957));
#7248 = CARTESIAN_POINT('',(2.899137703068,-2.899137902661,
    -0.800000010957));
#7249 = CARTESIAN_POINT('',(1.957150696398,-3.84112484448,
    -0.900000010957));
#7250 = CARTESIAN_POINT('',(0.641381167269,-4.049522218518,
    -1.000000010957));
#7251 = CARTESIAN_POINT('',(-0.67438836186,-4.257919592557,
    -1.100000010957));
#7252 = CARTESIAN_POINT('',(-1.861361174683,-3.653126685099,
    -1.200000010957));
#7253 = CARTESIAN_POINT('',(-3.048333987506,-3.048333777641,
    -1.300000010957));
#7254 = CARTESIAN_POINT('',(-3.653126813246,-1.861360923181,
    -1.400000010957));
#7255 = CARTESIAN_POINT('',(-4.257919638985,-0.674388068721,
    -1.500000010957));
#7256 = CARTESIAN_POINT('',(-4.049522174362,0.641381446061,
    -1.600000010957));
#7257 = CARTESIAN_POINT('',(-3.841124709738,1.957150960843,
    -1.700000010957));
#7258 = CARTESIAN_POINT('',(-2.899137703068,2.899137902661,
    -1.800000010957));
#7259 = CARTESIAN_POINT('',(-1.957150696398,3.84112484448,
    -1.900000010957));
#7260 = CARTESIAN_POINT('',(-0.641381167269,4.049522218518,
    -2.000000010957));
#7261 = CARTESIAN_POINT('',(0.67438836186,4.257919592557,-2.100000010957
    ));
#7262 = CARTESIAN_POINT('',(1.861361174683,3.653126685099,
    -2.200000010957));
#7263 = CARTESIAN_POINT('',(3.048333987506,3.048333777641,
    -2.300000010957));
#7264 = CARTESIAN_POINT('',(3.653126813246,1.861360923181,
    -2.400000010957));
#7265 = CARTESIAN_POINT('',(4.257919638985,0.674388068721,
    -2.500000010957));
#7266 = CARTESIAN_POINT('',(4.049522174362,-0.641381446061,
    -2.600000010957));
#7267 = CARTESIAN_POINT('',(3.841124709738,-1.957150960843,
    -2.700000010957));
#7268 = CARTESIAN_POINT('',(2.899137703068,-2.899137902661,
    -2.800000010957));
#7269 = CARTESIAN_POINT('',(1.957150696398,-3.84112484448,
    -2.900000010957));
#7270 = CARTESIAN_POINT('',(0.641381167269,-4.049522218518,
    -3.000000010957));
#7271 = CARTESIAN_POINT('',(-0.67438836186,-4.257919592557,
    -3.100000010957));
#7272 = CARTESIAN_POINT('',(-1.861361174683,-3.653126685099,
    -3.200000010957));
#7273 = CARTESIAN_POINT('',(-3.048333987506,-3.048333777641,
    -3.300000010957));
#7274 = CARTESIAN_POINT('',(-3.653126813246,-1.861360923181,
    -3.400000010957));
#7275 = CARTESIAN_POINT('',(-4.257919638985,-0.674388068721,
    -3.500000010957));
#7276 = CARTESIAN_POINT('',(-4.049522174362,0.641381446061,
    -3.600000010957));
#7277 = CARTESIAN_POINT('',(-3.841124709738,1.957150960843,
    -3.700000010957));
#7278 = CARTESIAN_POINT('',(-2.899137703068,2.899137902661,
    -3.800000010957));
#7279 = DEFINITIONAL_REPRESENTATION('',(#7280),#7350);
#7280 = B_SPLINE_CURVE_WITH_KNOTS('',3,(#7281,#7282,#7283,#7284,#7285,
    #7286,#7287,#7288,#7289,#7290,#7291,#7292,#7293,#7294,#7295,#7296,
    #7297,#7298,#7299,#7300,#7301,#7302,#7303,#7304,#7305,#7306,#7307,
    #7308,#7309,#7310,#7311,#7312,#7313,#7314,#7315,#7316,#7317,#7318,
    #7319,#7320,#7321,#7322,#7323,#7324,#7325,#7326,#7327,#7328,#7329,
    #7330,#7331,#7332,#7333,#7334,#7335,#7336,#7337,#7338,#7339,#7340,
    #7341,#7342,#7343,#7344,#7345,#7346,#7347,#7348,#7349),
  .UNSPECIFIED.,.F.,.F.,(4,1,1,1,1,1,1,1,1,1,1,1,1,1,1,1,1,1,1,1,1,1,1,1
    ,1,1,1,1,1,1,1,1,1,1,1,1,1,1,1,1,1,1,1,1,1,1,1,1,1,1,1,1,1,1,1,1,1,1
    ,1,1,1,1,1,1,1,1,4),(0.,1.747471537499E-04,3.494943074997E-04,
    5.242414612496E-04,6.989886149994E-04,8.737357687493E-04,
    1.048482922499E-03,1.223230076249E-03,1.397977229999E-03,
    1.572724383749E-03,1.747471537499E-03,1.922218691248E-03,
    2.096965844998E-03,2.271712998748E-03,2.446460152498E-03,
    2.621207306248E-03,2.795954459998E-03,2.970701613748E-03,
    3.145448767497E-03,3.320195921247E-03,3.494943074997E-03,
    3.669690228747E-03,3.844437382497E-03,4.019184536247E-03,
    4.193931689997E-03,4.368678843747E-03,4.543425997496E-03,
    4.718173151246E-03,4.892920304996E-03,5.067667458746E-03,
    5.242414612496E-03,5.417161766246E-03,5.591908919996E-03,
    5.766656073745E-03,5.941403227495E-03,6.116150381245E-03,
    6.290897534995E-03,6.465644688745E-03,6.640391842495E-03,
    6.815138996245E-03,6.989886149994E-03,7.164633303744E-03,
    7.339380457494E-03,7.514127611244E-03,7.688874764994E-03,
    7.863621918744E-03,8.038369072494E-03,8.213116226243E-03,
    8.387863379993E-03,8.562610533743E-03,8.737357687493E-03,
    8.912104841243E-03,9.086851994993E-03,9.261599148743E-03,
    9.436346302492E-03,9.611093456242E-03,9.785840609992E-03,
    9.960587763742E-03,1.013533491749E-02,1.031008207124E-02,
    1.048482922499E-02,1.065957637874E-02,1.083432353249E-02,
    1.100907068624E-02,1.118381783999E-02,1.135856499374E-02,
    1.153331214749E-02),.QUASI_UNIFORM_KNOTS.);
#7281 = CARTESIAN_POINT('',(1.,0.762499999279));
#7282 = CARTESIAN_POINT('',(0.995071598156,0.762208526013));
#7283 = CARTESIAN_POINT('',(0.985182028823,0.761629670904));
#7284 = CARTESIAN_POINT('',(0.970250983331,0.760771171418));
#7285 = CARTESIAN_POINT('',(0.95522383621,0.759919846293));
#7286 = CARTESIAN_POINT('',(0.940104731837,0.759073498764));
#7287 = CARTESIAN_POINT('',(0.924879284971,0.758228981748));
#7288 = CARTESIAN_POINT('',(0.909540004491,0.757383612362));
#7289 = CARTESIAN_POINT('',(0.894123382547,0.756537116136));
#7290 = CARTESIAN_POINT('',(0.878645755262,0.755688071112));
#7291 = CARTESIAN_POINT('',(0.86316224252,0.754837130369));
#7292 = CARTESIAN_POINT('',(0.847834531693,0.753990855986));
#7293 = CARTESIAN_POINT('',(0.832625213614,0.753144890477));
#7294 = CARTESIAN_POINT('',(0.817542380507,0.752297548798));
#7295 = CARTESIAN_POINT('',(0.802584038645,0.751445884418));
#7296 = CARTESIAN_POINT('',(0.787692698782,0.750586174865));
#7297 = CARTESIAN_POINT('',(0.773019168198,0.749716935453));
#7298 = CARTESIAN_POINT('',(0.758149757129,0.748851459154));
#7299 = CARTESIAN_POINT('',(0.743098037589,0.747990562351));
#7300 = CARTESIAN_POINT('',(0.727992809089,0.74713844356));
#7301 = CARTESIAN_POINT('',(0.712819995135,0.74629194918));
#7302 = CARTESIAN_POINT('',(0.697581468998,0.745448774915));
#7303 = CARTESIAN_POINT('',(0.682285050938,0.744607046991));
#7304 = CARTESIAN_POINT('',(0.66687047461,0.743761177154));
#7305 = CARTESIAN_POINT('',(0.651407564532,0.742912690038));
#7306 = CARTESIAN_POINT('',(0.635960601241,0.742062752094));
#7307 = CARTESIAN_POINT('',(0.620590596494,0.74121235495));
#7308 = CARTESIAN_POINT('',(0.605377737141,0.740363639237));
#7309 = CARTESIAN_POINT('',(0.590321176778,0.739514296485));
#7310 = CARTESIAN_POINT('',(0.575415199733,0.73866179821));
#7311 = CARTESIAN_POINT('',(0.560677107157,0.737804496845));
#7312 = CARTESIAN_POINT('',(0.546039096131,0.736937122433));
#7313 = CARTESIAN_POINT('',(0.531086983019,0.73607342805));
#7314 = CARTESIAN_POINT('',(0.515981250443,0.735213172389));
#7315 = CARTESIAN_POINT('',(0.500774166444,0.734358783643));
#7316 = CARTESIAN_POINT('',(0.485538810113,0.733511361787));
#7317 = CARTESIAN_POINT('',(0.470267716571,0.732668199445));
#7318 = CARTESIAN_POINT('',(0.454961144271,0.731826948006));
#7319 = CARTESIAN_POINT('',(0.439626151152,0.730985711345));
#7320 = CARTESIAN_POINT('',(0.424233096438,0.730140566234));
#7321 = CARTESIAN_POINT('',(0.408796801266,0.729289976452));
#7322 = CARTESIAN_POINT('',(0.393415446314,0.728436920333));
#7323 = CARTESIAN_POINT('',(0.3781640974,0.727583294347));
#7324 = CARTESIAN_POINT('',(0.363126029991,0.726731118973));
#7325 = CARTESIAN_POINT('',(0.34825439556,0.725876990061));
#7326 = CARTESIAN_POINT('',(0.333617598016,0.725016997773));
#7327 = CARTESIAN_POINT('',(0.318977158948,0.724155655579));
#7328 = CARTESIAN_POINT('',(0.304051019599,0.723298001487));
#7329 = CARTESIAN_POINT('',(0.288908083194,0.722439506161));
#7330 = CARTESIAN_POINT('',(0.273622629591,0.721583766835));
#7331 = CARTESIAN_POINT('',(0.258272677387,0.720732290995));
#7332 = CARTESIAN_POINT('',(0.242954433131,0.719888078202));
#7333 = CARTESIAN_POINT('',(0.227632686314,0.719046771748));
#7334 = CARTESIAN_POINT('',(0.212306771856,0.718206048365));
#7335 = CARTESIAN_POINT('',(0.196977251412,0.717363641233));
#7336 = CARTESIAN_POINT('',(0.181641112467,0.716517075746));
#7337 = CARTESIAN_POINT('',(0.166308112861,0.715664448379));
#7338 = CARTESIAN_POINT('',(0.15106135502,0.714808081962));
#7339 = CARTESIAN_POINT('',(0.13597493769,0.713949201444));
#7340 = CARTESIAN_POINT('',(0.121118833379,0.71309155353));
#7341 = CARTESIAN_POINT('',(0.106559998198,0.712229235054));
#7342 = CARTESIAN_POINT('',(9.183197889868E-02,0.711371611023));
#7343 = CARTESIAN_POINT('',(7.690731239033E-02,0.710517611581));
#7344 = CARTESIAN_POINT('',(6.178706534067E-02,0.709664273174));
#7345 = CARTESIAN_POINT('',(4.648648628152E-02,0.708810427116));
#7346 = CARTESIAN_POINT('',(3.105924642512E-02,0.707956719492));
#7347 = CARTESIAN_POINT('',(1.55479803873E-02,0.707103171875));
#7348 = CARTESIAN_POINT('',(5.181859784098E-03,0.706534343957));
#7349 = CARTESIAN_POINT('',(0.,0.706249999332));
#7350 = ( GEOMETRIC_REPRESENTATION_CONTEXT(2) 
PARAMETRIC_REPRESENTATION_CONTEXT() REPRESENTATION_CONTEXT('2D SPACE',''
  ) );
#7351 = PCURVE('',#989,#7352);
#7352 = DEFINITIONAL_REPRESENTATION('',(#7353),#7388);
#7353 = B_SPLINE_CURVE_WITH_KNOTS('',3,(#7354,#7355,#7356,#7357,#7358,
    #7359,#7360,#7361,#7362,#7363,#7364,#7365,#7366,#7367,#7368,#7369,
    #7370,#7371,#7372,#7373,#7374,#7375,#7376,#7377,#7378,#7379,#7380,
    #7381,#7382,#7383,#7384,#7385,#7386,#7387),.UNSPECIFIED.,.F.,.F.,(4,
    2,2,2,2,2,2,2,2,2,2,2,2,2,2,2,4),(0.,7.208320092182E-04,
    1.441664018436E-03,2.162496027655E-03,2.883328036873E-03,
    3.604160046091E-03,4.324992055309E-03,5.045824064527E-03,
    5.766656073745E-03,6.487488082964E-03,7.208320092182E-03,
    7.9291521014E-03,8.649984110618E-03,9.370816119836E-03,
    1.009164812905E-02,1.081248013827E-02,1.153331214749E-02),
  .UNSPECIFIED.);
#7354 = CARTESIAN_POINT('',(-0.641381311641,4.049522195652));
#7355 = CARTESIAN_POINT('',(-0.882117328942,4.011393355995));
#7356 = CARTESIAN_POINT('',(-1.115854082557,3.952544306249));
#7357 = CARTESIAN_POINT('',(-1.569915521045,3.795141905542));
#7358 = CARTESIAN_POINT('',(-1.791243628386,3.696017513397));
#7359 = CARTESIAN_POINT('',(-2.215456674356,3.45844631585));
#7360 = CARTESIAN_POINT('',(-2.414203252621,3.322557527282));
#7361 = CARTESIAN_POINT('',(-2.785875712414,3.017724702825));
#7362 = CARTESIAN_POINT('',(-2.960041631585,2.84727546828));
#7363 = CARTESIAN_POINT('',(-3.275085580257,2.478434686446));
#7364 = CARTESIAN_POINT('',(-3.414465374092,2.282378199423));
#7365 = CARTESIAN_POINT('',(-3.657861960352,1.867583978053));
#7366 = CARTESIAN_POINT('',(-3.762627670936,1.646576550446));
#7367 = CARTESIAN_POINT('',(-3.930223885871,1.192443513755));
#7368 = CARTESIAN_POINT('',(-3.99317930814,0.960432466456));
#7369 = CARTESIAN_POINT('',(-4.078117694048,0.486690438647));
#7370 = CARTESIAN_POINT('',(-4.09994755548,0.242487708364));
#7371 = CARTESIAN_POINT('',(-4.100052252035,-0.240710982256));
#7372 = CARTESIAN_POINT('',(-4.078914444738,-0.480089060423));
#7373 = CARTESIAN_POINT('',(-3.994630110458,-0.954441634705));
#7374 = CARTESIAN_POINT('',(-3.93049215068,-1.191394814506));
#7375 = CARTESIAN_POINT('',(-3.76366467527,-1.644085874494));
#7376 = CARTESIAN_POINT('',(-3.661079371958,-1.861363306148));
#7377 = CARTESIAN_POINT('',(-3.41758008878,-2.277788809793));
#7378 = CARTESIAN_POINT('',(-3.275371974848,-2.477898082331));
#7379 = CARTESIAN_POINT('',(-2.962631316067,-2.844443032492));
#7380 = CARTESIAN_POINT('',(-2.791230077972,-3.012870313998));
#7381 = CARTESIAN_POINT('',(-2.418122749796,-3.319794458105));
#7382 = CARTESIAN_POINT('',(-2.215662701574,-3.458143948256));
#7383 = CARTESIAN_POINT('',(-1.795858914372,-3.693617675623));
#7384 = CARTESIAN_POINT('',(-1.576716247949,-3.792430227797));
#7385 = CARTESIAN_POINT('',(-1.119642013314,-3.951577270063));
#7386 = CARTESIAN_POINT('',(-0.882117326472,-4.011393356538));
#7387 = CARTESIAN_POINT('',(-0.641381308947,-4.049522196079));
#7388 = ( GEOMETRIC_REPRESENTATION_CONTEXT(2) 
PARAMETRIC_REPRESENTATION_CONTEXT() REPRESENTATION_CONTEXT('2D SPACE',''
  ) );
#7389 = ORIENTED_EDGE('',*,*,#7390,.F.);
#7390 = EDGE_CURVE('',#7391,#6945,#7393,.T.);
#7391 = VERTEX_POINT('',#7392);
#7392 = CARTESIAN_POINT('',(-0.5,-4.069397989875,1.126703599204E-02));
#7393 = SURFACE_CURVE('',#7394,(#7398,#7404),.PCURVE_S1.);
#7394 = ( BOUNDED_CURVE() B_SPLINE_CURVE(2,(#7395,#7396,#7397),
.UNSPECIFIED.,.F.,.F.) B_SPLINE_CURVE_WITH_KNOTS((3,3),(0.66941117371,
0.670182710742),.PIECEWISE_BEZIER_KNOTS.) CURVE() 
GEOMETRIC_REPRESENTATION_ITEM() RATIONAL_B_SPLINE_CURVE((0.975824078575,
0.975528258435,0.975528258148)) REPRESENTATION_ITEM('') );
#7395 = CARTESIAN_POINT('',(-0.5,-4.069397989875,1.126703599204E-02));
#7396 = CARTESIAN_POINT('',(-0.570863710327,-4.06069108651,
    5.635226372207E-03));
#7397 = CARTESIAN_POINT('',(-0.641381308947,-4.049522196079,
    1.080141941132E-15));
#7398 = PCURVE('',#6984,#7399);
#7399 = DEFINITIONAL_REPRESENTATION('',(#7400),#7403);
#7400 = B_SPLINE_CURVE_WITH_KNOTS('',1,(#7401,#7402),.UNSPECIFIED.,.F.,
  .F.,(2,2),(0.66941117371,0.670182710742),.PIECEWISE_BEZIER_KNOTS.);
#7401 = CARTESIAN_POINT('',(8.953303644656E-17,0.705562834018));
#7402 = CARTESIAN_POINT('',(6.913228213877E-17,0.706249999332));
#7403 = ( GEOMETRIC_REPRESENTATION_CONTEXT(2) 
PARAMETRIC_REPRESENTATION_CONTEXT() REPRESENTATION_CONTEXT('2D SPACE',''
  ) );
#7404 = PCURVE('',#7405,#7696);
#7405 = ( BOUNDED_SURFACE() B_SPLINE_SURFACE(1,2,(
    (#7406,#7407,#7408,#7409,#7410,#7411,#7412,#7413,#7414,#7415,#7416
      ,#7417,#7418,#7419,#7420,#7421,#7422,#7423,#7424,#7425,#7426,#7427
      ,#7428,#7429,#7430,#7431,#7432,#7433,#7434,#7435,#7436,#7437,#7438
      ,#7439,#7440,#7441,#7442,#7443,#7444,#7445,#7446,#7447,#7448,#7449
      ,#7450,#7451,#7452,#7453,#7454,#7455,#7456,#7457,#7458,#7459,#7460
      ,#7461,#7462,#7463,#7464,#7465,#7466,#7467,#7468,#7469,#7470,#7471
      ,#7472,#7473,#7474,#7475,#7476,#7477,#7478,#7479,#7480,#7481,#7482
      ,#7483,#7484,#7485,#7486,#7487,#7488,#7489,#7490,#7491,#7492,#7493
      ,#7494,#7495,#7496,#7497,#7498,#7499,#7500,#7501,#7502,#7503,#7504
      ,#7505,#7506,#7507,#7508,#7509,#7510,#7511,#7512,#7513,#7514,#7515
      ,#7516,#7517,#7518,#7519,#7520,#7521,#7522,#7523,#7524,#7525,#7526
      ,#7527,#7528,#7529,#7530,#7531,#7532,#7533,#7534,#7535,#7536,#7537
      ,#7538,#7539,#7540,#7541,#7542,#7543,#7544,#7545,#7546,#7547,#7548
      ,#7549,#7550)
    ,(#7551,#7552,#7553,#7554,#7555,#7556,#7557,#7558,#7559,#7560,#7561
      ,#7562,#7563,#7564,#7565,#7566,#7567,#7568,#7569,#7570,#7571,#7572
      ,#7573,#7574,#7575,#7576,#7577,#7578,#7579,#7580,#7581,#7582,#7583
      ,#7584,#7585,#7586,#7587,#7588,#7589,#7590,#7591,#7592,#7593,#7594
      ,#7595,#7596,#7597,#7598,#7599,#7600,#7601,#7602,#7603,#7604,#7605
      ,#7606,#7607,#7608,#7609,#7610,#7611,#7612,#7613,#7614,#7615,#7616
      ,#7617,#7618,#7619,#7620,#7621,#7622,#7623,#7624,#7625,#7626,#7627
      ,#7628,#7629,#7630,#7631,#7632,#7633,#7634,#7635,#7636,#7637,#7638
      ,#7639,#7640,#7641,#7642,#7643,#7644,#7645,#7646,#7647,#7648,#7649
      ,#7650,#7651,#7652,#7653,#7654,#7655,#7656,#7657,#7658,#7659,#7660
      ,#7661,#7662,#7663,#7664,#7665,#7666,#7667,#7668,#7669,#7670,#7671
      ,#7672,#7673,#7674,#7675,#7676,#7677,#7678,#7679,#7680,#7681,#7682
      ,#7683,#7684,#7685,#7686,#7687,#7688,#7689,#7690,#7691,#7692,#7693
      ,#7694,#7695
)),.UNSPECIFIED.,.F.,.F.,.F.) B_SPLINE_SURFACE_WITH_KNOTS((2,2),(3,2,2,2
    ,2,2,2,2,2,2,2,2,2,2,2,2,2,2,2,2,2,2,2,2,2,2,2,2,2,2,2,2,2,2,2,2,2,2
    ,2,2,2,2,2,2,2,2,2,2,2,2,2,2,2,2,2,2,2,2,2,2,2,2,2,2,2,2,2,2,2,2,2,2
    ,3),(0.,1.),(0.109355360574,0.1125,0.125,0.1375,0.15,0.1625,0.175,
    0.1875,0.2,0.2125,0.225,0.2375,0.25,0.2625,0.275,0.2875,0.3,0.3125,
    0.325,0.3375,0.35,0.3625,0.375,0.3875,0.4,0.4125,0.425,0.4375,0.45,
    0.4625,0.475,0.4875,0.5,0.5125,0.525,0.5375,0.55,0.5625,0.575,0.5875
    ,0.6,0.6125,0.625,0.6375,0.65,0.6625,0.675,0.6875,0.7,0.7125,0.725,
    0.7375,0.75,0.7625,0.775,0.7875,0.8,0.8125,0.825,0.8375,0.85,0.8625,
    0.875,0.8875,0.9,0.9125,0.925,0.9375,0.95,0.9625,0.975,0.9875,1.),
.UNSPECIFIED.) GEOMETRIC_REPRESENTATION_ITEM() RATIONAL_B_SPLINE_SURFACE
((
    (0.981569537493,0.987687231319,1.,0.951056516295,1.,0.951056516295
      ,1.,0.951056516295,1.,0.951056516295,1.,0.951056516295,1.
      ,0.951056516295,1.,0.951056516295,1.,0.951056516295,1.
      ,0.951056516295,1.,0.951056516295,1.,0.951056516295,1.
      ,0.951056516295,1.,0.951056516295,1.,0.951056516295,1.
      ,0.951056516295,1.,0.951056516295,1.,0.951056516295,1.
      ,0.951056516295,1.,0.951056516295,1.,0.951056516295,1.
      ,0.951056516295,1.,0.951056516295,1.,0.951056516295,1.
      ,0.951056516295,1.,0.951056516295,1.,0.951056516295,1.
      ,0.951056516295,1.,0.951056516295,1.,0.951056516295,1.
      ,0.951056516295,1.,0.951056516295,1.,0.951056516295,1.
      ,0.951056516295,1.,0.951056516295,1.,0.951056516295,1.
      ,0.951056516295,1.,0.951056516295,1.,0.951056516295,1.
      ,0.951056516295,1.,0.951056516295,1.,0.951056516295,1.
      ,0.951056516295,1.,0.951056516295,1.,0.951056516295,1.
      ,0.951056516295,1.,0.951056516295,1.,0.951056516295,1.
      ,0.951056516295,1.,0.951056516295,1.,0.951056516295,1.
      ,0.951056516295,1.,0.951056516295,1.,0.951056516295,1.
      ,0.951056516295,1.,0.951056516295,1.,0.951056516295,1.
      ,0.951056516295,1.,0.951056516295,1.,0.951056516295,1.
      ,0.951056516295,1.,0.951056516295,1.,0.951056516295,1.
      ,0.951056516295,1.,0.951056516295,1.,0.951056516295,1.
      ,0.951056516295,1.,0.951056516295,1.,0.951056516295,1.
      ,0.951056516295,1.,0.951056516295,1.,0.951056516295,1.)
    ,(0.981569537493,0.987687231319,1.,0.951056516295,1.,0.951056516295
      ,1.,0.951056516295,1.,0.951056516295,1.,0.951056516295,1.
      ,0.951056516295,1.,0.951056516295,1.,0.951056516295,1.
      ,0.951056516295,1.,0.951056516295,1.,0.951056516295,1.
      ,0.951056516295,1.,0.951056516295,1.,0.951056516295,1.
      ,0.951056516295,1.,0.951056516295,1.,0.951056516295,1.
      ,0.951056516295,1.,0.951056516295,1.,0.951056516295,1.
      ,0.951056516295,1.,0.951056516295,1.,0.951056516295,1.
      ,0.951056516295,1.,0.951056516295,1.,0.951056516295,1.
      ,0.951056516295,1.,0.951056516295,1.,0.951056516295,1.
      ,0.951056516295,1.,0.951056516295,1.,0.951056516295,1.
      ,0.951056516295,1.,0.951056516295,1.,0.951056516295,1.
      ,0.951056516295,1.,0.951056516295,1.,0.951056516295,1.
      ,0.951056516295,1.,0.951056516295,1.,0.951056516295,1.
      ,0.951056516295,1.,0.951056516295,1.,0.951056516295,1.
      ,0.951056516295,1.,0.951056516295,1.,0.951056516295,1.
      ,0.951056516295,1.,0.951056516295,1.,0.951056516295,1.
      ,0.951056516295,1.,0.951056516295,1.,0.951056516295,1.
      ,0.951056516295,1.,0.951056516295,1.,0.951056516295,1.
      ,0.951056516295,1.,0.951056516295,1.,0.951056516295,1.
      ,0.951056516295,1.,0.951056516295,1.,0.951056516295,1.
      ,0.951056516295,1.,0.951056516295,1.,0.951056516295,1.
      ,0.951056516295,1.,0.951056516295,1.,0.951056516295,1.
      ,0.951056516295,1.,0.951056516295,1.,0.951056516295,1.
))) REPRESENTATION_ITEM('') SURFACE() );
#7406 = CARTESIAN_POINT('',(-3.599999999635,-5.124947355626E-05,
    9.415406697682));
#7407 = CARTESIAN_POINT('',(-3.600004033424,0.283300740881,
    9.390249497161));
#7408 = CARTESIAN_POINT('',(-3.555678006757,0.563164196541,
    9.366025392827));
#7409 = CARTESIAN_POINT('',(-3.372694867087,1.718474014399,
    9.266025392827));
#7410 = CARTESIAN_POINT('',(-2.545584324645,2.545584499898,
    9.166025392827));
#7411 = CARTESIAN_POINT('',(-1.718473782203,3.372694985397,
    9.066025392827));
#7412 = CARTESIAN_POINT('',(-0.563163951748,3.555678045528,
    8.966025392827));
#7413 = CARTESIAN_POINT('',(0.592145878707,3.73866110566,8.866025392827)
  );
#7414 = CARTESIAN_POINT('',(1.634365909478,3.207623430819,8.766025392827
    ));
#7415 = CARTESIAN_POINT('',(2.676585940249,2.676585755978,8.666025392827
    ));
#7416 = CARTESIAN_POINT('',(3.207623543338,1.634365688647,8.566025392827
    ));
#7417 = CARTESIAN_POINT('',(3.738661146426,0.592145621316,8.466025392827
    ));
#7418 = CARTESIAN_POINT('',(3.555678006757,-0.563164196541,
    8.366025392827));
#7419 = CARTESIAN_POINT('',(3.372694867087,-1.718474014399,
    8.266025392827));
#7420 = CARTESIAN_POINT('',(2.545584324645,-2.545584499898,
    8.166025392827));
#7421 = CARTESIAN_POINT('',(1.718473782203,-3.372694985397,
    8.066025392827));
#7422 = CARTESIAN_POINT('',(0.563163951748,-3.555678045528,
    7.966025392827));
#7423 = CARTESIAN_POINT('',(-0.592145878707,-3.73866110566,
    7.866025392827));
#7424 = CARTESIAN_POINT('',(-1.634365909478,-3.207623430819,
    7.766025392827));
#7425 = CARTESIAN_POINT('',(-2.676585940249,-2.676585755978,
    7.666025392827));
#7426 = CARTESIAN_POINT('',(-3.207623543338,-1.634365688647,
    7.566025392827));
#7427 = CARTESIAN_POINT('',(-3.738661146426,-0.592145621316,
    7.466025392827));
#7428 = CARTESIAN_POINT('',(-3.555678006757,0.563164196541,
    7.366025392827));
#7429 = CARTESIAN_POINT('',(-3.372694867087,1.718474014399,
    7.266025392827));
#7430 = CARTESIAN_POINT('',(-2.545584324645,2.545584499898,
    7.166025392827));
#7431 = CARTESIAN_POINT('',(-1.718473782203,3.372694985397,
    7.066025392827));
#7432 = CARTESIAN_POINT('',(-0.563163951748,3.555678045528,
    6.966025392827));
#7433 = CARTESIAN_POINT('',(0.592145878707,3.73866110566,6.866025392827)
  );
#7434 = CARTESIAN_POINT('',(1.634365909478,3.207623430819,6.766025392827
    ));
#7435 = CARTESIAN_POINT('',(2.676585940249,2.676585755978,6.666025392827
    ));
#7436 = CARTESIAN_POINT('',(3.207623543338,1.634365688647,6.566025392827
    ));
#7437 = CARTESIAN_POINT('',(3.738661146426,0.592145621316,6.466025392827
    ));
#7438 = CARTESIAN_POINT('',(3.555678006757,-0.563164196541,
    6.366025392827));
#7439 = CARTESIAN_POINT('',(3.372694867087,-1.718474014399,
    6.266025392827));
#7440 = CARTESIAN_POINT('',(2.545584324645,-2.545584499898,
    6.166025392827));
#7441 = CARTESIAN_POINT('',(1.718473782203,-3.372694985397,
    6.066025392827));
#7442 = CARTESIAN_POINT('',(0.563163951748,-3.555678045528,
    5.966025392827));
#7443 = CARTESIAN_POINT('',(-0.592145878707,-3.73866110566,
    5.866025392827));
#7444 = CARTESIAN_POINT('',(-1.634365909478,-3.207623430819,
    5.766025392827));
#7445 = CARTESIAN_POINT('',(-2.676585940249,-2.676585755978,
    5.666025392827));
#7446 = CARTESIAN_POINT('',(-3.207623543338,-1.634365688647,
    5.566025392827));
#7447 = CARTESIAN_POINT('',(-3.738661146426,-0.592145621316,
    5.466025392827));
#7448 = CARTESIAN_POINT('',(-3.555678006757,0.563164196541,
    5.366025392827));
#7449 = CARTESIAN_POINT('',(-3.372694867087,1.718474014399,
    5.266025392827));
#7450 = CARTESIAN_POINT('',(-2.545584324645,2.545584499898,
    5.166025392827));
#7451 = CARTESIAN_POINT('',(-1.718473782203,3.372694985397,
    5.066025392827));
#7452 = CARTESIAN_POINT('',(-0.563163951748,3.555678045528,
    4.966025392827));
#7453 = CARTESIAN_POINT('',(0.592145878707,3.73866110566,4.866025392827)
  );
#7454 = CARTESIAN_POINT('',(1.634365909478,3.207623430819,4.766025392827
    ));
#7455 = CARTESIAN_POINT('',(2.676585940249,2.676585755978,4.666025392827
    ));
#7456 = CARTESIAN_POINT('',(3.207623543338,1.634365688647,4.566025392827
    ));
#7457 = CARTESIAN_POINT('',(3.738661146426,0.592145621316,4.466025392827
    ));
#7458 = CARTESIAN_POINT('',(3.555678006757,-0.563164196541,
    4.366025392827));
#7459 = CARTESIAN_POINT('',(3.372694867087,-1.718474014399,
    4.266025392827));
#7460 = CARTESIAN_POINT('',(2.545584324645,-2.545584499898,
    4.166025392827));
#7461 = CARTESIAN_POINT('',(1.718473782203,-3.372694985397,
    4.066025392827));
#7462 = CARTESIAN_POINT('',(0.563163951748,-3.555678045528,
    3.966025392827));
#7463 = CARTESIAN_POINT('',(-0.592145878707,-3.73866110566,
    3.866025392827));
#7464 = CARTESIAN_POINT('',(-1.634365909478,-3.207623430819,
    3.766025392827));
#7465 = CARTESIAN_POINT('',(-2.676585940249,-2.676585755978,
    3.666025392827));
#7466 = CARTESIAN_POINT('',(-3.207623543338,-1.634365688647,
    3.566025392827));
#7467 = CARTESIAN_POINT('',(-3.738661146426,-0.592145621316,
    3.466025392827));
#7468 = CARTESIAN_POINT('',(-3.555678006757,0.563164196541,
    3.366025392827));
#7469 = CARTESIAN_POINT('',(-3.372694867087,1.718474014399,
    3.266025392827));
#7470 = CARTESIAN_POINT('',(-2.545584324645,2.545584499898,
    3.166025392827));
#7471 = CARTESIAN_POINT('',(-1.718473782203,3.372694985397,
    3.066025392827));
#7472 = CARTESIAN_POINT('',(-0.563163951748,3.555678045528,
    2.966025392827));
#7473 = CARTESIAN_POINT('',(0.592145878707,3.73866110566,2.866025392827)
  );
#7474 = CARTESIAN_POINT('',(1.634365909478,3.207623430819,2.766025392827
    ));
#7475 = CARTESIAN_POINT('',(2.676585940249,2.676585755978,2.666025392827
    ));
#7476 = CARTESIAN_POINT('',(3.207623543338,1.634365688647,2.566025392827
    ));
#7477 = CARTESIAN_POINT('',(3.738661146426,0.592145621316,2.466025392827
    ));
#7478 = CARTESIAN_POINT('',(3.555678006757,-0.563164196541,
    2.366025392827));
#7479 = CARTESIAN_POINT('',(3.372694867087,-1.718474014399,
    2.266025392827));
#7480 = CARTESIAN_POINT('',(2.545584324645,-2.545584499898,
    2.166025392827));
#7481 = CARTESIAN_POINT('',(1.718473782203,-3.372694985397,
    2.066025392827));
#7482 = CARTESIAN_POINT('',(0.563163951748,-3.555678045528,
    1.966025392827));
#7483 = CARTESIAN_POINT('',(-0.592145878707,-3.73866110566,
    1.866025392827));
#7484 = CARTESIAN_POINT('',(-1.634365909478,-3.207623430819,
    1.766025392827));
#7485 = CARTESIAN_POINT('',(-2.676585940249,-2.676585755978,
    1.666025392827));
#7486 = CARTESIAN_POINT('',(-3.207623543338,-1.634365688647,
    1.566025392827));
#7487 = CARTESIAN_POINT('',(-3.738661146426,-0.592145621316,
    1.466025392827));
#7488 = CARTESIAN_POINT('',(-3.555678006757,0.563164196541,
    1.366025392827));
#7489 = CARTESIAN_POINT('',(-3.372694867087,1.718474014399,
    1.266025392827));
#7490 = CARTESIAN_POINT('',(-2.545584324645,2.545584499898,
    1.166025392827));
#7491 = CARTESIAN_POINT('',(-1.718473782203,3.372694985397,
    1.066025392827));
#7492 = CARTESIAN_POINT('',(-0.563163951748,3.555678045528,
    0.966025392827));
#7493 = CARTESIAN_POINT('',(0.592145878707,3.73866110566,0.866025392827)
  );
#7494 = CARTESIAN_POINT('',(1.634365909478,3.207623430819,0.766025392827
    ));
#7495 = CARTESIAN_POINT('',(2.676585940249,2.676585755978,0.666025392827
    ));
#7496 = CARTESIAN_POINT('',(3.207623543338,1.634365688647,0.566025392827
    ));
#7497 = CARTESIAN_POINT('',(3.738661146426,0.592145621316,0.466025392827
    ));
#7498 = CARTESIAN_POINT('',(3.555678006757,-0.563164196541,
    0.366025392827));
#7499 = CARTESIAN_POINT('',(3.372694867087,-1.718474014399,
    0.266025392827));
#7500 = CARTESIAN_POINT('',(2.545584324645,-2.545584499898,
    0.166025392827));
#7501 = CARTESIAN_POINT('',(1.718473782203,-3.372694985397,
    6.602539282732E-02));
#7502 = CARTESIAN_POINT('',(0.563163951748,-3.555678045528,
    -3.397460717268E-02));
#7503 = CARTESIAN_POINT('',(-0.592145878707,-3.73866110566,
    -0.133974607173));
#7504 = CARTESIAN_POINT('',(-1.634365909478,-3.207623430819,
    -0.233974607173));
#7505 = CARTESIAN_POINT('',(-2.676585940249,-2.676585755978,
    -0.333974607173));
#7506 = CARTESIAN_POINT('',(-3.207623543338,-1.634365688647,
    -0.433974607173));
#7507 = CARTESIAN_POINT('',(-3.738661146426,-0.592145621316,
    -0.533974607173));
#7508 = CARTESIAN_POINT('',(-3.555678006757,0.563164196541,
    -0.633974607173));
#7509 = CARTESIAN_POINT('',(-3.372694867087,1.718474014399,
    -0.733974607173));
#7510 = CARTESIAN_POINT('',(-2.545584324645,2.545584499898,
    -0.833974607173));
#7511 = CARTESIAN_POINT('',(-1.718473782203,3.372694985397,
    -0.933974607173));
#7512 = CARTESIAN_POINT('',(-0.563163951748,3.555678045528,
    -1.033974607173));
#7513 = CARTESIAN_POINT('',(0.592145878707,3.73866110566,-1.133974607173
    ));
#7514 = CARTESIAN_POINT('',(1.634365909478,3.207623430819,
    -1.233974607173));
#7515 = CARTESIAN_POINT('',(2.676585940249,2.676585755978,
    -1.333974607173));
#7516 = CARTESIAN_POINT('',(3.207623543338,1.634365688647,
    -1.433974607173));
#7517 = CARTESIAN_POINT('',(3.738661146426,0.592145621316,
    -1.533974607173));
#7518 = CARTESIAN_POINT('',(3.555678006757,-0.563164196541,
    -1.633974607173));
#7519 = CARTESIAN_POINT('',(3.372694867087,-1.718474014399,
    -1.733974607173));
#7520 = CARTESIAN_POINT('',(2.545584324645,-2.545584499898,
    -1.833974607173));
#7521 = CARTESIAN_POINT('',(1.718473782203,-3.372694985397,
    -1.933974607173));
#7522 = CARTESIAN_POINT('',(0.563163951748,-3.555678045528,
    -2.033974607173));
#7523 = CARTESIAN_POINT('',(-0.592145878707,-3.73866110566,
    -2.133974607173));
#7524 = CARTESIAN_POINT('',(-1.634365909478,-3.207623430819,
    -2.233974607173));
#7525 = CARTESIAN_POINT('',(-2.676585940249,-2.676585755978,
    -2.333974607173));
#7526 = CARTESIAN_POINT('',(-3.207623543338,-1.634365688647,
    -2.433974607173));
#7527 = CARTESIAN_POINT('',(-3.738661146426,-0.592145621316,
    -2.533974607173));
#7528 = CARTESIAN_POINT('',(-3.555678006757,0.563164196541,
    -2.633974607173));
#7529 = CARTESIAN_POINT('',(-3.372694867087,1.718474014399,
    -2.733974607173));
#7530 = CARTESIAN_POINT('',(-2.545584324645,2.545584499898,
    -2.833974607173));
#7531 = CARTESIAN_POINT('',(-1.718473782203,3.372694985397,
    -2.933974607173));
#7532 = CARTESIAN_POINT('',(-0.563163951748,3.555678045528,
    -3.033974607173));
#7533 = CARTESIAN_POINT('',(0.592145878707,3.73866110566,-3.133974607173
    ));
#7534 = CARTESIAN_POINT('',(1.634365909478,3.207623430819,
    -3.233974607173));
#7535 = CARTESIAN_POINT('',(2.676585940249,2.676585755978,
    -3.333974607173));
#7536 = CARTESIAN_POINT('',(3.207623543338,1.634365688647,
    -3.433974607173));
#7537 = CARTESIAN_POINT('',(3.738661146426,0.592145621316,
    -3.533974607173));
#7538 = CARTESIAN_POINT('',(3.555678006757,-0.563164196541,
    -3.633974607173));
#7539 = CARTESIAN_POINT('',(3.372694867087,-1.718474014399,
    -3.733974607173));
#7540 = CARTESIAN_POINT('',(2.545584324645,-2.545584499898,
    -3.833974607173));
#7541 = CARTESIAN_POINT('',(1.718473782203,-3.372694985397,
    -3.933974607173));
#7542 = CARTESIAN_POINT('',(0.563163951748,-3.555678045528,
    -4.033974607173));
#7543 = CARTESIAN_POINT('',(-0.592145878707,-3.73866110566,
    -4.133974607173));
#7544 = CARTESIAN_POINT('',(-1.634365909478,-3.207623430819,
    -4.233974607173));
#7545 = CARTESIAN_POINT('',(-2.676585940249,-2.676585755978,
    -4.333974607173));
#7546 = CARTESIAN_POINT('',(-3.207623543338,-1.634365688647,
    -4.433974607173));
#7547 = CARTESIAN_POINT('',(-3.738661146426,-0.592145621316,
    -4.533974607173));
#7548 = CARTESIAN_POINT('',(-3.555678006757,0.563164196541,
    -4.633974607173));
#7549 = CARTESIAN_POINT('',(-3.372694867087,1.718474014399,
    -4.733974607173));
#7550 = CARTESIAN_POINT('',(-2.545584324645,2.545584499898,
    -4.833974607173));
#7551 = CARTESIAN_POINT('',(-4.099999999585,-5.836745599459E-05,
    9.549381293898));
#7552 = CARTESIAN_POINT('',(-4.100004593622,0.322648066003,
    9.524224093377));
#7553 = CARTESIAN_POINT('',(-4.049522174362,0.641381446061,
    9.499999989043));
#7554 = CARTESIAN_POINT('',(-3.841124709738,1.957150960843,
    9.399999989043));
#7555 = CARTESIAN_POINT('',(-2.899137703068,2.899137902661,
    9.299999989043));
#7556 = CARTESIAN_POINT('',(-1.957150696398,3.84112484448,9.199999989043
    ));
#7557 = CARTESIAN_POINT('',(-0.641381167269,4.049522218518,
    9.099999989043));
#7558 = CARTESIAN_POINT('',(0.67438836186,4.257919592557,8.999999989043)
  );
#7559 = CARTESIAN_POINT('',(1.861361174683,3.653126685099,8.899999989043
    ));
#7560 = CARTESIAN_POINT('',(3.048333987506,3.048333777641,8.799999989043
    ));
#7561 = CARTESIAN_POINT('',(3.653126813246,1.861360923181,8.699999989043
    ));
#7562 = CARTESIAN_POINT('',(4.257919638985,0.674388068721,8.599999989043
    ));
#7563 = CARTESIAN_POINT('',(4.049522174362,-0.641381446061,
    8.499999989043));
#7564 = CARTESIAN_POINT('',(3.841124709738,-1.957150960843,
    8.399999989043));
#7565 = CARTESIAN_POINT('',(2.899137703068,-2.899137902661,
    8.299999989043));
#7566 = CARTESIAN_POINT('',(1.957150696398,-3.84112484448,8.199999989043
    ));
#7567 = CARTESIAN_POINT('',(0.641381167269,-4.049522218518,
    8.099999989043));
#7568 = CARTESIAN_POINT('',(-0.67438836186,-4.257919592557,
    7.999999989043));
#7569 = CARTESIAN_POINT('',(-1.861361174683,-3.653126685099,
    7.899999989043));
#7570 = CARTESIAN_POINT('',(-3.048333987506,-3.048333777641,
    7.799999989043));
#7571 = CARTESIAN_POINT('',(-3.653126813246,-1.861360923181,
    7.699999989043));
#7572 = CARTESIAN_POINT('',(-4.257919638985,-0.674388068721,
    7.599999989043));
#7573 = CARTESIAN_POINT('',(-4.049522174362,0.641381446061,
    7.499999989043));
#7574 = CARTESIAN_POINT('',(-3.841124709738,1.957150960843,
    7.399999989043));
#7575 = CARTESIAN_POINT('',(-2.899137703068,2.899137902661,
    7.299999989043));
#7576 = CARTESIAN_POINT('',(-1.957150696398,3.84112484448,7.199999989043
    ));
#7577 = CARTESIAN_POINT('',(-0.641381167269,4.049522218518,
    7.099999989043));
#7578 = CARTESIAN_POINT('',(0.67438836186,4.257919592557,6.999999989043)
  );
#7579 = CARTESIAN_POINT('',(1.861361174683,3.653126685099,6.899999989043
    ));
#7580 = CARTESIAN_POINT('',(3.048333987506,3.048333777641,6.799999989043
    ));
#7581 = CARTESIAN_POINT('',(3.653126813246,1.861360923181,6.699999989043
    ));
#7582 = CARTESIAN_POINT('',(4.257919638985,0.674388068721,6.599999989043
    ));
#7583 = CARTESIAN_POINT('',(4.049522174362,-0.641381446061,
    6.499999989043));
#7584 = CARTESIAN_POINT('',(3.841124709738,-1.957150960843,
    6.399999989043));
#7585 = CARTESIAN_POINT('',(2.899137703068,-2.899137902661,
    6.299999989043));
#7586 = CARTESIAN_POINT('',(1.957150696398,-3.84112484448,6.199999989043
    ));
#7587 = CARTESIAN_POINT('',(0.641381167269,-4.049522218518,
    6.099999989043));
#7588 = CARTESIAN_POINT('',(-0.67438836186,-4.257919592557,
    5.999999989043));
#7589 = CARTESIAN_POINT('',(-1.861361174683,-3.653126685099,
    5.899999989043));
#7590 = CARTESIAN_POINT('',(-3.048333987506,-3.048333777641,
    5.799999989043));
#7591 = CARTESIAN_POINT('',(-3.653126813246,-1.861360923181,
    5.699999989043));
#7592 = CARTESIAN_POINT('',(-4.257919638985,-0.674388068721,
    5.599999989043));
#7593 = CARTESIAN_POINT('',(-4.049522174362,0.641381446061,
    5.499999989043));
#7594 = CARTESIAN_POINT('',(-3.841124709738,1.957150960843,
    5.399999989043));
#7595 = CARTESIAN_POINT('',(-2.899137703068,2.899137902661,
    5.299999989043));
#7596 = CARTESIAN_POINT('',(-1.957150696398,3.84112484448,5.199999989043
    ));
#7597 = CARTESIAN_POINT('',(-0.641381167269,4.049522218518,
    5.099999989043));
#7598 = CARTESIAN_POINT('',(0.67438836186,4.257919592557,4.999999989043)
  );
#7599 = CARTESIAN_POINT('',(1.861361174683,3.653126685099,4.899999989043
    ));
#7600 = CARTESIAN_POINT('',(3.048333987506,3.048333777641,4.799999989043
    ));
#7601 = CARTESIAN_POINT('',(3.653126813246,1.861360923181,4.699999989043
    ));
#7602 = CARTESIAN_POINT('',(4.257919638985,0.674388068721,4.599999989043
    ));
#7603 = CARTESIAN_POINT('',(4.049522174362,-0.641381446061,
    4.499999989043));
#7604 = CARTESIAN_POINT('',(3.841124709738,-1.957150960843,
    4.399999989043));
#7605 = CARTESIAN_POINT('',(2.899137703068,-2.899137902661,
    4.299999989043));
#7606 = CARTESIAN_POINT('',(1.957150696398,-3.84112484448,4.199999989043
    ));
#7607 = CARTESIAN_POINT('',(0.641381167269,-4.049522218518,
    4.099999989043));
#7608 = CARTESIAN_POINT('',(-0.67438836186,-4.257919592557,
    3.999999989043));
#7609 = CARTESIAN_POINT('',(-1.861361174683,-3.653126685099,
    3.899999989043));
#7610 = CARTESIAN_POINT('',(-3.048333987506,-3.048333777641,
    3.799999989043));
#7611 = CARTESIAN_POINT('',(-3.653126813246,-1.861360923181,
    3.699999989043));
#7612 = CARTESIAN_POINT('',(-4.257919638985,-0.674388068721,
    3.599999989043));
#7613 = CARTESIAN_POINT('',(-4.049522174362,0.641381446061,
    3.499999989043));
#7614 = CARTESIAN_POINT('',(-3.841124709738,1.957150960843,
    3.399999989043));
#7615 = CARTESIAN_POINT('',(-2.899137703068,2.899137902661,
    3.299999989043));
#7616 = CARTESIAN_POINT('',(-1.957150696398,3.84112484448,3.199999989043
    ));
#7617 = CARTESIAN_POINT('',(-0.641381167269,4.049522218518,
    3.099999989043));
#7618 = CARTESIAN_POINT('',(0.67438836186,4.257919592557,2.999999989043)
  );
#7619 = CARTESIAN_POINT('',(1.861361174683,3.653126685099,2.899999989043
    ));
#7620 = CARTESIAN_POINT('',(3.048333987506,3.048333777641,2.799999989043
    ));
#7621 = CARTESIAN_POINT('',(3.653126813246,1.861360923181,2.699999989043
    ));
#7622 = CARTESIAN_POINT('',(4.257919638985,0.674388068721,2.599999989043
    ));
#7623 = CARTESIAN_POINT('',(4.049522174362,-0.641381446061,
    2.499999989043));
#7624 = CARTESIAN_POINT('',(3.841124709738,-1.957150960843,
    2.399999989043));
#7625 = CARTESIAN_POINT('',(2.899137703068,-2.899137902661,
    2.299999989043));
#7626 = CARTESIAN_POINT('',(1.957150696398,-3.84112484448,2.199999989043
    ));
#7627 = CARTESIAN_POINT('',(0.641381167269,-4.049522218518,
    2.099999989043));
#7628 = CARTESIAN_POINT('',(-0.67438836186,-4.257919592557,
    1.999999989043));
#7629 = CARTESIAN_POINT('',(-1.861361174683,-3.653126685099,
    1.899999989043));
#7630 = CARTESIAN_POINT('',(-3.048333987506,-3.048333777641,
    1.799999989043));
#7631 = CARTESIAN_POINT('',(-3.653126813246,-1.861360923181,
    1.699999989043));
#7632 = CARTESIAN_POINT('',(-4.257919638985,-0.674388068721,
    1.599999989043));
#7633 = CARTESIAN_POINT('',(-4.049522174362,0.641381446061,
    1.499999989043));
#7634 = CARTESIAN_POINT('',(-3.841124709738,1.957150960843,
    1.399999989043));
#7635 = CARTESIAN_POINT('',(-2.899137703068,2.899137902661,
    1.299999989043));
#7636 = CARTESIAN_POINT('',(-1.957150696398,3.84112484448,1.199999989043
    ));
#7637 = CARTESIAN_POINT('',(-0.641381167269,4.049522218518,
    1.099999989043));
#7638 = CARTESIAN_POINT('',(0.67438836186,4.257919592557,0.999999989043)
  );
#7639 = CARTESIAN_POINT('',(1.861361174683,3.653126685099,0.899999989043
    ));
#7640 = CARTESIAN_POINT('',(3.048333987506,3.048333777641,0.799999989043
    ));
#7641 = CARTESIAN_POINT('',(3.653126813246,1.861360923181,0.699999989043
    ));
#7642 = CARTESIAN_POINT('',(4.257919638985,0.674388068721,0.599999989043
    ));
#7643 = CARTESIAN_POINT('',(4.049522174362,-0.641381446061,
    0.499999989043));
#7644 = CARTESIAN_POINT('',(3.841124709738,-1.957150960843,
    0.399999989043));
#7645 = CARTESIAN_POINT('',(2.899137703068,-2.899137902661,
    0.299999989043));
#7646 = CARTESIAN_POINT('',(1.957150696398,-3.84112484448,0.199999989043
    ));
#7647 = CARTESIAN_POINT('',(0.641381167269,-4.049522218518,
    9.999998904288E-02));
#7648 = CARTESIAN_POINT('',(-0.67438836186,-4.257919592557,
    -1.095712409693E-08));
#7649 = CARTESIAN_POINT('',(-1.861361174683,-3.653126685099,
    -0.100000010957));
#7650 = CARTESIAN_POINT('',(-3.048333987506,-3.048333777641,
    -0.200000010957));
#7651 = CARTESIAN_POINT('',(-3.653126813246,-1.861360923181,
    -0.300000010957));
#7652 = CARTESIAN_POINT('',(-4.257919638985,-0.674388068721,
    -0.400000010957));
#7653 = CARTESIAN_POINT('',(-4.049522174362,0.641381446061,
    -0.500000010957));
#7654 = CARTESIAN_POINT('',(-3.841124709738,1.957150960843,
    -0.600000010957));
#7655 = CARTESIAN_POINT('',(-2.899137703068,2.899137902661,
    -0.700000010957));
#7656 = CARTESIAN_POINT('',(-1.957150696398,3.84112484448,
    -0.800000010957));
#7657 = CARTESIAN_POINT('',(-0.641381167269,4.049522218518,
    -0.900000010957));
#7658 = CARTESIAN_POINT('',(0.67438836186,4.257919592557,-1.000000010957
    ));
#7659 = CARTESIAN_POINT('',(1.861361174683,3.653126685099,
    -1.100000010957));
#7660 = CARTESIAN_POINT('',(3.048333987506,3.048333777641,
    -1.200000010957));
#7661 = CARTESIAN_POINT('',(3.653126813246,1.861360923181,
    -1.300000010957));
#7662 = CARTESIAN_POINT('',(4.257919638985,0.674388068721,
    -1.400000010957));
#7663 = CARTESIAN_POINT('',(4.049522174362,-0.641381446061,
    -1.500000010957));
#7664 = CARTESIAN_POINT('',(3.841124709738,-1.957150960843,
    -1.600000010957));
#7665 = CARTESIAN_POINT('',(2.899137703068,-2.899137902661,
    -1.700000010957));
#7666 = CARTESIAN_POINT('',(1.957150696398,-3.84112484448,
    -1.800000010957));
#7667 = CARTESIAN_POINT('',(0.641381167269,-4.049522218518,
    -1.900000010957));
#7668 = CARTESIAN_POINT('',(-0.67438836186,-4.257919592557,
    -2.000000010957));
#7669 = CARTESIAN_POINT('',(-1.861361174683,-3.653126685099,
    -2.100000010957));
#7670 = CARTESIAN_POINT('',(-3.048333987506,-3.048333777641,
    -2.200000010957));
#7671 = CARTESIAN_POINT('',(-3.653126813246,-1.861360923181,
    -2.300000010957));
#7672 = CARTESIAN_POINT('',(-4.257919638985,-0.674388068721,
    -2.400000010957));
#7673 = CARTESIAN_POINT('',(-4.049522174362,0.641381446061,
    -2.500000010957));
#7674 = CARTESIAN_POINT('',(-3.841124709738,1.957150960843,
    -2.600000010957));
#7675 = CARTESIAN_POINT('',(-2.899137703068,2.899137902661,
    -2.700000010957));
#7676 = CARTESIAN_POINT('',(-1.957150696398,3.84112484448,
    -2.800000010957));
#7677 = CARTESIAN_POINT('',(-0.641381167269,4.049522218518,
    -2.900000010957));
#7678 = CARTESIAN_POINT('',(0.67438836186,4.257919592557,-3.000000010957
    ));
#7679 = CARTESIAN_POINT('',(1.861361174683,3.653126685099,
    -3.100000010957));
#7680 = CARTESIAN_POINT('',(3.048333987506,3.048333777641,
    -3.200000010957));
#7681 = CARTESIAN_POINT('',(3.653126813246,1.861360923181,
    -3.300000010957));
#7682 = CARTESIAN_POINT('',(4.257919638985,0.674388068721,
    -3.400000010957));
#7683 = CARTESIAN_POINT('',(4.049522174362,-0.641381446061,
    -3.500000010957));
#7684 = CARTESIAN_POINT('',(3.841124709738,-1.957150960843,
    -3.600000010957));
#7685 = CARTESIAN_POINT('',(2.899137703068,-2.899137902661,
    -3.700000010957));
#7686 = CARTESIAN_POINT('',(1.957150696398,-3.84112484448,
    -3.800000010957));
#7687 = CARTESIAN_POINT('',(0.641381167269,-4.049522218518,
    -3.900000010957));
#7688 = CARTESIAN_POINT('',(-0.67438836186,-4.257919592557,
    -4.000000010957));
#7689 = CARTESIAN_POINT('',(-1.861361174683,-3.653126685099,
    -4.100000010957));
#7690 = CARTESIAN_POINT('',(-3.048333987506,-3.048333777641,
    -4.200000010957));
#7691 = CARTESIAN_POINT('',(-3.653126813246,-1.861360923181,
    -4.300000010957));
#7692 = CARTESIAN_POINT('',(-4.257919638985,-0.674388068721,
    -4.400000010957));
#7693 = CARTESIAN_POINT('',(-4.049522174362,0.641381446061,
    -4.500000010957));
#7694 = CARTESIAN_POINT('',(-3.841124709738,1.957150960843,
    -4.600000010957));
#7695 = CARTESIAN_POINT('',(-2.899137703068,2.899137902661,
    -4.700000010957));
#7696 = DEFINITIONAL_REPRESENTATION('',(#7697),#7700);
#7697 = B_SPLINE_CURVE_WITH_KNOTS('',1,(#7698,#7699),.UNSPECIFIED.,.F.,
  .F.,(2,2),(0.66941117371,0.670182710742),.PIECEWISE_BEZIER_KNOTS.);
#7698 = CARTESIAN_POINT('',(1.,0.705562834018));
#7699 = CARTESIAN_POINT('',(1.,0.706249999332));
#7700 = ( GEOMETRIC_REPRESENTATION_CONTEXT(2) 
PARAMETRIC_REPRESENTATION_CONTEXT() REPRESENTATION_CONTEXT('2D SPACE',''
  ) );
#7701 = ORIENTED_EDGE('',*,*,#7702,.F.);
#7702 = EDGE_CURVE('',#7703,#7391,#7705,.T.);
#7703 = VERTEX_POINT('',#7704);
#7704 = CARTESIAN_POINT('',(-0.5,-4.069397989875,0.911267035992));
#7705 = SURFACE_CURVE('',#7706,(#7710,#7716),.PCURVE_S1.);
#7706 = LINE('',#7707,#7708);
#7707 = CARTESIAN_POINT('',(-0.5,-4.069397989875,0.461267035992));
#7708 = VECTOR('',#7709,1.);
#7709 = DIRECTION('',(-0.,-0.,-1.));
#7710 = PCURVE('',#6984,#7711);
#7711 = DEFINITIONAL_REPRESENTATION('',(#7712),#7715);
#7712 = B_SPLINE_CURVE_WITH_KNOTS('',1,(#7713,#7714),.UNSPECIFIED.,.F.,
  .F.,(2,2),(-0.45,0.45),.PIECEWISE_BEZIER_KNOTS.);
#7713 = CARTESIAN_POINT('',(1.,0.705562834018));
#7714 = CARTESIAN_POINT('',(8.957420733429E-17,0.705562834018));
#7715 = ( GEOMETRIC_REPRESENTATION_CONTEXT(2) 
PARAMETRIC_REPRESENTATION_CONTEXT() REPRESENTATION_CONTEXT('2D SPACE',''
  ) );
#7716 = PCURVE('',#505,#7717);
#7717 = DEFINITIONAL_REPRESENTATION('',(#7718),#7722);
#7718 = LINE('',#7719,#7720);
#7719 = CARTESIAN_POINT('',(-4.933676382348,0.646007513391));
#7720 = VECTOR('',#7721,1.);
#7721 = DIRECTION('',(0.,-1.));
#7722 = ( GEOMETRIC_REPRESENTATION_CONTEXT(2) 
PARAMETRIC_REPRESENTATION_CONTEXT() REPRESENTATION_CONTEXT('2D SPACE',''
  ) );
#7723 = ORIENTED_EDGE('',*,*,#7724,.T.);
#7724 = EDGE_CURVE('',#7703,#6943,#7725,.T.);
#7725 = SURFACE_CURVE('',#7726,(#7738,#7744),.PCURVE_S1.);
#7726 = ( BOUNDED_CURVE() B_SPLINE_CURVE(2,(#7727,#7728,#7729,#7730,
    #7731,#7732,#7733,#7734,#7735,#7736,#7737),.UNSPECIFIED.,.F.,.F.) 
B_SPLINE_CURVE_WITH_KNOTS((3,2,2,2,2,3),(0.66941106831,0.677199997684,
    0.691234780393,0.705269563103,0.719304345812,0.733339127712),
.UNSPECIFIED.) CURVE() GEOMETRIC_REPRESENTATION_ITEM() 
RATIONAL_B_SPLINE_CURVE((0.975824078569,0.972837674385,1.,0.951056516295
    ,1.,0.951056516295,1.,0.951056516295,1.,0.951056516295,1.)) 
REPRESENTATION_ITEM('') );
#7727 = CARTESIAN_POINT('',(-0.5,-4.069397989875,0.911267035992));
#7728 = CARTESIAN_POINT('',(-1.217371670653,-3.981255754532,
    0.854254770372));
#7729 = CARTESIAN_POINT('',(-1.861361174683,-3.653126685099,
    0.799999989043));
#7730 = CARTESIAN_POINT('',(-3.048333987506,-3.048333777641,
    0.699999989043));
#7731 = CARTESIAN_POINT('',(-3.653126813246,-1.861360923181,
    0.599999989043));
#7732 = CARTESIAN_POINT('',(-4.257919638985,-0.674388068721,
    0.499999989043));
#7733 = CARTESIAN_POINT('',(-4.049522174362,0.641381446061,
    0.399999989043));
#7734 = CARTESIAN_POINT('',(-3.841124709738,1.957150960843,
    0.299999989043));
#7735 = CARTESIAN_POINT('',(-2.899137703068,2.899137902661,
    0.199999989043));
#7736 = CARTESIAN_POINT('',(-1.957150696398,3.84112484448,
    9.999998904288E-02));
#7737 = CARTESIAN_POINT('',(-0.641381311641,4.049522195652,
    1.535003439803E-11));
#7738 = PCURVE('',#6984,#7739);
#7739 = DEFINITIONAL_REPRESENTATION('',(#7740),#7743);
#7740 = B_SPLINE_CURVE_WITH_KNOTS('',1,(#7741,#7742),.UNSPECIFIED.,.F.,
  .F.,(2,2),(0.66941106831,0.733339127712),.PIECEWISE_BEZIER_KNOTS.);
#7741 = CARTESIAN_POINT('',(1.,0.705562834018));
#7742 = CARTESIAN_POINT('',(1.,0.762499999279));
#7743 = ( GEOMETRIC_REPRESENTATION_CONTEXT(2) 
PARAMETRIC_REPRESENTATION_CONTEXT() REPRESENTATION_CONTEXT('2D SPACE',''
  ) );
#7744 = PCURVE('',#1832,#7745);
#7745 = DEFINITIONAL_REPRESENTATION('',(#7746),#7749);
#7746 = B_SPLINE_CURVE_WITH_KNOTS('',1,(#7747,#7748),.UNSPECIFIED.,.F.,
  .F.,(2,2),(0.66941106831,0.733339127712),.PIECEWISE_BEZIER_KNOTS.);
#7747 = CARTESIAN_POINT('',(5.244337623644E-16,0.705562834018));
#7748 = CARTESIAN_POINT('',(1.689273269688E-15,0.762499999279));
#7749 = ( GEOMETRIC_REPRESENTATION_CONTEXT(2) 
PARAMETRIC_REPRESENTATION_CONTEXT() REPRESENTATION_CONTEXT('2D SPACE',''
  ) );
#7750 = ADVANCED_FACE('',(#7751),#4486,.F.);
#7751 = FACE_BOUND('',#7752,.F.);
#7752 = EDGE_LOOP('',(#7753,#8091,#8148,#8149,#8150,#8151,#8210));
#7753 = ORIENTED_EDGE('',*,*,#7754,.T.);
#7754 = EDGE_CURVE('',#7755,#7757,#7759,.T.);
#7755 = VERTEX_POINT('',#7756);
#7756 = CARTESIAN_POINT('',(-0.641381308947,-4.049522196079,8.));
#7757 = VERTEX_POINT('',#7758);
#7758 = CARTESIAN_POINT('',(0.5,-4.069397989875,6.089223782171));
#7759 = SURFACE_CURVE('',#7760,(#7784,#7790),.PCURVE_S1.);
#7760 = ( BOUNDED_CURVE() B_SPLINE_CURVE(2,(#7761,#7762,#7763,#7764,
    #7765,#7766,#7767,#7768,#7769,#7770,#7771,#7772,#7773,#7774,#7775,
    #7776,#7777,#7778,#7779,#7780,#7781,#7782,#7783),.UNSPECIFIED.,.F.,
.F.) B_SPLINE_CURVE_WITH_KNOTS((3,2,2,2,2,2,2,2,2,2,2,3),(0.108791581366
    ,0.115808971233,0.129843749467,0.143878527702,0.157913305936,
    0.171948084171,0.185982862405,0.200017640639,0.214052418874,
0.228087197108,0.242121975343,0.242910690729),.UNSPECIFIED.) CURVE() 
GEOMETRIC_REPRESENTATION_ITEM() RATIONAL_B_SPLINE_CURVE((0.975528258148,
    0.975528255532,1.,0.951056516295,1.,0.951056516295,1.,0.951056516295
    ,1.,0.951056516295,1.,0.951056516295,1.,0.951056516295,1.,
    0.951056516295,1.,0.951056516295,1.,0.951056516295,1.,0.997249512746
,0.994808164913)) REPRESENTATION_ITEM('') );
#7761 = CARTESIAN_POINT('',(-0.641381308947,-4.049522196079,8.));
#7762 = CARTESIAN_POINT('',(-1.282762685831,-3.947937365296,
    7.948745712837));
#7763 = CARTESIAN_POINT('',(-1.861361174683,-3.653126685099,
    7.899999989043));
#7764 = CARTESIAN_POINT('',(-3.048333987506,-3.048333777641,
    7.799999989043));
#7765 = CARTESIAN_POINT('',(-3.653126813246,-1.861360923181,
    7.699999989043));
#7766 = CARTESIAN_POINT('',(-4.257919638985,-0.674388068721,
    7.599999989043));
#7767 = CARTESIAN_POINT('',(-4.049522174362,0.641381446061,
    7.499999989043));
#7768 = CARTESIAN_POINT('',(-3.841124709738,1.957150960843,
    7.399999989043));
#7769 = CARTESIAN_POINT('',(-2.899137703068,2.899137902661,
    7.299999989043));
#7770 = CARTESIAN_POINT('',(-1.957150696398,3.84112484448,7.199999989043
    ));
#7771 = CARTESIAN_POINT('',(-0.641381167269,4.049522218518,
    7.099999989043));
#7772 = CARTESIAN_POINT('',(0.67438836186,4.257919592557,6.999999989043)
  );
#7773 = CARTESIAN_POINT('',(1.861361174683,3.653126685099,6.899999989043
    ));
#7774 = CARTESIAN_POINT('',(3.048333987506,3.048333777641,6.799999989043
    ));
#7775 = CARTESIAN_POINT('',(3.653126813246,1.861360923181,6.699999989043
    ));
#7776 = CARTESIAN_POINT('',(4.257919638985,0.674388068721,6.599999989043
    ));
#7777 = CARTESIAN_POINT('',(4.049522174362,-0.641381446061,
    6.499999989043));
#7778 = CARTESIAN_POINT('',(3.841124709738,-1.957150960843,
    6.399999989043));
#7779 = CARTESIAN_POINT('',(2.899137703068,-2.899137902661,
    6.299999989043));
#7780 = CARTESIAN_POINT('',(1.957150696398,-3.84112484448,6.199999989043
    ));
#7781 = CARTESIAN_POINT('',(0.641381167269,-4.049522218518,
    6.099999989043));
#7782 = CARTESIAN_POINT('',(0.570863639884,-4.060691095138,
    6.094640575724));
#7783 = CARTESIAN_POINT('',(0.5,-4.069397989875,6.089223782171));
#7784 = PCURVE('',#4486,#7785);
#7785 = DEFINITIONAL_REPRESENTATION('',(#7786),#7789);
#7786 = B_SPLINE_CURVE_WITH_KNOTS('',1,(#7787,#7788),.UNSPECIFIED.,.F.,
  .F.,(2,2),(0.108791581366,0.242910690729),.PIECEWISE_BEZIER_KNOTS.);
#7787 = CARTESIAN_POINT('',(1.,0.206249999332));
#7788 = CARTESIAN_POINT('',(1.,0.325702465131));
#7789 = ( GEOMETRIC_REPRESENTATION_CONTEXT(2) 
PARAMETRIC_REPRESENTATION_CONTEXT() REPRESENTATION_CONTEXT('2D SPACE',''
  ) );
#7790 = PCURVE('',#7791,#8086);
#7791 = ( BOUNDED_SURFACE() B_SPLINE_SURFACE(1,2,(
    (#7792,#7793,#7794,#7795,#7796,#7797,#7798,#7799,#7800,#7801,#7802
      ,#7803,#7804,#7805,#7806,#7807,#7808,#7809,#7810,#7811,#7812,#7813
      ,#7814,#7815,#7816,#7817,#7818,#7819,#7820,#7821,#7822,#7823,#7824
      ,#7825,#7826,#7827,#7828,#7829,#7830,#7831,#7832,#7833,#7834,#7835
      ,#7836,#7837,#7838,#7839,#7840,#7841,#7842,#7843,#7844,#7845,#7846
      ,#7847,#7848,#7849,#7850,#7851,#7852,#7853,#7854,#7855,#7856,#7857
      ,#7858,#7859,#7860,#7861,#7862,#7863,#7864,#7865,#7866,#7867,#7868
      ,#7869,#7870,#7871,#7872,#7873,#7874,#7875,#7876,#7877,#7878,#7879
      ,#7880,#7881,#7882,#7883,#7884,#7885,#7886,#7887,#7888,#7889,#7890
      ,#7891,#7892,#7893,#7894,#7895,#7896,#7897,#7898,#7899,#7900,#7901
      ,#7902,#7903,#7904,#7905,#7906,#7907,#7908,#7909,#7910,#7911,#7912
      ,#7913,#7914,#7915,#7916,#7917,#7918,#7919,#7920,#7921,#7922,#7923
      ,#7924,#7925,#7926,#7927,#7928,#7929,#7930,#7931,#7932,#7933,#7934
      ,#7935,#7936,#7937,#7938)
    ,(#7939,#7940,#7941,#7942,#7943,#7944,#7945,#7946,#7947,#7948,#7949
      ,#7950,#7951,#7952,#7953,#7954,#7955,#7956,#7957,#7958,#7959,#7960
      ,#7961,#7962,#7963,#7964,#7965,#7966,#7967,#7968,#7969,#7970,#7971
      ,#7972,#7973,#7974,#7975,#7976,#7977,#7978,#7979,#7980,#7981,#7982
      ,#7983,#7984,#7985,#7986,#7987,#7988,#7989,#7990,#7991,#7992,#7993
      ,#7994,#7995,#7996,#7997,#7998,#7999,#8000,#8001,#8002,#8003,#8004
      ,#8005,#8006,#8007,#8008,#8009,#8010,#8011,#8012,#8013,#8014,#8015
      ,#8016,#8017,#8018,#8019,#8020,#8021,#8022,#8023,#8024,#8025,#8026
      ,#8027,#8028,#8029,#8030,#8031,#8032,#8033,#8034,#8035,#8036,#8037
      ,#8038,#8039,#8040,#8041,#8042,#8043,#8044,#8045,#8046,#8047,#8048
      ,#8049,#8050,#8051,#8052,#8053,#8054,#8055,#8056,#8057,#8058,#8059
      ,#8060,#8061,#8062,#8063,#8064,#8065,#8066,#8067,#8068,#8069,#8070
      ,#8071,#8072,#8073,#8074,#8075,#8076,#8077,#8078,#8079,#8080,#8081
      ,#8082,#8083,#8084,#8085
)),.UNSPECIFIED.,.F.,.F.,.F.) B_SPLINE_SURFACE_WITH_KNOTS((2,2),(3,2,2,2
    ,2,2,2,2,2,2,2,2,2,2,2,2,2,2,2,2,2,2,2,2,2,2,2,2,2,2,2,2,2,2,2,2,2,2
    ,2,2,2,2,2,2,2,2,2,2,2,2,2,2,2,2,2,2,2,2,2,2,2,2,2,2,2,2,2,2,2,2,2,2
    ,2,3),(0.,1.),(0.100449199628,0.109355643196,0.1125,0.125,0.1375,
    0.15,0.1625,0.175,0.1875,0.2,0.2125,0.225,0.2375,0.25,0.2625,0.275,
    0.2875,0.3,0.3125,0.325,0.3375,0.35,0.3625,0.375,0.3875,0.4,0.4125,
    0.425,0.4375,0.45,0.4625,0.475,0.4875,0.5,0.5125,0.525,0.5375,0.55,
    0.5625,0.575,0.5875,0.6,0.6125,0.625,0.6375,0.65,0.6625,0.675,0.6875
    ,0.7,0.7125,0.725,0.7375,0.75,0.7625,0.775,0.7875,0.8,0.8125,0.825,
    0.8375,0.85,0.8625,0.875,0.8875,0.9,0.9125,0.925,0.9375,0.95,0.9625,
0.975,0.9875,1.),.UNSPECIFIED.) GEOMETRIC_REPRESENTATION_ITEM() 
RATIONAL_B_SPLINE_SURFACE((
    (0.981570637188,0.981570637188,0.981570637188,0.987688337919,1.
      ,0.951056516295,1.,0.951056516295,1.,0.951056516295,1.
      ,0.951056516295,1.,0.951056516295,1.,0.951056516295,1.
      ,0.951056516295,1.,0.951056516295,1.,0.951056516295,1.
      ,0.951056516295,1.,0.951056516295,1.,0.951056516295,1.
      ,0.951056516295,1.,0.951056516295,1.,0.951056516295,1.
      ,0.951056516295,1.,0.951056516295,1.,0.951056516295,1.
      ,0.951056516295,1.,0.951056516295,1.,0.951056516295,1.
      ,0.951056516295,1.,0.951056516295,1.,0.951056516295,1.
      ,0.951056516295,1.,0.951056516295,1.,0.951056516295,1.
      ,0.951056516295,1.,0.951056516295,1.,0.951056516295,1.
      ,0.951056516295,1.,0.951056516295,1.,0.951056516295,1.
      ,0.951056516295,1.,0.951056516295,1.,0.951056516295,1.
      ,0.951056516295,1.,0.951056516295,1.,0.951056516295,1.
      ,0.951056516295,1.,0.951056516295,1.,0.951056516295,1.
      ,0.951056516295,1.,0.951056516295,1.,0.951056516295,1.
      ,0.951056516295,1.,0.951056516295,1.,0.951056516295,1.
      ,0.951056516295,1.,0.951056516295,1.,0.951056516295,1.
      ,0.951056516295,1.,0.951056516295,1.,0.951056516295,1.
      ,0.951056516295,1.,0.951056516295,1.,0.951056516295,1.
      ,0.951056516295,1.,0.951056516295,1.,0.951056516295,1.
      ,0.951056516295,1.,0.951056516295,1.,0.951056516295,1.
      ,0.951056516295,1.,0.951056516295,1.,0.951056516295,1.
      ,0.951056516295,1.,0.951056516295,1.,0.951056516295,1.
      ,0.951056516295,1.,0.951056516295,1.)
    ,(0.981570637188,0.981570637188,0.981570637188,0.987688337919,1.
      ,0.951056516295,1.,0.951056516295,1.,0.951056516295,1.
      ,0.951056516295,1.,0.951056516295,1.,0.951056516295,1.
      ,0.951056516295,1.,0.951056516295,1.,0.951056516295,1.
      ,0.951056516295,1.,0.951056516295,1.,0.951056516295,1.
      ,0.951056516295,1.,0.951056516295,1.,0.951056516295,1.
      ,0.951056516295,1.,0.951056516295,1.,0.951056516295,1.
      ,0.951056516295,1.,0.951056516295,1.,0.951056516295,1.
      ,0.951056516295,1.,0.951056516295,1.,0.951056516295,1.
      ,0.951056516295,1.,0.951056516295,1.,0.951056516295,1.
      ,0.951056516295,1.,0.951056516295,1.,0.951056516295,1.
      ,0.951056516295,1.,0.951056516295,1.,0.951056516295,1.
      ,0.951056516295,1.,0.951056516295,1.,0.951056516295,1.
      ,0.951056516295,1.,0.951056516295,1.,0.951056516295,1.
      ,0.951056516295,1.,0.951056516295,1.,0.951056516295,1.
      ,0.951056516295,1.,0.951056516295,1.,0.951056516295,1.
      ,0.951056516295,1.,0.951056516295,1.,0.951056516295,1.
      ,0.951056516295,1.,0.951056516295,1.,0.951056516295,1.
      ,0.951056516295,1.,0.951056516295,1.,0.951056516295,1.
      ,0.951056516295,1.,0.951056516295,1.,0.951056516295,1.
      ,0.951056516295,1.,0.951056516295,1.,0.951056516295,1.
      ,0.951056516295,1.,0.951056516295,1.,0.951056516295,1.
      ,0.951056516295,1.,0.951056516295,1.,0.951056516295,1.
      ,0.951056516295,1.,0.951056516295,1.,0.951056516295,1.
,0.951056516295,1.,0.951056516295,1.
  ))) REPRESENTATION_ITEM('') SURFACE() );
#7792 = CARTESIAN_POINT('',(-4.1,-1.839369435481,9.69276800153));
#7793 = CARTESIAN_POINT('',(-4.1,-0.919684717741,9.621072372643));
#7794 = CARTESIAN_POINT('',(-4.1,1.932977342604E-16,9.549376743756));
#7795 = CARTESIAN_POINT('',(-4.1,0.322677068985,9.524221889117));
#7796 = CARTESIAN_POINT('',(-4.049522174362,0.641381446061,
    9.499999989043));
#7797 = CARTESIAN_POINT('',(-3.841124709738,1.957150960843,
    9.399999989043));
#7798 = CARTESIAN_POINT('',(-2.899137703068,2.899137902661,
    9.299999989043));
#7799 = CARTESIAN_POINT('',(-1.957150696398,3.84112484448,9.199999989043
    ));
#7800 = CARTESIAN_POINT('',(-0.641381167269,4.049522218518,
    9.099999989043));
#7801 = CARTESIAN_POINT('',(0.67438836186,4.257919592557,8.999999989043)
  );
#7802 = CARTESIAN_POINT('',(1.861361174683,3.653126685099,8.899999989043
    ));
#7803 = CARTESIAN_POINT('',(3.048333987506,3.048333777641,8.799999989043
    ));
#7804 = CARTESIAN_POINT('',(3.653126813246,1.861360923181,8.699999989043
    ));
#7805 = CARTESIAN_POINT('',(4.257919638985,0.674388068721,8.599999989043
    ));
#7806 = CARTESIAN_POINT('',(4.049522174362,-0.641381446061,
    8.499999989043));
#7807 = CARTESIAN_POINT('',(3.841124709738,-1.957150960843,
    8.399999989043));
#7808 = CARTESIAN_POINT('',(2.899137703068,-2.899137902661,
    8.299999989043));
#7809 = CARTESIAN_POINT('',(1.957150696398,-3.84112484448,8.199999989043
    ));
#7810 = CARTESIAN_POINT('',(0.641381167269,-4.049522218518,
    8.099999989043));
#7811 = CARTESIAN_POINT('',(-0.67438836186,-4.257919592557,
    7.999999989043));
#7812 = CARTESIAN_POINT('',(-1.861361174683,-3.653126685099,
    7.899999989043));
#7813 = CARTESIAN_POINT('',(-3.048333987506,-3.048333777641,
    7.799999989043));
#7814 = CARTESIAN_POINT('',(-3.653126813246,-1.861360923181,
    7.699999989043));
#7815 = CARTESIAN_POINT('',(-4.257919638985,-0.674388068721,
    7.599999989043));
#7816 = CARTESIAN_POINT('',(-4.049522174362,0.641381446061,
    7.499999989043));
#7817 = CARTESIAN_POINT('',(-3.841124709738,1.957150960843,
    7.399999989043));
#7818 = CARTESIAN_POINT('',(-2.899137703068,2.899137902661,
    7.299999989043));
#7819 = CARTESIAN_POINT('',(-1.957150696398,3.84112484448,7.199999989043
    ));
#7820 = CARTESIAN_POINT('',(-0.641381167269,4.049522218518,
    7.099999989043));
#7821 = CARTESIAN_POINT('',(0.67438836186,4.257919592557,6.999999989043)
  );
#7822 = CARTESIAN_POINT('',(1.861361174683,3.653126685099,6.899999989043
    ));
#7823 = CARTESIAN_POINT('',(3.048333987506,3.048333777641,6.799999989043
    ));
#7824 = CARTESIAN_POINT('',(3.653126813246,1.861360923181,6.699999989043
    ));
#7825 = CARTESIAN_POINT('',(4.257919638985,0.674388068721,6.599999989043
    ));
#7826 = CARTESIAN_POINT('',(4.049522174362,-0.641381446061,
    6.499999989043));
#7827 = CARTESIAN_POINT('',(3.841124709738,-1.957150960843,
    6.399999989043));
#7828 = CARTESIAN_POINT('',(2.899137703068,-2.899137902661,
    6.299999989043));
#7829 = CARTESIAN_POINT('',(1.957150696398,-3.84112484448,6.199999989043
    ));
#7830 = CARTESIAN_POINT('',(0.641381167269,-4.049522218518,
    6.099999989043));
#7831 = CARTESIAN_POINT('',(-0.67438836186,-4.257919592557,
    5.999999989043));
#7832 = CARTESIAN_POINT('',(-1.861361174683,-3.653126685099,
    5.899999989043));
#7833 = CARTESIAN_POINT('',(-3.048333987506,-3.048333777641,
    5.799999989043));
#7834 = CARTESIAN_POINT('',(-3.653126813246,-1.861360923181,
    5.699999989043));
#7835 = CARTESIAN_POINT('',(-4.257919638985,-0.674388068721,
    5.599999989043));
#7836 = CARTESIAN_POINT('',(-4.049522174362,0.641381446061,
    5.499999989043));
#7837 = CARTESIAN_POINT('',(-3.841124709738,1.957150960843,
    5.399999989043));
#7838 = CARTESIAN_POINT('',(-2.899137703068,2.899137902661,
    5.299999989043));
#7839 = CARTESIAN_POINT('',(-1.957150696398,3.84112484448,5.199999989043
    ));
#7840 = CARTESIAN_POINT('',(-0.641381167269,4.049522218518,
    5.099999989043));
#7841 = CARTESIAN_POINT('',(0.67438836186,4.257919592557,4.999999989043)
  );
#7842 = CARTESIAN_POINT('',(1.861361174683,3.653126685099,4.899999989043
    ));
#7843 = CARTESIAN_POINT('',(3.048333987506,3.048333777641,4.799999989043
    ));
#7844 = CARTESIAN_POINT('',(3.653126813246,1.861360923181,4.699999989043
    ));
#7845 = CARTESIAN_POINT('',(4.257919638985,0.674388068721,4.599999989043
    ));
#7846 = CARTESIAN_POINT('',(4.049522174362,-0.641381446061,
    4.499999989043));
#7847 = CARTESIAN_POINT('',(3.841124709738,-1.957150960843,
    4.399999989043));
#7848 = CARTESIAN_POINT('',(2.899137703068,-2.899137902661,
    4.299999989043));
#7849 = CARTESIAN_POINT('',(1.957150696398,-3.84112484448,4.199999989043
    ));
#7850 = CARTESIAN_POINT('',(0.641381167269,-4.049522218518,
    4.099999989043));
#7851 = CARTESIAN_POINT('',(-0.67438836186,-4.257919592557,
    3.999999989043));
#7852 = CARTESIAN_POINT('',(-1.861361174683,-3.653126685099,
    3.899999989043));
#7853 = CARTESIAN_POINT('',(-3.048333987506,-3.048333777641,
    3.799999989043));
#7854 = CARTESIAN_POINT('',(-3.653126813246,-1.861360923181,
    3.699999989043));
#7855 = CARTESIAN_POINT('',(-4.257919638985,-0.674388068721,
    3.599999989043));
#7856 = CARTESIAN_POINT('',(-4.049522174362,0.641381446061,
    3.499999989043));
#7857 = CARTESIAN_POINT('',(-3.841124709738,1.957150960843,
    3.399999989043));
#7858 = CARTESIAN_POINT('',(-2.899137703068,2.899137902661,
    3.299999989043));
#7859 = CARTESIAN_POINT('',(-1.957150696398,3.84112484448,3.199999989043
    ));
#7860 = CARTESIAN_POINT('',(-0.641381167269,4.049522218518,
    3.099999989043));
#7861 = CARTESIAN_POINT('',(0.67438836186,4.257919592557,2.999999989043)
  );
#7862 = CARTESIAN_POINT('',(1.861361174683,3.653126685099,2.899999989043
    ));
#7863 = CARTESIAN_POINT('',(3.048333987506,3.048333777641,2.799999989043
    ));
#7864 = CARTESIAN_POINT('',(3.653126813246,1.861360923181,2.699999989043
    ));
#7865 = CARTESIAN_POINT('',(4.257919638985,0.674388068721,2.599999989043
    ));
#7866 = CARTESIAN_POINT('',(4.049522174362,-0.641381446061,
    2.499999989043));
#7867 = CARTESIAN_POINT('',(3.841124709738,-1.957150960843,
    2.399999989043));
#7868 = CARTESIAN_POINT('',(2.899137703068,-2.899137902661,
    2.299999989043));
#7869 = CARTESIAN_POINT('',(1.957150696398,-3.84112484448,2.199999989043
    ));
#7870 = CARTESIAN_POINT('',(0.641381167269,-4.049522218518,
    2.099999989043));
#7871 = CARTESIAN_POINT('',(-0.67438836186,-4.257919592557,
    1.999999989043));
#7872 = CARTESIAN_POINT('',(-1.861361174683,-3.653126685099,
    1.899999989043));
#7873 = CARTESIAN_POINT('',(-3.048333987506,-3.048333777641,
    1.799999989043));
#7874 = CARTESIAN_POINT('',(-3.653126813246,-1.861360923181,
    1.699999989043));
#7875 = CARTESIAN_POINT('',(-4.257919638985,-0.674388068721,
    1.599999989043));
#7876 = CARTESIAN_POINT('',(-4.049522174362,0.641381446061,
    1.499999989043));
#7877 = CARTESIAN_POINT('',(-3.841124709738,1.957150960843,
    1.399999989043));
#7878 = CARTESIAN_POINT('',(-2.899137703068,2.899137902661,
    1.299999989043));
#7879 = CARTESIAN_POINT('',(-1.957150696398,3.84112484448,1.199999989043
    ));
#7880 = CARTESIAN_POINT('',(-0.641381167269,4.049522218518,
    1.099999989043));
#7881 = CARTESIAN_POINT('',(0.67438836186,4.257919592557,0.999999989043)
  );
#7882 = CARTESIAN_POINT('',(1.861361174683,3.653126685099,0.899999989043
    ));
#7883 = CARTESIAN_POINT('',(3.048333987506,3.048333777641,0.799999989043
    ));
#7884 = CARTESIAN_POINT('',(3.653126813246,1.861360923181,0.699999989043
    ));
#7885 = CARTESIAN_POINT('',(4.257919638985,0.674388068721,0.599999989043
    ));
#7886 = CARTESIAN_POINT('',(4.049522174362,-0.641381446061,
    0.499999989043));
#7887 = CARTESIAN_POINT('',(3.841124709738,-1.957150960843,
    0.399999989043));
#7888 = CARTESIAN_POINT('',(2.899137703068,-2.899137902661,
    0.299999989043));
#7889 = CARTESIAN_POINT('',(1.957150696398,-3.84112484448,0.199999989043
    ));
#7890 = CARTESIAN_POINT('',(0.641381167269,-4.049522218518,
    9.999998904288E-02));
#7891 = CARTESIAN_POINT('',(-0.67438836186,-4.257919592557,
    -1.095712409693E-08));
#7892 = CARTESIAN_POINT('',(-1.861361174683,-3.653126685099,
    -0.100000010957));
#7893 = CARTESIAN_POINT('',(-3.048333987506,-3.048333777641,
    -0.200000010957));
#7894 = CARTESIAN_POINT('',(-3.653126813246,-1.861360923181,
    -0.300000010957));
#7895 = CARTESIAN_POINT('',(-4.257919638985,-0.674388068721,
    -0.400000010957));
#7896 = CARTESIAN_POINT('',(-4.049522174362,0.641381446061,
    -0.500000010957));
#7897 = CARTESIAN_POINT('',(-3.841124709738,1.957150960843,
    -0.600000010957));
#7898 = CARTESIAN_POINT('',(-2.899137703068,2.899137902661,
    -0.700000010957));
#7899 = CARTESIAN_POINT('',(-1.957150696398,3.84112484448,
    -0.800000010957));
#7900 = CARTESIAN_POINT('',(-0.641381167269,4.049522218518,
    -0.900000010957));
#7901 = CARTESIAN_POINT('',(0.67438836186,4.257919592557,-1.000000010957
    ));
#7902 = CARTESIAN_POINT('',(1.861361174683,3.653126685099,
    -1.100000010957));
#7903 = CARTESIAN_POINT('',(3.048333987506,3.048333777641,
    -1.200000010957));
#7904 = CARTESIAN_POINT('',(3.653126813246,1.861360923181,
    -1.300000010957));
#7905 = CARTESIAN_POINT('',(4.257919638985,0.674388068721,
    -1.400000010957));
#7906 = CARTESIAN_POINT('',(4.049522174362,-0.641381446061,
    -1.500000010957));
#7907 = CARTESIAN_POINT('',(3.841124709738,-1.957150960843,
    -1.600000010957));
#7908 = CARTESIAN_POINT('',(2.899137703068,-2.899137902661,
    -1.700000010957));
#7909 = CARTESIAN_POINT('',(1.957150696398,-3.84112484448,
    -1.800000010957));
#7910 = CARTESIAN_POINT('',(0.641381167269,-4.049522218518,
    -1.900000010957));
#7911 = CARTESIAN_POINT('',(-0.67438836186,-4.257919592557,
    -2.000000010957));
#7912 = CARTESIAN_POINT('',(-1.861361174683,-3.653126685099,
    -2.100000010957));
#7913 = CARTESIAN_POINT('',(-3.048333987506,-3.048333777641,
    -2.200000010957));
#7914 = CARTESIAN_POINT('',(-3.653126813246,-1.861360923181,
    -2.300000010957));
#7915 = CARTESIAN_POINT('',(-4.257919638985,-0.674388068721,
    -2.400000010957));
#7916 = CARTESIAN_POINT('',(-4.049522174362,0.641381446061,
    -2.500000010957));
#7917 = CARTESIAN_POINT('',(-3.841124709738,1.957150960843,
    -2.600000010957));
#7918 = CARTESIAN_POINT('',(-2.899137703068,2.899137902661,
    -2.700000010957));
#7919 = CARTESIAN_POINT('',(-1.957150696398,3.84112484448,
    -2.800000010957));
#7920 = CARTESIAN_POINT('',(-0.641381167269,4.049522218518,
    -2.900000010957));
#7921 = CARTESIAN_POINT('',(0.67438836186,4.257919592557,-3.000000010957
    ));
#7922 = CARTESIAN_POINT('',(1.861361174683,3.653126685099,
    -3.100000010957));
#7923 = CARTESIAN_POINT('',(3.048333987506,3.048333777641,
    -3.200000010957));
#7924 = CARTESIAN_POINT('',(3.653126813246,1.861360923181,
    -3.300000010957));
#7925 = CARTESIAN_POINT('',(4.257919638985,0.674388068721,
    -3.400000010957));
#7926 = CARTESIAN_POINT('',(4.049522174362,-0.641381446061,
    -3.500000010957));
#7927 = CARTESIAN_POINT('',(3.841124709738,-1.957150960843,
    -3.600000010957));
#7928 = CARTESIAN_POINT('',(2.899137703068,-2.899137902661,
    -3.700000010957));
#7929 = CARTESIAN_POINT('',(1.957150696398,-3.84112484448,
    -3.800000010957));
#7930 = CARTESIAN_POINT('',(0.641381167269,-4.049522218518,
    -3.900000010957));
#7931 = CARTESIAN_POINT('',(-0.67438836186,-4.257919592557,
    -4.000000010957));
#7932 = CARTESIAN_POINT('',(-1.861361174683,-3.653126685099,
    -4.100000010957));
#7933 = CARTESIAN_POINT('',(-3.048333987506,-3.048333777641,
    -4.200000010957));
#7934 = CARTESIAN_POINT('',(-3.653126813246,-1.861360923181,
    -4.300000010957));
#7935 = CARTESIAN_POINT('',(-4.257919638985,-0.674388068721,
    -4.400000010957));
#7936 = CARTESIAN_POINT('',(-4.049522174362,0.641381446061,
    -4.500000010957));
#7937 = CARTESIAN_POINT('',(-3.841124709738,1.957150960843,
    -4.600000010957));
#7938 = CARTESIAN_POINT('',(-2.899137703068,2.899137902661,
    -4.700000010957));
#7939 = CARTESIAN_POINT('',(-4.1,-1.839369435481,10.59276800153));
#7940 = CARTESIAN_POINT('',(-4.1,-0.919684717741,10.521072372643));
#7941 = CARTESIAN_POINT('',(-4.1,1.932977342604E-16,10.449376743756));
#7942 = CARTESIAN_POINT('',(-4.1,0.322677068985,10.424221889117));
#7943 = CARTESIAN_POINT('',(-4.049522174362,0.641381446061,
    10.399999989043));
#7944 = CARTESIAN_POINT('',(-3.841124709738,1.957150960843,
    10.299999989043));
#7945 = CARTESIAN_POINT('',(-2.899137703068,2.899137902661,
    10.199999989043));
#7946 = CARTESIAN_POINT('',(-1.957150696398,3.84112484448,
    10.099999989043));
#7947 = CARTESIAN_POINT('',(-0.641381167269,4.049522218518,
    9.999999989043));
#7948 = CARTESIAN_POINT('',(0.67438836186,4.257919592557,9.899999989043)
  );
#7949 = CARTESIAN_POINT('',(1.861361174683,3.653126685099,9.799999989043
    ));
#7950 = CARTESIAN_POINT('',(3.048333987506,3.048333777641,9.699999989043
    ));
#7951 = CARTESIAN_POINT('',(3.653126813246,1.861360923181,9.599999989043
    ));
#7952 = CARTESIAN_POINT('',(4.257919638985,0.674388068721,9.499999989043
    ));
#7953 = CARTESIAN_POINT('',(4.049522174362,-0.641381446061,
    9.399999989043));
#7954 = CARTESIAN_POINT('',(3.841124709738,-1.957150960843,
    9.299999989043));
#7955 = CARTESIAN_POINT('',(2.899137703068,-2.899137902661,
    9.199999989043));
#7956 = CARTESIAN_POINT('',(1.957150696398,-3.84112484448,9.099999989043
    ));
#7957 = CARTESIAN_POINT('',(0.641381167269,-4.049522218518,
    8.999999989043));
#7958 = CARTESIAN_POINT('',(-0.67438836186,-4.257919592557,
    8.899999989043));
#7959 = CARTESIAN_POINT('',(-1.861361174683,-3.653126685099,
    8.799999989043));
#7960 = CARTESIAN_POINT('',(-3.048333987506,-3.048333777641,
    8.699999989043));
#7961 = CARTESIAN_POINT('',(-3.653126813246,-1.861360923181,
    8.599999989043));
#7962 = CARTESIAN_POINT('',(-4.257919638985,-0.674388068721,
    8.499999989043));
#7963 = CARTESIAN_POINT('',(-4.049522174362,0.641381446061,
    8.399999989043));
#7964 = CARTESIAN_POINT('',(-3.841124709738,1.957150960843,
    8.299999989043));
#7965 = CARTESIAN_POINT('',(-2.899137703068,2.899137902661,
    8.199999989043));
#7966 = CARTESIAN_POINT('',(-1.957150696398,3.84112484448,8.099999989043
    ));
#7967 = CARTESIAN_POINT('',(-0.641381167269,4.049522218518,
    7.999999989043));
#7968 = CARTESIAN_POINT('',(0.67438836186,4.257919592557,7.899999989043)
  );
#7969 = CARTESIAN_POINT('',(1.861361174683,3.653126685099,7.799999989043
    ));
#7970 = CARTESIAN_POINT('',(3.048333987506,3.048333777641,7.699999989043
    ));
#7971 = CARTESIAN_POINT('',(3.653126813246,1.861360923181,7.599999989043
    ));
#7972 = CARTESIAN_POINT('',(4.257919638985,0.674388068721,7.499999989043
    ));
#7973 = CARTESIAN_POINT('',(4.049522174362,-0.641381446061,
    7.399999989043));
#7974 = CARTESIAN_POINT('',(3.841124709738,-1.957150960843,
    7.299999989043));
#7975 = CARTESIAN_POINT('',(2.899137703068,-2.899137902661,
    7.199999989043));
#7976 = CARTESIAN_POINT('',(1.957150696398,-3.84112484448,7.099999989043
    ));
#7977 = CARTESIAN_POINT('',(0.641381167269,-4.049522218518,
    6.999999989043));
#7978 = CARTESIAN_POINT('',(-0.67438836186,-4.257919592557,
    6.899999989043));
#7979 = CARTESIAN_POINT('',(-1.861361174683,-3.653126685099,
    6.799999989043));
#7980 = CARTESIAN_POINT('',(-3.048333987506,-3.048333777641,
    6.699999989043));
#7981 = CARTESIAN_POINT('',(-3.653126813246,-1.861360923181,
    6.599999989043));
#7982 = CARTESIAN_POINT('',(-4.257919638985,-0.674388068721,
    6.499999989043));
#7983 = CARTESIAN_POINT('',(-4.049522174362,0.641381446061,
    6.399999989043));
#7984 = CARTESIAN_POINT('',(-3.841124709738,1.957150960843,
    6.299999989043));
#7985 = CARTESIAN_POINT('',(-2.899137703068,2.899137902661,
    6.199999989043));
#7986 = CARTESIAN_POINT('',(-1.957150696398,3.84112484448,6.099999989043
    ));
#7987 = CARTESIAN_POINT('',(-0.641381167269,4.049522218518,
    5.999999989043));
#7988 = CARTESIAN_POINT('',(0.67438836186,4.257919592557,5.899999989043)
  );
#7989 = CARTESIAN_POINT('',(1.861361174683,3.653126685099,5.799999989043
    ));
#7990 = CARTESIAN_POINT('',(3.048333987506,3.048333777641,5.699999989043
    ));
#7991 = CARTESIAN_POINT('',(3.653126813246,1.861360923181,5.599999989043
    ));
#7992 = CARTESIAN_POINT('',(4.257919638985,0.674388068721,5.499999989043
    ));
#7993 = CARTESIAN_POINT('',(4.049522174362,-0.641381446061,
    5.399999989043));
#7994 = CARTESIAN_POINT('',(3.841124709738,-1.957150960843,
    5.299999989043));
#7995 = CARTESIAN_POINT('',(2.899137703068,-2.899137902661,
    5.199999989043));
#7996 = CARTESIAN_POINT('',(1.957150696398,-3.84112484448,5.099999989043
    ));
#7997 = CARTESIAN_POINT('',(0.641381167269,-4.049522218518,
    4.999999989043));
#7998 = CARTESIAN_POINT('',(-0.67438836186,-4.257919592557,
    4.899999989043));
#7999 = CARTESIAN_POINT('',(-1.861361174683,-3.653126685099,
    4.799999989043));
#8000 = CARTESIAN_POINT('',(-3.048333987506,-3.048333777641,
    4.699999989043));
#8001 = CARTESIAN_POINT('',(-3.653126813246,-1.861360923181,
    4.599999989043));
#8002 = CARTESIAN_POINT('',(-4.257919638985,-0.674388068721,
    4.499999989043));
#8003 = CARTESIAN_POINT('',(-4.049522174362,0.641381446061,
    4.399999989043));
#8004 = CARTESIAN_POINT('',(-3.841124709738,1.957150960843,
    4.299999989043));
#8005 = CARTESIAN_POINT('',(-2.899137703068,2.899137902661,
    4.199999989043));
#8006 = CARTESIAN_POINT('',(-1.957150696398,3.84112484448,4.099999989043
    ));
#8007 = CARTESIAN_POINT('',(-0.641381167269,4.049522218518,
    3.999999989043));
#8008 = CARTESIAN_POINT('',(0.67438836186,4.257919592557,3.899999989043)
  );
#8009 = CARTESIAN_POINT('',(1.861361174683,3.653126685099,3.799999989043
    ));
#8010 = CARTESIAN_POINT('',(3.048333987506,3.048333777641,3.699999989043
    ));
#8011 = CARTESIAN_POINT('',(3.653126813246,1.861360923181,3.599999989043
    ));
#8012 = CARTESIAN_POINT('',(4.257919638985,0.674388068721,3.499999989043
    ));
#8013 = CARTESIAN_POINT('',(4.049522174362,-0.641381446061,
    3.399999989043));
#8014 = CARTESIAN_POINT('',(3.841124709738,-1.957150960843,
    3.299999989043));
#8015 = CARTESIAN_POINT('',(2.899137703068,-2.899137902661,
    3.199999989043));
#8016 = CARTESIAN_POINT('',(1.957150696398,-3.84112484448,3.099999989043
    ));
#8017 = CARTESIAN_POINT('',(0.641381167269,-4.049522218518,
    2.999999989043));
#8018 = CARTESIAN_POINT('',(-0.67438836186,-4.257919592557,
    2.899999989043));
#8019 = CARTESIAN_POINT('',(-1.861361174683,-3.653126685099,
    2.799999989043));
#8020 = CARTESIAN_POINT('',(-3.048333987506,-3.048333777641,
    2.699999989043));
#8021 = CARTESIAN_POINT('',(-3.653126813246,-1.861360923181,
    2.599999989043));
#8022 = CARTESIAN_POINT('',(-4.257919638985,-0.674388068721,
    2.499999989043));
#8023 = CARTESIAN_POINT('',(-4.049522174362,0.641381446061,
    2.399999989043));
#8024 = CARTESIAN_POINT('',(-3.841124709738,1.957150960843,
    2.299999989043));
#8025 = CARTESIAN_POINT('',(-2.899137703068,2.899137902661,
    2.199999989043));
#8026 = CARTESIAN_POINT('',(-1.957150696398,3.84112484448,2.099999989043
    ));
#8027 = CARTESIAN_POINT('',(-0.641381167269,4.049522218518,
    1.999999989043));
#8028 = CARTESIAN_POINT('',(0.67438836186,4.257919592557,1.899999989043)
  );
#8029 = CARTESIAN_POINT('',(1.861361174683,3.653126685099,1.799999989043
    ));
#8030 = CARTESIAN_POINT('',(3.048333987506,3.048333777641,1.699999989043
    ));
#8031 = CARTESIAN_POINT('',(3.653126813246,1.861360923181,1.599999989043
    ));
#8032 = CARTESIAN_POINT('',(4.257919638985,0.674388068721,1.499999989043
    ));
#8033 = CARTESIAN_POINT('',(4.049522174362,-0.641381446061,
    1.399999989043));
#8034 = CARTESIAN_POINT('',(3.841124709738,-1.957150960843,
    1.299999989043));
#8035 = CARTESIAN_POINT('',(2.899137703068,-2.899137902661,
    1.199999989043));
#8036 = CARTESIAN_POINT('',(1.957150696398,-3.84112484448,1.099999989043
    ));
#8037 = CARTESIAN_POINT('',(0.641381167269,-4.049522218518,
    0.999999989043));
#8038 = CARTESIAN_POINT('',(-0.67438836186,-4.257919592557,
    0.899999989043));
#8039 = CARTESIAN_POINT('',(-1.861361174683,-3.653126685099,
    0.799999989043));
#8040 = CARTESIAN_POINT('',(-3.048333987506,-3.048333777641,
    0.699999989043));
#8041 = CARTESIAN_POINT('',(-3.653126813246,-1.861360923181,
    0.599999989043));
#8042 = CARTESIAN_POINT('',(-4.257919638985,-0.674388068721,
    0.499999989043));
#8043 = CARTESIAN_POINT('',(-4.049522174362,0.641381446061,
    0.399999989043));
#8044 = CARTESIAN_POINT('',(-3.841124709738,1.957150960843,
    0.299999989043));
#8045 = CARTESIAN_POINT('',(-2.899137703068,2.899137902661,
    0.199999989043));
#8046 = CARTESIAN_POINT('',(-1.957150696398,3.84112484448,
    9.999998904288E-02));
#8047 = CARTESIAN_POINT('',(-0.641381167269,4.049522218518,
    -1.095712236221E-08));
#8048 = CARTESIAN_POINT('',(0.67438836186,4.257919592557,-0.100000010957
    ));
#8049 = CARTESIAN_POINT('',(1.861361174683,3.653126685099,
    -0.200000010957));
#8050 = CARTESIAN_POINT('',(3.048333987506,3.048333777641,
    -0.300000010957));
#8051 = CARTESIAN_POINT('',(3.653126813246,1.861360923181,
    -0.400000010957));
#8052 = CARTESIAN_POINT('',(4.257919638985,0.674388068721,
    -0.500000010957));
#8053 = CARTESIAN_POINT('',(4.049522174362,-0.641381446061,
    -0.600000010957));
#8054 = CARTESIAN_POINT('',(3.841124709738,-1.957150960843,
    -0.700000010957));
#8055 = CARTESIAN_POINT('',(2.899137703068,-2.899137902661,
    -0.800000010957));
#8056 = CARTESIAN_POINT('',(1.957150696398,-3.84112484448,
    -0.900000010957));
#8057 = CARTESIAN_POINT('',(0.641381167269,-4.049522218518,
    -1.000000010957));
#8058 = CARTESIAN_POINT('',(-0.67438836186,-4.257919592557,
    -1.100000010957));
#8059 = CARTESIAN_POINT('',(-1.861361174683,-3.653126685099,
    -1.200000010957));
#8060 = CARTESIAN_POINT('',(-3.048333987506,-3.048333777641,
    -1.300000010957));
#8061 = CARTESIAN_POINT('',(-3.653126813246,-1.861360923181,
    -1.400000010957));
#8062 = CARTESIAN_POINT('',(-4.257919638985,-0.674388068721,
    -1.500000010957));
#8063 = CARTESIAN_POINT('',(-4.049522174362,0.641381446061,
    -1.600000010957));
#8064 = CARTESIAN_POINT('',(-3.841124709738,1.957150960843,
    -1.700000010957));
#8065 = CARTESIAN_POINT('',(-2.899137703068,2.899137902661,
    -1.800000010957));
#8066 = CARTESIAN_POINT('',(-1.957150696398,3.84112484448,
    -1.900000010957));
#8067 = CARTESIAN_POINT('',(-0.641381167269,4.049522218518,
    -2.000000010957));
#8068 = CARTESIAN_POINT('',(0.67438836186,4.257919592557,-2.100000010957
    ));
#8069 = CARTESIAN_POINT('',(1.861361174683,3.653126685099,
    -2.200000010957));
#8070 = CARTESIAN_POINT('',(3.048333987506,3.048333777641,
    -2.300000010957));
#8071 = CARTESIAN_POINT('',(3.653126813246,1.861360923181,
    -2.400000010957));
#8072 = CARTESIAN_POINT('',(4.257919638985,0.674388068721,
    -2.500000010957));
#8073 = CARTESIAN_POINT('',(4.049522174362,-0.641381446061,
    -2.600000010957));
#8074 = CARTESIAN_POINT('',(3.841124709738,-1.957150960843,
    -2.700000010957));
#8075 = CARTESIAN_POINT('',(2.899137703068,-2.899137902661,
    -2.800000010957));
#8076 = CARTESIAN_POINT('',(1.957150696398,-3.84112484448,
    -2.900000010957));
#8077 = CARTESIAN_POINT('',(0.641381167269,-4.049522218518,
    -3.000000010957));
#8078 = CARTESIAN_POINT('',(-0.67438836186,-4.257919592557,
    -3.100000010957));
#8079 = CARTESIAN_POINT('',(-1.861361174683,-3.653126685099,
    -3.200000010957));
#8080 = CARTESIAN_POINT('',(-3.048333987506,-3.048333777641,
    -3.300000010957));
#8081 = CARTESIAN_POINT('',(-3.653126813246,-1.861360923181,
    -3.400000010957));
#8082 = CARTESIAN_POINT('',(-4.257919638985,-0.674388068721,
    -3.500000010957));
#8083 = CARTESIAN_POINT('',(-4.049522174362,0.641381446061,
    -3.600000010957));
#8084 = CARTESIAN_POINT('',(-3.841124709738,1.957150960843,
    -3.700000010957));
#8085 = CARTESIAN_POINT('',(-2.899137703068,2.899137902661,
    -3.800000010957));
#8086 = DEFINITIONAL_REPRESENTATION('',(#8087),#8090);
#8087 = B_SPLINE_CURVE_WITH_KNOTS('',1,(#8088,#8089),.UNSPECIFIED.,.F.,
  .F.,(2,2),(0.108791581366,0.242910690729),.PIECEWISE_BEZIER_KNOTS.);
#8088 = CARTESIAN_POINT('',(-5.753348945022E-17,0.206249999332));
#8089 = CARTESIAN_POINT('',(-1.429126893242E-15,0.325702465131));
#8090 = ( GEOMETRIC_REPRESENTATION_CONTEXT(2) 
PARAMETRIC_REPRESENTATION_CONTEXT() REPRESENTATION_CONTEXT('2D SPACE',''
  ) );
#8091 = ORIENTED_EDGE('',*,*,#8092,.F.);
#8092 = EDGE_CURVE('',#4023,#7757,#8093,.T.);
#8093 = SURFACE_CURVE('',#8094,(#8105,#8134),.PCURVE_S1.);
#8094 = B_SPLINE_CURVE_WITH_KNOTS('',3,(#8095,#8096,#8097,#8098,#8099,
    #8100,#8101,#8102,#8103,#8104),.UNSPECIFIED.,.F.,.F.,(4,3,3,4),(0.,
    1.356333429384E-04,2.71266681302E-04,5.204467713536E-04),
  .UNSPECIFIED.);
#8095 = CARTESIAN_POINT('',(0.5,-3.565108693995,5.96055005394));
#8096 = CARTESIAN_POINT('',(0.5,-3.608934508623,5.971656035646));
#8097 = CARTESIAN_POINT('',(0.5,-3.652754938499,5.982783283861));
#8098 = CARTESIAN_POINT('',(0.5,-3.696570492327,5.993929677904));
#8099 = CARTESIAN_POINT('',(0.5,-3.740386045253,6.005076071719));
#8100 = CARTESIAN_POINT('',(0.5,-3.784196729904,6.016241616572));
#8101 = CARTESIAN_POINT('',(0.5,-3.828002993398,6.0274244629));
#8102 = CARTESIAN_POINT('',(0.5,-3.908482078909,6.047969133321));
#8103 = CARTESIAN_POINT('',(0.5,-3.988946302579,6.068572082517));
#8104 = CARTESIAN_POINT('',(0.5,-4.069397989875,6.089223782171));
#8105 = PCURVE('',#4486,#8106);
#8106 = DEFINITIONAL_REPRESENTATION('',(#8107),#8133);
#8107 = B_SPLINE_CURVE_WITH_KNOTS('',3,(#8108,#8109,#8110,#8111,#8112,
    #8113,#8114,#8115,#8116,#8117,#8118,#8119,#8120,#8121,#8122,#8123,
    #8124,#8125,#8126,#8127,#8128,#8129,#8130,#8131,#8132),
  .UNSPECIFIED.,.F.,.F.,(4,1,1,1,1,1,1,1,1,1,1,1,1,1,1,1,1,1,1,1,1,1,4),
  (0.,2.365667142517E-05,4.731334285033E-05,7.09700142755E-05,
    9.462668570066E-05,1.182833571258E-04,1.41940028551E-04,
    1.655966999762E-04,1.892533714013E-04,2.129100428265E-04,
    2.365667142517E-04,2.602233856768E-04,2.83880057102E-04,
    3.075367285272E-04,3.311933999523E-04,3.548500713775E-04,
    3.785067428026E-04,4.021634142278E-04,4.25820085653E-04,
    4.494767570781E-04,4.731334285033E-04,4.967900999285E-04,
    5.204467713536E-04),.QUASI_UNIFORM_KNOTS.);
#8108 = CARTESIAN_POINT('',(0.,0.325358310256));
#8109 = CARTESIAN_POINT('',(1.51397060724E-02,0.32536425857));
#8110 = CARTESIAN_POINT('',(4.542034651496E-02,0.325376079145));
#8111 = CARTESIAN_POINT('',(9.084492209107E-02,0.325393586048));
#8112 = CARTESIAN_POINT('',(0.136273041954,0.325410873228));
#8113 = CARTESIAN_POINT('',(0.181704637734,0.325427944782));
#8114 = CARTESIAN_POINT('',(0.227139642734,0.325444804715));
#8115 = CARTESIAN_POINT('',(0.272577991046,0.325461456932));
#8116 = CARTESIAN_POINT('',(0.318019623004,0.325477905245));
#8117 = CARTESIAN_POINT('',(0.363464476616,0.325494153369));
#8118 = CARTESIAN_POINT('',(0.40891249192,0.325510204929));
#8119 = CARTESIAN_POINT('',(0.454363609636,0.325526063466));
#8120 = CARTESIAN_POINT('',(0.49981777406,0.325541732437));
#8121 = CARTESIAN_POINT('',(0.545274922582,0.325557215216));
#8122 = CARTESIAN_POINT('',(0.590735005152,0.325572515101));
#8123 = CARTESIAN_POINT('',(0.636197973352,0.325587635309));
#8124 = CARTESIAN_POINT('',(0.681663774215,0.325602578978));
#8125 = CARTESIAN_POINT('',(0.727132357473,0.325617349178));
#8126 = CARTESIAN_POINT('',(0.772603673569,0.325631948907));
#8127 = CARTESIAN_POINT('',(0.818077674155,0.325646381095));
#8128 = CARTESIAN_POINT('',(0.863554311904,0.325660648607));
#8129 = CARTESIAN_POINT('',(0.909033540557,0.325674754241));
#8130 = CARTESIAN_POINT('',(0.954515314758,0.32568870074));
#8131 = CARTESIAN_POINT('',(0.98483816524,0.325697894089));
#8132 = CARTESIAN_POINT('',(1.,0.325702465131));
#8133 = ( GEOMETRIC_REPRESENTATION_CONTEXT(2) 
PARAMETRIC_REPRESENTATION_CONTEXT() REPRESENTATION_CONTEXT('2D SPACE',''
  ) );
#8134 = PCURVE('',#543,#8135);
#8135 = DEFINITIONAL_REPRESENTATION('',(#8136),#8147);
#8136 = B_SPLINE_CURVE_WITH_KNOTS('',3,(#8137,#8138,#8139,#8140,#8141,
    #8142,#8143,#8144,#8145,#8146),.UNSPECIFIED.,.F.,.F.,(4,3,3,4),(0.,
    1.356333429384E-04,2.71266681302E-04,5.204467713536E-04),
  .UNSPECIFIED.);
#8137 = CARTESIAN_POINT('',(-6.14529053134,5.437965678228));
#8138 = CARTESIAN_POINT('',(-6.156396513045,5.394139863601));
#8139 = CARTESIAN_POINT('',(-6.16752376126,5.350319433724));
#8140 = CARTESIAN_POINT('',(-6.178670155304,5.306503879897));
#8141 = CARTESIAN_POINT('',(-6.189816549118,5.26268832697));
#8142 = CARTESIAN_POINT('',(-6.200982093972,5.218877642319));
#8143 = CARTESIAN_POINT('',(-6.212164940299,5.175071378825));
#8144 = CARTESIAN_POINT('',(-6.232709610721,5.094592293314));
#8145 = CARTESIAN_POINT('',(-6.253312559916,5.014128069645));
#8146 = CARTESIAN_POINT('',(-6.27396425957,4.933676382348));
#8147 = ( GEOMETRIC_REPRESENTATION_CONTEXT(2) 
PARAMETRIC_REPRESENTATION_CONTEXT() REPRESENTATION_CONTEXT('2D SPACE',''
  ) );
#8148 = ORIENTED_EDGE('',*,*,#4444,.F.);
#8149 = ORIENTED_EDGE('',*,*,#4869,.F.);
#8150 = ORIENTED_EDGE('',*,*,#5184,.F.);
#8151 = ORIENTED_EDGE('',*,*,#8152,.F.);
#8152 = EDGE_CURVE('',#8153,#5162,#8155,.T.);
#8153 = VERTEX_POINT('',#8154);
#8154 = CARTESIAN_POINT('',(-0.5,-4.028522837187,8.));
#8155 = SURFACE_CURVE('',#8156,(#8167,#8196),.PCURVE_S1.);
#8156 = B_SPLINE_CURVE_WITH_KNOTS('',3,(#8157,#8158,#8159,#8160,#8161,
    #8162,#8163,#8164,#8165,#8166),.UNSPECIFIED.,.F.,.F.,(4,3,3,4),(
    4.239957736592E-05,1.356333316564E-04,2.712666646231E-04,
    5.232287769239E-04),.UNSPECIFIED.);
#8157 = CARTESIAN_POINT('',(-0.5,-4.028522837187,8.));
#8158 = CARTESIAN_POINT('',(-0.5,-3.998562879053,7.991739376109));
#8159 = CARTESIAN_POINT('',(-0.5,-3.968604233139,7.983473991329));
#8160 = CARTESIAN_POINT('',(-0.5,-3.938646991333,7.975203522069));
#8161 = CARTESIAN_POINT('',(-0.5,-3.895066202845,7.963171921367));
#8162 = CARTESIAN_POINT('',(-0.5,-3.851488381647,7.951129566284));
#8163 = CARTESIAN_POINT('',(-0.5,-3.807913843934,7.939075346949));
#8164 = CARTESIAN_POINT('',(-0.5,-3.72696669689,7.916682575475));
#8165 = CARTESIAN_POINT('',(-0.5,-3.646030824578,7.894248989059));
#8166 = CARTESIAN_POINT('',(-0.5,-3.565108693995,7.871765981903));
#8167 = PCURVE('',#4486,#8168);
#8168 = DEFINITIONAL_REPRESENTATION('',(#8169),#8195);
#8169 = B_SPLINE_CURVE_WITH_KNOTS('',3,(#8170,#8171,#8172,#8173,#8174,
    #8175,#8176,#8177,#8178,#8179,#8180,#8181,#8182,#8183,#8184,#8185,
    #8186,#8187,#8188,#8189,#8190,#8191,#8192,#8193,#8194),
  .UNSPECIFIED.,.F.,.F.,(4,1,1,1,1,1,1,1,1,1,1,1,1,1,1,1,1,1,1,1,1,1,4),
  (4.239957736592E-05,6.42554500731E-05,8.611132278028E-05,
    1.079671954875E-04,1.298230681946E-04,1.516789409018E-04,
    1.73534813609E-04,1.953906863162E-04,2.172465590234E-04,
    2.391024317305E-04,2.609583044377E-04,2.828141771449E-04,
    3.046700498521E-04,3.265259225593E-04,3.483817952665E-04,
    3.702376679736E-04,3.920935406808E-04,4.13949413388E-04,
    4.358052860952E-04,4.576611588024E-04,4.795170315095E-04,
    5.013729042167E-04,5.232287769239E-04),.QUASI_UNIFORM_KNOTS.);
#8170 = CARTESIAN_POINT('',(0.918865992177,0.205587069121));
#8171 = CARTESIAN_POINT('',(0.904926510451,0.205591274797));
#8172 = CARTESIAN_POINT('',(0.877048938988,0.20559972933));
#8173 = CARTESIAN_POINT('',(0.835236824475,0.205612542721));
#8174 = CARTESIAN_POINT('',(0.793429018852,0.205625489736));
#8175 = CARTESIAN_POINT('',(0.751625590098,0.205638572468));
#8176 = CARTESIAN_POINT('',(0.709826607817,0.205651793046));
#8177 = CARTESIAN_POINT('',(0.668032141809,0.205665153649));
#8178 = CARTESIAN_POINT('',(0.62624226463,0.205678656498));
#8179 = CARTESIAN_POINT('',(0.584457050074,0.205692303862));
#8180 = CARTESIAN_POINT('',(0.542676573924,0.205706098059));
#8181 = CARTESIAN_POINT('',(0.500900912114,0.205720041456));
#8182 = CARTESIAN_POINT('',(0.459130147578,0.205734136469));
#8183 = CARTESIAN_POINT('',(0.417364358122,0.205748385566));
#8184 = CARTESIAN_POINT('',(0.375603623073,0.205762791273));
#8185 = CARTESIAN_POINT('',(0.333848027435,0.205777356168));
#8186 = CARTESIAN_POINT('',(0.292097656993,0.205792082888));
#8187 = CARTESIAN_POINT('',(0.250352599688,0.205806974124));
#8188 = CARTESIAN_POINT('',(0.208612945311,0.205822032631));
#8189 = CARTESIAN_POINT('',(0.166878785657,0.205837261221));
#8190 = CARTESIAN_POINT('',(0.125150214536,0.205852662771));
#8191 = CARTESIAN_POINT('',(8.342732791167E-02,0.205868240223));
#8192 = CARTESIAN_POINT('',(4.171022367336E-02,0.205883996579));
#8193 = CARTESIAN_POINT('',(1.390274306855E-02,0.205894622151));
#8194 = CARTESIAN_POINT('',(0.,0.205899965781));
#8195 = ( GEOMETRIC_REPRESENTATION_CONTEXT(2) 
PARAMETRIC_REPRESENTATION_CONTEXT() REPRESENTATION_CONTEXT('2D SPACE',''
  ) );
#8196 = PCURVE('',#505,#8197);
#8197 = DEFINITIONAL_REPRESENTATION('',(#8198),#8209);
#8198 = B_SPLINE_CURVE_WITH_KNOTS('',3,(#8199,#8200,#8201,#8202,#8203,
    #8204,#8205,#8206,#8207,#8208),.UNSPECIFIED.,.F.,.F.,(4,3,3,4),(
    4.239957736592E-05,1.356333316564E-04,2.712666646231E-04,
    5.232287769239E-04),.UNSPECIFIED.);
#8199 = CARTESIAN_POINT('',(-4.974551535037,8.184740477399));
#8200 = CARTESIAN_POINT('',(-5.00451149317,8.176479853508));
#8201 = CARTESIAN_POINT('',(-5.034470139084,8.168214468729));
#8202 = CARTESIAN_POINT('',(-5.06442738089,8.159943999468));
#8203 = CARTESIAN_POINT('',(-5.108008169379,8.147912398766));
#8204 = CARTESIAN_POINT('',(-5.151585990576,8.135870043684));
#8205 = CARTESIAN_POINT('',(-5.195160528289,8.123815824348));
#8206 = CARTESIAN_POINT('',(-5.276107675334,8.101423052874));
#8207 = CARTESIAN_POINT('',(-5.357043547646,8.078989466459));
#8208 = CARTESIAN_POINT('',(-5.437965678228,8.056506459303));
#8209 = ( GEOMETRIC_REPRESENTATION_CONTEXT(2) 
PARAMETRIC_REPRESENTATION_CONTEXT() REPRESENTATION_CONTEXT('2D SPACE',''
  ) );
#8210 = ORIENTED_EDGE('',*,*,#8211,.T.);
#8211 = EDGE_CURVE('',#8153,#7755,#8212,.T.);
#8212 = SURFACE_CURVE('',#8213,(#8218,#8247),.PCURVE_S1.);
#8213 = B_SPLINE_CURVE_WITH_KNOTS('',3,(#8214,#8215,#8216,#8217),
  .UNSPECIFIED.,.F.,.F.,(4,4),(1.55764313774E-03,1.700319569519E-03),
  .PIECEWISE_BEZIER_KNOTS.);
#8214 = CARTESIAN_POINT('',(-0.5,-4.028522837187,8.));
#8215 = CARTESIAN_POINT('',(-0.546952927597,-4.036366823978,8.));
#8216 = CARTESIAN_POINT('',(-0.594079790358,-4.043367774595,8.));
#8217 = CARTESIAN_POINT('',(-0.641381308947,-4.049522196079,8.));
#8218 = PCURVE('',#4486,#8219);
#8219 = DEFINITIONAL_REPRESENTATION('',(#8220),#8246);
#8220 = B_SPLINE_CURVE_WITH_KNOTS('',3,(#8221,#8222,#8223,#8224,#8225,
    #8226,#8227,#8228,#8229,#8230,#8231,#8232,#8233,#8234,#8235,#8236,
    #8237,#8238,#8239,#8240,#8241,#8242,#8243,#8244,#8245),
  .UNSPECIFIED.,.F.,.F.,(4,1,1,1,1,1,1,1,1,1,1,1,1,1,1,1,1,1,1,1,1,1,4),
  (1.55764313774E-03,1.564128430094E-03,1.570613722448E-03,
    1.577099014801E-03,1.583584307155E-03,1.590069599508E-03,
    1.596554891862E-03,1.603040184215E-03,1.609525476569E-03,
    1.616010768923E-03,1.622496061276E-03,1.62898135363E-03,
    1.635466645983E-03,1.641951938337E-03,1.64843723069E-03,
    1.654922523044E-03,1.661407815398E-03,1.667893107751E-03,
    1.674378400105E-03,1.680863692458E-03,1.687348984812E-03,
    1.693834277165E-03,1.700319569519E-03),.QUASI_UNIFORM_KNOTS.);
#8221 = CARTESIAN_POINT('',(0.918865992177,0.205587069121));
#8222 = CARTESIAN_POINT('',(0.920099396501,0.205597152718));
#8223 = CARTESIAN_POINT('',(0.922565825909,0.205617316015));
#8224 = CARTESIAN_POINT('',(0.926264334309,0.205647549408));
#8225 = CARTESIAN_POINT('',(0.929961708941,0.205677771385));
#8226 = CARTESIAN_POINT('',(0.933657951962,0.205707982085));
#8227 = CARTESIAN_POINT('',(0.937353065666,0.205738181643));
#8228 = CARTESIAN_POINT('',(0.941047052504,0.205768370197));
#8229 = CARTESIAN_POINT('',(0.944739915079,0.205798547883));
#8230 = CARTESIAN_POINT('',(0.948431656148,0.205828714837));
#8231 = CARTESIAN_POINT('',(0.952122278618,0.205858871195));
#8232 = CARTESIAN_POINT('',(0.955811785549,0.205889017093));
#8233 = CARTESIAN_POINT('',(0.959500180154,0.205919152665));
#8234 = CARTESIAN_POINT('',(0.963187465796,0.205949278045));
#8235 = CARTESIAN_POINT('',(0.966873645989,0.20597939337));
#8236 = CARTESIAN_POINT('',(0.9705587244,0.206009498772));
#8237 = CARTESIAN_POINT('',(0.974242704844,0.206039594386));
#8238 = CARTESIAN_POINT('',(0.977925591289,0.206069680345));
#8239 = CARTESIAN_POINT('',(0.981607387852,0.206099756783));
#8240 = CARTESIAN_POINT('',(0.985288098799,0.206129823832));
#8241 = CARTESIAN_POINT('',(0.988967728547,0.206159881624));
#8242 = CARTESIAN_POINT('',(0.992646281665,0.206189930293));
#8243 = CARTESIAN_POINT('',(0.996323762856,0.20621996997));
#8244 = CARTESIAN_POINT('',(0.998774705637,0.206239990514));
#8245 = CARTESIAN_POINT('',(1.,0.206249999332));
#8246 = ( GEOMETRIC_REPRESENTATION_CONTEXT(2) 
PARAMETRIC_REPRESENTATION_CONTEXT() REPRESENTATION_CONTEXT('2D SPACE',''
  ) );
#8247 = PCURVE('',#572,#8248);
#8248 = DEFINITIONAL_REPRESENTATION('',(#8249),#8254);
#8249 = B_SPLINE_CURVE_WITH_KNOTS('',3,(#8250,#8251,#8252,#8253),
  .UNSPECIFIED.,.F.,.F.,(4,4),(1.55764313774E-03,1.700319569519E-03),
  .PIECEWISE_BEZIER_KNOTS.);
#8250 = CARTESIAN_POINT('',(-0.5,-4.028522837187));
#8251 = CARTESIAN_POINT('',(-0.546952927597,-4.036366823978));
#8252 = CARTESIAN_POINT('',(-0.594079790358,-4.043367774595));
#8253 = CARTESIAN_POINT('',(-0.641381308947,-4.049522196079));
#8254 = ( GEOMETRIC_REPRESENTATION_CONTEXT(2) 
PARAMETRIC_REPRESENTATION_CONTEXT() REPRESENTATION_CONTEXT('2D SPACE',''
  ) );
#8255 = ADVANCED_FACE('',(#8256),#3582,.F.);
#8256 = FACE_BOUND('',#8257,.F.);
#8257 = EDGE_LOOP('',(#8258,#8315,#8316,#8317,#8318,#8375));
#8258 = ORIENTED_EDGE('',*,*,#8259,.F.);
#8259 = EDGE_CURVE('',#3119,#5671,#8260,.T.);
#8260 = SURFACE_CURVE('',#8261,(#8272,#8301),.PCURVE_S1.);
#8261 = B_SPLINE_CURVE_WITH_KNOTS('',3,(#8262,#8263,#8264,#8265,#8266,
    #8267,#8268,#8269,#8270,#8271),.UNSPECIFIED.,.F.,.F.,(4,3,3,4),(0.,
    1.356333429384E-04,2.71266681302E-04,5.204467713536E-04),
  .UNSPECIFIED.);
#8262 = CARTESIAN_POINT('',(0.5,-3.565108693995,3.96055005394));
#8263 = CARTESIAN_POINT('',(0.5,-3.608934508623,3.971656035646));
#8264 = CARTESIAN_POINT('',(0.5,-3.652754938499,3.982783283861));
#8265 = CARTESIAN_POINT('',(0.5,-3.696570492327,3.993929677904));
#8266 = CARTESIAN_POINT('',(0.5,-3.740386045253,4.005076071719));
#8267 = CARTESIAN_POINT('',(0.5,-3.784196729904,4.016241616572));
#8268 = CARTESIAN_POINT('',(0.5,-3.828002993398,4.0274244629));
#8269 = CARTESIAN_POINT('',(0.5,-3.908482078909,4.047969133321));
#8270 = CARTESIAN_POINT('',(0.5,-3.988946302579,4.068572082517));
#8271 = CARTESIAN_POINT('',(0.5,-4.069397989875,4.089223782171));
#8272 = PCURVE('',#3582,#8273);
#8273 = DEFINITIONAL_REPRESENTATION('',(#8274),#8300);
#8274 = B_SPLINE_CURVE_WITH_KNOTS('',3,(#8275,#8276,#8277,#8278,#8279,
    #8280,#8281,#8282,#8283,#8284,#8285,#8286,#8287,#8288,#8289,#8290,
    #8291,#8292,#8293,#8294,#8295,#8296,#8297,#8298,#8299),
  .UNSPECIFIED.,.F.,.F.,(4,1,1,1,1,1,1,1,1,1,1,1,1,1,1,1,1,1,1,1,1,1,4),
  (0.,2.365667142517E-05,4.731334285033E-05,7.09700142755E-05,
    9.462668570066E-05,1.182833571258E-04,1.41940028551E-04,
    1.655966999762E-04,1.892533714013E-04,2.129100428265E-04,
    2.365667142517E-04,2.602233856768E-04,2.83880057102E-04,
    3.075367285272E-04,3.311933999523E-04,3.548500713775E-04,
    3.785067428026E-04,4.021634142278E-04,4.25820085653E-04,
    4.494767570781E-04,4.731334285033E-04,4.967900999285E-04,
    5.204467713536E-04),.QUASI_UNIFORM_KNOTS.);
#8275 = CARTESIAN_POINT('',(0.,0.450358310256));
#8276 = CARTESIAN_POINT('',(1.51397060724E-02,0.45036425857));
#8277 = CARTESIAN_POINT('',(4.542034651496E-02,0.450376079145));
#8278 = CARTESIAN_POINT('',(9.084492209107E-02,0.450393586048));
#8279 = CARTESIAN_POINT('',(0.136273041954,0.450410873228));
#8280 = CARTESIAN_POINT('',(0.181704637734,0.450427944782));
#8281 = CARTESIAN_POINT('',(0.227139642734,0.450444804715));
#8282 = CARTESIAN_POINT('',(0.272577991046,0.450461456932));
#8283 = CARTESIAN_POINT('',(0.318019623004,0.450477905245));
#8284 = CARTESIAN_POINT('',(0.363464476616,0.450494153369));
#8285 = CARTESIAN_POINT('',(0.40891249192,0.450510204929));
#8286 = CARTESIAN_POINT('',(0.454363609636,0.450526063466));
#8287 = CARTESIAN_POINT('',(0.49981777406,0.450541732437));
#8288 = CARTESIAN_POINT('',(0.545274922582,0.450557215216));
#8289 = CARTESIAN_POINT('',(0.590735005152,0.450572515101));
#8290 = CARTESIAN_POINT('',(0.636197973352,0.450587635309));
#8291 = CARTESIAN_POINT('',(0.681663774215,0.450602578978));
#8292 = CARTESIAN_POINT('',(0.727132357473,0.450617349178));
#8293 = CARTESIAN_POINT('',(0.772603673569,0.450631948907));
#8294 = CARTESIAN_POINT('',(0.818077674155,0.450646381095));
#8295 = CARTESIAN_POINT('',(0.863554311904,0.450660648607));
#8296 = CARTESIAN_POINT('',(0.909033540557,0.450674754241));
#8297 = CARTESIAN_POINT('',(0.954515314758,0.45068870074));
#8298 = CARTESIAN_POINT('',(0.98483816524,0.450697894089));
#8299 = CARTESIAN_POINT('',(1.,0.450702465131));
#8300 = ( GEOMETRIC_REPRESENTATION_CONTEXT(2) 
PARAMETRIC_REPRESENTATION_CONTEXT() REPRESENTATION_CONTEXT('2D SPACE',''
  ) );
#8301 = PCURVE('',#543,#8302);
#8302 = DEFINITIONAL_REPRESENTATION('',(#8303),#8314);
#8303 = B_SPLINE_CURVE_WITH_KNOTS('',3,(#8304,#8305,#8306,#8307,#8308,
    #8309,#8310,#8311,#8312,#8313),.UNSPECIFIED.,.F.,.F.,(4,3,3,4),(0.,
    1.356333429384E-04,2.71266681302E-04,5.204467713536E-04),
  .UNSPECIFIED.);
#8304 = CARTESIAN_POINT('',(-4.14529053134,5.437965678228));
#8305 = CARTESIAN_POINT('',(-4.156396513045,5.394139863601));
#8306 = CARTESIAN_POINT('',(-4.16752376126,5.350319433724));
#8307 = CARTESIAN_POINT('',(-4.178670155304,5.306503879897));
#8308 = CARTESIAN_POINT('',(-4.189816549118,5.26268832697));
#8309 = CARTESIAN_POINT('',(-4.200982093972,5.218877642319));
#8310 = CARTESIAN_POINT('',(-4.212164940299,5.175071378825));
#8311 = CARTESIAN_POINT('',(-4.232709610721,5.094592293314));
#8312 = CARTESIAN_POINT('',(-4.253312559916,5.014128069645));
#8313 = CARTESIAN_POINT('',(-4.27396425957,4.933676382348));
#8314 = ( GEOMETRIC_REPRESENTATION_CONTEXT(2) 
PARAMETRIC_REPRESENTATION_CONTEXT() REPRESENTATION_CONTEXT('2D SPACE',''
  ) );
#8315 = ORIENTED_EDGE('',*,*,#3540,.F.);
#8316 = ORIENTED_EDGE('',*,*,#3965,.F.);
#8317 = ORIENTED_EDGE('',*,*,#5329,.F.);
#8318 = ORIENTED_EDGE('',*,*,#8319,.F.);
#8319 = EDGE_CURVE('',#5990,#5307,#8320,.T.);
#8320 = SURFACE_CURVE('',#8321,(#8332,#8361),.PCURVE_S1.);
#8321 = B_SPLINE_CURVE_WITH_KNOTS('',3,(#8322,#8323,#8324,#8325,#8326,
    #8327,#8328,#8329,#8330,#8331),.UNSPECIFIED.,.F.,.F.,(4,3,3,4),(0.,
    1.356333316564E-04,2.712666646231E-04,5.232287769239E-04),
  .UNSPECIFIED.);
#8322 = CARTESIAN_POINT('',(-0.5,-4.069397989875,6.011267035992));
#8323 = CARTESIAN_POINT('',(-0.5,-4.025811538193,5.999255968301));
#8324 = CARTESIAN_POINT('',(-0.5,-3.982227779573,5.987235122702));
#8325 = CARTESIAN_POINT('',(-0.5,-3.938646991333,5.975203522069));
#8326 = CARTESIAN_POINT('',(-0.5,-3.895066202845,5.963171921367));
#8327 = CARTESIAN_POINT('',(-0.5,-3.851488381647,5.951129566284));
#8328 = CARTESIAN_POINT('',(-0.5,-3.807913843934,5.939075346949));
#8329 = CARTESIAN_POINT('',(-0.5,-3.72696669689,5.916682575475));
#8330 = CARTESIAN_POINT('',(-0.5,-3.646030824578,5.894248989059));
#8331 = CARTESIAN_POINT('',(-0.5,-3.565108693995,5.871765981903));
#8332 = PCURVE('',#3582,#8333);
#8333 = DEFINITIONAL_REPRESENTATION('',(#8334),#8360);
#8334 = B_SPLINE_CURVE_WITH_KNOTS('',3,(#8335,#8336,#8337,#8338,#8339,
    #8340,#8341,#8342,#8343,#8344,#8345,#8346,#8347,#8348,#8349,#8350,
    #8351,#8352,#8353,#8354,#8355,#8356,#8357,#8358,#8359),
  .UNSPECIFIED.,.F.,.F.,(4,1,1,1,1,1,1,1,1,1,1,1,1,1,1,1,1,1,1,1,1,1,4),
  (0.,2.378312622381E-05,4.756625244763E-05,7.134937867144E-05,
    9.513250489525E-05,1.189156311191E-04,1.426987573429E-04,
    1.664818835667E-04,1.902650097905E-04,2.140481360143E-04,
    2.378312622381E-04,2.61614388462E-04,2.853975146858E-04,
    3.091806409096E-04,3.329637671334E-04,3.567468933572E-04,
    3.80530019581E-04,4.043131458048E-04,4.280962720286E-04,
    4.518793982525E-04,4.756625244763E-04,4.994456507001E-04,
    5.232287769239E-04),.QUASI_UNIFORM_KNOTS.);
#8335 = CARTESIAN_POINT('',(1.,0.330562834018));
#8336 = CARTESIAN_POINT('',(0.984828436924,0.330567320707));
#8337 = CARTESIAN_POINT('',(0.95448691058,0.330576343724));
#8338 = CARTESIAN_POINT('',(0.908979503371,0.330590029713));
#8339 = CARTESIAN_POINT('',(0.863477060626,0.330603869692));
#8340 = CARTESIAN_POINT('',(0.817979667031,0.330617866262));
#8341 = CARTESIAN_POINT('',(0.772487408892,0.330632022078));
#8342 = CARTESIAN_POINT('',(0.727000374822,0.330646339858));
#8343 = CARTESIAN_POINT('',(0.681518654279,0.330660822378));
#8344 = CARTESIAN_POINT('',(0.636042339544,0.330675472481));
#8345 = CARTESIAN_POINT('',(0.590571525294,0.330690293074));
#8346 = CARTESIAN_POINT('',(0.545106308752,0.330705287131));
#8347 = CARTESIAN_POINT('',(0.499646787572,0.330720457695));
#8348 = CARTESIAN_POINT('',(0.454193068534,0.330735807878));
#8349 = CARTESIAN_POINT('',(0.408745251009,0.330751340868));
#8350 = CARTESIAN_POINT('',(0.363303439236,0.330767059929));
#8351 = CARTESIAN_POINT('',(0.317867742887,0.330782968402));
#8352 = CARTESIAN_POINT('',(0.272438273431,0.330799069708));
#8353 = CARTESIAN_POINT('',(0.227015145201,0.330815367349));
#8354 = CARTESIAN_POINT('',(0.181598475216,0.330831864914));
#8355 = CARTESIAN_POINT('',(0.136188383309,0.330848566075));
#8356 = CARTESIAN_POINT('',(9.078499229677E-02,0.330865474599));
#8357 = CARTESIAN_POINT('',(4.538842767818E-02,0.330882594333));
#8358 = CARTESIAN_POINT('',(1.512868870366E-02,0.33089415095));
#8359 = CARTESIAN_POINT('',(0.,0.330899965781));
#8360 = ( GEOMETRIC_REPRESENTATION_CONTEXT(2) 
PARAMETRIC_REPRESENTATION_CONTEXT() REPRESENTATION_CONTEXT('2D SPACE',''
  ) );
#8361 = PCURVE('',#505,#8362);
#8362 = DEFINITIONAL_REPRESENTATION('',(#8363),#8374);
#8363 = B_SPLINE_CURVE_WITH_KNOTS('',3,(#8364,#8365,#8366,#8367,#8368,
    #8369,#8370,#8371,#8372,#8373),.UNSPECIFIED.,.F.,.F.,(4,3,3,4),(0.,
    1.356333316564E-04,2.712666646231E-04,5.232287769239E-04),
  .UNSPECIFIED.);
#8364 = CARTESIAN_POINT('',(-4.933676382348,6.196007513391));
#8365 = CARTESIAN_POINT('',(-4.977262834031,6.1839964457));
#8366 = CARTESIAN_POINT('',(-5.020846592651,6.171975600101));
#8367 = CARTESIAN_POINT('',(-5.06442738089,6.159943999468));
#8368 = CARTESIAN_POINT('',(-5.108008169379,6.147912398766));
#8369 = CARTESIAN_POINT('',(-5.151585990576,6.135870043684));
#8370 = CARTESIAN_POINT('',(-5.19516052829,6.123815824348));
#8371 = CARTESIAN_POINT('',(-5.276107675334,6.101423052874));
#8372 = CARTESIAN_POINT('',(-5.357043547646,6.078989466459));
#8373 = CARTESIAN_POINT('',(-5.437965678228,6.056506459303));
#8374 = ( GEOMETRIC_REPRESENTATION_CONTEXT(2) 
PARAMETRIC_REPRESENTATION_CONTEXT() REPRESENTATION_CONTEXT('2D SPACE',''
  ) );
#8375 = ORIENTED_EDGE('',*,*,#5989,.T.);
#8376 = ADVANCED_FACE('',(#8377),#2678,.F.);
#8377 = FACE_BOUND('',#8378,.F.);
#8378 = EDGE_LOOP('',(#8379,#8436,#8437,#8438,#8439,#8496));
#8379 = ORIENTED_EDGE('',*,*,#8380,.F.);
#8380 = EDGE_CURVE('',#2215,#6095,#8381,.T.);
#8381 = SURFACE_CURVE('',#8382,(#8393,#8422),.PCURVE_S1.);
#8382 = B_SPLINE_CURVE_WITH_KNOTS('',3,(#8383,#8384,#8385,#8386,#8387,
    #8388,#8389,#8390,#8391,#8392),.UNSPECIFIED.,.F.,.F.,(4,3,3,4),(0.,
    1.356333429384E-04,2.71266681302E-04,5.204467713536E-04),
  .UNSPECIFIED.);
#8383 = CARTESIAN_POINT('',(0.5,-3.565108693995,1.96055005394));
#8384 = CARTESIAN_POINT('',(0.5,-3.608934508623,1.971656035646));
#8385 = CARTESIAN_POINT('',(0.5,-3.652754938499,1.982783283861));
#8386 = CARTESIAN_POINT('',(0.5,-3.696570492327,1.993929677904));
#8387 = CARTESIAN_POINT('',(0.5,-3.740386045253,2.005076071719));
#8388 = CARTESIAN_POINT('',(0.5,-3.784196729904,2.016241616572));
#8389 = CARTESIAN_POINT('',(0.5,-3.828002993398,2.0274244629));
#8390 = CARTESIAN_POINT('',(0.5,-3.908482078909,2.047969133321));
#8391 = CARTESIAN_POINT('',(0.5,-3.988946302579,2.068572082517));
#8392 = CARTESIAN_POINT('',(0.5,-4.069397989875,2.089223782171));
#8393 = PCURVE('',#2678,#8394);
#8394 = DEFINITIONAL_REPRESENTATION('',(#8395),#8421);
#8395 = B_SPLINE_CURVE_WITH_KNOTS('',3,(#8396,#8397,#8398,#8399,#8400,
    #8401,#8402,#8403,#8404,#8405,#8406,#8407,#8408,#8409,#8410,#8411,
    #8412,#8413,#8414,#8415,#8416,#8417,#8418,#8419,#8420),
  .UNSPECIFIED.,.F.,.F.,(4,1,1,1,1,1,1,1,1,1,1,1,1,1,1,1,1,1,1,1,1,1,4),
  (0.,2.365667142517E-05,4.731334285033E-05,7.09700142755E-05,
    9.462668570066E-05,1.182833571258E-04,1.41940028551E-04,
    1.655966999762E-04,1.892533714013E-04,2.129100428265E-04,
    2.365667142517E-04,2.602233856768E-04,2.83880057102E-04,
    3.075367285272E-04,3.311933999523E-04,3.548500713775E-04,
    3.785067428026E-04,4.021634142278E-04,4.25820085653E-04,
    4.494767570781E-04,4.731334285033E-04,4.967900999285E-04,
    5.204467713536E-04),.QUASI_UNIFORM_KNOTS.);
#8396 = CARTESIAN_POINT('',(0.,0.575358310256));
#8397 = CARTESIAN_POINT('',(1.51397060724E-02,0.57536425857));
#8398 = CARTESIAN_POINT('',(4.542034651496E-02,0.575376079145));
#8399 = CARTESIAN_POINT('',(9.084492209106E-02,0.575393586048));
#8400 = CARTESIAN_POINT('',(0.136273041954,0.575410873228));
#8401 = CARTESIAN_POINT('',(0.181704637734,0.575427944782));
#8402 = CARTESIAN_POINT('',(0.227139642734,0.575444804715));
#8403 = CARTESIAN_POINT('',(0.272577991046,0.575461456932));
#8404 = CARTESIAN_POINT('',(0.318019623004,0.575477905245));
#8405 = CARTESIAN_POINT('',(0.363464476616,0.575494153369));
#8406 = CARTESIAN_POINT('',(0.40891249192,0.575510204929));
#8407 = CARTESIAN_POINT('',(0.454363609636,0.575526063466));
#8408 = CARTESIAN_POINT('',(0.49981777406,0.575541732437));
#8409 = CARTESIAN_POINT('',(0.545274922582,0.575557215216));
#8410 = CARTESIAN_POINT('',(0.590735005152,0.575572515101));
#8411 = CARTESIAN_POINT('',(0.636197973352,0.575587635309));
#8412 = CARTESIAN_POINT('',(0.681663774215,0.575602578978));
#8413 = CARTESIAN_POINT('',(0.727132357473,0.575617349178));
#8414 = CARTESIAN_POINT('',(0.772603673569,0.575631948907));
#8415 = CARTESIAN_POINT('',(0.818077674155,0.575646381095));
#8416 = CARTESIAN_POINT('',(0.863554311904,0.575660648607));
#8417 = CARTESIAN_POINT('',(0.909033540557,0.575674754241));
#8418 = CARTESIAN_POINT('',(0.954515314758,0.57568870074));
#8419 = CARTESIAN_POINT('',(0.98483816524,0.575697894089));
#8420 = CARTESIAN_POINT('',(1.,0.575702465131));
#8421 = ( GEOMETRIC_REPRESENTATION_CONTEXT(2) 
PARAMETRIC_REPRESENTATION_CONTEXT() REPRESENTATION_CONTEXT('2D SPACE',''
  ) );
#8422 = PCURVE('',#543,#8423);
#8423 = DEFINITIONAL_REPRESENTATION('',(#8424),#8435);
#8424 = B_SPLINE_CURVE_WITH_KNOTS('',3,(#8425,#8426,#8427,#8428,#8429,
    #8430,#8431,#8432,#8433,#8434),.UNSPECIFIED.,.F.,.F.,(4,3,3,4),(0.,
    1.356333429384E-04,2.71266681302E-04,5.204467713536E-04),
  .UNSPECIFIED.);
#8425 = CARTESIAN_POINT('',(-2.14529053134,5.437965678228));
#8426 = CARTESIAN_POINT('',(-2.156396513045,5.394139863601));
#8427 = CARTESIAN_POINT('',(-2.16752376126,5.350319433724));
#8428 = CARTESIAN_POINT('',(-2.178670155304,5.306503879897));
#8429 = CARTESIAN_POINT('',(-2.189816549118,5.26268832697));
#8430 = CARTESIAN_POINT('',(-2.200982093972,5.218877642319));
#8431 = CARTESIAN_POINT('',(-2.212164940299,5.175071378825));
#8432 = CARTESIAN_POINT('',(-2.232709610721,5.094592293314));
#8433 = CARTESIAN_POINT('',(-2.253312559916,5.014128069645));
#8434 = CARTESIAN_POINT('',(-2.27396425957,4.933676382348));
#8435 = ( GEOMETRIC_REPRESENTATION_CONTEXT(2) 
PARAMETRIC_REPRESENTATION_CONTEXT() REPRESENTATION_CONTEXT('2D SPACE',''
  ) );
#8436 = ORIENTED_EDGE('',*,*,#2636,.F.);
#8437 = ORIENTED_EDGE('',*,*,#3061,.F.);
#8438 = ORIENTED_EDGE('',*,*,#5474,.F.);
#8439 = ORIENTED_EDGE('',*,*,#8440,.F.);
#8440 = EDGE_CURVE('',#6414,#5452,#8441,.T.);
#8441 = SURFACE_CURVE('',#8442,(#8453,#8482),.PCURVE_S1.);
#8442 = B_SPLINE_CURVE_WITH_KNOTS('',3,(#8443,#8444,#8445,#8446,#8447,
    #8448,#8449,#8450,#8451,#8452),.UNSPECIFIED.,.F.,.F.,(4,3,3,4),(0.,
    1.356333316564E-04,2.712666646231E-04,5.232287769239E-04),
  .UNSPECIFIED.);
#8443 = CARTESIAN_POINT('',(-0.5,-4.069397989875,4.011267035992));
#8444 = CARTESIAN_POINT('',(-0.5,-4.025811538193,3.999255968301));
#8445 = CARTESIAN_POINT('',(-0.5,-3.982227779573,3.987235122702));
#8446 = CARTESIAN_POINT('',(-0.5,-3.938646991333,3.975203522069));
#8447 = CARTESIAN_POINT('',(-0.5,-3.895066202845,3.963171921367));
#8448 = CARTESIAN_POINT('',(-0.5,-3.851488381647,3.951129566284));
#8449 = CARTESIAN_POINT('',(-0.5,-3.807913843934,3.939075346949));
#8450 = CARTESIAN_POINT('',(-0.5,-3.72696669689,3.916682575475));
#8451 = CARTESIAN_POINT('',(-0.5,-3.646030824578,3.894248989059));
#8452 = CARTESIAN_POINT('',(-0.5,-3.565108693995,3.871765981903));
#8453 = PCURVE('',#2678,#8454);
#8454 = DEFINITIONAL_REPRESENTATION('',(#8455),#8481);
#8455 = B_SPLINE_CURVE_WITH_KNOTS('',3,(#8456,#8457,#8458,#8459,#8460,
    #8461,#8462,#8463,#8464,#8465,#8466,#8467,#8468,#8469,#8470,#8471,
    #8472,#8473,#8474,#8475,#8476,#8477,#8478,#8479,#8480),
  .UNSPECIFIED.,.F.,.F.,(4,1,1,1,1,1,1,1,1,1,1,1,1,1,1,1,1,1,1,1,1,1,4),
  (0.,2.378312622381E-05,4.756625244763E-05,7.134937867144E-05,
    9.513250489525E-05,1.189156311191E-04,1.426987573429E-04,
    1.664818835667E-04,1.902650097905E-04,2.140481360143E-04,
    2.378312622381E-04,2.61614388462E-04,2.853975146858E-04,
    3.091806409096E-04,3.329637671334E-04,3.567468933572E-04,
    3.80530019581E-04,4.043131458048E-04,4.280962720286E-04,
    4.518793982525E-04,4.756625244763E-04,4.994456507001E-04,
    5.232287769239E-04),.QUASI_UNIFORM_KNOTS.);
#8456 = CARTESIAN_POINT('',(1.,0.455562834018));
#8457 = CARTESIAN_POINT('',(0.984828436924,0.455567320707));
#8458 = CARTESIAN_POINT('',(0.95448691058,0.455576343724));
#8459 = CARTESIAN_POINT('',(0.908979503371,0.455590029713));
#8460 = CARTESIAN_POINT('',(0.863477060626,0.455603869692));
#8461 = CARTESIAN_POINT('',(0.817979667031,0.455617866262));
#8462 = CARTESIAN_POINT('',(0.772487408892,0.455632022078));
#8463 = CARTESIAN_POINT('',(0.727000374822,0.455646339858));
#8464 = CARTESIAN_POINT('',(0.681518654279,0.455660822378));
#8465 = CARTESIAN_POINT('',(0.636042339544,0.455675472481));
#8466 = CARTESIAN_POINT('',(0.590571525294,0.455690293074));
#8467 = CARTESIAN_POINT('',(0.545106308752,0.455705287131));
#8468 = CARTESIAN_POINT('',(0.499646787572,0.455720457695));
#8469 = CARTESIAN_POINT('',(0.454193068534,0.455735807878));
#8470 = CARTESIAN_POINT('',(0.408745251009,0.455751340868));
#8471 = CARTESIAN_POINT('',(0.363303439236,0.455767059929));
#8472 = CARTESIAN_POINT('',(0.317867742887,0.455782968402));
#8473 = CARTESIAN_POINT('',(0.272438273431,0.455799069708));
#8474 = CARTESIAN_POINT('',(0.227015145201,0.455815367349));
#8475 = CARTESIAN_POINT('',(0.181598475216,0.455831864914));
#8476 = CARTESIAN_POINT('',(0.136188383309,0.455848566075));
#8477 = CARTESIAN_POINT('',(9.078499229677E-02,0.455865474599));
#8478 = CARTESIAN_POINT('',(4.538842767817E-02,0.455882594333));
#8479 = CARTESIAN_POINT('',(1.512868870366E-02,0.45589415095));
#8480 = CARTESIAN_POINT('',(0.,0.455899965781));
#8481 = ( GEOMETRIC_REPRESENTATION_CONTEXT(2) 
PARAMETRIC_REPRESENTATION_CONTEXT() REPRESENTATION_CONTEXT('2D SPACE',''
  ) );
#8482 = PCURVE('',#505,#8483);
#8483 = DEFINITIONAL_REPRESENTATION('',(#8484),#8495);
#8484 = B_SPLINE_CURVE_WITH_KNOTS('',3,(#8485,#8486,#8487,#8488,#8489,
    #8490,#8491,#8492,#8493,#8494),.UNSPECIFIED.,.F.,.F.,(4,3,3,4),(0.,
    1.356333316564E-04,2.712666646231E-04,5.232287769239E-04),
  .UNSPECIFIED.);
#8485 = CARTESIAN_POINT('',(-4.933676382348,4.196007513391));
#8486 = CARTESIAN_POINT('',(-4.977262834031,4.1839964457));
#8487 = CARTESIAN_POINT('',(-5.020846592651,4.171975600101));
#8488 = CARTESIAN_POINT('',(-5.06442738089,4.159943999468));
#8489 = CARTESIAN_POINT('',(-5.108008169379,4.147912398766));
#8490 = CARTESIAN_POINT('',(-5.151585990576,4.135870043684));
#8491 = CARTESIAN_POINT('',(-5.19516052829,4.123815824348));
#8492 = CARTESIAN_POINT('',(-5.276107675334,4.101423052874));
#8493 = CARTESIAN_POINT('',(-5.357043547646,4.078989466459));
#8494 = CARTESIAN_POINT('',(-5.437965678228,4.056506459303));
#8495 = ( GEOMETRIC_REPRESENTATION_CONTEXT(2) 
PARAMETRIC_REPRESENTATION_CONTEXT() REPRESENTATION_CONTEXT('2D SPACE',''
  ) );
#8496 = ORIENTED_EDGE('',*,*,#6413,.T.);
#8497 = ADVANCED_FACE('',(#8498),#1463,.F.);
#8498 = FACE_BOUND('',#8499,.F.);
#8499 = EDGE_LOOP('',(#8500,#8553,#8598,#8599,#8600,#8601,#8658));
#8500 = ORIENTED_EDGE('',*,*,#8501,.F.);
#8501 = EDGE_CURVE('',#8502,#6519,#8504,.T.);
#8502 = VERTEX_POINT('',#8503);
#8503 = CARTESIAN_POINT('',(0.5,-3.720424548291,1.004764581231E-12));
#8504 = SURFACE_CURVE('',#8505,(#8513,#8542),.PCURVE_S1.);
#8505 = B_SPLINE_CURVE_WITH_KNOTS('',3,(#8506,#8507,#8508,#8509,#8510,
    #8511,#8512),.UNSPECIFIED.,.F.,.F.,(4,3,4),(1.602476621166E-04,
    2.71266681302E-04,5.204467713536E-04),.UNSPECIFIED.);
#8506 = CARTESIAN_POINT('',(0.5,-3.720424548291,1.004764581231E-12));
#8507 = CARTESIAN_POINT('',(0.5,-3.75628715423,9.129223373368E-03));
#8508 = CARTESIAN_POINT('',(0.5,-3.79214655515,1.827104494523E-02));
#8509 = CARTESIAN_POINT('',(0.5,-3.828002993398,2.74244629E-02));
#8510 = CARTESIAN_POINT('',(0.5,-3.908482078909,4.796913332143E-02));
#8511 = CARTESIAN_POINT('',(0.5,-3.988946302579,6.857208251702E-02));
#8512 = CARTESIAN_POINT('',(0.5,-4.069397989875,8.922378217068E-02));
#8513 = PCURVE('',#1463,#8514);
#8514 = DEFINITIONAL_REPRESENTATION('',(#8515),#8541);
#8515 = B_SPLINE_CURVE_WITH_KNOTS('',3,(#8516,#8517,#8518,#8519,#8520,
    #8521,#8522,#8523,#8524,#8525,#8526,#8527,#8528,#8529,#8530,#8531,
    #8532,#8533,#8534,#8535,#8536,#8537,#8538,#8539,#8540),
  .UNSPECIFIED.,.F.,.F.,(4,1,1,1,1,1,1,1,1,1,1,1,1,1,1,1,1,1,1,1,1,1,4),
  (1.602476621166E-04,1.766203489001E-04,1.929930356836E-04,
    2.093657224671E-04,2.257384092506E-04,2.421110960341E-04,
    2.584837828176E-04,2.748564696011E-04,2.912291563846E-04,
    3.076018431681E-04,3.239745299516E-04,3.403472167351E-04,
    3.567199035186E-04,3.730925903021E-04,3.894652770856E-04,
    4.058379638691E-04,4.222106506526E-04,4.385833374361E-04,
    4.549560242196E-04,4.713287110031E-04,4.877013977866E-04,
    5.040740845701E-04,5.204467713536E-04),.QUASI_UNIFORM_KNOTS.);
#8516 = CARTESIAN_POINT('',(0.307745019519,0.70047417024));
#8517 = CARTESIAN_POINT('',(0.318228545863,0.700477952215));
#8518 = CARTESIAN_POINT('',(0.33919611509,0.700485484073));
#8519 = CARTESIAN_POINT('',(0.370648998793,0.700496686779));
#8520 = CARTESIAN_POINT('',(0.402103392474,0.700507795603));
#8521 = CARTESIAN_POINT('',(0.433559276695,0.700518811716));
#8522 = CARTESIAN_POINT('',(0.46501663226,0.700529736272));
#8523 = CARTESIAN_POINT('',(0.496475440423,0.700540570407));
#8524 = CARTESIAN_POINT('',(0.527935682222,0.700551315238));
#8525 = CARTESIAN_POINT('',(0.55939733471,0.700561971863));
#8526 = CARTESIAN_POINT('',(0.590860388074,0.700572541364));
#8527 = CARTESIAN_POINT('',(0.622324822693,0.700583024802));
#8528 = CARTESIAN_POINT('',(0.653790621922,0.700593423222));
#8529 = CARTESIAN_POINT('',(0.68525776866,0.700603737652));
#8530 = CARTESIAN_POINT('',(0.716726246262,0.700613969105));
#8531 = CARTESIAN_POINT('',(0.748196038292,0.700624118575));
#8532 = CARTESIAN_POINT('',(0.779667128577,0.700634187043));
#8533 = CARTESIAN_POINT('',(0.811139501189,0.700644175473));
#8534 = CARTESIAN_POINT('',(0.842613140444,0.700654084814));
#8535 = CARTESIAN_POINT('',(0.874088030894,0.700663916003));
#8536 = CARTESIAN_POINT('',(0.905564157326,0.700673669958));
#8537 = CARTESIAN_POINT('',(0.937041504757,0.700683347585));
#8538 = CARTESIAN_POINT('',(0.968520058409,0.700692949778));
#8539 = CARTESIAN_POINT('',(0.989506555339,0.700699301533));
#8540 = CARTESIAN_POINT('',(1.,0.700702465131));
#8541 = ( GEOMETRIC_REPRESENTATION_CONTEXT(2) 
PARAMETRIC_REPRESENTATION_CONTEXT() REPRESENTATION_CONTEXT('2D SPACE',''
  ) );
#8542 = PCURVE('',#543,#8543);
#8543 = DEFINITIONAL_REPRESENTATION('',(#8544),#8552);
#8544 = B_SPLINE_CURVE_WITH_KNOTS('',3,(#8545,#8546,#8547,#8548,#8549,
    #8550,#8551),.UNSPECIFIED.,.F.,.F.,(4,3,4),(1.602476621166E-04,
    2.71266681302E-04,5.204467713536E-04),.UNSPECIFIED.);
#8545 = CARTESIAN_POINT('',(-0.1847404774,5.282649823932));
#8546 = CARTESIAN_POINT('',(-0.193869700773,5.246787217994));
#8547 = CARTESIAN_POINT('',(-0.203011522345,5.210927817074));
#8548 = CARTESIAN_POINT('',(-0.212164940299,5.175071378825));
#8549 = CARTESIAN_POINT('',(-0.232709610721,5.094592293314));
#8550 = CARTESIAN_POINT('',(-0.253312559916,5.014128069645));
#8551 = CARTESIAN_POINT('',(-0.27396425957,4.933676382348));
#8552 = ( GEOMETRIC_REPRESENTATION_CONTEXT(2) 
PARAMETRIC_REPRESENTATION_CONTEXT() REPRESENTATION_CONTEXT('2D SPACE',''
  ) );
#8553 = ORIENTED_EDGE('',*,*,#8554,.T.);
#8554 = EDGE_CURVE('',#8502,#1365,#8555,.T.);
#8555 = SURFACE_CURVE('',#8556,(#8561,#8590),.PCURVE_S1.);
#8556 = B_SPLINE_CURVE_WITH_KNOTS('',3,(#8557,#8558,#8559,#8560),
  .UNSPECIFIED.,.F.,.F.,(4,4),(1.191533194916E-03,1.701329626506E-03),
  .PIECEWISE_BEZIER_KNOTS.);
#8557 = CARTESIAN_POINT('',(0.5,-3.720424548291,1.004764581231E-12));
#8558 = CARTESIAN_POINT('',(0.654431562801,-3.649115697609,
    -5.020724136474E-18));
#8559 = CARTESIAN_POINT('',(0.803269274755,-3.567447231024,
    -8.179098719943E-16));
#8560 = CARTESIAN_POINT('',(0.945535900087,-3.473609342118,
    -4.158281281988E-16));
#8561 = PCURVE('',#1463,#8562);
#8562 = DEFINITIONAL_REPRESENTATION('',(#8563),#8589);
#8563 = B_SPLINE_CURVE_WITH_KNOTS('',3,(#8564,#8565,#8566,#8567,#8568,
    #8569,#8570,#8571,#8572,#8573,#8574,#8575,#8576,#8577,#8578,#8579,
    #8580,#8581,#8582,#8583,#8584,#8585,#8586,#8587,#8588),
  .UNSPECIFIED.,.F.,.F.,(4,1,1,1,1,1,1,1,1,1,1,1,1,1,1,1,1,1,1,1,1,1,4),
  (1.191533194916E-03,1.214705759989E-03,1.237878325061E-03,
    1.261050890133E-03,1.284223455205E-03,1.307396020278E-03,
    1.33056858535E-03,1.353741150422E-03,1.376913715494E-03,
    1.400086280567E-03,1.423258845639E-03,1.446431410711E-03,
    1.469603975783E-03,1.492776540856E-03,1.515949105928E-03,
    1.539121671E-03,1.562294236072E-03,1.585466801145E-03,
    1.608639366217E-03,1.631811931289E-03,1.654984496361E-03,
    1.678157061434E-03,1.701329626506E-03),.QUASI_UNIFORM_KNOTS.);
#8564 = CARTESIAN_POINT('',(0.307745019519,0.70047417024));
#8565 = CARTESIAN_POINT('',(0.30319012614,0.700434502454));
#8566 = CARTESIAN_POINT('',(0.294076966304,0.700355080767));
#8567 = CARTESIAN_POINT('',(0.280394800116,0.700235679502));
#8568 = CARTESIAN_POINT('',(0.266697656028,0.700116014851));
#8569 = CARTESIAN_POINT('',(0.252983837515,0.699996037082));
#8570 = CARTESIAN_POINT('',(0.239248531158,0.699875900382));
#8571 = CARTESIAN_POINT('',(0.22548742118,0.699755727379));
#8572 = CARTESIAN_POINT('',(0.211698704136,0.699635477235));
#8573 = CARTESIAN_POINT('',(0.197879922221,0.699515152659));
#8574 = CARTESIAN_POINT('',(0.184028812979,0.699394744437));
#8575 = CARTESIAN_POINT('',(0.170143082841,0.699274246291));
#8576 = CARTESIAN_POINT('',(0.156220469031,0.699153650892));
#8577 = CARTESIAN_POINT('',(0.142258724226,0.69903295093));
#8578 = CARTESIAN_POINT('',(0.128255621927,0.698912138821));
#8579 = CARTESIAN_POINT('',(0.114208956297,0.698791206783));
#8580 = CARTESIAN_POINT('',(0.100116543499,0.698670146811));
#8581 = CARTESIAN_POINT('',(8.597622265675E-02,0.698548950683));
#8582 = CARTESIAN_POINT('',(7.178585691085E-02,0.698427609951));
#8583 = CARTESIAN_POINT('',(5.754333455817E-02,0.698306115941));
#8584 = CARTESIAN_POINT('',(4.32465698623E-02,0.698184459752));
#8585 = CARTESIAN_POINT('',(2.88935051913E-02,0.698062632244));
#8586 = CARTESIAN_POINT('',(1.448210827954E-02,0.697940624062));
#8587 = CARTESIAN_POINT('',(4.834294608496E-03,0.69785915837));
#8588 = CARTESIAN_POINT('',(0.,0.6978183922));
#8589 = ( GEOMETRIC_REPRESENTATION_CONTEXT(2) 
PARAMETRIC_REPRESENTATION_CONTEXT() REPRESENTATION_CONTEXT('2D SPACE',''
  ) );
#8590 = PCURVE('',#989,#8591);
#8591 = DEFINITIONAL_REPRESENTATION('',(#8592),#8597);
#8592 = B_SPLINE_CURVE_WITH_KNOTS('',3,(#8593,#8594,#8595,#8596),
  .UNSPECIFIED.,.F.,.F.,(4,4),(1.191533194916E-03,1.701329626506E-03),
  .PIECEWISE_BEZIER_KNOTS.);
#8593 = CARTESIAN_POINT('',(0.5,-3.720424548291));
#8594 = CARTESIAN_POINT('',(0.654431562801,-3.649115697609));
#8595 = CARTESIAN_POINT('',(0.803269274755,-3.567447231024));
#8596 = CARTESIAN_POINT('',(0.945535900087,-3.473609342118));
#8597 = ( GEOMETRIC_REPRESENTATION_CONTEXT(2) 
PARAMETRIC_REPRESENTATION_CONTEXT() REPRESENTATION_CONTEXT('2D SPACE',''
  ) );
#8598 = ORIENTED_EDGE('',*,*,#1423,.F.);
#8599 = ORIENTED_EDGE('',*,*,#2157,.F.);
#8600 = ORIENTED_EDGE('',*,*,#5619,.F.);
#8601 = ORIENTED_EDGE('',*,*,#8602,.F.);
#8602 = EDGE_CURVE('',#6838,#5597,#8603,.T.);
#8603 = SURFACE_CURVE('',#8604,(#8615,#8644),.PCURVE_S1.);
#8604 = B_SPLINE_CURVE_WITH_KNOTS('',3,(#8605,#8606,#8607,#8608,#8609,
    #8610,#8611,#8612,#8613,#8614),.UNSPECIFIED.,.F.,.F.,(4,3,3,4),(0.,
    1.356333316564E-04,2.712666646231E-04,5.232287769239E-04),
  .UNSPECIFIED.);
#8605 = CARTESIAN_POINT('',(-0.500000000001,-4.069397989875,
    2.011267035992));
#8606 = CARTESIAN_POINT('',(-0.5,-4.025811538193,1.999255968301));
#8607 = CARTESIAN_POINT('',(-0.5,-3.982227779573,1.987235122702));
#8608 = CARTESIAN_POINT('',(-0.5,-3.938646991333,1.975203522069));
#8609 = CARTESIAN_POINT('',(-0.5,-3.895066202845,1.963171921367));
#8610 = CARTESIAN_POINT('',(-0.5,-3.851488381647,1.951129566284));
#8611 = CARTESIAN_POINT('',(-0.5,-3.807913843934,1.939075346949));
#8612 = CARTESIAN_POINT('',(-0.5,-3.72696669689,1.916682575475));
#8613 = CARTESIAN_POINT('',(-0.5,-3.646030824578,1.894248989059));
#8614 = CARTESIAN_POINT('',(-0.5,-3.565108693995,1.871765981903));
#8615 = PCURVE('',#1463,#8616);
#8616 = DEFINITIONAL_REPRESENTATION('',(#8617),#8643);
#8617 = B_SPLINE_CURVE_WITH_KNOTS('',3,(#8618,#8619,#8620,#8621,#8622,
    #8623,#8624,#8625,#8626,#8627,#8628,#8629,#8630,#8631,#8632,#8633,
    #8634,#8635,#8636,#8637,#8638,#8639,#8640,#8641,#8642),
  .UNSPECIFIED.,.F.,.F.,(4,1,1,1,1,1,1,1,1,1,1,1,1,1,1,1,1,1,1,1,1,1,4),
  (0.,2.378312622381E-05,4.756625244763E-05,7.134937867144E-05,
    9.513250489525E-05,1.189156311191E-04,1.426987573429E-04,
    1.664818835667E-04,1.902650097905E-04,2.140481360143E-04,
    2.378312622381E-04,2.61614388462E-04,2.853975146858E-04,
    3.091806409096E-04,3.329637671334E-04,3.567468933572E-04,
    3.80530019581E-04,4.043131458048E-04,4.280962720286E-04,
    4.518793982525E-04,4.756625244763E-04,4.994456507001E-04,
    5.232287769239E-04),.QUASI_UNIFORM_KNOTS.);
#8618 = CARTESIAN_POINT('',(1.,0.580562834018));
#8619 = CARTESIAN_POINT('',(0.984828436924,0.580567320707));
#8620 = CARTESIAN_POINT('',(0.95448691058,0.580576343724));
#8621 = CARTESIAN_POINT('',(0.908979503371,0.580590029713));
#8622 = CARTESIAN_POINT('',(0.863477060626,0.580603869692));
#8623 = CARTESIAN_POINT('',(0.817979667031,0.580617866262));
#8624 = CARTESIAN_POINT('',(0.772487408892,0.580632022078));
#8625 = CARTESIAN_POINT('',(0.727000374822,0.580646339858));
#8626 = CARTESIAN_POINT('',(0.681518654278,0.580660822378));
#8627 = CARTESIAN_POINT('',(0.636042339544,0.580675472481));
#8628 = CARTESIAN_POINT('',(0.590571525294,0.580690293074));
#8629 = CARTESIAN_POINT('',(0.545106308752,0.580705287131));
#8630 = CARTESIAN_POINT('',(0.499646787572,0.580720457695));
#8631 = CARTESIAN_POINT('',(0.454193068534,0.580735807878));
#8632 = CARTESIAN_POINT('',(0.408745251009,0.580751340868));
#8633 = CARTESIAN_POINT('',(0.363303439236,0.580767059929));
#8634 = CARTESIAN_POINT('',(0.317867742887,0.580782968402));
#8635 = CARTESIAN_POINT('',(0.272438273431,0.580799069708));
#8636 = CARTESIAN_POINT('',(0.227015145201,0.580815367349));
#8637 = CARTESIAN_POINT('',(0.181598475216,0.580831864914));
#8638 = CARTESIAN_POINT('',(0.136188383309,0.580848566075));
#8639 = CARTESIAN_POINT('',(9.078499229677E-02,0.580865474599));
#8640 = CARTESIAN_POINT('',(4.538842767817E-02,0.580882594333));
#8641 = CARTESIAN_POINT('',(1.512868870366E-02,0.58089415095));
#8642 = CARTESIAN_POINT('',(0.,0.580899965781));
#8643 = ( GEOMETRIC_REPRESENTATION_CONTEXT(2) 
PARAMETRIC_REPRESENTATION_CONTEXT() REPRESENTATION_CONTEXT('2D SPACE',''
  ) );
#8644 = PCURVE('',#505,#8645);
#8645 = DEFINITIONAL_REPRESENTATION('',(#8646),#8657);
#8646 = B_SPLINE_CURVE_WITH_KNOTS('',3,(#8647,#8648,#8649,#8650,#8651,
    #8652,#8653,#8654,#8655,#8656),.UNSPECIFIED.,.F.,.F.,(4,3,3,4),(0.,
    1.356333316564E-04,2.712666646231E-04,5.232287769239E-04),
  .UNSPECIFIED.);
#8647 = CARTESIAN_POINT('',(-4.933676382349,2.196007513391));
#8648 = CARTESIAN_POINT('',(-4.977262834031,2.1839964457));
#8649 = CARTESIAN_POINT('',(-5.020846592651,2.171975600101));
#8650 = CARTESIAN_POINT('',(-5.06442738089,2.159943999468));
#8651 = CARTESIAN_POINT('',(-5.108008169379,2.147912398766));
#8652 = CARTESIAN_POINT('',(-5.151585990576,2.135870043684));
#8653 = CARTESIAN_POINT('',(-5.195160528289,2.123815824348));
#8654 = CARTESIAN_POINT('',(-5.276107675334,2.101423052874));
#8655 = CARTESIAN_POINT('',(-5.357043547646,2.078989466459));
#8656 = CARTESIAN_POINT('',(-5.437965678228,2.056506459303));
#8657 = ( GEOMETRIC_REPRESENTATION_CONTEXT(2) 
PARAMETRIC_REPRESENTATION_CONTEXT() REPRESENTATION_CONTEXT('2D SPACE',''
  ) );
#8658 = ORIENTED_EDGE('',*,*,#6837,.T.);
#8659 = ADVANCED_FACE('',(#8660),#7405,.F.);
#8660 = FACE_BOUND('',#8661,.F.);
#8661 = EDGE_LOOP('',(#8662,#8709,#8754));
#8662 = ORIENTED_EDGE('',*,*,#8663,.T.);
#8663 = EDGE_CURVE('',#6945,#8664,#8666,.T.);
#8664 = VERTEX_POINT('',#8665);
#8665 = CARTESIAN_POINT('',(-0.5,-4.02852283719,8.843623452936E-13));
#8666 = SURFACE_CURVE('',#8667,(#8672,#8701),.PCURVE_S1.);
#8667 = B_SPLINE_CURVE_WITH_KNOTS('',3,(#8668,#8669,#8670,#8671),
  .UNSPECIFIED.,.F.,.F.,(4,4),(0.,1.427475875138E-04),
  .PIECEWISE_BEZIER_KNOTS.);
#8668 = CARTESIAN_POINT('',(-0.641381308947,-4.049522196079,
    1.080141941132E-15));
#8669 = CARTESIAN_POINT('',(-0.594084222676,-4.043368351286,
    -7.363025450801E-16));
#8670 = CARTESIAN_POINT('',(-0.546957322022,-4.036367558113,
    7.291505073053E-17));
#8671 = CARTESIAN_POINT('',(-0.5,-4.02852283719,8.843623452936E-13));
#8672 = PCURVE('',#7405,#8673);
#8673 = DEFINITIONAL_REPRESENTATION('',(#8674),#8700);
#8674 = B_SPLINE_CURVE_WITH_KNOTS('',3,(#8675,#8676,#8677,#8678,#8679,
    #8680,#8681,#8682,#8683,#8684,#8685,#8686,#8687,#8688,#8689,#8690,
    #8691,#8692,#8693,#8694,#8695,#8696,#8697,#8698,#8699),
  .UNSPECIFIED.,.F.,.F.,(4,1,1,1,1,1,1,1,1,1,1,1,1,1,1,1,1,1,1,1,1,1,4),
  (0.,6.488526705174E-06,1.297705341035E-05,1.946558011552E-05,
    2.59541068207E-05,3.244263352587E-05,3.893116023105E-05,
    4.541968693622E-05,5.190821364139E-05,5.839674034657E-05,
    6.488526705174E-05,7.137379375692E-05,7.786232046209E-05,
    8.435084716727E-05,9.083937387244E-05,9.732790057761E-05,
    1.038164272828E-04,1.10304953988E-04,1.167934806931E-04,
    1.232820073983E-04,1.297705341035E-04,1.362590608087E-04,
    1.427475875138E-04),.QUASI_UNIFORM_KNOTS.);
#8675 = CARTESIAN_POINT('',(1.,0.706249999332));
#8676 = CARTESIAN_POINT('',(0.998774820452,0.706239991452));
#8677 = CARTESIAN_POINT('',(0.996324096912,0.706219972699));
#8678 = CARTESIAN_POINT('',(0.992646913402,0.706189935454));
#8679 = CARTESIAN_POINT('',(0.988968626767,0.706159888962));
#8680 = CARTESIAN_POINT('',(0.985289232285,0.706129833091));
#8681 = CARTESIAN_POINT('',(0.981608725365,0.70609976771));
#8682 = CARTESIAN_POINT('',(0.977927101573,0.706069692684));
#8683 = CARTESIAN_POINT('',(0.97424435662,0.706039607881));
#8684 = CARTESIAN_POINT('',(0.970560486369,0.706009513168));
#8685 = CARTESIAN_POINT('',(0.96687548683,0.70597940841));
#8686 = CARTESIAN_POINT('',(0.963189354165,0.705949293475));
#8687 = CARTESIAN_POINT('',(0.959502084686,0.705919168227));
#8688 = CARTESIAN_POINT('',(0.955813674856,0.705889032531));
#8689 = CARTESIAN_POINT('',(0.952124121286,0.705858886253));
#8690 = CARTESIAN_POINT('',(0.948433420742,0.705828729258));
#8691 = CARTESIAN_POINT('',(0.944741570139,0.705798561409));
#8692 = CARTESIAN_POINT('',(0.941048566543,0.705768382571));
#8693 = CARTESIAN_POINT('',(0.937354407174,0.705738192607));
#8694 = CARTESIAN_POINT('',(0.933659089403,0.705707991382));
#8695 = CARTESIAN_POINT('',(0.929962610752,0.705677778757));
#8696 = CARTESIAN_POINT('',(0.926264968902,0.705647554595));
#8697 = CARTESIAN_POINT('',(0.92256616167,0.70561731876));
#8698 = CARTESIAN_POINT('',(0.920099511945,0.705597153662));
#8699 = CARTESIAN_POINT('',(0.918865992185,0.705587069121));
#8700 = ( GEOMETRIC_REPRESENTATION_CONTEXT(2) 
PARAMETRIC_REPRESENTATION_CONTEXT() REPRESENTATION_CONTEXT('2D SPACE',''
  ) );
#8701 = PCURVE('',#989,#8702);
#8702 = DEFINITIONAL_REPRESENTATION('',(#8703),#8708);
#8703 = B_SPLINE_CURVE_WITH_KNOTS('',3,(#8704,#8705,#8706,#8707),
  .UNSPECIFIED.,.F.,.F.,(4,4),(0.,1.427475875138E-04),
  .PIECEWISE_BEZIER_KNOTS.);
#8704 = CARTESIAN_POINT('',(-0.641381308947,-4.049522196079));
#8705 = CARTESIAN_POINT('',(-0.594084222676,-4.043368351286));
#8706 = CARTESIAN_POINT('',(-0.546957322022,-4.036367558113));
#8707 = CARTESIAN_POINT('',(-0.5,-4.02852283719));
#8708 = ( GEOMETRIC_REPRESENTATION_CONTEXT(2) 
PARAMETRIC_REPRESENTATION_CONTEXT() REPRESENTATION_CONTEXT('2D SPACE',''
  ) );
#8709 = ORIENTED_EDGE('',*,*,#8710,.F.);
#8710 = EDGE_CURVE('',#7391,#8664,#8711,.T.);
#8711 = SURFACE_CURVE('',#8712,(#8717,#8746),.PCURVE_S1.);
#8712 = B_SPLINE_CURVE_WITH_KNOTS('',3,(#8713,#8714,#8715,#8716),
  .UNSPECIFIED.,.F.,.F.,(4,4),(0.,4.239957736214E-05),
  .PIECEWISE_BEZIER_KNOTS.);
#8713 = CARTESIAN_POINT('',(-0.5,-4.069397989875,1.126703599204E-02));
#8714 = CARTESIAN_POINT('',(-0.5,-4.055772672769,7.512323236992E-03));
#8715 = CARTESIAN_POINT('',(-0.5,-4.042147619173,3.756654101E-03));
#8716 = CARTESIAN_POINT('',(-0.5,-4.02852283719,8.843623452936E-13));
#8717 = PCURVE('',#7405,#8718);
#8718 = DEFINITIONAL_REPRESENTATION('',(#8719),#8745);
#8719 = B_SPLINE_CURVE_WITH_KNOTS('',3,(#8720,#8721,#8722,#8723,#8724,
    #8725,#8726,#8727,#8728,#8729,#8730,#8731,#8732,#8733,#8734,#8735,
    #8736,#8737,#8738,#8739,#8740,#8741,#8742,#8743,#8744),
  .UNSPECIFIED.,.F.,.F.,(4,1,1,1,1,1,1,1,1,1,1,1,1,1,1,1,1,1,1,1,1,1,4),
  (0.,1.927253516461E-06,3.854507032922E-06,5.781760549383E-06,
    7.709014065844E-06,9.636267582305E-06,1.156352109877E-05,
    1.349077461523E-05,1.541802813169E-05,1.734528164815E-05,
    1.927253516461E-05,2.119978868107E-05,2.312704219753E-05,
    2.505429571399E-05,2.698154923045E-05,2.890880274691E-05,
    3.083605626338E-05,3.276330977984E-05,3.46905632963E-05,
    3.661781681276E-05,3.854507032922E-05,4.047232384568E-05,
    4.239957736214E-05),.QUASI_UNIFORM_KNOTS.);
#8720 = CARTESIAN_POINT('',(1.,0.705562834018));
#8721 = CARTESIAN_POINT('',(0.998770580088,0.705563197594));
#8722 = CARTESIAN_POINT('',(0.996311750773,0.705563925073));
#8723 = CARTESIAN_POINT('',(0.992623538373,0.70556501727));
#8724 = CARTESIAN_POINT('',(0.988935357588,0.705566110448));
#8725 = CARTESIAN_POINT('',(0.98524720846,0.705567204608));
#8726 = CARTESIAN_POINT('',(0.981559091032,0.705568299752));
#8727 = CARTESIAN_POINT('',(0.977871005348,0.70556939588));
#8728 = CARTESIAN_POINT('',(0.97418295145,0.705570492995));
#8729 = CARTESIAN_POINT('',(0.970494929381,0.705571591097));
#8730 = CARTESIAN_POINT('',(0.966806939184,0.705572690188));
#8731 = CARTESIAN_POINT('',(0.963118980903,0.705573790268));
#8732 = CARTESIAN_POINT('',(0.959431054581,0.705574891341));
#8733 = CARTESIAN_POINT('',(0.955743160261,0.705575993406));
#8734 = CARTESIAN_POINT('',(0.952055297986,0.705577096465));
#8735 = CARTESIAN_POINT('',(0.948367467801,0.70557820052));
#8736 = CARTESIAN_POINT('',(0.944679669748,0.705579305571));
#8737 = CARTESIAN_POINT('',(0.940991903871,0.70558041162));
#8738 = CARTESIAN_POINT('',(0.937304170215,0.705581518669));
#8739 = CARTESIAN_POINT('',(0.933616468822,0.705582626719));
#8740 = CARTESIAN_POINT('',(0.929928799738,0.705583735771));
#8741 = CARTESIAN_POINT('',(0.926241163005,0.705584845826));
#8742 = CARTESIAN_POINT('',(0.922553558668,0.705585956886));
#8743 = CARTESIAN_POINT('',(0.920095177403,0.705586698264));
#8744 = CARTESIAN_POINT('',(0.918865992185,0.705587069121));
#8745 = ( GEOMETRIC_REPRESENTATION_CONTEXT(2) 
PARAMETRIC_REPRESENTATION_CONTEXT() REPRESENTATION_CONTEXT('2D SPACE',''
  ) );
#8746 = PCURVE('',#505,#8747);
#8747 = DEFINITIONAL_REPRESENTATION('',(#8748),#8753);
#8748 = B_SPLINE_CURVE_WITH_KNOTS('',3,(#8749,#8750,#8751,#8752),
  .UNSPECIFIED.,.F.,.F.,(4,4),(0.,4.239957736214E-05),
  .PIECEWISE_BEZIER_KNOTS.);
#8749 = CARTESIAN_POINT('',(-4.933676382348,0.196007513391));
#8750 = CARTESIAN_POINT('',(-4.947301699455,0.192252800636));
#8751 = CARTESIAN_POINT('',(-4.96092675305,0.1884971315));
#8752 = CARTESIAN_POINT('',(-4.974551535033,0.1847404774));
#8753 = ( GEOMETRIC_REPRESENTATION_CONTEXT(2) 
PARAMETRIC_REPRESENTATION_CONTEXT() REPRESENTATION_CONTEXT('2D SPACE',''
  ) );
#8754 = ORIENTED_EDGE('',*,*,#7390,.T.);
#8755 = ADVANCED_FACE('',(#8756),#4096,.F.);
#8756 = FACE_BOUND('',#8757,.F.);
#8757 = EDGE_LOOP('',(#8758,#8759,#8760,#8817,#8818,#8875));
#8758 = ORIENTED_EDGE('',*,*,#4787,.F.);
#8759 = ORIENTED_EDGE('',*,*,#4052,.F.);
#8760 = ORIENTED_EDGE('',*,*,#8761,.F.);
#8761 = EDGE_CURVE('',#5673,#4025,#8762,.T.);
#8762 = SURFACE_CURVE('',#8763,(#8774,#8803),.PCURVE_S1.);
#8763 = B_SPLINE_CURVE_WITH_KNOTS('',3,(#8764,#8765,#8766,#8767,#8768,
    #8769,#8770,#8771,#8772,#8773),.UNSPECIFIED.,.F.,.F.,(4,3,3,4),(0.,
    1.356333311458E-04,2.712666633847E-04,5.231686598706E-04),
  .UNSPECIFIED.);
#8764 = CARTESIAN_POINT('',(0.5,-4.069397989875,4.989223782171));
#8765 = CARTESIAN_POINT('',(0.5,-4.025807440709,5.001219970121));
#8766 = CARTESIAN_POINT('',(0.5,-3.982219388077,5.013225234164));
#8767 = CARTESIAN_POINT('',(0.5,-3.938634081601,5.025240456234));
#8768 = CARTESIAN_POINT('',(0.5,-3.895048774917,5.037255678361));
#8769 = CARTESIAN_POINT('',(0.5,-3.851466211748,5.049280857965));
#8770 = CARTESIAN_POINT('',(0.5,-3.807886675601,5.06131699317));
#8771 = CARTESIAN_POINT('',(0.5,-3.726949556758,5.083670836087));
#8772 = CARTESIAN_POINT('',(0.5,-3.646022830673,5.106062357429));
#8773 = CARTESIAN_POINT('',(0.500000070168,-3.565108684149,
    5.128430125578));
#8774 = PCURVE('',#4096,#8775);
#8775 = DEFINITIONAL_REPRESENTATION('',(#8776),#8802);
#8776 = B_SPLINE_CURVE_WITH_KNOTS('',3,(#8777,#8778,#8779,#8780,#8781,
    #8782,#8783,#8784,#8785,#8786,#8787,#8788,#8789,#8790,#8791,#8792,
    #8793,#8794,#8795,#8796,#8797,#8798,#8799,#8800,#8801),
  .UNSPECIFIED.,.F.,.F.,(4,1,1,1,1,1,1,1,1,1,1,1,1,1,1,1,1,1,1,1,1,1,4),
  (0.,2.378039363048E-05,4.756078726096E-05,7.134118089144E-05,
    9.512157452193E-05,1.189019681524E-04,1.426823617829E-04,
    1.664627554134E-04,1.902431490439E-04,2.140235426743E-04,
    2.378039363048E-04,2.615843299353E-04,2.853647235658E-04,
    3.091451171963E-04,3.329255108267E-04,3.567059044572E-04,
    3.804862980877E-04,4.042666917182E-04,4.280470853487E-04,
    4.518274789791E-04,4.756078726096E-04,4.993882662401E-04,
    5.231686598706E-04),.QUASI_UNIFORM_KNOTS.);
#8777 = CARTESIAN_POINT('',(0.,0.450702465131));
#8778 = CARTESIAN_POINT('',(1.517124606769E-02,0.450697891251));
#8779 = CARTESIAN_POINT('',(4.551216253522E-02,0.450688692391));
#8780 = CARTESIAN_POINT('',(9.101872906362E-02,0.450674738143));
#8781 = CARTESIAN_POINT('',(0.136520406954,0.450660625313));
#8782 = CARTESIAN_POINT('',(0.182017113277,0.450646351191));
#8783 = CARTESIAN_POINT('',(0.227508763508,0.450631913016));
#8784 = CARTESIAN_POINT('',(0.272995270921,0.450617307958));
#8785 = CARTESIAN_POINT('',(0.318476547797,0.450602533126));
#8786 = CARTESIAN_POINT('',(0.363952503875,0.450587585558));
#8787 = CARTESIAN_POINT('',(0.40942304614,0.450572462227));
#8788 = CARTESIAN_POINT('',(0.454888080839,0.450557160032));
#8789 = CARTESIAN_POINT('',(0.500347507232,0.450541675805));
#8790 = CARTESIAN_POINT('',(0.545801240189,0.450526006286));
#8791 = CARTESIAN_POINT('',(0.591249076246,0.450510148235));
#8792 = CARTESIAN_POINT('',(0.636690724818,0.450494098399));
#8793 = CARTESIAN_POINT('',(0.682125909471,0.450477853438));
#8794 = CARTESIAN_POINT('',(0.72755434687,0.45046140994));
#8795 = CARTESIAN_POINT('',(0.772975752335,0.45044476441));
#8796 = CARTESIAN_POINT('',(0.818389838249,0.450427913274));
#8797 = CARTESIAN_POINT('',(0.863796314413,0.450410852873));
#8798 = CARTESIAN_POINT('',(0.909194887751,0.45039357946));
#8799 = CARTESIAN_POINT('',(0.954585262641,0.450376089208));
#8800 = CARTESIAN_POINT('',(0.984839847144,0.450364281845));
#8801 = CARTESIAN_POINT('',(0.999965673285,0.450358340712));
#8802 = ( GEOMETRIC_REPRESENTATION_CONTEXT(2) 
PARAMETRIC_REPRESENTATION_CONTEXT() REPRESENTATION_CONTEXT('2D SPACE',''
  ) );
#8803 = PCURVE('',#543,#8804);
#8804 = DEFINITIONAL_REPRESENTATION('',(#8805),#8816);
#8805 = B_SPLINE_CURVE_WITH_KNOTS('',3,(#8806,#8807,#8808,#8809,#8810,
    #8811,#8812,#8813,#8814,#8815),.UNSPECIFIED.,.F.,.F.,(4,3,3,4),(0.,
    1.356333311458E-04,2.712666633847E-04,5.231686598706E-04),
  .UNSPECIFIED.);
#8806 = CARTESIAN_POINT('',(-5.17396425957,4.933676382348));
#8807 = CARTESIAN_POINT('',(-5.185960447521,4.977266931515));
#8808 = CARTESIAN_POINT('',(-5.197965711563,5.020854984147));
#8809 = CARTESIAN_POINT('',(-5.209980933633,5.064440290623));
#8810 = CARTESIAN_POINT('',(-5.22199615576,5.108025597306));
#8811 = CARTESIAN_POINT('',(-5.234021335365,5.151608160476));
#8812 = CARTESIAN_POINT('',(-5.246057470569,5.195187696623));
#8813 = CARTESIAN_POINT('',(-5.268411313487,5.276124815466));
#8814 = CARTESIAN_POINT('',(-5.290802834828,5.357051541551));
#8815 = CARTESIAN_POINT('',(-5.313170602978,5.437965688074));
#8816 = ( GEOMETRIC_REPRESENTATION_CONTEXT(2) 
PARAMETRIC_REPRESENTATION_CONTEXT() REPRESENTATION_CONTEXT('2D SPACE',''
  ) );
#8817 = ORIENTED_EDGE('',*,*,#6052,.F.);
#8818 = ORIENTED_EDGE('',*,*,#8819,.F.);
#8819 = EDGE_CURVE('',#5091,#6031,#8820,.T.);
#8820 = SURFACE_CURVE('',#8821,(#8832,#8861),.PCURVE_S1.);
#8821 = B_SPLINE_CURVE_WITH_KNOTS('',3,(#8822,#8823,#8824,#8825,#8826,
    #8827,#8828,#8829,#8830,#8831),.UNSPECIFIED.,.F.,.F.,(4,3,3,4),(0.,
    1.356333446765E-04,2.71266684159E-04,5.203910659087E-04),
  .UNSPECIFIED.);
#8822 = CARTESIAN_POINT('',(-0.5,-3.565108693995,7.039698219485));
#8823 = CARTESIAN_POINT('',(-0.5,-3.608940165819,7.02863153831));
#8824 = CARTESIAN_POINT('',(-0.5,-3.652765956095,7.01752541445));
#8825 = CARTESIAN_POINT('',(-0.5,-3.696586610427,7.006399086944));
#8826 = CARTESIAN_POINT('',(-0.5,-3.740407263734,6.995272759698));
#8827 = CARTESIAN_POINT('',(-0.5,-3.784222789756,6.984126222985));
#8828 = CARTESIAN_POINT('',(-0.5,-3.828033666944,6.972961463503));
#8829 = CARTESIAN_POINT('',(-0.5,-3.908503232303,6.95245460766));
#8830 = CARTESIAN_POINT('',(-0.5,-3.988957180146,6.931886401058));
#8831 = CARTESIAN_POINT('',(-0.5,-4.069397989875,6.911267035992));
#8832 = PCURVE('',#4096,#8833);
#8833 = DEFINITIONAL_REPRESENTATION('',(#8834),#8860);
#8834 = B_SPLINE_CURVE_WITH_KNOTS('',3,(#8835,#8836,#8837,#8838,#8839,
    #8840,#8841,#8842,#8843,#8844,#8845,#8846,#8847,#8848,#8849,#8850,
    #8851,#8852,#8853,#8854,#8855,#8856,#8857,#8858,#8859),
  .UNSPECIFIED.,.F.,.F.,(4,1,1,1,1,1,1,1,1,1,1,1,1,1,1,1,1,1,1,1,1,1,4),
  (0.,2.365413935949E-05,4.730827871897E-05,7.096241807846E-05,
    9.461655743794E-05,1.182706967974E-04,1.419248361569E-04,
    1.655789755164E-04,1.892331148759E-04,2.128872542354E-04,
    2.365413935949E-04,2.601955329543E-04,2.838496723138E-04,
    3.075038116733E-04,3.311579510328E-04,3.548120903923E-04,
    3.784662297518E-04,4.021203691113E-04,4.257745084707E-04,
    4.494286478302E-04,4.730827871897E-04,4.967369265492E-04,
    5.203910659087E-04),.QUASI_UNIFORM_KNOTS.);
#8835 = CARTESIAN_POINT('',(0.99999158599,0.330899973516));
#8836 = CARTESIAN_POINT('',(0.984853013628,0.330894152942));
#8837 = CARTESIAN_POINT('',(0.954574164614,0.3308825859));
#8838 = CARTESIAN_POINT('',(0.909151113422,0.330865453348));
#8839 = CARTESIAN_POINT('',(0.863723619926,0.330848534464));
#8840 = CARTESIAN_POINT('',(0.818292018915,0.330831825055));
#8841 = CARTESIAN_POINT('',(0.772856638428,0.33081532103));
#8842 = CARTESIAN_POINT('',(0.727417825449,0.330799018387));
#8843 = CARTESIAN_POINT('',(0.681975842691,0.330782913293));
#8844 = CARTESIAN_POINT('',(0.636530723421,0.330767002208));
#8845 = CARTESIAN_POINT('',(0.591082532716,0.330751281648));
#8846 = CARTESIAN_POINT('',(0.545631326045,0.330735748217));
#8847 = CARTESIAN_POINT('',(0.50017715757,0.330720398596));
#8848 = CARTESIAN_POINT('',(0.454720088602,0.330705229546));
#8849 = CARTESIAN_POINT('',(0.409260166995,0.330690237899));
#8850 = CARTESIAN_POINT('',(0.363797438873,0.330675420566));
#8851 = CARTESIAN_POINT('',(0.318331955615,0.33066077453));
#8852 = CARTESIAN_POINT('',(0.272863765781,0.330646296844));
#8853 = CARTESIAN_POINT('',(0.22739291732,0.330631984625));
#8854 = CARTESIAN_POINT('',(0.181919457012,0.330617835057));
#8855 = CARTESIAN_POINT('',(0.136443430667,0.330603845384));
#8856 = CARTESIAN_POINT('',(9.096488307579E-02,0.330590012915));
#8857 = CARTESIAN_POINT('',(4.548385816821E-02,0.330576335011));
#8858 = CARTESIAN_POINT('',(1.516155179294E-02,0.330567317747));
#8859 = CARTESIAN_POINT('',(0.,0.330562834018));
#8860 = ( GEOMETRIC_REPRESENTATION_CONTEXT(2) 
PARAMETRIC_REPRESENTATION_CONTEXT() REPRESENTATION_CONTEXT('2D SPACE',''
  ) );
#8861 = PCURVE('',#505,#8862);
#8862 = DEFINITIONAL_REPRESENTATION('',(#8863),#8874);
#8863 = B_SPLINE_CURVE_WITH_KNOTS('',3,(#8864,#8865,#8866,#8867,#8868,
    #8869,#8870,#8871,#8872,#8873),.UNSPECIFIED.,.F.,.F.,(4,3,3,4),(0.,
    1.356333446765E-04,2.71266684159E-04,5.203910659087E-04),
  .UNSPECIFIED.);
#8864 = CARTESIAN_POINT('',(-5.437965678228,7.224438696884));
#8865 = CARTESIAN_POINT('',(-5.394134206404,7.213372015709));
#8866 = CARTESIAN_POINT('',(-5.350308416128,7.20226589185));
#8867 = CARTESIAN_POINT('',(-5.306487761797,7.191139564344));
#8868 = CARTESIAN_POINT('',(-5.26266710849,7.180013237098));
#8869 = CARTESIAN_POINT('',(-5.218851582468,7.168866700384));
#8870 = CARTESIAN_POINT('',(-5.175040705279,7.157701940902));
#8871 = CARTESIAN_POINT('',(-5.094571139921,7.137195085059));
#8872 = CARTESIAN_POINT('',(-5.014117192077,7.116626878457));
#8873 = CARTESIAN_POINT('',(-4.933676382348,7.096007513391));
#8874 = ( GEOMETRIC_REPRESENTATION_CONTEXT(2) 
PARAMETRIC_REPRESENTATION_CONTEXT() REPRESENTATION_CONTEXT('2D SPACE',''
  ) );
#8875 = ORIENTED_EDGE('',*,*,#5090,.F.);
#8876 = ADVANCED_FACE('',(#8877),#3192,.F.);
#8877 = FACE_BOUND('',#8878,.F.);
#8878 = EDGE_LOOP('',(#8879,#8880,#8881,#8938,#8939,#8996));
#8879 = ORIENTED_EDGE('',*,*,#3883,.F.);
#8880 = ORIENTED_EDGE('',*,*,#3148,.F.);
#8881 = ORIENTED_EDGE('',*,*,#8882,.F.);
#8882 = EDGE_CURVE('',#6097,#3121,#8883,.T.);
#8883 = SURFACE_CURVE('',#8884,(#8895,#8924),.PCURVE_S1.);
#8884 = B_SPLINE_CURVE_WITH_KNOTS('',3,(#8885,#8886,#8887,#8888,#8889,
    #8890,#8891,#8892,#8893,#8894),.UNSPECIFIED.,.F.,.F.,(4,3,3,4),(0.,
    1.356333311458E-04,2.712666633847E-04,5.231686598706E-04),
  .UNSPECIFIED.);
#8885 = CARTESIAN_POINT('',(0.5,-4.069397989875,2.989223782171));
#8886 = CARTESIAN_POINT('',(0.5,-4.025807440709,3.001219970121));
#8887 = CARTESIAN_POINT('',(0.5,-3.982219388077,3.013225234164));
#8888 = CARTESIAN_POINT('',(0.5,-3.938634081601,3.025240456234));
#8889 = CARTESIAN_POINT('',(0.5,-3.895048774917,3.037255678361));
#8890 = CARTESIAN_POINT('',(0.5,-3.851466211748,3.049280857966));
#8891 = CARTESIAN_POINT('',(0.5,-3.807886675601,3.06131699317));
#8892 = CARTESIAN_POINT('',(0.5,-3.726949556758,3.083670836087));
#8893 = CARTESIAN_POINT('',(0.5,-3.646022830673,3.106062357429));
#8894 = CARTESIAN_POINT('',(0.500000070168,-3.565108684149,
    3.128430125578));
#8895 = PCURVE('',#3192,#8896);
#8896 = DEFINITIONAL_REPRESENTATION('',(#8897),#8923);
#8897 = B_SPLINE_CURVE_WITH_KNOTS('',3,(#8898,#8899,#8900,#8901,#8902,
    #8903,#8904,#8905,#8906,#8907,#8908,#8909,#8910,#8911,#8912,#8913,
    #8914,#8915,#8916,#8917,#8918,#8919,#8920,#8921,#8922),
  .UNSPECIFIED.,.F.,.F.,(4,1,1,1,1,1,1,1,1,1,1,1,1,1,1,1,1,1,1,1,1,1,4),
  (0.,2.378039363048E-05,4.756078726096E-05,7.134118089144E-05,
    9.512157452193E-05,1.189019681524E-04,1.426823617829E-04,
    1.664627554134E-04,1.902431490439E-04,2.140235426743E-04,
    2.378039363048E-04,2.615843299353E-04,2.853647235658E-04,
    3.091451171963E-04,3.329255108267E-04,3.567059044572E-04,
    3.804862980877E-04,4.042666917182E-04,4.280470853487E-04,
    4.518274789792E-04,4.756078726096E-04,4.993882662401E-04,
    5.231686598706E-04),.QUASI_UNIFORM_KNOTS.);
#8898 = CARTESIAN_POINT('',(0.,0.575702465131));
#8899 = CARTESIAN_POINT('',(1.517124606769E-02,0.575697891251));
#8900 = CARTESIAN_POINT('',(4.551216253521E-02,0.575688692391));
#8901 = CARTESIAN_POINT('',(9.101872906362E-02,0.575674738143));
#8902 = CARTESIAN_POINT('',(0.136520406954,0.575660625313));
#8903 = CARTESIAN_POINT('',(0.182017113277,0.575646351191));
#8904 = CARTESIAN_POINT('',(0.227508763508,0.575631913016));
#8905 = CARTESIAN_POINT('',(0.272995270921,0.575617307958));
#8906 = CARTESIAN_POINT('',(0.318476547797,0.575602533126));
#8907 = CARTESIAN_POINT('',(0.363952503875,0.575587585558));
#8908 = CARTESIAN_POINT('',(0.40942304614,0.575572462227));
#8909 = CARTESIAN_POINT('',(0.454888080839,0.575557160032));
#8910 = CARTESIAN_POINT('',(0.500347507232,0.575541675805));
#8911 = CARTESIAN_POINT('',(0.545801240189,0.575526006286));
#8912 = CARTESIAN_POINT('',(0.591249076246,0.575510148235));
#8913 = CARTESIAN_POINT('',(0.636690724818,0.575494098399));
#8914 = CARTESIAN_POINT('',(0.682125909471,0.575477853438));
#8915 = CARTESIAN_POINT('',(0.72755434687,0.57546140994));
#8916 = CARTESIAN_POINT('',(0.772975752335,0.57544476441));
#8917 = CARTESIAN_POINT('',(0.818389838249,0.575427913274));
#8918 = CARTESIAN_POINT('',(0.863796314412,0.575410852873));
#8919 = CARTESIAN_POINT('',(0.90919488775,0.57539357946));
#8920 = CARTESIAN_POINT('',(0.954585262641,0.575376089208));
#8921 = CARTESIAN_POINT('',(0.984839847144,0.575364281845));
#8922 = CARTESIAN_POINT('',(0.999965673285,0.575358340712));
#8923 = ( GEOMETRIC_REPRESENTATION_CONTEXT(2) 
PARAMETRIC_REPRESENTATION_CONTEXT() REPRESENTATION_CONTEXT('2D SPACE',''
  ) );
#8924 = PCURVE('',#543,#8925);
#8925 = DEFINITIONAL_REPRESENTATION('',(#8926),#8937);
#8926 = B_SPLINE_CURVE_WITH_KNOTS('',3,(#8927,#8928,#8929,#8930,#8931,
    #8932,#8933,#8934,#8935,#8936),.UNSPECIFIED.,.F.,.F.,(4,3,3,4),(0.,
    1.356333311458E-04,2.712666633847E-04,5.231686598706E-04),
  .UNSPECIFIED.);
#8927 = CARTESIAN_POINT('',(-3.17396425957,4.933676382348));
#8928 = CARTESIAN_POINT('',(-3.185960447521,4.977266931515));
#8929 = CARTESIAN_POINT('',(-3.197965711563,5.020854984147));
#8930 = CARTESIAN_POINT('',(-3.209980933633,5.064440290623));
#8931 = CARTESIAN_POINT('',(-3.22199615576,5.108025597306));
#8932 = CARTESIAN_POINT('',(-3.234021335365,5.151608160476));
#8933 = CARTESIAN_POINT('',(-3.246057470569,5.195187696623));
#8934 = CARTESIAN_POINT('',(-3.268411313487,5.276124815466));
#8935 = CARTESIAN_POINT('',(-3.290802834828,5.357051541551));
#8936 = CARTESIAN_POINT('',(-3.313170602977,5.437965688074));
#8937 = ( GEOMETRIC_REPRESENTATION_CONTEXT(2) 
PARAMETRIC_REPRESENTATION_CONTEXT() REPRESENTATION_CONTEXT('2D SPACE',''
  ) );
#8938 = ORIENTED_EDGE('',*,*,#6476,.F.);
#8939 = ORIENTED_EDGE('',*,*,#8940,.F.);
#8940 = EDGE_CURVE('',#5236,#6455,#8941,.T.);
#8941 = SURFACE_CURVE('',#8942,(#8953,#8982),.PCURVE_S1.);
#8942 = B_SPLINE_CURVE_WITH_KNOTS('',3,(#8943,#8944,#8945,#8946,#8947,
    #8948,#8949,#8950,#8951,#8952),.UNSPECIFIED.,.F.,.F.,(4,3,3,4),(0.,
    1.356333446765E-04,2.71266684159E-04,5.203910659087E-04),
  .UNSPECIFIED.);
#8943 = CARTESIAN_POINT('',(-0.5,-3.565108693995,5.03969821949));
#8944 = CARTESIAN_POINT('',(-0.5,-3.608940165819,5.02863153831));
#8945 = CARTESIAN_POINT('',(-0.5,-3.652765956095,5.01752541445));
#8946 = CARTESIAN_POINT('',(-0.5,-3.696586610427,5.006399086944));
#8947 = CARTESIAN_POINT('',(-0.5,-3.740407263734,4.995272759698));
#8948 = CARTESIAN_POINT('',(-0.5,-3.784222789756,4.984126222985));
#8949 = CARTESIAN_POINT('',(-0.5,-3.828033666944,4.972961463503));
#8950 = CARTESIAN_POINT('',(-0.5,-3.908503232303,4.95245460766));
#8951 = CARTESIAN_POINT('',(-0.5,-3.988957180146,4.931886401058));
#8952 = CARTESIAN_POINT('',(-0.5,-4.069397989875,4.911267035992));
#8953 = PCURVE('',#3192,#8954);
#8954 = DEFINITIONAL_REPRESENTATION('',(#8955),#8981);
#8955 = B_SPLINE_CURVE_WITH_KNOTS('',3,(#8956,#8957,#8958,#8959,#8960,
    #8961,#8962,#8963,#8964,#8965,#8966,#8967,#8968,#8969,#8970,#8971,
    #8972,#8973,#8974,#8975,#8976,#8977,#8978,#8979,#8980),
  .UNSPECIFIED.,.F.,.F.,(4,1,1,1,1,1,1,1,1,1,1,1,1,1,1,1,1,1,1,1,1,1,4),
  (0.,2.365413935949E-05,4.730827871897E-05,7.096241807846E-05,
    9.461655743794E-05,1.182706967974E-04,1.419248361569E-04,
    1.655789755164E-04,1.892331148759E-04,2.128872542354E-04,
    2.365413935949E-04,2.601955329543E-04,2.838496723138E-04,
    3.075038116733E-04,3.311579510328E-04,3.548120903923E-04,
    3.784662297518E-04,4.021203691113E-04,4.257745084707E-04,
    4.494286478302E-04,4.730827871897E-04,4.967369265492E-04,
    5.203910659087E-04),.QUASI_UNIFORM_KNOTS.);
#8956 = CARTESIAN_POINT('',(0.999991585992,0.455899973516));
#8957 = CARTESIAN_POINT('',(0.98485301363,0.455894152942));
#8958 = CARTESIAN_POINT('',(0.954574164616,0.4558825859));
#8959 = CARTESIAN_POINT('',(0.909151113423,0.455865453348));
#8960 = CARTESIAN_POINT('',(0.863723619926,0.455848534464));
#8961 = CARTESIAN_POINT('',(0.818292018915,0.455831825055));
#8962 = CARTESIAN_POINT('',(0.772856638428,0.45581532103));
#8963 = CARTESIAN_POINT('',(0.727417825449,0.455799018387));
#8964 = CARTESIAN_POINT('',(0.681975842691,0.455782913293));
#8965 = CARTESIAN_POINT('',(0.636530723421,0.455767002208));
#8966 = CARTESIAN_POINT('',(0.591082532716,0.455751281648));
#8967 = CARTESIAN_POINT('',(0.545631326045,0.455735748217));
#8968 = CARTESIAN_POINT('',(0.50017715757,0.455720398596));
#8969 = CARTESIAN_POINT('',(0.454720088602,0.455705229546));
#8970 = CARTESIAN_POINT('',(0.409260166995,0.455690237899));
#8971 = CARTESIAN_POINT('',(0.363797438873,0.455675420566));
#8972 = CARTESIAN_POINT('',(0.318331955615,0.45566077453));
#8973 = CARTESIAN_POINT('',(0.272863765781,0.455646296844));
#8974 = CARTESIAN_POINT('',(0.22739291732,0.455631984625));
#8975 = CARTESIAN_POINT('',(0.181919457012,0.455617835057));
#8976 = CARTESIAN_POINT('',(0.136443430667,0.455603845384));
#8977 = CARTESIAN_POINT('',(9.096488307579E-02,0.455590012915));
#8978 = CARTESIAN_POINT('',(4.548385816821E-02,0.455576335011));
#8979 = CARTESIAN_POINT('',(1.516155179294E-02,0.455567317747));
#8980 = CARTESIAN_POINT('',(0.,0.455562834018));
#8981 = ( GEOMETRIC_REPRESENTATION_CONTEXT(2) 
PARAMETRIC_REPRESENTATION_CONTEXT() REPRESENTATION_CONTEXT('2D SPACE',''
  ) );
#8982 = PCURVE('',#505,#8983);
#8983 = DEFINITIONAL_REPRESENTATION('',(#8984),#8995);
#8984 = B_SPLINE_CURVE_WITH_KNOTS('',3,(#8985,#8986,#8987,#8988,#8989,
    #8990,#8991,#8992,#8993,#8994),.UNSPECIFIED.,.F.,.F.,(4,3,3,4),(0.,
    1.356333446765E-04,2.71266684159E-04,5.203910659087E-04),
  .UNSPECIFIED.);
#8985 = CARTESIAN_POINT('',(-5.437965678228,5.224438696889));
#8986 = CARTESIAN_POINT('',(-5.394134206404,5.213372015709));
#8987 = CARTESIAN_POINT('',(-5.350308416128,5.20226589185));
#8988 = CARTESIAN_POINT('',(-5.306487761797,5.191139564344));
#8989 = CARTESIAN_POINT('',(-5.26266710849,5.180013237098));
#8990 = CARTESIAN_POINT('',(-5.218851582468,5.168866700384));
#8991 = CARTESIAN_POINT('',(-5.175040705279,5.157701940902));
#8992 = CARTESIAN_POINT('',(-5.094571139921,5.137195085059));
#8993 = CARTESIAN_POINT('',(-5.014117192077,5.116626878457));
#8994 = CARTESIAN_POINT('',(-4.933676382348,5.096007513391));
#8995 = ( GEOMETRIC_REPRESENTATION_CONTEXT(2) 
PARAMETRIC_REPRESENTATION_CONTEXT() REPRESENTATION_CONTEXT('2D SPACE',''
  ) );
#8996 = ORIENTED_EDGE('',*,*,#5235,.F.);
#8997 = ADVANCED_FACE('',(#8998),#2288,.F.);
#8998 = FACE_BOUND('',#8999,.F.);
#8999 = EDGE_LOOP('',(#9000,#9001,#9002,#9059,#9060,#9117));
#9000 = ORIENTED_EDGE('',*,*,#2979,.F.);
#9001 = ORIENTED_EDGE('',*,*,#2244,.F.);
#9002 = ORIENTED_EDGE('',*,*,#9003,.F.);
#9003 = EDGE_CURVE('',#6521,#2217,#9004,.T.);
#9004 = SURFACE_CURVE('',#9005,(#9016,#9045),.PCURVE_S1.);
#9005 = B_SPLINE_CURVE_WITH_KNOTS('',3,(#9006,#9007,#9008,#9009,#9010,
    #9011,#9012,#9013,#9014,#9015),.UNSPECIFIED.,.F.,.F.,(4,3,3,4),(0.,
    1.356333311458E-04,2.712666633847E-04,5.231686598706E-04),
  .UNSPECIFIED.);
#9006 = CARTESIAN_POINT('',(0.5,-4.069397989875,0.989223782171));
#9007 = CARTESIAN_POINT('',(0.5,-4.025807440709,1.001219970121));
#9008 = CARTESIAN_POINT('',(0.5,-3.982219388077,1.013225234164));
#9009 = CARTESIAN_POINT('',(0.5,-3.938634081601,1.025240456234));
#9010 = CARTESIAN_POINT('',(0.5,-3.895048774917,1.037255678361));
#9011 = CARTESIAN_POINT('',(0.5,-3.851466211748,1.049280857966));
#9012 = CARTESIAN_POINT('',(0.5,-3.807886675601,1.06131699317));
#9013 = CARTESIAN_POINT('',(0.5,-3.726949556758,1.083670836087));
#9014 = CARTESIAN_POINT('',(0.5,-3.646022830673,1.106062357429));
#9015 = CARTESIAN_POINT('',(0.500000070168,-3.565108684149,
    1.128430125577));
#9016 = PCURVE('',#2288,#9017);
#9017 = DEFINITIONAL_REPRESENTATION('',(#9018),#9044);
#9018 = B_SPLINE_CURVE_WITH_KNOTS('',3,(#9019,#9020,#9021,#9022,#9023,
    #9024,#9025,#9026,#9027,#9028,#9029,#9030,#9031,#9032,#9033,#9034,
    #9035,#9036,#9037,#9038,#9039,#9040,#9041,#9042,#9043),
  .UNSPECIFIED.,.F.,.F.,(4,1,1,1,1,1,1,1,1,1,1,1,1,1,1,1,1,1,1,1,1,1,4),
  (0.,2.378039363048E-05,4.756078726096E-05,7.134118089144E-05,
    9.512157452193E-05,1.189019681524E-04,1.426823617829E-04,
    1.664627554134E-04,1.902431490439E-04,2.140235426743E-04,
    2.378039363048E-04,2.615843299353E-04,2.853647235658E-04,
    3.091451171963E-04,3.329255108267E-04,3.567059044572E-04,
    3.804862980877E-04,4.042666917182E-04,4.280470853487E-04,
    4.518274789791E-04,4.756078726096E-04,4.993882662401E-04,
    5.231686598706E-04),.QUASI_UNIFORM_KNOTS.);
#9019 = CARTESIAN_POINT('',(0.,0.700702465131));
#9020 = CARTESIAN_POINT('',(1.517124606769E-02,0.700697891251));
#9021 = CARTESIAN_POINT('',(4.551216253522E-02,0.700688692391));
#9022 = CARTESIAN_POINT('',(9.101872906362E-02,0.700674738143));
#9023 = CARTESIAN_POINT('',(0.136520406954,0.700660625313));
#9024 = CARTESIAN_POINT('',(0.182017113277,0.700646351191));
#9025 = CARTESIAN_POINT('',(0.227508763508,0.700631913016));
#9026 = CARTESIAN_POINT('',(0.272995270921,0.700617307958));
#9027 = CARTESIAN_POINT('',(0.318476547797,0.700602533126));
#9028 = CARTESIAN_POINT('',(0.363952503875,0.700587585558));
#9029 = CARTESIAN_POINT('',(0.40942304614,0.700572462227));
#9030 = CARTESIAN_POINT('',(0.454888080839,0.700557160032));
#9031 = CARTESIAN_POINT('',(0.500347507232,0.700541675805));
#9032 = CARTESIAN_POINT('',(0.545801240189,0.700526006286));
#9033 = CARTESIAN_POINT('',(0.591249076246,0.700510148235));
#9034 = CARTESIAN_POINT('',(0.636690724818,0.700494098399));
#9035 = CARTESIAN_POINT('',(0.68212590947,0.700477853438));
#9036 = CARTESIAN_POINT('',(0.72755434687,0.70046140994));
#9037 = CARTESIAN_POINT('',(0.772975752335,0.70044476441));
#9038 = CARTESIAN_POINT('',(0.818389838249,0.700427913274));
#9039 = CARTESIAN_POINT('',(0.863796314412,0.700410852873));
#9040 = CARTESIAN_POINT('',(0.90919488775,0.70039357946));
#9041 = CARTESIAN_POINT('',(0.954585262641,0.700376089208));
#9042 = CARTESIAN_POINT('',(0.984839847143,0.700364281845));
#9043 = CARTESIAN_POINT('',(0.999965673284,0.700358340712));
#9044 = ( GEOMETRIC_REPRESENTATION_CONTEXT(2) 
PARAMETRIC_REPRESENTATION_CONTEXT() REPRESENTATION_CONTEXT('2D SPACE',''
  ) );
#9045 = PCURVE('',#543,#9046);
#9046 = DEFINITIONAL_REPRESENTATION('',(#9047),#9058);
#9047 = B_SPLINE_CURVE_WITH_KNOTS('',3,(#9048,#9049,#9050,#9051,#9052,
    #9053,#9054,#9055,#9056,#9057),.UNSPECIFIED.,.F.,.F.,(4,3,3,4),(0.,
    1.356333311458E-04,2.712666633847E-04,5.231686598706E-04),
  .UNSPECIFIED.);
#9048 = CARTESIAN_POINT('',(-1.17396425957,4.933676382348));
#9049 = CARTESIAN_POINT('',(-1.185960447521,4.977266931515));
#9050 = CARTESIAN_POINT('',(-1.197965711563,5.020854984147));
#9051 = CARTESIAN_POINT('',(-1.209980933633,5.064440290623));
#9052 = CARTESIAN_POINT('',(-1.22199615576,5.108025597306));
#9053 = CARTESIAN_POINT('',(-1.234021335365,5.151608160476));
#9054 = CARTESIAN_POINT('',(-1.246057470569,5.195187696623));
#9055 = CARTESIAN_POINT('',(-1.268411313487,5.276124815466));
#9056 = CARTESIAN_POINT('',(-1.290802834828,5.357051541551));
#9057 = CARTESIAN_POINT('',(-1.313170602976,5.437965688074));
#9058 = ( GEOMETRIC_REPRESENTATION_CONTEXT(2) 
PARAMETRIC_REPRESENTATION_CONTEXT() REPRESENTATION_CONTEXT('2D SPACE',''
  ) );
#9059 = ORIENTED_EDGE('',*,*,#6900,.F.);
#9060 = ORIENTED_EDGE('',*,*,#9061,.F.);
#9061 = EDGE_CURVE('',#5381,#6879,#9062,.T.);
#9062 = SURFACE_CURVE('',#9063,(#9074,#9103),.PCURVE_S1.);
#9063 = B_SPLINE_CURVE_WITH_KNOTS('',3,(#9064,#9065,#9066,#9067,#9068,
    #9069,#9070,#9071,#9072,#9073),.UNSPECIFIED.,.F.,.F.,(4,3,3,4),(0.,
    1.356333446765E-04,2.71266684159E-04,5.203910659087E-04),
  .UNSPECIFIED.);
#9064 = CARTESIAN_POINT('',(-0.5,-3.565108693995,3.03969821949));
#9065 = CARTESIAN_POINT('',(-0.5,-3.608940165819,3.02863153831));
#9066 = CARTESIAN_POINT('',(-0.5,-3.652765956095,3.01752541445));
#9067 = CARTESIAN_POINT('',(-0.5,-3.696586610427,3.006399086944));
#9068 = CARTESIAN_POINT('',(-0.5,-3.740407263734,2.995272759698));
#9069 = CARTESIAN_POINT('',(-0.5,-3.784222789756,2.984126222985));
#9070 = CARTESIAN_POINT('',(-0.5,-3.828033666944,2.972961463503));
#9071 = CARTESIAN_POINT('',(-0.5,-3.908503232303,2.95245460766));
#9072 = CARTESIAN_POINT('',(-0.5,-3.988957180146,2.931886401058));
#9073 = CARTESIAN_POINT('',(-0.5,-4.069397989875,2.911267035992));
#9074 = PCURVE('',#2288,#9075);
#9075 = DEFINITIONAL_REPRESENTATION('',(#9076),#9102);
#9076 = B_SPLINE_CURVE_WITH_KNOTS('',3,(#9077,#9078,#9079,#9080,#9081,
    #9082,#9083,#9084,#9085,#9086,#9087,#9088,#9089,#9090,#9091,#9092,
    #9093,#9094,#9095,#9096,#9097,#9098,#9099,#9100,#9101),
  .UNSPECIFIED.,.F.,.F.,(4,1,1,1,1,1,1,1,1,1,1,1,1,1,1,1,1,1,1,1,1,1,4),
  (0.,2.365413935949E-05,4.730827871897E-05,7.096241807846E-05,
    9.461655743794E-05,1.182706967974E-04,1.419248361569E-04,
    1.655789755164E-04,1.892331148759E-04,2.128872542354E-04,
    2.365413935949E-04,2.601955329543E-04,2.838496723138E-04,
    3.075038116733E-04,3.311579510328E-04,3.548120903923E-04,
    3.784662297518E-04,4.021203691113E-04,4.257745084707E-04,
    4.494286478302E-04,4.730827871897E-04,4.967369265492E-04,
    5.203910659087E-04),.QUASI_UNIFORM_KNOTS.);
#9077 = CARTESIAN_POINT('',(0.999991585992,0.580899973516));
#9078 = CARTESIAN_POINT('',(0.98485301363,0.580894152942));
#9079 = CARTESIAN_POINT('',(0.954574164616,0.5808825859));
#9080 = CARTESIAN_POINT('',(0.909151113423,0.580865453348));
#9081 = CARTESIAN_POINT('',(0.863723619926,0.580848534464));
#9082 = CARTESIAN_POINT('',(0.818292018915,0.580831825055));
#9083 = CARTESIAN_POINT('',(0.772856638428,0.58081532103));
#9084 = CARTESIAN_POINT('',(0.727417825449,0.580799018387));
#9085 = CARTESIAN_POINT('',(0.681975842691,0.580782913293));
#9086 = CARTESIAN_POINT('',(0.636530723421,0.580767002208));
#9087 = CARTESIAN_POINT('',(0.591082532716,0.580751281648));
#9088 = CARTESIAN_POINT('',(0.545631326045,0.580735748217));
#9089 = CARTESIAN_POINT('',(0.50017715757,0.580720398596));
#9090 = CARTESIAN_POINT('',(0.454720088602,0.580705229546));
#9091 = CARTESIAN_POINT('',(0.409260166995,0.580690237899));
#9092 = CARTESIAN_POINT('',(0.363797438873,0.580675420566));
#9093 = CARTESIAN_POINT('',(0.318331955615,0.58066077453));
#9094 = CARTESIAN_POINT('',(0.272863765781,0.580646296844));
#9095 = CARTESIAN_POINT('',(0.22739291732,0.580631984625));
#9096 = CARTESIAN_POINT('',(0.181919457012,0.580617835057));
#9097 = CARTESIAN_POINT('',(0.136443430667,0.580603845384));
#9098 = CARTESIAN_POINT('',(9.096488307579E-02,0.580590012915));
#9099 = CARTESIAN_POINT('',(4.548385816821E-02,0.580576335011));
#9100 = CARTESIAN_POINT('',(1.516155179294E-02,0.580567317747));
#9101 = CARTESIAN_POINT('',(0.,0.580562834018));
#9102 = ( GEOMETRIC_REPRESENTATION_CONTEXT(2) 
PARAMETRIC_REPRESENTATION_CONTEXT() REPRESENTATION_CONTEXT('2D SPACE',''
  ) );
#9103 = PCURVE('',#505,#9104);
#9104 = DEFINITIONAL_REPRESENTATION('',(#9105),#9116);
#9105 = B_SPLINE_CURVE_WITH_KNOTS('',3,(#9106,#9107,#9108,#9109,#9110,
    #9111,#9112,#9113,#9114,#9115),.UNSPECIFIED.,.F.,.F.,(4,3,3,4),(0.,
    1.356333446765E-04,2.71266684159E-04,5.203910659087E-04),
  .UNSPECIFIED.);
#9106 = CARTESIAN_POINT('',(-5.437965678228,3.224438696889));
#9107 = CARTESIAN_POINT('',(-5.394134206404,3.213372015709));
#9108 = CARTESIAN_POINT('',(-5.350308416128,3.20226589185));
#9109 = CARTESIAN_POINT('',(-5.306487761797,3.191139564344));
#9110 = CARTESIAN_POINT('',(-5.26266710849,3.180013237098));
#9111 = CARTESIAN_POINT('',(-5.218851582468,3.168866700384));
#9112 = CARTESIAN_POINT('',(-5.175040705279,3.157701940902));
#9113 = CARTESIAN_POINT('',(-5.094571139921,3.137195085059));
#9114 = CARTESIAN_POINT('',(-5.014117192077,3.116626878457));
#9115 = CARTESIAN_POINT('',(-4.933676382348,3.096007513391));
#9116 = ( GEOMETRIC_REPRESENTATION_CONTEXT(2) 
PARAMETRIC_REPRESENTATION_CONTEXT() REPRESENTATION_CONTEXT('2D SPACE',''
  ) );
#9117 = ORIENTED_EDGE('',*,*,#5380,.F.);
#9118 = ADVANCED_FACE('',(#9119),#1832,.F.);
#9119 = FACE_BOUND('',#9120,.F.);
#9120 = EDGE_LOOP('',(#9121,#9122,#9167,#9168,#9225));
#9121 = ORIENTED_EDGE('',*,*,#1788,.F.);
#9122 = ORIENTED_EDGE('',*,*,#9123,.T.);
#9123 = EDGE_CURVE('',#1765,#6943,#9124,.T.);
#9124 = SURFACE_CURVE('',#9125,(#9130,#9159),.PCURVE_S1.);
#9125 = B_SPLINE_CURVE_WITH_KNOTS('',3,(#9126,#9127,#9128,#9129),
  .UNSPECIFIED.,.F.,.F.,(4,4),(0.,1.689576885675E-03),
  .PIECEWISE_BEZIER_KNOTS.);
#9126 = CARTESIAN_POINT('',(0.933352736476,3.476902740848,0.));
#9127 = CARTESIAN_POINT('',(0.462210698757,3.788464854559,
    -7.619762081388E-16));
#9128 = CARTESIAN_POINT('',(-8.038081135962E-02,3.984114923579,
    1.706362995199E-13));
#9129 = CARTESIAN_POINT('',(-0.641381311641,4.049522195652,
    1.535003439803E-11));
#9130 = PCURVE('',#1832,#9131);
#9131 = DEFINITIONAL_REPRESENTATION('',(#9132),#9158);
#9132 = B_SPLINE_CURVE_WITH_KNOTS('',3,(#9133,#9134,#9135,#9136,#9137,
    #9138,#9139,#9140,#9141,#9142,#9143,#9144,#9145,#9146,#9147,#9148,
    #9149,#9150,#9151,#9152,#9153,#9154,#9155,#9156,#9157),
  .UNSPECIFIED.,.F.,.F.,(4,1,1,1,1,1,1,1,1,1,1,1,1,1,1,1,1,1,1,1,1,1,4),
  (0.,7.679894934887E-05,1.535978986977E-04,2.303968480466E-04,
    3.071957973955E-04,3.839947467443E-04,4.607936960932E-04,
    5.375926454421E-04,6.143915947909E-04,6.911905441398E-04,
    7.679894934887E-04,8.447884428375E-04,9.215873921864E-04,
    9.983863415353E-04,1.075185290884E-03,1.151984240233E-03,
    1.228783189582E-03,1.305582138931E-03,1.38238108828E-03,
    1.459180037628E-03,1.535978986977E-03,1.612777936326E-03,
    1.689576885675E-03),.QUASI_UNIFORM_KNOTS.);
#9133 = CARTESIAN_POINT('',(1.,0.770827187716));
#9134 = CARTESIAN_POINT('',(0.983749282046,0.770693336697));
#9135 = CARTESIAN_POINT('',(0.951336644649,0.770426703596));
#9136 = CARTESIAN_POINT('',(0.902986685652,0.770029785302));
#9137 = CARTESIAN_POINT('',(0.854908189787,0.769635719661));
#9138 = CARTESIAN_POINT('',(0.807104097445,0.769244339332));
#9139 = CARTESIAN_POINT('',(0.759577726883,0.768855483513));
#9140 = CARTESIAN_POINT('',(0.712332858479,0.768468998395));
#9141 = CARTESIAN_POINT('',(0.665373762506,0.768084736247));
#9142 = CARTESIAN_POINT('',(0.618705234404,0.767702554915));
#9143 = CARTESIAN_POINT('',(0.572332620827,0.767322317257));
#9144 = CARTESIAN_POINT('',(0.52626184131,0.766943890634));
#9145 = CARTESIAN_POINT('',(0.480499404621,0.766567146417));
#9146 = CARTESIAN_POINT('',(0.435052420373,0.766191959534));
#9147 = CARTESIAN_POINT('',(0.389928606053,0.765818208025));
#9148 = CARTESIAN_POINT('',(0.345136289724,0.765445772628));
#9149 = CARTESIAN_POINT('',(0.300684408573,0.765074536384));
#9150 = CARTESIAN_POINT('',(0.256582503636,0.764704384253));
#9151 = CARTESIAN_POINT('',(0.212840710385,0.764335202752));
#9152 = CARTESIAN_POINT('',(0.169469747222,0.763966879606));
#9153 = CARTESIAN_POINT('',(0.126480895056,0.763599303409));
#9154 = CARTESIAN_POINT('',(8.388599416482E-02,0.763232363289));
#9155 = CARTESIAN_POINT('',(4.169736131237E-02,0.762865948635));
#9156 = CARTESIAN_POINT('',(1.385111362491E-02,0.762621948632));
#9157 = CARTESIAN_POINT('',(0.,0.762499999279));
#9158 = ( GEOMETRIC_REPRESENTATION_CONTEXT(2) 
PARAMETRIC_REPRESENTATION_CONTEXT() REPRESENTATION_CONTEXT('2D SPACE',''
  ) );
#9159 = PCURVE('',#989,#9160);
#9160 = DEFINITIONAL_REPRESENTATION('',(#9161),#9166);
#9161 = B_SPLINE_CURVE_WITH_KNOTS('',3,(#9162,#9163,#9164,#9165),
  .UNSPECIFIED.,.F.,.F.,(4,4),(0.,1.689576885675E-03),
  .PIECEWISE_BEZIER_KNOTS.);
#9162 = CARTESIAN_POINT('',(0.933352736476,3.476902740848));
#9163 = CARTESIAN_POINT('',(0.462210698757,3.788464854559));
#9164 = CARTESIAN_POINT('',(-8.038081135962E-02,3.984114923579));
#9165 = CARTESIAN_POINT('',(-0.641381311641,4.049522195652));
#9166 = ( GEOMETRIC_REPRESENTATION_CONTEXT(2) 
PARAMETRIC_REPRESENTATION_CONTEXT() REPRESENTATION_CONTEXT('2D SPACE',''
  ) );
#9167 = ORIENTED_EDGE('',*,*,#7724,.F.);
#9168 = ORIENTED_EDGE('',*,*,#9169,.F.);
#9169 = EDGE_CURVE('',#5526,#7703,#9170,.T.);
#9170 = SURFACE_CURVE('',#9171,(#9182,#9211),.PCURVE_S1.);
#9171 = B_SPLINE_CURVE_WITH_KNOTS('',3,(#9172,#9173,#9174,#9175,#9176,
    #9177,#9178,#9179,#9180,#9181),.UNSPECIFIED.,.F.,.F.,(4,3,3,4),(0.,
    1.356333446765E-04,2.71266684159E-04,5.203910659087E-04),
  .UNSPECIFIED.);
#9172 = CARTESIAN_POINT('',(-0.5,-3.565108693995,1.03969821949));
#9173 = CARTESIAN_POINT('',(-0.5,-3.608940165819,1.02863153831));
#9174 = CARTESIAN_POINT('',(-0.5,-3.652765956095,1.01752541445));
#9175 = CARTESIAN_POINT('',(-0.5,-3.696586610427,1.006399086944));
#9176 = CARTESIAN_POINT('',(-0.5,-3.740407263734,0.995272759698));
#9177 = CARTESIAN_POINT('',(-0.5,-3.784222789756,0.984126222985));
#9178 = CARTESIAN_POINT('',(-0.5,-3.828033666944,0.972961463503));
#9179 = CARTESIAN_POINT('',(-0.5,-3.908503232303,0.95245460766));
#9180 = CARTESIAN_POINT('',(-0.5,-3.988957180146,0.931886401058));
#9181 = CARTESIAN_POINT('',(-0.5,-4.069397989875,0.911267035992));
#9182 = PCURVE('',#1832,#9183);
#9183 = DEFINITIONAL_REPRESENTATION('',(#9184),#9210);
#9184 = B_SPLINE_CURVE_WITH_KNOTS('',3,(#9185,#9186,#9187,#9188,#9189,
    #9190,#9191,#9192,#9193,#9194,#9195,#9196,#9197,#9198,#9199,#9200,
    #9201,#9202,#9203,#9204,#9205,#9206,#9207,#9208,#9209),
  .UNSPECIFIED.,.F.,.F.,(4,1,1,1,1,1,1,1,1,1,1,1,1,1,1,1,1,1,1,1,1,1,4),
  (0.,2.365413935949E-05,4.730827871897E-05,7.096241807846E-05,
    9.461655743794E-05,1.182706967974E-04,1.419248361569E-04,
    1.655789755164E-04,1.892331148759E-04,2.128872542354E-04,
    2.365413935949E-04,2.601955329543E-04,2.838496723138E-04,
    3.075038116733E-04,3.311579510328E-04,3.548120903923E-04,
    3.784662297518E-04,4.021203691113E-04,4.257745084707E-04,
    4.494286478302E-04,4.730827871897E-04,4.967369265492E-04,
    5.203910659087E-04),.QUASI_UNIFORM_KNOTS.);
#9185 = CARTESIAN_POINT('',(0.999991585992,0.705899973516));
#9186 = CARTESIAN_POINT('',(0.98485301363,0.705894152942));
#9187 = CARTESIAN_POINT('',(0.954574164616,0.7058825859));
#9188 = CARTESIAN_POINT('',(0.909151113423,0.705865453348));
#9189 = CARTESIAN_POINT('',(0.863723619926,0.705848534464));
#9190 = CARTESIAN_POINT('',(0.818292018915,0.705831825055));
#9191 = CARTESIAN_POINT('',(0.772856638428,0.70581532103));
#9192 = CARTESIAN_POINT('',(0.727417825449,0.705799018387));
#9193 = CARTESIAN_POINT('',(0.681975842691,0.705782913293));
#9194 = CARTESIAN_POINT('',(0.636530723421,0.705767002208));
#9195 = CARTESIAN_POINT('',(0.591082532716,0.705751281648));
#9196 = CARTESIAN_POINT('',(0.545631326045,0.705735748217));
#9197 = CARTESIAN_POINT('',(0.50017715757,0.705720398596));
#9198 = CARTESIAN_POINT('',(0.454720088602,0.705705229546));
#9199 = CARTESIAN_POINT('',(0.409260166995,0.705690237899));
#9200 = CARTESIAN_POINT('',(0.363797438873,0.705675420566));
#9201 = CARTESIAN_POINT('',(0.318331955615,0.70566077453));
#9202 = CARTESIAN_POINT('',(0.272863765781,0.705646296844));
#9203 = CARTESIAN_POINT('',(0.22739291732,0.705631984625));
#9204 = CARTESIAN_POINT('',(0.181919457012,0.705617835057));
#9205 = CARTESIAN_POINT('',(0.136443430667,0.705603845384));
#9206 = CARTESIAN_POINT('',(9.096488307579E-02,0.705590012915));
#9207 = CARTESIAN_POINT('',(4.548385816821E-02,0.705576335011));
#9208 = CARTESIAN_POINT('',(1.516155179294E-02,0.705567317747));
#9209 = CARTESIAN_POINT('',(0.,0.705562834018));
#9210 = ( GEOMETRIC_REPRESENTATION_CONTEXT(2) 
PARAMETRIC_REPRESENTATION_CONTEXT() REPRESENTATION_CONTEXT('2D SPACE',''
  ) );
#9211 = PCURVE('',#505,#9212);
#9212 = DEFINITIONAL_REPRESENTATION('',(#9213),#9224);
#9213 = B_SPLINE_CURVE_WITH_KNOTS('',3,(#9214,#9215,#9216,#9217,#9218,
    #9219,#9220,#9221,#9222,#9223),.UNSPECIFIED.,.F.,.F.,(4,3,3,4),(0.,
    1.356333446765E-04,2.71266684159E-04,5.203910659087E-04),
  .UNSPECIFIED.);
#9214 = CARTESIAN_POINT('',(-5.437965678228,1.224438696889));
#9215 = CARTESIAN_POINT('',(-5.394134206404,1.213372015709));
#9216 = CARTESIAN_POINT('',(-5.350308416128,1.20226589185));
#9217 = CARTESIAN_POINT('',(-5.306487761797,1.191139564344));
#9218 = CARTESIAN_POINT('',(-5.26266710849,1.180013237098));
#9219 = CARTESIAN_POINT('',(-5.218851582468,1.168866700384));
#9220 = CARTESIAN_POINT('',(-5.175040705279,1.157701940902));
#9221 = CARTESIAN_POINT('',(-5.094571139921,1.137195085059));
#9222 = CARTESIAN_POINT('',(-5.014117192077,1.116626878457));
#9223 = CARTESIAN_POINT('',(-4.933676382348,1.096007513391));
#9224 = ( GEOMETRIC_REPRESENTATION_CONTEXT(2) 
PARAMETRIC_REPRESENTATION_CONTEXT() REPRESENTATION_CONTEXT('2D SPACE',''
  ) );
#9225 = ORIENTED_EDGE('',*,*,#5525,.F.);
#9226 = ADVANCED_FACE('',(#9227),#572,.T.);
#9227 = FACE_BOUND('',#9228,.T.);
#9228 = EDGE_LOOP('',(#9229,#9252,#9253,#9404,#9742,#9771,#10109,#10130,
    #10131,#10132));
#9229 = ORIENTED_EDGE('',*,*,#9230,.F.);
#9230 = EDGE_CURVE('',#8153,#9231,#9233,.T.);
#9231 = VERTEX_POINT('',#9232);
#9232 = CARTESIAN_POINT('',(-0.5,-4.220485754034,8.));
#9233 = SURFACE_CURVE('',#9234,(#9238,#9245),.PCURVE_S1.);
#9234 = LINE('',#9235,#9236);
#9235 = CARTESIAN_POINT('',(-0.5,1.203846619959E-17,8.));
#9236 = VECTOR('',#9237,1.);
#9237 = DIRECTION('',(-2.407693239919E-17,-1.,0.));
#9238 = PCURVE('',#572,#9239);
#9239 = DEFINITIONAL_REPRESENTATION('',(#9240),#9244);
#9240 = LINE('',#9241,#9242);
#9241 = CARTESIAN_POINT('',(-0.5,1.203846619959E-17));
#9242 = VECTOR('',#9243,1.);
#9243 = DIRECTION('',(-2.407693239919E-17,-1.));
#9244 = ( GEOMETRIC_REPRESENTATION_CONTEXT(2) 
PARAMETRIC_REPRESENTATION_CONTEXT() REPRESENTATION_CONTEXT('2D SPACE',''
  ) );
#9245 = PCURVE('',#505,#9246);
#9246 = DEFINITIONAL_REPRESENTATION('',(#9247),#9251);
#9247 = LINE('',#9248,#9249);
#9248 = CARTESIAN_POINT('',(-9.003074372224,8.184740477399));
#9249 = VECTOR('',#9250,1.);
#9250 = DIRECTION('',(1.,0.));
#9251 = ( GEOMETRIC_REPRESENTATION_CONTEXT(2) 
PARAMETRIC_REPRESENTATION_CONTEXT() REPRESENTATION_CONTEXT('2D SPACE',''
  ) );
#9252 = ORIENTED_EDGE('',*,*,#8211,.T.);
#9253 = ORIENTED_EDGE('',*,*,#9254,.T.);
#9254 = EDGE_CURVE('',#7755,#9255,#9257,.T.);
#9255 = VERTEX_POINT('',#9256);
#9256 = CARTESIAN_POINT('',(-0.641381311431,4.049522195685,
    7.999999999999));
#9257 = SURFACE_CURVE('',#9258,(#9293,#9331),.PCURVE_S1.);
#9258 = B_SPLINE_CURVE_WITH_KNOTS('',3,(#9259,#9260,#9261,#9262,#9263,
    #9264,#9265,#9266,#9267,#9268,#9269,#9270,#9271,#9272,#9273,#9274,
    #9275,#9276,#9277,#9278,#9279,#9280,#9281,#9282,#9283,#9284,#9285,
    #9286,#9287,#9288,#9289,#9290,#9291,#9292),.UNSPECIFIED.,.F.,.F.,(4,
    2,2,2,2,2,2,2,2,2,2,2,2,2,2,2,4),(0.,7.208320092182E-04,
    1.441664018436E-03,2.162496027655E-03,2.883328036873E-03,
    3.604160046091E-03,4.324992055309E-03,5.045824064527E-03,
    5.766656073745E-03,6.487488082964E-03,7.208320092182E-03,
    7.9291521014E-03,8.649984110618E-03,9.370816119836E-03,
    1.009164812905E-02,1.081248013827E-02,1.153331214749E-02),
  .UNSPECIFIED.);
#9259 = CARTESIAN_POINT('',(-0.641381308947,-4.049522196079,8.));
#9260 = CARTESIAN_POINT('',(-0.882117326472,-4.011393356538,8.));
#9261 = CARTESIAN_POINT('',(-1.115854080123,-3.952544306936,8.));
#9262 = CARTESIAN_POINT('',(-1.569915518709,-3.795141906508,8.));
#9263 = CARTESIAN_POINT('',(-1.79124362611,-3.6960175145,8.));
#9264 = CARTESIAN_POINT('',(-2.215456672227,-3.458446317214,8.));
#9265 = CARTESIAN_POINT('',(-2.414203250575,-3.322557528768,8.));
#9266 = CARTESIAN_POINT('',(-2.785875710556,-3.01772470454,8.));
#9267 = CARTESIAN_POINT('',(-2.960041629832,-2.847275470103,8.));
#9268 = CARTESIAN_POINT('',(-3.275085578731,-2.478434688462,8.));
#9269 = CARTESIAN_POINT('',(-3.414465372686,-2.282378201525,8.));
#9270 = CARTESIAN_POINT('',(-3.657861959202,-1.867583980306,8.));
#9271 = CARTESIAN_POINT('',(-3.762627669922,-1.646576552762,8.));
#9272 = CARTESIAN_POINT('',(-3.930223885137,-1.192443516175,8.));
#9273 = CARTESIAN_POINT('',(-3.993179307549,-0.960432468914,8.));
#9274 = CARTESIAN_POINT('',(-4.078117693748,-0.486690441157,8.));
#9275 = CARTESIAN_POINT('',(-4.099947555331,-0.242487710888,8.));
#9276 = CARTESIAN_POINT('',(-4.100052252183,0.240710979732,8.));
#9277 = CARTESIAN_POINT('',(-4.078914445034,0.480089057912,8.));
#9278 = CARTESIAN_POINT('',(-3.994630111045,0.954441632246,8.));
#9279 = CARTESIAN_POINT('',(-3.930492151413,1.191394812086,8.));
#9280 = CARTESIAN_POINT('',(-3.763664676282,1.644085872177,8.));
#9281 = CARTESIAN_POINT('',(-3.661079373104,1.861363303894,8.));
#9282 = CARTESIAN_POINT('',(-3.417580090183,2.277788807689,8.));
#9283 = CARTESIAN_POINT('',(-3.275371976373,2.477898080314,8.));
#9284 = CARTESIAN_POINT('',(-2.962631317818,2.844443030668,8.));
#9285 = CARTESIAN_POINT('',(-2.791230079827,3.012870312279,8.));
#9286 = CARTESIAN_POINT('',(-2.418122751839,3.319794456616,8.));
#9287 = CARTESIAN_POINT('',(-2.215662703703,3.458143946892,8.));
#9288 = CARTESIAN_POINT('',(-1.795858916646,3.693617674518,8.));
#9289 = CARTESIAN_POINT('',(-1.576716250284,3.792430226827,8.));
#9290 = CARTESIAN_POINT('',(-1.119642015747,3.951577269374,8.));
#9291 = CARTESIAN_POINT('',(-0.882117328942,4.011393355995,8.));
#9292 = CARTESIAN_POINT('',(-0.641381311431,4.049522195685,
    7.999999999999));
#9293 = PCURVE('',#572,#9294);
#9294 = DEFINITIONAL_REPRESENTATION('',(#9295),#9330);
#9295 = B_SPLINE_CURVE_WITH_KNOTS('',3,(#9296,#9297,#9298,#9299,#9300,
    #9301,#9302,#9303,#9304,#9305,#9306,#9307,#9308,#9309,#9310,#9311,
    #9312,#9313,#9314,#9315,#9316,#9317,#9318,#9319,#9320,#9321,#9322,
    #9323,#9324,#9325,#9326,#9327,#9328,#9329),.UNSPECIFIED.,.F.,.F.,(4,
    2,2,2,2,2,2,2,2,2,2,2,2,2,2,2,4),(0.,7.208320092182E-04,
    1.441664018436E-03,2.162496027655E-03,2.883328036873E-03,
    3.604160046091E-03,4.324992055309E-03,5.045824064527E-03,
    5.766656073745E-03,6.487488082964E-03,7.208320092182E-03,
    7.9291521014E-03,8.649984110618E-03,9.370816119836E-03,
    1.009164812905E-02,1.081248013827E-02,1.153331214749E-02),
  .UNSPECIFIED.);
#9296 = CARTESIAN_POINT('',(-0.641381308947,-4.049522196079));
#9297 = CARTESIAN_POINT('',(-0.882117326472,-4.011393356538));
#9298 = CARTESIAN_POINT('',(-1.115854080123,-3.952544306936));
#9299 = CARTESIAN_POINT('',(-1.569915518709,-3.795141906508));
#9300 = CARTESIAN_POINT('',(-1.79124362611,-3.6960175145));
#9301 = CARTESIAN_POINT('',(-2.215456672227,-3.458446317214));
#9302 = CARTESIAN_POINT('',(-2.414203250575,-3.322557528768));
#9303 = CARTESIAN_POINT('',(-2.785875710556,-3.01772470454));
#9304 = CARTESIAN_POINT('',(-2.960041629832,-2.847275470103));
#9305 = CARTESIAN_POINT('',(-3.275085578731,-2.478434688462));
#9306 = CARTESIAN_POINT('',(-3.414465372686,-2.282378201525));
#9307 = CARTESIAN_POINT('',(-3.657861959202,-1.867583980306));
#9308 = CARTESIAN_POINT('',(-3.762627669922,-1.646576552762));
#9309 = CARTESIAN_POINT('',(-3.930223885137,-1.192443516175));
#9310 = CARTESIAN_POINT('',(-3.993179307549,-0.960432468914));
#9311 = CARTESIAN_POINT('',(-4.078117693748,-0.486690441157));
#9312 = CARTESIAN_POINT('',(-4.099947555331,-0.242487710888));
#9313 = CARTESIAN_POINT('',(-4.100052252183,0.240710979732));
#9314 = CARTESIAN_POINT('',(-4.078914445034,0.480089057912));
#9315 = CARTESIAN_POINT('',(-3.994630111045,0.954441632246));
#9316 = CARTESIAN_POINT('',(-3.930492151413,1.191394812086));
#9317 = CARTESIAN_POINT('',(-3.763664676282,1.644085872177));
#9318 = CARTESIAN_POINT('',(-3.661079373104,1.861363303894));
#9319 = CARTESIAN_POINT('',(-3.417580090183,2.277788807689));
#9320 = CARTESIAN_POINT('',(-3.275371976373,2.477898080314));
#9321 = CARTESIAN_POINT('',(-2.962631317818,2.844443030668));
#9322 = CARTESIAN_POINT('',(-2.791230079827,3.012870312279));
#9323 = CARTESIAN_POINT('',(-2.418122751839,3.319794456616));
#9324 = CARTESIAN_POINT('',(-2.215662703703,3.458143946892));
#9325 = CARTESIAN_POINT('',(-1.795858916646,3.693617674518));
#9326 = CARTESIAN_POINT('',(-1.576716250284,3.792430226827));
#9327 = CARTESIAN_POINT('',(-1.119642015747,3.951577269374));
#9328 = CARTESIAN_POINT('',(-0.882117328942,4.011393355995));
#9329 = CARTESIAN_POINT('',(-0.641381311431,4.049522195685));
#9330 = ( GEOMETRIC_REPRESENTATION_CONTEXT(2) 
PARAMETRIC_REPRESENTATION_CONTEXT() REPRESENTATION_CONTEXT('2D SPACE',''
  ) );
#9331 = PCURVE('',#7791,#9332);
#9332 = DEFINITIONAL_REPRESENTATION('',(#9333),#9403);
#9333 = B_SPLINE_CURVE_WITH_KNOTS('',3,(#9334,#9335,#9336,#9337,#9338,
    #9339,#9340,#9341,#9342,#9343,#9344,#9345,#9346,#9347,#9348,#9349,
    #9350,#9351,#9352,#9353,#9354,#9355,#9356,#9357,#9358,#9359,#9360,
    #9361,#9362,#9363,#9364,#9365,#9366,#9367,#9368,#9369,#9370,#9371,
    #9372,#9373,#9374,#9375,#9376,#9377,#9378,#9379,#9380,#9381,#9382,
    #9383,#9384,#9385,#9386,#9387,#9388,#9389,#9390,#9391,#9392,#9393,
    #9394,#9395,#9396,#9397,#9398,#9399,#9400,#9401,#9402),
  .UNSPECIFIED.,.F.,.F.,(4,1,1,1,1,1,1,1,1,1,1,1,1,1,1,1,1,1,1,1,1,1,1,1
    ,1,1,1,1,1,1,1,1,1,1,1,1,1,1,1,1,1,1,1,1,1,1,1,1,1,1,1,1,1,1,1,1,1,1
    ,1,1,1,1,1,1,1,1,4),(0.,1.747471537499E-04,3.494943074997E-04,
    5.242414612496E-04,6.989886149994E-04,8.737357687493E-04,
    1.048482922499E-03,1.223230076249E-03,1.397977229999E-03,
    1.572724383749E-03,1.747471537499E-03,1.922218691248E-03,
    2.096965844998E-03,2.271712998748E-03,2.446460152498E-03,
    2.621207306248E-03,2.795954459998E-03,2.970701613748E-03,
    3.145448767497E-03,3.320195921247E-03,3.494943074997E-03,
    3.669690228747E-03,3.844437382497E-03,4.019184536247E-03,
    4.193931689997E-03,4.368678843747E-03,4.543425997496E-03,
    4.718173151246E-03,4.892920304996E-03,5.067667458746E-03,
    5.242414612496E-03,5.417161766246E-03,5.591908919996E-03,
    5.766656073745E-03,5.941403227495E-03,6.116150381245E-03,
    6.290897534995E-03,6.465644688745E-03,6.640391842495E-03,
    6.815138996245E-03,6.989886149994E-03,7.164633303744E-03,
    7.339380457494E-03,7.514127611244E-03,7.688874764994E-03,
    7.863621918744E-03,8.038369072494E-03,8.213116226243E-03,
    8.387863379993E-03,8.562610533743E-03,8.737357687493E-03,
    8.912104841243E-03,9.086851994993E-03,9.261599148743E-03,
    9.436346302492E-03,9.611093456242E-03,9.785840609992E-03,
    9.960587763742E-03,1.013533491749E-02,1.031008207124E-02,
    1.048482922499E-02,1.065957637874E-02,1.083432353249E-02,
    1.100907068624E-02,1.118381783999E-02,1.135856499374E-02,
    1.153331214749E-02),.QUASI_UNIFORM_KNOTS.);
#9334 = CARTESIAN_POINT('',(0.,0.206249999332));
#9335 = CARTESIAN_POINT('',(5.18192303597E-03,0.206534345261));
#9336 = CARTESIAN_POINT('',(1.550782353561E-02,0.207100971997));
#9337 = CARTESIAN_POINT('',(3.088393375063E-02,0.207947065658));
#9338 = CARTESIAN_POINT('',(4.614983481366E-02,0.208791754609));
#9339 = CARTESIAN_POINT('',(6.130303490722E-02,0.209637155727));
#9340 = CARTESIAN_POINT('',(7.635796839824E-02,0.210486409155));
#9341 = CARTESIAN_POINT('',(9.132208900551E-02,0.211342223703));
#9342 = CARTESIAN_POINT('',(0.106152543713,0.212205114016));
#9343 = CARTESIAN_POINT('',(0.120852252231,0.21307603949));
#9344 = CARTESIAN_POINT('',(0.135832128208,0.213941028028));
#9345 = CARTESIAN_POINT('',(0.150847884607,0.214795983581));
#9346 = CARTESIAN_POINT('',(0.165956108578,0.215644754591));
#9347 = CARTESIAN_POINT('',(0.181139828732,0.21648929654));
#9348 = CARTESIAN_POINT('',(0.196408451243,0.217332326219));
#9349 = CARTESIAN_POINT('',(0.211798121016,0.218178136921));
#9350 = CARTESIAN_POINT('',(0.22724647632,0.219025583665));
#9351 = CARTESIAN_POINT('',(0.242707761882,0.219874504169));
#9352 = CARTESIAN_POINT('',(0.258138207537,0.220724856577));
#9353 = CARTESIAN_POINT('',(0.273414853986,0.221572213946));
#9354 = CARTESIAN_POINT('',(0.288554333021,0.222419632911));
#9355 = CARTESIAN_POINT('',(0.303551532199,0.223269517466));
#9356 = CARTESIAN_POINT('',(0.318417105052,0.22412324598));
#9357 = CARTESIAN_POINT('',(0.333140986978,0.224988498342));
#9358 = CARTESIAN_POINT('',(0.347901819115,0.225856692767));
#9359 = CARTESIAN_POINT('',(0.362910566764,0.22671883664));
#9360 = CARTESIAN_POINT('',(0.378035307079,0.227576053819));
#9361 = CARTESIAN_POINT('',(0.39321449359,0.228425703381));
#9362 = CARTESIAN_POINT('',(0.408441359668,0.229270315787));
#9363 = CARTESIAN_POINT('',(0.42372109784,0.230112407487));
#9364 = CARTESIAN_POINT('',(0.439038889661,0.230953497134));
#9365 = CARTESIAN_POINT('',(0.454452819275,0.231799046589));
#9366 = CARTESIAN_POINT('',(0.469911939984,0.232648597442));
#9367 = CARTESIAN_POINT('',(0.485334612621,0.233500033051));
#9368 = CARTESIAN_POINT('',(0.500644861329,0.234351558801));
#9369 = CARTESIAN_POINT('',(0.51577928183,0.235201781715));
#9370 = CARTESIAN_POINT('',(0.530739857565,0.236053585389));
#9371 = CARTESIAN_POINT('',(0.54555128394,0.236908646738));
#9372 = CARTESIAN_POINT('',(0.560118550456,0.23777147585));
#9373 = CARTESIAN_POINT('',(0.574917982904,0.238633227988));
#9374 = CARTESIAN_POINT('',(0.589971585198,0.239494473076));
#9375 = CARTESIAN_POINT('',(0.605177044972,0.240352415132));
#9376 = CARTESIAN_POINT('',(0.620460792064,0.241205142481));
#9377 = CARTESIAN_POINT('',(0.635740502485,0.242050598977));
#9378 = CARTESIAN_POINT('',(0.651043810523,0.242892703721));
#9379 = CARTESIAN_POINT('',(0.666365458573,0.243733478542));
#9380 = CARTESIAN_POINT('',(0.681705063727,0.244575193465));
#9381 = CARTESIAN_POINT('',(0.697070823374,0.245420601488));
#9382 = CARTESIAN_POINT('',(0.712463789017,0.246272144028));
#9383 = CARTESIAN_POINT('',(0.727786494716,0.247126850156));
#9384 = CARTESIAN_POINT('',(0.74296600665,0.247983059992));
#9385 = CARTESIAN_POINT('',(0.75790960336,0.24883770398));
#9386 = CARTESIAN_POINT('',(0.772651486737,0.249695226727));
#9387 = CARTESIAN_POINT('',(0.787205677975,0.250557657322));
#9388 = CARTESIAN_POINT('',(0.802030383625,0.251414147731));
#9389 = CARTESIAN_POINT('',(0.817047439216,0.252269593399));
#9390 = CARTESIAN_POINT('',(0.832272573967,0.253125214324));
#9391 = CARTESIAN_POINT('',(0.847617584834,0.253978854239));
#9392 = CARTESIAN_POINT('',(0.863015731589,0.25482905998));
#9393 = CARTESIAN_POINT('',(0.878368593475,0.255672853013));
#9394 = CARTESIAN_POINT('',(0.893694567669,0.256513595639));
#9395 = CARTESIAN_POINT('',(0.909013717984,0.257354682052));
#9396 = CARTESIAN_POINT('',(0.924319752625,0.258198062649));
#9397 = CARTESIAN_POINT('',(0.939618993772,0.259046428668));
#9398 = CARTESIAN_POINT('',(0.954890879814,0.259901071202));
#9399 = CARTESIAN_POINT('',(0.970080289851,0.260761388938));
#9400 = CARTESIAN_POINT('',(0.98514367673,0.261627420493));
#9401 = CARTESIAN_POINT('',(0.995071864364,0.262208521476));
#9402 = CARTESIAN_POINT('',(1.,0.26249999928));
#9403 = ( GEOMETRIC_REPRESENTATION_CONTEXT(2) 
PARAMETRIC_REPRESENTATION_CONTEXT() REPRESENTATION_CONTEXT('2D SPACE',''
  ) );
#9404 = ORIENTED_EDGE('',*,*,#9405,.T.);
#9405 = EDGE_CURVE('',#9255,#9406,#9408,.T.);
#9406 = VERTEX_POINT('',#9407);
#9407 = CARTESIAN_POINT('',(0.933330651719,3.476908669212,7.999999998755
    ));
#9408 = SURFACE_CURVE('',#9409,(#9414,#9422),.PCURVE_S1.);
#9409 = B_SPLINE_CURVE_WITH_KNOTS('',3,(#9410,#9411,#9412,#9413),
  .UNSPECIFIED.,.F.,.F.,(4,4),(0.,1.689737647457E-03),
  .PIECEWISE_BEZIER_KNOTS.);
#9410 = CARTESIAN_POINT('',(-0.641381311431,4.049522195685,
    7.999999999999));
#9411 = CARTESIAN_POINT('',(-8.037720819687E-02,3.984114503485,8.));
#9412 = CARTESIAN_POINT('',(0.462207887233,3.788466713795,8.));
#9413 = CARTESIAN_POINT('',(0.933330651719,3.476908669212,7.999999998755
    ));
#9414 = PCURVE('',#572,#9415);
#9415 = DEFINITIONAL_REPRESENTATION('',(#9416),#9421);
#9416 = B_SPLINE_CURVE_WITH_KNOTS('',3,(#9417,#9418,#9419,#9420),
  .UNSPECIFIED.,.F.,.F.,(4,4),(0.,1.689737647457E-03),
  .PIECEWISE_BEZIER_KNOTS.);
#9417 = CARTESIAN_POINT('',(-0.641381311431,4.049522195685));
#9418 = CARTESIAN_POINT('',(-8.037720819687E-02,3.984114503485));
#9419 = CARTESIAN_POINT('',(0.462207887233,3.788466713795));
#9420 = CARTESIAN_POINT('',(0.933330651719,3.476908669212));
#9421 = ( GEOMETRIC_REPRESENTATION_CONTEXT(2) 
PARAMETRIC_REPRESENTATION_CONTEXT() REPRESENTATION_CONTEXT('2D SPACE',''
  ) );
#9422 = PCURVE('',#9423,#9714);
#9423 = ( BOUNDED_SURFACE() B_SPLINE_SURFACE(1,2,(
    (#9424,#9425,#9426,#9427,#9428,#9429,#9430,#9431,#9432,#9433,#9434
      ,#9435,#9436,#9437,#9438,#9439,#9440,#9441,#9442,#9443,#9444,#9445
      ,#9446,#9447,#9448,#9449,#9450,#9451,#9452,#9453,#9454,#9455,#9456
      ,#9457,#9458,#9459,#9460,#9461,#9462,#9463,#9464,#9465,#9466,#9467
      ,#9468,#9469,#9470,#9471,#9472,#9473,#9474,#9475,#9476,#9477,#9478
      ,#9479,#9480,#9481,#9482,#9483,#9484,#9485,#9486,#9487,#9488,#9489
      ,#9490,#9491,#9492,#9493,#9494,#9495,#9496,#9497,#9498,#9499,#9500
      ,#9501,#9502,#9503,#9504,#9505,#9506,#9507,#9508,#9509,#9510,#9511
      ,#9512,#9513,#9514,#9515,#9516,#9517,#9518,#9519,#9520,#9521,#9522
      ,#9523,#9524,#9525,#9526,#9527,#9528,#9529,#9530,#9531,#9532,#9533
      ,#9534,#9535,#9536,#9537,#9538,#9539,#9540,#9541,#9542,#9543,#9544
      ,#9545,#9546,#9547,#9548,#9549,#9550,#9551,#9552,#9553,#9554,#9555
      ,#9556,#9557,#9558,#9559,#9560,#9561,#9562,#9563,#9564,#9565,#9566
      ,#9567,#9568)
    ,(#9569,#9570,#9571,#9572,#9573,#9574,#9575,#9576,#9577,#9578,#9579
      ,#9580,#9581,#9582,#9583,#9584,#9585,#9586,#9587,#9588,#9589,#9590
      ,#9591,#9592,#9593,#9594,#9595,#9596,#9597,#9598,#9599,#9600,#9601
      ,#9602,#9603,#9604,#9605,#9606,#9607,#9608,#9609,#9610,#9611,#9612
      ,#9613,#9614,#9615,#9616,#9617,#9618,#9619,#9620,#9621,#9622,#9623
      ,#9624,#9625,#9626,#9627,#9628,#9629,#9630,#9631,#9632,#9633,#9634
      ,#9635,#9636,#9637,#9638,#9639,#9640,#9641,#9642,#9643,#9644,#9645
      ,#9646,#9647,#9648,#9649,#9650,#9651,#9652,#9653,#9654,#9655,#9656
      ,#9657,#9658,#9659,#9660,#9661,#9662,#9663,#9664,#9665,#9666,#9667
      ,#9668,#9669,#9670,#9671,#9672,#9673,#9674,#9675,#9676,#9677,#9678
      ,#9679,#9680,#9681,#9682,#9683,#9684,#9685,#9686,#9687,#9688,#9689
      ,#9690,#9691,#9692,#9693,#9694,#9695,#9696,#9697,#9698,#9699,#9700
      ,#9701,#9702,#9703,#9704,#9705,#9706,#9707,#9708,#9709,#9710,#9711
      ,#9712,#9713
)),.UNSPECIFIED.,.F.,.F.,.F.) B_SPLINE_SURFACE_WITH_KNOTS((2,2),(3,2,2,2
    ,2,2,2,2,2,2,2,2,2,2,2,2,2,2,2,2,2,2,2,2,2,2,2,2,2,2,2,2,2,2,2,2,2,2
    ,2,2,2,2,2,2,2,2,2,2,2,2,2,2,2,2,2,2,2,2,2,2,2,2,2,2,2,2,2,2,2,2,2,2
    ,3),(0.,1.),(0.109355424921,0.1125,0.125,0.1375,0.15,0.1625,0.175,
    0.1875,0.2,0.2125,0.225,0.2375,0.25,0.2625,0.275,0.2875,0.3,0.3125,
    0.325,0.3375,0.35,0.3625,0.375,0.3875,0.4,0.4125,0.425,0.4375,0.45,
    0.4625,0.475,0.4875,0.5,0.5125,0.525,0.5375,0.55,0.5625,0.575,0.5875
    ,0.6,0.6125,0.625,0.6375,0.65,0.6625,0.675,0.6875,0.7,0.7125,0.725,
    0.7375,0.75,0.7625,0.775,0.7875,0.8,0.8125,0.825,0.8375,0.85,0.8625,
    0.875,0.8875,0.9,0.9125,0.925,0.9375,0.95,0.9625,0.975,0.9875,1.),
.UNSPECIFIED.) GEOMETRIC_REPRESENTATION_ITEM() RATIONAL_B_SPLINE_SURFACE
((
    (0.98156978786,0.987687483267,1.,0.951056516295,1.,0.951056516295,1.
      ,0.951056516295,1.,0.951056516295,1.,0.951056516295,1.
      ,0.951056516295,1.,0.951056516295,1.,0.951056516295,1.
      ,0.951056516295,1.,0.951056516295,1.,0.951056516295,1.
      ,0.951056516295,1.,0.951056516295,1.,0.951056516295,1.
      ,0.951056516295,1.,0.951056516295,1.,0.951056516295,1.
      ,0.951056516295,1.,0.951056516295,1.,0.951056516295,1.
      ,0.951056516295,1.,0.951056516295,1.,0.951056516295,1.
      ,0.951056516295,1.,0.951056516295,1.,0.951056516295,1.
      ,0.951056516295,1.,0.951056516295,1.,0.951056516295,1.
      ,0.951056516295,1.,0.951056516295,1.,0.951056516295,1.
      ,0.951056516295,1.,0.951056516295,1.,0.951056516295,1.
      ,0.951056516295,1.,0.951056516295,1.,0.951056516295,1.
      ,0.951056516295,1.,0.951056516295,1.,0.951056516295,1.
      ,0.951056516295,1.,0.951056516295,1.,0.951056516295,1.
      ,0.951056516295,1.,0.951056516295,1.,0.951056516295,1.
      ,0.951056516295,1.,0.951056516295,1.,0.951056516295,1.
      ,0.951056516295,1.,0.951056516295,1.,0.951056516295,1.
      ,0.951056516295,1.,0.951056516295,1.,0.951056516295,1.
      ,0.951056516295,1.,0.951056516295,1.,0.951056516295,1.
      ,0.951056516295,1.,0.951056516295,1.,0.951056516295,1.
      ,0.951056516295,1.,0.951056516295,1.,0.951056516295,1.
      ,0.951056516295,1.,0.951056516295,1.,0.951056516295,1.
      ,0.951056516295,1.,0.951056516295,1.,0.951056516295,1.)
    ,(0.98156978786,0.987687483267,1.,0.951056516295,1.,0.951056516295
      ,1.,0.951056516295,1.,0.951056516295,1.,0.951056516295,1.
      ,0.951056516295,1.,0.951056516295,1.,0.951056516295,1.
      ,0.951056516295,1.,0.951056516295,1.,0.951056516295,1.
      ,0.951056516295,1.,0.951056516295,1.,0.951056516295,1.
      ,0.951056516295,1.,0.951056516295,1.,0.951056516295,1.
      ,0.951056516295,1.,0.951056516295,1.,0.951056516295,1.
      ,0.951056516295,1.,0.951056516295,1.,0.951056516295,1.
      ,0.951056516295,1.,0.951056516295,1.,0.951056516295,1.
      ,0.951056516295,1.,0.951056516295,1.,0.951056516295,1.
      ,0.951056516295,1.,0.951056516295,1.,0.951056516295,1.
      ,0.951056516295,1.,0.951056516295,1.,0.951056516295,1.
      ,0.951056516295,1.,0.951056516295,1.,0.951056516295,1.
      ,0.951056516295,1.,0.951056516295,1.,0.951056516295,1.
      ,0.951056516295,1.,0.951056516295,1.,0.951056516295,1.
      ,0.951056516295,1.,0.951056516295,1.,0.951056516295,1.
      ,0.951056516295,1.,0.951056516295,1.,0.951056516295,1.
      ,0.951056516295,1.,0.951056516295,1.,0.951056516295,1.
      ,0.951056516295,1.,0.951056516295,1.,0.951056516295,1.
      ,0.951056516295,1.,0.951056516295,1.,0.951056516295,1.
      ,0.951056516295,1.,0.951056516295,1.,0.951056516295,1.
      ,0.951056516295,1.,0.951056516295,1.,0.951056516295,1.
      ,0.951056516295,1.,0.951056516295,1.,0.951056516295,1.
      ,0.951056516295,1.,0.951056516295,1.,0.951056516295,1.
))) REPRESENTATION_ITEM('') SURFACE() );
#9424 = CARTESIAN_POINT('',(-4.099999999752,-4.507849041229E-05,
    10.449380257931));
#9425 = CARTESIAN_POINT('',(-4.100003547756,0.322654669337,
    10.424223591516));
#9426 = CARTESIAN_POINT('',(-4.049522174362,0.641381446061,
    10.399999989043));
#9427 = CARTESIAN_POINT('',(-3.841124709738,1.957150960843,
    10.299999989043));
#9428 = CARTESIAN_POINT('',(-2.899137703068,2.899137902661,
    10.199999989043));
#9429 = CARTESIAN_POINT('',(-1.957150696398,3.84112484448,
    10.099999989043));
#9430 = CARTESIAN_POINT('',(-0.641381167269,4.049522218518,
    9.999999989043));
#9431 = CARTESIAN_POINT('',(0.67438836186,4.257919592557,9.899999989043)
  );
#9432 = CARTESIAN_POINT('',(1.861361174683,3.653126685099,9.799999989043
    ));
#9433 = CARTESIAN_POINT('',(3.048333987506,3.048333777641,9.699999989043
    ));
#9434 = CARTESIAN_POINT('',(3.653126813246,1.861360923181,9.599999989043
    ));
#9435 = CARTESIAN_POINT('',(4.257919638985,0.674388068721,9.499999989043
    ));
#9436 = CARTESIAN_POINT('',(4.049522174362,-0.641381446061,
    9.399999989043));
#9437 = CARTESIAN_POINT('',(3.841124709738,-1.957150960843,
    9.299999989043));
#9438 = CARTESIAN_POINT('',(2.899137703068,-2.899137902661,
    9.199999989043));
#9439 = CARTESIAN_POINT('',(1.957150696398,-3.84112484448,9.099999989043
    ));
#9440 = CARTESIAN_POINT('',(0.641381167269,-4.049522218518,
    8.999999989043));
#9441 = CARTESIAN_POINT('',(-0.67438836186,-4.257919592557,
    8.899999989043));
#9442 = CARTESIAN_POINT('',(-1.861361174683,-3.653126685099,
    8.799999989043));
#9443 = CARTESIAN_POINT('',(-3.048333987506,-3.048333777641,
    8.699999989043));
#9444 = CARTESIAN_POINT('',(-3.653126813246,-1.861360923181,
    8.599999989043));
#9445 = CARTESIAN_POINT('',(-4.257919638985,-0.674388068721,
    8.499999989043));
#9446 = CARTESIAN_POINT('',(-4.049522174362,0.641381446061,
    8.399999989043));
#9447 = CARTESIAN_POINT('',(-3.841124709738,1.957150960843,
    8.299999989043));
#9448 = CARTESIAN_POINT('',(-2.899137703068,2.899137902661,
    8.199999989043));
#9449 = CARTESIAN_POINT('',(-1.957150696398,3.84112484448,8.099999989043
    ));
#9450 = CARTESIAN_POINT('',(-0.641381167269,4.049522218518,
    7.999999989043));
#9451 = CARTESIAN_POINT('',(0.67438836186,4.257919592557,7.899999989043)
  );
#9452 = CARTESIAN_POINT('',(1.861361174683,3.653126685099,7.799999989043
    ));
#9453 = CARTESIAN_POINT('',(3.048333987506,3.048333777641,7.699999989043
    ));
#9454 = CARTESIAN_POINT('',(3.653126813246,1.861360923181,7.599999989043
    ));
#9455 = CARTESIAN_POINT('',(4.257919638985,0.674388068721,7.499999989043
    ));
#9456 = CARTESIAN_POINT('',(4.049522174362,-0.641381446061,
    7.399999989043));
#9457 = CARTESIAN_POINT('',(3.841124709738,-1.957150960843,
    7.299999989043));
#9458 = CARTESIAN_POINT('',(2.899137703068,-2.899137902661,
    7.199999989043));
#9459 = CARTESIAN_POINT('',(1.957150696398,-3.84112484448,7.099999989043
    ));
#9460 = CARTESIAN_POINT('',(0.641381167269,-4.049522218518,
    6.999999989043));
#9461 = CARTESIAN_POINT('',(-0.67438836186,-4.257919592557,
    6.899999989043));
#9462 = CARTESIAN_POINT('',(-1.861361174683,-3.653126685099,
    6.799999989043));
#9463 = CARTESIAN_POINT('',(-3.048333987506,-3.048333777641,
    6.699999989043));
#9464 = CARTESIAN_POINT('',(-3.653126813246,-1.861360923181,
    6.599999989043));
#9465 = CARTESIAN_POINT('',(-4.257919638985,-0.674388068721,
    6.499999989043));
#9466 = CARTESIAN_POINT('',(-4.049522174362,0.641381446061,
    6.399999989043));
#9467 = CARTESIAN_POINT('',(-3.841124709738,1.957150960843,
    6.299999989043));
#9468 = CARTESIAN_POINT('',(-2.899137703068,2.899137902661,
    6.199999989043));
#9469 = CARTESIAN_POINT('',(-1.957150696398,3.84112484448,6.099999989043
    ));
#9470 = CARTESIAN_POINT('',(-0.641381167269,4.049522218518,
    5.999999989043));
#9471 = CARTESIAN_POINT('',(0.67438836186,4.257919592557,5.899999989043)
  );
#9472 = CARTESIAN_POINT('',(1.861361174683,3.653126685099,5.799999989043
    ));
#9473 = CARTESIAN_POINT('',(3.048333987506,3.048333777641,5.699999989043
    ));
#9474 = CARTESIAN_POINT('',(3.653126813246,1.861360923181,5.599999989043
    ));
#9475 = CARTESIAN_POINT('',(4.257919638985,0.674388068721,5.499999989043
    ));
#9476 = CARTESIAN_POINT('',(4.049522174362,-0.641381446061,
    5.399999989043));
#9477 = CARTESIAN_POINT('',(3.841124709738,-1.957150960843,
    5.299999989043));
#9478 = CARTESIAN_POINT('',(2.899137703068,-2.899137902661,
    5.199999989043));
#9479 = CARTESIAN_POINT('',(1.957150696398,-3.84112484448,5.099999989043
    ));
#9480 = CARTESIAN_POINT('',(0.641381167269,-4.049522218518,
    4.999999989043));
#9481 = CARTESIAN_POINT('',(-0.67438836186,-4.257919592557,
    4.899999989043));
#9482 = CARTESIAN_POINT('',(-1.861361174683,-3.653126685099,
    4.799999989043));
#9483 = CARTESIAN_POINT('',(-3.048333987506,-3.048333777641,
    4.699999989043));
#9484 = CARTESIAN_POINT('',(-3.653126813246,-1.861360923181,
    4.599999989043));
#9485 = CARTESIAN_POINT('',(-4.257919638985,-0.674388068721,
    4.499999989043));
#9486 = CARTESIAN_POINT('',(-4.049522174362,0.641381446061,
    4.399999989043));
#9487 = CARTESIAN_POINT('',(-3.841124709738,1.957150960843,
    4.299999989043));
#9488 = CARTESIAN_POINT('',(-2.899137703068,2.899137902661,
    4.199999989043));
#9489 = CARTESIAN_POINT('',(-1.957150696398,3.84112484448,4.099999989043
    ));
#9490 = CARTESIAN_POINT('',(-0.641381167269,4.049522218518,
    3.999999989043));
#9491 = CARTESIAN_POINT('',(0.67438836186,4.257919592557,3.899999989043)
  );
#9492 = CARTESIAN_POINT('',(1.861361174683,3.653126685099,3.799999989043
    ));
#9493 = CARTESIAN_POINT('',(3.048333987506,3.048333777641,3.699999989043
    ));
#9494 = CARTESIAN_POINT('',(3.653126813246,1.861360923181,3.599999989043
    ));
#9495 = CARTESIAN_POINT('',(4.257919638985,0.674388068721,3.499999989043
    ));
#9496 = CARTESIAN_POINT('',(4.049522174362,-0.641381446061,
    3.399999989043));
#9497 = CARTESIAN_POINT('',(3.841124709738,-1.957150960843,
    3.299999989043));
#9498 = CARTESIAN_POINT('',(2.899137703068,-2.899137902661,
    3.199999989043));
#9499 = CARTESIAN_POINT('',(1.957150696398,-3.84112484448,3.099999989043
    ));
#9500 = CARTESIAN_POINT('',(0.641381167269,-4.049522218518,
    2.999999989043));
#9501 = CARTESIAN_POINT('',(-0.67438836186,-4.257919592557,
    2.899999989043));
#9502 = CARTESIAN_POINT('',(-1.861361174683,-3.653126685099,
    2.799999989043));
#9503 = CARTESIAN_POINT('',(-3.048333987506,-3.048333777641,
    2.699999989043));
#9504 = CARTESIAN_POINT('',(-3.653126813246,-1.861360923181,
    2.599999989043));
#9505 = CARTESIAN_POINT('',(-4.257919638985,-0.674388068721,
    2.499999989043));
#9506 = CARTESIAN_POINT('',(-4.049522174362,0.641381446061,
    2.399999989043));
#9507 = CARTESIAN_POINT('',(-3.841124709738,1.957150960843,
    2.299999989043));
#9508 = CARTESIAN_POINT('',(-2.899137703068,2.899137902661,
    2.199999989043));
#9509 = CARTESIAN_POINT('',(-1.957150696398,3.84112484448,2.099999989043
    ));
#9510 = CARTESIAN_POINT('',(-0.641381167269,4.049522218518,
    1.999999989043));
#9511 = CARTESIAN_POINT('',(0.67438836186,4.257919592557,1.899999989043)
  );
#9512 = CARTESIAN_POINT('',(1.861361174683,3.653126685099,1.799999989043
    ));
#9513 = CARTESIAN_POINT('',(3.048333987506,3.048333777641,1.699999989043
    ));
#9514 = CARTESIAN_POINT('',(3.653126813246,1.861360923181,1.599999989043
    ));
#9515 = CARTESIAN_POINT('',(4.257919638985,0.674388068721,1.499999989043
    ));
#9516 = CARTESIAN_POINT('',(4.049522174362,-0.641381446061,
    1.399999989043));
#9517 = CARTESIAN_POINT('',(3.841124709738,-1.957150960843,
    1.299999989043));
#9518 = CARTESIAN_POINT('',(2.899137703068,-2.899137902661,
    1.199999989043));
#9519 = CARTESIAN_POINT('',(1.957150696398,-3.84112484448,1.099999989043
    ));
#9520 = CARTESIAN_POINT('',(0.641381167269,-4.049522218518,
    0.999999989043));
#9521 = CARTESIAN_POINT('',(-0.67438836186,-4.257919592557,
    0.899999989043));
#9522 = CARTESIAN_POINT('',(-1.861361174683,-3.653126685099,
    0.799999989043));
#9523 = CARTESIAN_POINT('',(-3.048333987506,-3.048333777641,
    0.699999989043));
#9524 = CARTESIAN_POINT('',(-3.653126813246,-1.861360923181,
    0.599999989043));
#9525 = CARTESIAN_POINT('',(-4.257919638985,-0.674388068721,
    0.499999989043));
#9526 = CARTESIAN_POINT('',(-4.049522174362,0.641381446061,
    0.399999989043));
#9527 = CARTESIAN_POINT('',(-3.841124709738,1.957150960843,
    0.299999989043));
#9528 = CARTESIAN_POINT('',(-2.899137703068,2.899137902661,
    0.199999989043));
#9529 = CARTESIAN_POINT('',(-1.957150696398,3.84112484448,
    9.999998904288E-02));
#9530 = CARTESIAN_POINT('',(-0.641381167269,4.049522218518,
    -1.095712236221E-08));
#9531 = CARTESIAN_POINT('',(0.67438836186,4.257919592557,-0.100000010957
    ));
#9532 = CARTESIAN_POINT('',(1.861361174683,3.653126685099,
    -0.200000010957));
#9533 = CARTESIAN_POINT('',(3.048333987506,3.048333777641,
    -0.300000010957));
#9534 = CARTESIAN_POINT('',(3.653126813246,1.861360923181,
    -0.400000010957));
#9535 = CARTESIAN_POINT('',(4.257919638985,0.674388068721,
    -0.500000010957));
#9536 = CARTESIAN_POINT('',(4.049522174362,-0.641381446061,
    -0.600000010957));
#9537 = CARTESIAN_POINT('',(3.841124709738,-1.957150960843,
    -0.700000010957));
#9538 = CARTESIAN_POINT('',(2.899137703068,-2.899137902661,
    -0.800000010957));
#9539 = CARTESIAN_POINT('',(1.957150696398,-3.84112484448,
    -0.900000010957));
#9540 = CARTESIAN_POINT('',(0.641381167269,-4.049522218518,
    -1.000000010957));
#9541 = CARTESIAN_POINT('',(-0.67438836186,-4.257919592557,
    -1.100000010957));
#9542 = CARTESIAN_POINT('',(-1.861361174683,-3.653126685099,
    -1.200000010957));
#9543 = CARTESIAN_POINT('',(-3.048333987506,-3.048333777641,
    -1.300000010957));
#9544 = CARTESIAN_POINT('',(-3.653126813246,-1.861360923181,
    -1.400000010957));
#9545 = CARTESIAN_POINT('',(-4.257919638985,-0.674388068721,
    -1.500000010957));
#9546 = CARTESIAN_POINT('',(-4.049522174362,0.641381446061,
    -1.600000010957));
#9547 = CARTESIAN_POINT('',(-3.841124709738,1.957150960843,
    -1.700000010957));
#9548 = CARTESIAN_POINT('',(-2.899137703068,2.899137902661,
    -1.800000010957));
#9549 = CARTESIAN_POINT('',(-1.957150696398,3.84112484448,
    -1.900000010957));
#9550 = CARTESIAN_POINT('',(-0.641381167269,4.049522218518,
    -2.000000010957));
#9551 = CARTESIAN_POINT('',(0.67438836186,4.257919592557,-2.100000010957
    ));
#9552 = CARTESIAN_POINT('',(1.861361174683,3.653126685099,
    -2.200000010957));
#9553 = CARTESIAN_POINT('',(3.048333987506,3.048333777641,
    -2.300000010957));
#9554 = CARTESIAN_POINT('',(3.653126813246,1.861360923181,
    -2.400000010957));
#9555 = CARTESIAN_POINT('',(4.257919638985,0.674388068721,
    -2.500000010957));
#9556 = CARTESIAN_POINT('',(4.049522174362,-0.641381446061,
    -2.600000010957));
#9557 = CARTESIAN_POINT('',(3.841124709738,-1.957150960843,
    -2.700000010957));
#9558 = CARTESIAN_POINT('',(2.899137703068,-2.899137902661,
    -2.800000010957));
#9559 = CARTESIAN_POINT('',(1.957150696398,-3.84112484448,
    -2.900000010957));
#9560 = CARTESIAN_POINT('',(0.641381167269,-4.049522218518,
    -3.000000010957));
#9561 = CARTESIAN_POINT('',(-0.67438836186,-4.257919592557,
    -3.100000010957));
#9562 = CARTESIAN_POINT('',(-1.861361174683,-3.653126685099,
    -3.200000010957));
#9563 = CARTESIAN_POINT('',(-3.048333987506,-3.048333777641,
    -3.300000010957));
#9564 = CARTESIAN_POINT('',(-3.653126813246,-1.861360923181,
    -3.400000010957));
#9565 = CARTESIAN_POINT('',(-4.257919638985,-0.674388068721,
    -3.500000010957));
#9566 = CARTESIAN_POINT('',(-4.049522174362,0.641381446061,
    -3.600000010957));
#9567 = CARTESIAN_POINT('',(-3.841124709738,1.957150960843,
    -3.700000010957));
#9568 = CARTESIAN_POINT('',(-2.899137703068,2.899137902661,
    -3.800000010957));
#9569 = CARTESIAN_POINT('',(-3.599999999782,-3.958111353287E-05,
    10.583354854147));
#9570 = CARTESIAN_POINT('',(-3.600003115103,0.28330653893,
    10.558198187732));
#9571 = CARTESIAN_POINT('',(-3.555678006757,0.563164196541,
    10.533974585258));
#9572 = CARTESIAN_POINT('',(-3.372694867087,1.718474014399,
    10.433974585258));
#9573 = CARTESIAN_POINT('',(-2.545584324645,2.545584499898,
    10.333974585258));
#9574 = CARTESIAN_POINT('',(-1.718473782203,3.372694985397,
    10.233974585258));
#9575 = CARTESIAN_POINT('',(-0.563163951748,3.555678045528,
    10.133974585258));
#9576 = CARTESIAN_POINT('',(0.592145878707,3.73866110566,10.033974585258
    ));
#9577 = CARTESIAN_POINT('',(1.634365909478,3.207623430819,9.933974585258
    ));
#9578 = CARTESIAN_POINT('',(2.676585940249,2.676585755978,9.833974585258
    ));
#9579 = CARTESIAN_POINT('',(3.207623543338,1.634365688647,9.733974585258
    ));
#9580 = CARTESIAN_POINT('',(3.738661146426,0.592145621316,9.633974585258
    ));
#9581 = CARTESIAN_POINT('',(3.555678006757,-0.563164196541,
    9.533974585258));
#9582 = CARTESIAN_POINT('',(3.372694867087,-1.718474014399,
    9.433974585258));
#9583 = CARTESIAN_POINT('',(2.545584324645,-2.545584499898,
    9.333974585258));
#9584 = CARTESIAN_POINT('',(1.718473782203,-3.372694985397,
    9.233974585258));
#9585 = CARTESIAN_POINT('',(0.563163951748,-3.555678045528,
    9.133974585258));
#9586 = CARTESIAN_POINT('',(-0.592145878707,-3.73866110566,
    9.033974585258));
#9587 = CARTESIAN_POINT('',(-1.634365909478,-3.207623430819,
    8.933974585258));
#9588 = CARTESIAN_POINT('',(-2.676585940249,-2.676585755978,
    8.833974585258));
#9589 = CARTESIAN_POINT('',(-3.207623543338,-1.634365688647,
    8.733974585258));
#9590 = CARTESIAN_POINT('',(-3.738661146426,-0.592145621316,
    8.633974585258));
#9591 = CARTESIAN_POINT('',(-3.555678006757,0.563164196541,
    8.533974585258));
#9592 = CARTESIAN_POINT('',(-3.372694867087,1.718474014399,
    8.433974585258));
#9593 = CARTESIAN_POINT('',(-2.545584324645,2.545584499898,
    8.333974585258));
#9594 = CARTESIAN_POINT('',(-1.718473782203,3.372694985397,
    8.233974585258));
#9595 = CARTESIAN_POINT('',(-0.563163951748,3.555678045528,
    8.133974585258));
#9596 = CARTESIAN_POINT('',(0.592145878707,3.73866110566,8.033974585258)
  );
#9597 = CARTESIAN_POINT('',(1.634365909478,3.207623430819,7.933974585258
    ));
#9598 = CARTESIAN_POINT('',(2.676585940249,2.676585755978,7.833974585258
    ));
#9599 = CARTESIAN_POINT('',(3.207623543338,1.634365688647,7.733974585258
    ));
#9600 = CARTESIAN_POINT('',(3.738661146426,0.592145621316,7.633974585258
    ));
#9601 = CARTESIAN_POINT('',(3.555678006757,-0.563164196541,
    7.533974585258));
#9602 = CARTESIAN_POINT('',(3.372694867087,-1.718474014399,
    7.433974585258));
#9603 = CARTESIAN_POINT('',(2.545584324645,-2.545584499898,
    7.333974585258));
#9604 = CARTESIAN_POINT('',(1.718473782203,-3.372694985397,
    7.233974585258));
#9605 = CARTESIAN_POINT('',(0.563163951748,-3.555678045528,
    7.133974585258));
#9606 = CARTESIAN_POINT('',(-0.592145878707,-3.73866110566,
    7.033974585258));
#9607 = CARTESIAN_POINT('',(-1.634365909478,-3.207623430819,
    6.933974585258));
#9608 = CARTESIAN_POINT('',(-2.676585940249,-2.676585755978,
    6.833974585258));
#9609 = CARTESIAN_POINT('',(-3.207623543338,-1.634365688647,
    6.733974585258));
#9610 = CARTESIAN_POINT('',(-3.738661146426,-0.592145621316,
    6.633974585258));
#9611 = CARTESIAN_POINT('',(-3.555678006757,0.563164196541,
    6.533974585258));
#9612 = CARTESIAN_POINT('',(-3.372694867087,1.718474014399,
    6.433974585258));
#9613 = CARTESIAN_POINT('',(-2.545584324645,2.545584499898,
    6.333974585258));
#9614 = CARTESIAN_POINT('',(-1.718473782203,3.372694985397,
    6.233974585258));
#9615 = CARTESIAN_POINT('',(-0.563163951748,3.555678045528,
    6.133974585258));
#9616 = CARTESIAN_POINT('',(0.592145878707,3.73866110566,6.033974585258)
  );
#9617 = CARTESIAN_POINT('',(1.634365909478,3.207623430819,5.933974585258
    ));
#9618 = CARTESIAN_POINT('',(2.676585940249,2.676585755978,5.833974585258
    ));
#9619 = CARTESIAN_POINT('',(3.207623543338,1.634365688647,5.733974585258
    ));
#9620 = CARTESIAN_POINT('',(3.738661146426,0.592145621316,5.633974585258
    ));
#9621 = CARTESIAN_POINT('',(3.555678006757,-0.563164196541,
    5.533974585258));
#9622 = CARTESIAN_POINT('',(3.372694867087,-1.718474014399,
    5.433974585258));
#9623 = CARTESIAN_POINT('',(2.545584324645,-2.545584499898,
    5.333974585258));
#9624 = CARTESIAN_POINT('',(1.718473782203,-3.372694985397,
    5.233974585258));
#9625 = CARTESIAN_POINT('',(0.563163951748,-3.555678045528,
    5.133974585258));
#9626 = CARTESIAN_POINT('',(-0.592145878707,-3.73866110566,
    5.033974585258));
#9627 = CARTESIAN_POINT('',(-1.634365909478,-3.207623430819,
    4.933974585258));
#9628 = CARTESIAN_POINT('',(-2.676585940249,-2.676585755978,
    4.833974585258));
#9629 = CARTESIAN_POINT('',(-3.207623543338,-1.634365688647,
    4.733974585258));
#9630 = CARTESIAN_POINT('',(-3.738661146426,-0.592145621316,
    4.633974585258));
#9631 = CARTESIAN_POINT('',(-3.555678006757,0.563164196541,
    4.533974585258));
#9632 = CARTESIAN_POINT('',(-3.372694867087,1.718474014399,
    4.433974585258));
#9633 = CARTESIAN_POINT('',(-2.545584324645,2.545584499898,
    4.333974585258));
#9634 = CARTESIAN_POINT('',(-1.718473782203,3.372694985397,
    4.233974585258));
#9635 = CARTESIAN_POINT('',(-0.563163951748,3.555678045528,
    4.133974585258));
#9636 = CARTESIAN_POINT('',(0.592145878707,3.73866110566,4.033974585258)
  );
#9637 = CARTESIAN_POINT('',(1.634365909478,3.207623430819,3.933974585258
    ));
#9638 = CARTESIAN_POINT('',(2.676585940249,2.676585755978,3.833974585258
    ));
#9639 = CARTESIAN_POINT('',(3.207623543338,1.634365688647,3.733974585258
    ));
#9640 = CARTESIAN_POINT('',(3.738661146426,0.592145621316,3.633974585258
    ));
#9641 = CARTESIAN_POINT('',(3.555678006757,-0.563164196541,
    3.533974585258));
#9642 = CARTESIAN_POINT('',(3.372694867087,-1.718474014399,
    3.433974585258));
#9643 = CARTESIAN_POINT('',(2.545584324645,-2.545584499898,
    3.333974585258));
#9644 = CARTESIAN_POINT('',(1.718473782203,-3.372694985397,
    3.233974585258));
#9645 = CARTESIAN_POINT('',(0.563163951748,-3.555678045528,
    3.133974585258));
#9646 = CARTESIAN_POINT('',(-0.592145878707,-3.73866110566,
    3.033974585258));
#9647 = CARTESIAN_POINT('',(-1.634365909478,-3.207623430819,
    2.933974585258));
#9648 = CARTESIAN_POINT('',(-2.676585940249,-2.676585755978,
    2.833974585258));
#9649 = CARTESIAN_POINT('',(-3.207623543338,-1.634365688647,
    2.733974585258));
#9650 = CARTESIAN_POINT('',(-3.738661146426,-0.592145621316,
    2.633974585258));
#9651 = CARTESIAN_POINT('',(-3.555678006757,0.563164196541,
    2.533974585258));
#9652 = CARTESIAN_POINT('',(-3.372694867087,1.718474014399,
    2.433974585258));
#9653 = CARTESIAN_POINT('',(-2.545584324645,2.545584499898,
    2.333974585258));
#9654 = CARTESIAN_POINT('',(-1.718473782203,3.372694985397,
    2.233974585258));
#9655 = CARTESIAN_POINT('',(-0.563163951748,3.555678045528,
    2.133974585258));
#9656 = CARTESIAN_POINT('',(0.592145878707,3.73866110566,2.033974585258)
  );
#9657 = CARTESIAN_POINT('',(1.634365909478,3.207623430819,1.933974585258
    ));
#9658 = CARTESIAN_POINT('',(2.676585940249,2.676585755978,1.833974585258
    ));
#9659 = CARTESIAN_POINT('',(3.207623543338,1.634365688647,1.733974585258
    ));
#9660 = CARTESIAN_POINT('',(3.738661146426,0.592145621316,1.633974585258
    ));
#9661 = CARTESIAN_POINT('',(3.555678006757,-0.563164196541,
    1.533974585258));
#9662 = CARTESIAN_POINT('',(3.372694867087,-1.718474014399,
    1.433974585258));
#9663 = CARTESIAN_POINT('',(2.545584324645,-2.545584499898,
    1.333974585258));
#9664 = CARTESIAN_POINT('',(1.718473782203,-3.372694985397,
    1.233974585258));
#9665 = CARTESIAN_POINT('',(0.563163951748,-3.555678045528,
    1.133974585258));
#9666 = CARTESIAN_POINT('',(-0.592145878707,-3.73866110566,
    1.033974585258));
#9667 = CARTESIAN_POINT('',(-1.634365909478,-3.207623430819,
    0.933974585258));
#9668 = CARTESIAN_POINT('',(-2.676585940249,-2.676585755978,
    0.833974585258));
#9669 = CARTESIAN_POINT('',(-3.207623543338,-1.634365688647,
    0.733974585258));
#9670 = CARTESIAN_POINT('',(-3.738661146426,-0.592145621316,
    0.633974585258));
#9671 = CARTESIAN_POINT('',(-3.555678006757,0.563164196541,
    0.533974585258));
#9672 = CARTESIAN_POINT('',(-3.372694867087,1.718474014399,
    0.433974585258));
#9673 = CARTESIAN_POINT('',(-2.545584324645,2.545584499898,
    0.333974585258));
#9674 = CARTESIAN_POINT('',(-1.718473782203,3.372694985397,
    0.233974585258));
#9675 = CARTESIAN_POINT('',(-0.563163951748,3.555678045528,
    0.133974585258));
#9676 = CARTESIAN_POINT('',(0.592145878707,3.73866110566,
    3.397458525844E-02));
#9677 = CARTESIAN_POINT('',(1.634365909478,3.207623430819,
    -6.602541474156E-02));
#9678 = CARTESIAN_POINT('',(2.676585940249,2.676585755978,
    -0.166025414742));
#9679 = CARTESIAN_POINT('',(3.207623543338,1.634365688647,
    -0.266025414742));
#9680 = CARTESIAN_POINT('',(3.738661146426,0.592145621316,
    -0.366025414742));
#9681 = CARTESIAN_POINT('',(3.555678006757,-0.563164196541,
    -0.466025414742));
#9682 = CARTESIAN_POINT('',(3.372694867087,-1.718474014399,
    -0.566025414742));
#9683 = CARTESIAN_POINT('',(2.545584324645,-2.545584499898,
    -0.666025414742));
#9684 = CARTESIAN_POINT('',(1.718473782203,-3.372694985397,
    -0.766025414742));
#9685 = CARTESIAN_POINT('',(0.563163951748,-3.555678045528,
    -0.866025414742));
#9686 = CARTESIAN_POINT('',(-0.592145878707,-3.73866110566,
    -0.966025414742));
#9687 = CARTESIAN_POINT('',(-1.634365909478,-3.207623430819,
    -1.066025414742));
#9688 = CARTESIAN_POINT('',(-2.676585940249,-2.676585755978,
    -1.166025414742));
#9689 = CARTESIAN_POINT('',(-3.207623543338,-1.634365688647,
    -1.266025414742));
#9690 = CARTESIAN_POINT('',(-3.738661146426,-0.592145621316,
    -1.366025414742));
#9691 = CARTESIAN_POINT('',(-3.555678006757,0.563164196541,
    -1.466025414742));
#9692 = CARTESIAN_POINT('',(-3.372694867087,1.718474014399,
    -1.566025414742));
#9693 = CARTESIAN_POINT('',(-2.545584324645,2.545584499898,
    -1.666025414742));
#9694 = CARTESIAN_POINT('',(-1.718473782203,3.372694985397,
    -1.766025414742));
#9695 = CARTESIAN_POINT('',(-0.563163951748,3.555678045528,
    -1.866025414742));
#9696 = CARTESIAN_POINT('',(0.592145878707,3.73866110566,-1.966025414742
    ));
#9697 = CARTESIAN_POINT('',(1.634365909478,3.207623430819,
    -2.066025414742));
#9698 = CARTESIAN_POINT('',(2.676585940249,2.676585755978,
    -2.166025414742));
#9699 = CARTESIAN_POINT('',(3.207623543338,1.634365688647,
    -2.266025414742));
#9700 = CARTESIAN_POINT('',(3.738661146426,0.592145621316,
    -2.366025414742));
#9701 = CARTESIAN_POINT('',(3.555678006757,-0.563164196541,
    -2.466025414742));
#9702 = CARTESIAN_POINT('',(3.372694867087,-1.718474014399,
    -2.566025414742));
#9703 = CARTESIAN_POINT('',(2.545584324645,-2.545584499898,
    -2.666025414742));
#9704 = CARTESIAN_POINT('',(1.718473782203,-3.372694985397,
    -2.766025414742));
#9705 = CARTESIAN_POINT('',(0.563163951748,-3.555678045528,
    -2.866025414742));
#9706 = CARTESIAN_POINT('',(-0.592145878707,-3.73866110566,
    -2.966025414742));
#9707 = CARTESIAN_POINT('',(-1.634365909478,-3.207623430819,
    -3.066025414742));
#9708 = CARTESIAN_POINT('',(-2.676585940249,-2.676585755978,
    -3.166025414742));
#9709 = CARTESIAN_POINT('',(-3.207623543338,-1.634365688647,
    -3.266025414742));
#9710 = CARTESIAN_POINT('',(-3.738661146426,-0.592145621316,
    -3.366025414742));
#9711 = CARTESIAN_POINT('',(-3.555678006757,0.563164196541,
    -3.466025414742));
#9712 = CARTESIAN_POINT('',(-3.372694867087,1.718474014399,
    -3.566025414742));
#9713 = CARTESIAN_POINT('',(-2.545584324645,2.545584499898,
    -3.666025414742));
#9714 = DEFINITIONAL_REPRESENTATION('',(#9715),#9741);
#9715 = B_SPLINE_CURVE_WITH_KNOTS('',3,(#9716,#9717,#9718,#9719,#9720,
    #9721,#9722,#9723,#9724,#9725,#9726,#9727,#9728,#9729,#9730,#9731,
    #9732,#9733,#9734,#9735,#9736,#9737,#9738,#9739,#9740),
  .UNSPECIFIED.,.F.,.F.,(4,1,1,1,1,1,1,1,1,1,1,1,1,1,1,1,1,1,1,1,1,1,4),
  (0.,7.680625670259E-05,1.536125134052E-04,2.304187701078E-04,
    3.072250268103E-04,3.840312835129E-04,4.608375402155E-04,
    5.376437969181E-04,6.144500536207E-04,6.912563103233E-04,
    7.680625670259E-04,8.448688237284E-04,9.21675080431E-04,
    9.984813371336E-04,1.075287593836E-03,1.152093850539E-03,
    1.228900107241E-03,1.305706363944E-03,1.382512620647E-03,
    1.459318877349E-03,1.536125134052E-03,1.612931390754E-03,
    1.689737647457E-03),.QUASI_UNIFORM_KNOTS.);
#9716 = CARTESIAN_POINT('',(0.,0.26249999928));
#9717 = CARTESIAN_POINT('',(1.385120262728E-02,0.262621949416));
#9718 = CARTESIAN_POINT('',(4.169758350839E-02,0.262865950802));
#9719 = CARTESIAN_POINT('',(8.388629415739E-02,0.263232366958));
#9720 = CARTESIAN_POINT('',(0.12648116309,0.263599307978));
#9721 = CARTESIAN_POINT('',(0.169469886482,0.26396688445));
#9722 = CARTESIAN_POINT('',(0.212840637464,0.264335207221));
#9723 = CARTESIAN_POINT('',(0.256582149046,0.264704387671));
#9724 = CARTESIAN_POINT('',(0.300683717258,0.265074538051));
#9725 = CARTESIAN_POINT('',(0.345135221556,0.265445771819));
#9726 = CARTESIAN_POINT('',(0.38992713633,0.26581820399));
#9727 = CARTESIAN_POINT('',(0.435050540313,0.266191951501));
#9728 = CARTESIAN_POINT('',(0.480497121846,0.266567133589));
#9729 = CARTESIAN_POINT('',(0.526259180326,0.266943872189));
#9730 = CARTESIAN_POINT('',(0.572329623498,0.267322292353));
#9731 = CARTESIAN_POINT('',(0.618701960413,0.267702522685));
#9732 = CARTESIAN_POINT('',(0.665370289811,0.268084695802));
#9733 = CARTESIAN_POINT('',(0.71232928376,0.268468948826));
#9734 = CARTESIAN_POINT('',(0.759574165976,0.268855423888));
#9735 = CARTESIAN_POINT('',(0.807100685766,0.269244268699));
#9736 = CARTESIAN_POINT('',(0.854905082741,0.269635637049));
#9737 = CARTESIAN_POINT('',(0.902984059046,0.270029689719));
#9738 = CARTESIAN_POINT('',(0.951334695037,0.270426594034));
#9739 = CARTESIAN_POINT('',(0.98374792897,0.270693217131));
#9740 = CARTESIAN_POINT('',(0.999998985012,0.270827062975));
#9741 = ( GEOMETRIC_REPRESENTATION_CONTEXT(2) 
PARAMETRIC_REPRESENTATION_CONTEXT() REPRESENTATION_CONTEXT('2D SPACE',''
  ) );
#9742 = ORIENTED_EDGE('',*,*,#9743,.F.);
#9743 = EDGE_CURVE('',#9744,#9406,#9746,.T.);
#9744 = VERTEX_POINT('',#9745);
#9745 = CARTESIAN_POINT('',(0.945535900087,-3.473609342118,8.));
#9746 = SURFACE_CURVE('',#9747,(#9752,#9759),.PCURVE_S1.);
#9747 = CIRCLE('',#9748,3.6);
#9748 = AXIS2_PLACEMENT_3D('',#9749,#9750,#9751);
#9749 = CARTESIAN_POINT('',(0.,0.,8.));
#9750 = DIRECTION('',(0.,0.,1.));
#9751 = DIRECTION('',(1.,0.,-0.));
#9752 = PCURVE('',#572,#9753);
#9753 = DEFINITIONAL_REPRESENTATION('',(#9754),#9758);
#9754 = CIRCLE('',#9755,3.6);
#9755 = AXIS2_PLACEMENT_2D('',#9756,#9757);
#9756 = CARTESIAN_POINT('',(0.,0.));
#9757 = DIRECTION('',(1.,0.));
#9758 = ( GEOMETRIC_REPRESENTATION_CONTEXT(2) 
PARAMETRIC_REPRESENTATION_CONTEXT() REPRESENTATION_CONTEXT('2D SPACE',''
  ) );
#9759 = PCURVE('',#9760,#9765);
#9760 = CYLINDRICAL_SURFACE('',#9761,3.6);
#9761 = AXIS2_PLACEMENT_3D('',#9762,#9763,#9764);
#9762 = CARTESIAN_POINT('',(0.,0.,10.));
#9763 = DIRECTION('',(-0.,-0.,-1.));
#9764 = DIRECTION('',(-1.,0.,0.));
#9765 = DEFINITIONAL_REPRESENTATION('',(#9766),#9770);
#9766 = LINE('',#9767,#9768);
#9767 = CARTESIAN_POINT('',(9.424777960769,2.));
#9768 = VECTOR('',#9769,1.);
#9769 = DIRECTION('',(-1.,0.));
#9770 = ( GEOMETRIC_REPRESENTATION_CONTEXT(2) 
PARAMETRIC_REPRESENTATION_CONTEXT() REPRESENTATION_CONTEXT('2D SPACE',''
  ) );
#9771 = ORIENTED_EDGE('',*,*,#9772,.T.);
#9772 = EDGE_CURVE('',#9744,#9773,#9775,.T.);
#9773 = VERTEX_POINT('',#9774);
#9774 = CARTESIAN_POINT('',(0.5,-3.720424548292,8.));
#9775 = SURFACE_CURVE('',#9776,(#9781,#9789),.PCURVE_S1.);
#9776 = B_SPLINE_CURVE_WITH_KNOTS('',3,(#9777,#9778,#9779,#9780),
  .UNSPECIFIED.,.F.,.F.,(4,4),(0.,5.093264734913E-04),
  .PIECEWISE_BEZIER_KNOTS.);
#9777 = CARTESIAN_POINT('',(0.945535900087,-3.473609342118,8.));
#9778 = CARTESIAN_POINT('',(0.803332746173,-3.567405365803,8.));
#9779 = CARTESIAN_POINT('',(0.654496924706,-3.649085516717,8.));
#9780 = CARTESIAN_POINT('',(0.5,-3.720424548292,8.));
#9781 = PCURVE('',#572,#9782);
#9782 = DEFINITIONAL_REPRESENTATION('',(#9783),#9788);
#9783 = B_SPLINE_CURVE_WITH_KNOTS('',3,(#9784,#9785,#9786,#9787),
  .UNSPECIFIED.,.F.,.F.,(4,4),(0.,5.093264734913E-04),
  .PIECEWISE_BEZIER_KNOTS.);
#9784 = CARTESIAN_POINT('',(0.945535900087,-3.473609342118));
#9785 = CARTESIAN_POINT('',(0.803332746173,-3.567405365803));
#9786 = CARTESIAN_POINT('',(0.654496924706,-3.649085516717));
#9787 = CARTESIAN_POINT('',(0.5,-3.720424548292));
#9788 = ( GEOMETRIC_REPRESENTATION_CONTEXT(2) 
PARAMETRIC_REPRESENTATION_CONTEXT() REPRESENTATION_CONTEXT('2D SPACE',''
  ) );
#9789 = PCURVE('',#9790,#10081);
#9790 = ( BOUNDED_SURFACE() B_SPLINE_SURFACE(1,2,(
    (#9791,#9792,#9793,#9794,#9795,#9796,#9797,#9798,#9799,#9800,#9801
      ,#9802,#9803,#9804,#9805,#9806,#9807,#9808,#9809,#9810,#9811,#9812
      ,#9813,#9814,#9815,#9816,#9817,#9818,#9819,#9820,#9821,#9822,#9823
      ,#9824,#9825,#9826,#9827,#9828,#9829,#9830,#9831,#9832,#9833,#9834
      ,#9835,#9836,#9837,#9838,#9839,#9840,#9841,#9842,#9843,#9844,#9845
      ,#9846,#9847,#9848,#9849,#9850,#9851,#9852,#9853,#9854,#9855,#9856
      ,#9857,#9858,#9859,#9860,#9861,#9862,#9863,#9864,#9865,#9866,#9867
      ,#9868,#9869,#9870,#9871,#9872,#9873,#9874,#9875,#9876,#9877,#9878
      ,#9879,#9880,#9881,#9882,#9883,#9884,#9885,#9886,#9887,#9888,#9889
      ,#9890,#9891,#9892,#9893,#9894,#9895,#9896,#9897,#9898,#9899,#9900
      ,#9901,#9902,#9903,#9904,#9905,#9906,#9907,#9908,#9909,#9910,#9911
      ,#9912,#9913,#9914,#9915,#9916,#9917,#9918,#9919,#9920,#9921,#9922
      ,#9923,#9924,#9925,#9926,#9927,#9928,#9929,#9930,#9931,#9932,#9933
      ,#9934,#9935)
    ,(#9936,#9937,#9938,#9939,#9940,#9941,#9942,#9943,#9944,#9945,#9946
      ,#9947,#9948,#9949,#9950,#9951,#9952,#9953,#9954,#9955,#9956,#9957
      ,#9958,#9959,#9960,#9961,#9962,#9963,#9964,#9965,#9966,#9967,#9968
      ,#9969,#9970,#9971,#9972,#9973,#9974,#9975,#9976,#9977,#9978,#9979
      ,#9980,#9981,#9982,#9983,#9984,#9985,#9986,#9987,#9988,#9989,#9990
      ,#9991,#9992,#9993,#9994,#9995,#9996,#9997,#9998,#9999,#10000
      ,#10001,#10002,#10003,#10004,#10005,#10006,#10007,#10008,#10009
      ,#10010,#10011,#10012,#10013,#10014,#10015,#10016,#10017,#10018
      ,#10019,#10020,#10021,#10022,#10023,#10024,#10025,#10026,#10027
      ,#10028,#10029,#10030,#10031,#10032,#10033,#10034,#10035,#10036
      ,#10037,#10038,#10039,#10040,#10041,#10042,#10043,#10044,#10045
      ,#10046,#10047,#10048,#10049,#10050,#10051,#10052,#10053,#10054
      ,#10055,#10056,#10057,#10058,#10059,#10060,#10061,#10062,#10063
      ,#10064,#10065,#10066,#10067,#10068,#10069,#10070,#10071,#10072
      ,#10073,#10074,#10075,#10076,#10077,#10078,#10079,#10080
)),.UNSPECIFIED.,.F.,.F.,.F.) B_SPLINE_SURFACE_WITH_KNOTS((2,2),(3,2,2,2
    ,2,2,2,2,2,2,2,2,2,2,2,2,2,2,2,2,2,2,2,2,2,2,2,2,2,2,2,2,2,2,2,2,2,2
    ,2,2,2,2,2,2,2,2,2,2,2,2,2,2,2,2,2,2,2,2,2,2,2,2,2,2,2,2,2,2,2,2,2,2
    ,3),(0.,1.),(0.109355360574,0.1125,0.125,0.1375,0.15,0.1625,0.175,
    0.1875,0.2,0.2125,0.225,0.2375,0.25,0.2625,0.275,0.2875,0.3,0.3125,
    0.325,0.3375,0.35,0.3625,0.375,0.3875,0.4,0.4125,0.425,0.4375,0.45,
    0.4625,0.475,0.4875,0.5,0.5125,0.525,0.5375,0.55,0.5625,0.575,0.5875
    ,0.6,0.6125,0.625,0.6375,0.65,0.6625,0.675,0.6875,0.7,0.7125,0.725,
    0.7375,0.75,0.7625,0.775,0.7875,0.8,0.8125,0.825,0.8375,0.85,0.8625,
    0.875,0.8875,0.9,0.9125,0.925,0.9375,0.95,0.9625,0.975,0.9875,1.),
.UNSPECIFIED.) GEOMETRIC_REPRESENTATION_ITEM() RATIONAL_B_SPLINE_SURFACE
((
    (0.981569537493,0.987687231319,1.,0.951056516295,1.,0.951056516295
      ,1.,0.951056516295,1.,0.951056516295,1.,0.951056516295,1.
      ,0.951056516295,1.,0.951056516295,1.,0.951056516295,1.
      ,0.951056516295,1.,0.951056516295,1.,0.951056516295,1.
      ,0.951056516295,1.,0.951056516295,1.,0.951056516295,1.
      ,0.951056516295,1.,0.951056516295,1.,0.951056516295,1.
      ,0.951056516295,1.,0.951056516295,1.,0.951056516295,1.
      ,0.951056516295,1.,0.951056516295,1.,0.951056516295,1.
      ,0.951056516295,1.,0.951056516295,1.,0.951056516295,1.
      ,0.951056516295,1.,0.951056516295,1.,0.951056516295,1.
      ,0.951056516295,1.,0.951056516295,1.,0.951056516295,1.
      ,0.951056516295,1.,0.951056516295,1.,0.951056516295,1.
      ,0.951056516295,1.,0.951056516295,1.,0.951056516295,1.
      ,0.951056516295,1.,0.951056516295,1.,0.951056516295,1.
      ,0.951056516295,1.,0.951056516295,1.,0.951056516295,1.
      ,0.951056516295,1.,0.951056516295,1.,0.951056516295,1.
      ,0.951056516295,1.,0.951056516295,1.,0.951056516295,1.
      ,0.951056516295,1.,0.951056516295,1.,0.951056516295,1.
      ,0.951056516295,1.,0.951056516295,1.,0.951056516295,1.
      ,0.951056516295,1.,0.951056516295,1.,0.951056516295,1.
      ,0.951056516295,1.,0.951056516295,1.,0.951056516295,1.
      ,0.951056516295,1.,0.951056516295,1.,0.951056516295,1.
      ,0.951056516295,1.,0.951056516295,1.,0.951056516295,1.
      ,0.951056516295,1.,0.951056516295,1.,0.951056516295,1.)
    ,(0.981569537493,0.987687231319,1.,0.951056516295,1.,0.951056516295
      ,1.,0.951056516295,1.,0.951056516295,1.,0.951056516295,1.
      ,0.951056516295,1.,0.951056516295,1.,0.951056516295,1.
      ,0.951056516295,1.,0.951056516295,1.,0.951056516295,1.
      ,0.951056516295,1.,0.951056516295,1.,0.951056516295,1.
      ,0.951056516295,1.,0.951056516295,1.,0.951056516295,1.
      ,0.951056516295,1.,0.951056516295,1.,0.951056516295,1.
      ,0.951056516295,1.,0.951056516295,1.,0.951056516295,1.
      ,0.951056516295,1.,0.951056516295,1.,0.951056516295,1.
      ,0.951056516295,1.,0.951056516295,1.,0.951056516295,1.
      ,0.951056516295,1.,0.951056516295,1.,0.951056516295,1.
      ,0.951056516295,1.,0.951056516295,1.,0.951056516295,1.
      ,0.951056516295,1.,0.951056516295,1.,0.951056516295,1.
      ,0.951056516295,1.,0.951056516295,1.,0.951056516295,1.
      ,0.951056516295,1.,0.951056516295,1.,0.951056516295,1.
      ,0.951056516295,1.,0.951056516295,1.,0.951056516295,1.
      ,0.951056516295,1.,0.951056516295,1.,0.951056516295,1.
      ,0.951056516295,1.,0.951056516295,1.,0.951056516295,1.
      ,0.951056516295,1.,0.951056516295,1.,0.951056516295,1.
      ,0.951056516295,1.,0.951056516295,1.,0.951056516295,1.
      ,0.951056516295,1.,0.951056516295,1.,0.951056516295,1.
      ,0.951056516295,1.,0.951056516295,1.,0.951056516295,1.
      ,0.951056516295,1.,0.951056516295,1.,0.951056516295,1.
      ,0.951056516295,1.,0.951056516295,1.,0.951056516295,1.
))) REPRESENTATION_ITEM('') SURFACE() );
#9791 = CARTESIAN_POINT('',(-3.599999999635,-5.124947355626E-05,
    9.415406697682));
#9792 = CARTESIAN_POINT('',(-3.600004033424,0.283300740881,
    9.390249497161));
#9793 = CARTESIAN_POINT('',(-3.555678006757,0.563164196541,
    9.366025392827));
#9794 = CARTESIAN_POINT('',(-3.372694867087,1.718474014399,
    9.266025392827));
#9795 = CARTESIAN_POINT('',(-2.545584324645,2.545584499898,
    9.166025392827));
#9796 = CARTESIAN_POINT('',(-1.718473782203,3.372694985397,
    9.066025392827));
#9797 = CARTESIAN_POINT('',(-0.563163951748,3.555678045528,
    8.966025392827));
#9798 = CARTESIAN_POINT('',(0.592145878707,3.73866110566,8.866025392827)
  );
#9799 = CARTESIAN_POINT('',(1.634365909478,3.207623430819,8.766025392827
    ));
#9800 = CARTESIAN_POINT('',(2.676585940249,2.676585755978,8.666025392827
    ));
#9801 = CARTESIAN_POINT('',(3.207623543338,1.634365688647,8.566025392827
    ));
#9802 = CARTESIAN_POINT('',(3.738661146426,0.592145621316,8.466025392827
    ));
#9803 = CARTESIAN_POINT('',(3.555678006757,-0.563164196541,
    8.366025392827));
#9804 = CARTESIAN_POINT('',(3.372694867087,-1.718474014399,
    8.266025392827));
#9805 = CARTESIAN_POINT('',(2.545584324645,-2.545584499898,
    8.166025392827));
#9806 = CARTESIAN_POINT('',(1.718473782203,-3.372694985397,
    8.066025392827));
#9807 = CARTESIAN_POINT('',(0.563163951748,-3.555678045528,
    7.966025392827));
#9808 = CARTESIAN_POINT('',(-0.592145878707,-3.73866110566,
    7.866025392827));
#9809 = CARTESIAN_POINT('',(-1.634365909478,-3.207623430819,
    7.766025392827));
#9810 = CARTESIAN_POINT('',(-2.676585940249,-2.676585755978,
    7.666025392827));
#9811 = CARTESIAN_POINT('',(-3.207623543338,-1.634365688647,
    7.566025392827));
#9812 = CARTESIAN_POINT('',(-3.738661146426,-0.592145621316,
    7.466025392827));
#9813 = CARTESIAN_POINT('',(-3.555678006757,0.563164196541,
    7.366025392827));
#9814 = CARTESIAN_POINT('',(-3.372694867087,1.718474014399,
    7.266025392827));
#9815 = CARTESIAN_POINT('',(-2.545584324645,2.545584499898,
    7.166025392827));
#9816 = CARTESIAN_POINT('',(-1.718473782203,3.372694985397,
    7.066025392827));
#9817 = CARTESIAN_POINT('',(-0.563163951748,3.555678045528,
    6.966025392827));
#9818 = CARTESIAN_POINT('',(0.592145878707,3.73866110566,6.866025392827)
  );
#9819 = CARTESIAN_POINT('',(1.634365909478,3.207623430819,6.766025392827
    ));
#9820 = CARTESIAN_POINT('',(2.676585940249,2.676585755978,6.666025392827
    ));
#9821 = CARTESIAN_POINT('',(3.207623543338,1.634365688647,6.566025392827
    ));
#9822 = CARTESIAN_POINT('',(3.738661146426,0.592145621316,6.466025392827
    ));
#9823 = CARTESIAN_POINT('',(3.555678006757,-0.563164196541,
    6.366025392827));
#9824 = CARTESIAN_POINT('',(3.372694867087,-1.718474014399,
    6.266025392827));
#9825 = CARTESIAN_POINT('',(2.545584324645,-2.545584499898,
    6.166025392827));
#9826 = CARTESIAN_POINT('',(1.718473782203,-3.372694985397,
    6.066025392827));
#9827 = CARTESIAN_POINT('',(0.563163951748,-3.555678045528,
    5.966025392827));
#9828 = CARTESIAN_POINT('',(-0.592145878707,-3.73866110566,
    5.866025392827));
#9829 = CARTESIAN_POINT('',(-1.634365909478,-3.207623430819,
    5.766025392827));
#9830 = CARTESIAN_POINT('',(-2.676585940249,-2.676585755978,
    5.666025392827));
#9831 = CARTESIAN_POINT('',(-3.207623543338,-1.634365688647,
    5.566025392827));
#9832 = CARTESIAN_POINT('',(-3.738661146426,-0.592145621316,
    5.466025392827));
#9833 = CARTESIAN_POINT('',(-3.555678006757,0.563164196541,
    5.366025392827));
#9834 = CARTESIAN_POINT('',(-3.372694867087,1.718474014399,
    5.266025392827));
#9835 = CARTESIAN_POINT('',(-2.545584324645,2.545584499898,
    5.166025392827));
#9836 = CARTESIAN_POINT('',(-1.718473782203,3.372694985397,
    5.066025392827));
#9837 = CARTESIAN_POINT('',(-0.563163951748,3.555678045528,
    4.966025392827));
#9838 = CARTESIAN_POINT('',(0.592145878707,3.73866110566,4.866025392827)
  );
#9839 = CARTESIAN_POINT('',(1.634365909478,3.207623430819,4.766025392827
    ));
#9840 = CARTESIAN_POINT('',(2.676585940249,2.676585755978,4.666025392827
    ));
#9841 = CARTESIAN_POINT('',(3.207623543338,1.634365688647,4.566025392827
    ));
#9842 = CARTESIAN_POINT('',(3.738661146426,0.592145621316,4.466025392827
    ));
#9843 = CARTESIAN_POINT('',(3.555678006757,-0.563164196541,
    4.366025392827));
#9844 = CARTESIAN_POINT('',(3.372694867087,-1.718474014399,
    4.266025392827));
#9845 = CARTESIAN_POINT('',(2.545584324645,-2.545584499898,
    4.166025392827));
#9846 = CARTESIAN_POINT('',(1.718473782203,-3.372694985397,
    4.066025392827));
#9847 = CARTESIAN_POINT('',(0.563163951748,-3.555678045528,
    3.966025392827));
#9848 = CARTESIAN_POINT('',(-0.592145878707,-3.73866110566,
    3.866025392827));
#9849 = CARTESIAN_POINT('',(-1.634365909478,-3.207623430819,
    3.766025392827));
#9850 = CARTESIAN_POINT('',(-2.676585940249,-2.676585755978,
    3.666025392827));
#9851 = CARTESIAN_POINT('',(-3.207623543338,-1.634365688647,
    3.566025392827));
#9852 = CARTESIAN_POINT('',(-3.738661146426,-0.592145621316,
    3.466025392827));
#9853 = CARTESIAN_POINT('',(-3.555678006757,0.563164196541,
    3.366025392827));
#9854 = CARTESIAN_POINT('',(-3.372694867087,1.718474014399,
    3.266025392827));
#9855 = CARTESIAN_POINT('',(-2.545584324645,2.545584499898,
    3.166025392827));
#9856 = CARTESIAN_POINT('',(-1.718473782203,3.372694985397,
    3.066025392827));
#9857 = CARTESIAN_POINT('',(-0.563163951748,3.555678045528,
    2.966025392827));
#9858 = CARTESIAN_POINT('',(0.592145878707,3.73866110566,2.866025392827)
  );
#9859 = CARTESIAN_POINT('',(1.634365909478,3.207623430819,2.766025392827
    ));
#9860 = CARTESIAN_POINT('',(2.676585940249,2.676585755978,2.666025392827
    ));
#9861 = CARTESIAN_POINT('',(3.207623543338,1.634365688647,2.566025392827
    ));
#9862 = CARTESIAN_POINT('',(3.738661146426,0.592145621316,2.466025392827
    ));
#9863 = CARTESIAN_POINT('',(3.555678006757,-0.563164196541,
    2.366025392827));
#9864 = CARTESIAN_POINT('',(3.372694867087,-1.718474014399,
    2.266025392827));
#9865 = CARTESIAN_POINT('',(2.545584324645,-2.545584499898,
    2.166025392827));
#9866 = CARTESIAN_POINT('',(1.718473782203,-3.372694985397,
    2.066025392827));
#9867 = CARTESIAN_POINT('',(0.563163951748,-3.555678045528,
    1.966025392827));
#9868 = CARTESIAN_POINT('',(-0.592145878707,-3.73866110566,
    1.866025392827));
#9869 = CARTESIAN_POINT('',(-1.634365909478,-3.207623430819,
    1.766025392827));
#9870 = CARTESIAN_POINT('',(-2.676585940249,-2.676585755978,
    1.666025392827));
#9871 = CARTESIAN_POINT('',(-3.207623543338,-1.634365688647,
    1.566025392827));
#9872 = CARTESIAN_POINT('',(-3.738661146426,-0.592145621316,
    1.466025392827));
#9873 = CARTESIAN_POINT('',(-3.555678006757,0.563164196541,
    1.366025392827));
#9874 = CARTESIAN_POINT('',(-3.372694867087,1.718474014399,
    1.266025392827));
#9875 = CARTESIAN_POINT('',(-2.545584324645,2.545584499898,
    1.166025392827));
#9876 = CARTESIAN_POINT('',(-1.718473782203,3.372694985397,
    1.066025392827));
#9877 = CARTESIAN_POINT('',(-0.563163951748,3.555678045528,
    0.966025392827));
#9878 = CARTESIAN_POINT('',(0.592145878707,3.73866110566,0.866025392827)
  );
#9879 = CARTESIAN_POINT('',(1.634365909478,3.207623430819,0.766025392827
    ));
#9880 = CARTESIAN_POINT('',(2.676585940249,2.676585755978,0.666025392827
    ));
#9881 = CARTESIAN_POINT('',(3.207623543338,1.634365688647,0.566025392827
    ));
#9882 = CARTESIAN_POINT('',(3.738661146426,0.592145621316,0.466025392827
    ));
#9883 = CARTESIAN_POINT('',(3.555678006757,-0.563164196541,
    0.366025392827));
#9884 = CARTESIAN_POINT('',(3.372694867087,-1.718474014399,
    0.266025392827));
#9885 = CARTESIAN_POINT('',(2.545584324645,-2.545584499898,
    0.166025392827));
#9886 = CARTESIAN_POINT('',(1.718473782203,-3.372694985397,
    6.602539282732E-02));
#9887 = CARTESIAN_POINT('',(0.563163951748,-3.555678045528,
    -3.397460717268E-02));
#9888 = CARTESIAN_POINT('',(-0.592145878707,-3.73866110566,
    -0.133974607173));
#9889 = CARTESIAN_POINT('',(-1.634365909478,-3.207623430819,
    -0.233974607173));
#9890 = CARTESIAN_POINT('',(-2.676585940249,-2.676585755978,
    -0.333974607173));
#9891 = CARTESIAN_POINT('',(-3.207623543338,-1.634365688647,
    -0.433974607173));
#9892 = CARTESIAN_POINT('',(-3.738661146426,-0.592145621316,
    -0.533974607173));
#9893 = CARTESIAN_POINT('',(-3.555678006757,0.563164196541,
    -0.633974607173));
#9894 = CARTESIAN_POINT('',(-3.372694867087,1.718474014399,
    -0.733974607173));
#9895 = CARTESIAN_POINT('',(-2.545584324645,2.545584499898,
    -0.833974607173));
#9896 = CARTESIAN_POINT('',(-1.718473782203,3.372694985397,
    -0.933974607173));
#9897 = CARTESIAN_POINT('',(-0.563163951748,3.555678045528,
    -1.033974607173));
#9898 = CARTESIAN_POINT('',(0.592145878707,3.73866110566,-1.133974607173
    ));
#9899 = CARTESIAN_POINT('',(1.634365909478,3.207623430819,
    -1.233974607173));
#9900 = CARTESIAN_POINT('',(2.676585940249,2.676585755978,
    -1.333974607173));
#9901 = CARTESIAN_POINT('',(3.207623543338,1.634365688647,
    -1.433974607173));
#9902 = CARTESIAN_POINT('',(3.738661146426,0.592145621316,
    -1.533974607173));
#9903 = CARTESIAN_POINT('',(3.555678006757,-0.563164196541,
    -1.633974607173));
#9904 = CARTESIAN_POINT('',(3.372694867087,-1.718474014399,
    -1.733974607173));
#9905 = CARTESIAN_POINT('',(2.545584324645,-2.545584499898,
    -1.833974607173));
#9906 = CARTESIAN_POINT('',(1.718473782203,-3.372694985397,
    -1.933974607173));
#9907 = CARTESIAN_POINT('',(0.563163951748,-3.555678045528,
    -2.033974607173));
#9908 = CARTESIAN_POINT('',(-0.592145878707,-3.73866110566,
    -2.133974607173));
#9909 = CARTESIAN_POINT('',(-1.634365909478,-3.207623430819,
    -2.233974607173));
#9910 = CARTESIAN_POINT('',(-2.676585940249,-2.676585755978,
    -2.333974607173));
#9911 = CARTESIAN_POINT('',(-3.207623543338,-1.634365688647,
    -2.433974607173));
#9912 = CARTESIAN_POINT('',(-3.738661146426,-0.592145621316,
    -2.533974607173));
#9913 = CARTESIAN_POINT('',(-3.555678006757,0.563164196541,
    -2.633974607173));
#9914 = CARTESIAN_POINT('',(-3.372694867087,1.718474014399,
    -2.733974607173));
#9915 = CARTESIAN_POINT('',(-2.545584324645,2.545584499898,
    -2.833974607173));
#9916 = CARTESIAN_POINT('',(-1.718473782203,3.372694985397,
    -2.933974607173));
#9917 = CARTESIAN_POINT('',(-0.563163951748,3.555678045528,
    -3.033974607173));
#9918 = CARTESIAN_POINT('',(0.592145878707,3.73866110566,-3.133974607173
    ));
#9919 = CARTESIAN_POINT('',(1.634365909478,3.207623430819,
    -3.233974607173));
#9920 = CARTESIAN_POINT('',(2.676585940249,2.676585755978,
    -3.333974607173));
#9921 = CARTESIAN_POINT('',(3.207623543338,1.634365688647,
    -3.433974607173));
#9922 = CARTESIAN_POINT('',(3.738661146426,0.592145621316,
    -3.533974607173));
#9923 = CARTESIAN_POINT('',(3.555678006757,-0.563164196541,
    -3.633974607173));
#9924 = CARTESIAN_POINT('',(3.372694867087,-1.718474014399,
    -3.733974607173));
#9925 = CARTESIAN_POINT('',(2.545584324645,-2.545584499898,
    -3.833974607173));
#9926 = CARTESIAN_POINT('',(1.718473782203,-3.372694985397,
    -3.933974607173));
#9927 = CARTESIAN_POINT('',(0.563163951748,-3.555678045528,
    -4.033974607173));
#9928 = CARTESIAN_POINT('',(-0.592145878707,-3.73866110566,
    -4.133974607173));
#9929 = CARTESIAN_POINT('',(-1.634365909478,-3.207623430819,
    -4.233974607173));
#9930 = CARTESIAN_POINT('',(-2.676585940249,-2.676585755978,
    -4.333974607173));
#9931 = CARTESIAN_POINT('',(-3.207623543338,-1.634365688647,
    -4.433974607173));
#9932 = CARTESIAN_POINT('',(-3.738661146426,-0.592145621316,
    -4.533974607173));
#9933 = CARTESIAN_POINT('',(-3.555678006757,0.563164196541,
    -4.633974607173));
#9934 = CARTESIAN_POINT('',(-3.372694867087,1.718474014399,
    -4.733974607173));
#9935 = CARTESIAN_POINT('',(-2.545584324645,2.545584499898,
    -4.833974607173));
#9936 = CARTESIAN_POINT('',(-4.099999999585,-5.836745599459E-05,
    9.549381293898));
#9937 = CARTESIAN_POINT('',(-4.100004593622,0.322648066003,
    9.524224093377));
#9938 = CARTESIAN_POINT('',(-4.049522174362,0.641381446061,
    9.499999989043));
#9939 = CARTESIAN_POINT('',(-3.841124709738,1.957150960843,
    9.399999989043));
#9940 = CARTESIAN_POINT('',(-2.899137703068,2.899137902661,
    9.299999989043));
#9941 = CARTESIAN_POINT('',(-1.957150696398,3.84112484448,9.199999989043
    ));
#9942 = CARTESIAN_POINT('',(-0.641381167269,4.049522218518,
    9.099999989043));
#9943 = CARTESIAN_POINT('',(0.67438836186,4.257919592557,8.999999989043)
  );
#9944 = CARTESIAN_POINT('',(1.861361174683,3.653126685099,8.899999989043
    ));
#9945 = CARTESIAN_POINT('',(3.048333987506,3.048333777641,8.799999989043
    ));
#9946 = CARTESIAN_POINT('',(3.653126813246,1.861360923181,8.699999989043
    ));
#9947 = CARTESIAN_POINT('',(4.257919638985,0.674388068721,8.599999989043
    ));
#9948 = CARTESIAN_POINT('',(4.049522174362,-0.641381446061,
    8.499999989043));
#9949 = CARTESIAN_POINT('',(3.841124709738,-1.957150960843,
    8.399999989043));
#9950 = CARTESIAN_POINT('',(2.899137703068,-2.899137902661,
    8.299999989043));
#9951 = CARTESIAN_POINT('',(1.957150696398,-3.84112484448,8.199999989043
    ));
#9952 = CARTESIAN_POINT('',(0.641381167269,-4.049522218518,
    8.099999989043));
#9953 = CARTESIAN_POINT('',(-0.67438836186,-4.257919592557,
    7.999999989043));
#9954 = CARTESIAN_POINT('',(-1.861361174683,-3.653126685099,
    7.899999989043));
#9955 = CARTESIAN_POINT('',(-3.048333987506,-3.048333777641,
    7.799999989043));
#9956 = CARTESIAN_POINT('',(-3.653126813246,-1.861360923181,
    7.699999989043));
#9957 = CARTESIAN_POINT('',(-4.257919638985,-0.674388068721,
    7.599999989043));
#9958 = CARTESIAN_POINT('',(-4.049522174362,0.641381446061,
    7.499999989043));
#9959 = CARTESIAN_POINT('',(-3.841124709738,1.957150960843,
    7.399999989043));
#9960 = CARTESIAN_POINT('',(-2.899137703068,2.899137902661,
    7.299999989043));
#9961 = CARTESIAN_POINT('',(-1.957150696398,3.84112484448,7.199999989043
    ));
#9962 = CARTESIAN_POINT('',(-0.641381167269,4.049522218518,
    7.099999989043));
#9963 = CARTESIAN_POINT('',(0.67438836186,4.257919592557,6.999999989043)
  );
#9964 = CARTESIAN_POINT('',(1.861361174683,3.653126685099,6.899999989043
    ));
#9965 = CARTESIAN_POINT('',(3.048333987506,3.048333777641,6.799999989043
    ));
#9966 = CARTESIAN_POINT('',(3.653126813246,1.861360923181,6.699999989043
    ));
#9967 = CARTESIAN_POINT('',(4.257919638985,0.674388068721,6.599999989043
    ));
#9968 = CARTESIAN_POINT('',(4.049522174362,-0.641381446061,
    6.499999989043));
#9969 = CARTESIAN_POINT('',(3.841124709738,-1.957150960843,
    6.399999989043));
#9970 = CARTESIAN_POINT('',(2.899137703068,-2.899137902661,
    6.299999989043));
#9971 = CARTESIAN_POINT('',(1.957150696398,-3.84112484448,6.199999989043
    ));
#9972 = CARTESIAN_POINT('',(0.641381167269,-4.049522218518,
    6.099999989043));
#9973 = CARTESIAN_POINT('',(-0.67438836186,-4.257919592557,
    5.999999989043));
#9974 = CARTESIAN_POINT('',(-1.861361174683,-3.653126685099,
    5.899999989043));
#9975 = CARTESIAN_POINT('',(-3.048333987506,-3.048333777641,
    5.799999989043));
#9976 = CARTESIAN_POINT('',(-3.653126813246,-1.861360923181,
    5.699999989043));
#9977 = CARTESIAN_POINT('',(-4.257919638985,-0.674388068721,
    5.599999989043));
#9978 = CARTESIAN_POINT('',(-4.049522174362,0.641381446061,
    5.499999989043));
#9979 = CARTESIAN_POINT('',(-3.841124709738,1.957150960843,
    5.399999989043));
#9980 = CARTESIAN_POINT('',(-2.899137703068,2.899137902661,
    5.299999989043));
#9981 = CARTESIAN_POINT('',(-1.957150696398,3.84112484448,5.199999989043
    ));
#9982 = CARTESIAN_POINT('',(-0.641381167269,4.049522218518,
    5.099999989043));
#9983 = CARTESIAN_POINT('',(0.67438836186,4.257919592557,4.999999989043)
  );
#9984 = CARTESIAN_POINT('',(1.861361174683,3.653126685099,4.899999989043
    ));
#9985 = CARTESIAN_POINT('',(3.048333987506,3.048333777641,4.799999989043
    ));
#9986 = CARTESIAN_POINT('',(3.653126813246,1.861360923181,4.699999989043
    ));
#9987 = CARTESIAN_POINT('',(4.257919638985,0.674388068721,4.599999989043
    ));
#9988 = CARTESIAN_POINT('',(4.049522174362,-0.641381446061,
    4.499999989043));
#9989 = CARTESIAN_POINT('',(3.841124709738,-1.957150960843,
    4.399999989043));
#9990 = CARTESIAN_POINT('',(2.899137703068,-2.899137902661,
    4.299999989043));
#9991 = CARTESIAN_POINT('',(1.957150696398,-3.84112484448,4.199999989043
    ));
#9992 = CARTESIAN_POINT('',(0.641381167269,-4.049522218518,
    4.099999989043));
#9993 = CARTESIAN_POINT('',(-0.67438836186,-4.257919592557,
    3.999999989043));
#9994 = CARTESIAN_POINT('',(-1.861361174683,-3.653126685099,
    3.899999989043));
#9995 = CARTESIAN_POINT('',(-3.048333987506,-3.048333777641,
    3.799999989043));
#9996 = CARTESIAN_POINT('',(-3.653126813246,-1.861360923181,
    3.699999989043));
#9997 = CARTESIAN_POINT('',(-4.257919638985,-0.674388068721,
    3.599999989043));
#9998 = CARTESIAN_POINT('',(-4.049522174362,0.641381446061,
    3.499999989043));
#9999 = CARTESIAN_POINT('',(-3.841124709738,1.957150960843,
    3.399999989043));
#10000 = CARTESIAN_POINT('',(-2.899137703068,2.899137902661,
    3.299999989043));
#10001 = CARTESIAN_POINT('',(-1.957150696398,3.84112484448,
    3.199999989043));
#10002 = CARTESIAN_POINT('',(-0.641381167269,4.049522218518,
    3.099999989043));
#10003 = CARTESIAN_POINT('',(0.67438836186,4.257919592557,2.999999989043
    ));
#10004 = CARTESIAN_POINT('',(1.861361174683,3.653126685099,
    2.899999989043));
#10005 = CARTESIAN_POINT('',(3.048333987506,3.048333777641,
    2.799999989043));
#10006 = CARTESIAN_POINT('',(3.653126813246,1.861360923181,
    2.699999989043));
#10007 = CARTESIAN_POINT('',(4.257919638985,0.674388068721,
    2.599999989043));
#10008 = CARTESIAN_POINT('',(4.049522174362,-0.641381446061,
    2.499999989043));
#10009 = CARTESIAN_POINT('',(3.841124709738,-1.957150960843,
    2.399999989043));
#10010 = CARTESIAN_POINT('',(2.899137703068,-2.899137902661,
    2.299999989043));
#10011 = CARTESIAN_POINT('',(1.957150696398,-3.84112484448,
    2.199999989043));
#10012 = CARTESIAN_POINT('',(0.641381167269,-4.049522218518,
    2.099999989043));
#10013 = CARTESIAN_POINT('',(-0.67438836186,-4.257919592557,
    1.999999989043));
#10014 = CARTESIAN_POINT('',(-1.861361174683,-3.653126685099,
    1.899999989043));
#10015 = CARTESIAN_POINT('',(-3.048333987506,-3.048333777641,
    1.799999989043));
#10016 = CARTESIAN_POINT('',(-3.653126813246,-1.861360923181,
    1.699999989043));
#10017 = CARTESIAN_POINT('',(-4.257919638985,-0.674388068721,
    1.599999989043));
#10018 = CARTESIAN_POINT('',(-4.049522174362,0.641381446061,
    1.499999989043));
#10019 = CARTESIAN_POINT('',(-3.841124709738,1.957150960843,
    1.399999989043));
#10020 = CARTESIAN_POINT('',(-2.899137703068,2.899137902661,
    1.299999989043));
#10021 = CARTESIAN_POINT('',(-1.957150696398,3.84112484448,
    1.199999989043));
#10022 = CARTESIAN_POINT('',(-0.641381167269,4.049522218518,
    1.099999989043));
#10023 = CARTESIAN_POINT('',(0.67438836186,4.257919592557,0.999999989043
    ));
#10024 = CARTESIAN_POINT('',(1.861361174683,3.653126685099,
    0.899999989043));
#10025 = CARTESIAN_POINT('',(3.048333987506,3.048333777641,
    0.799999989043));
#10026 = CARTESIAN_POINT('',(3.653126813246,1.861360923181,
    0.699999989043));
#10027 = CARTESIAN_POINT('',(4.257919638985,0.674388068721,
    0.599999989043));
#10028 = CARTESIAN_POINT('',(4.049522174362,-0.641381446061,
    0.499999989043));
#10029 = CARTESIAN_POINT('',(3.841124709738,-1.957150960843,
    0.399999989043));
#10030 = CARTESIAN_POINT('',(2.899137703068,-2.899137902661,
    0.299999989043));
#10031 = CARTESIAN_POINT('',(1.957150696398,-3.84112484448,
    0.199999989043));
#10032 = CARTESIAN_POINT('',(0.641381167269,-4.049522218518,
    9.999998904288E-02));
#10033 = CARTESIAN_POINT('',(-0.67438836186,-4.257919592557,
    -1.095712409693E-08));
#10034 = CARTESIAN_POINT('',(-1.861361174683,-3.653126685099,
    -0.100000010957));
#10035 = CARTESIAN_POINT('',(-3.048333987506,-3.048333777641,
    -0.200000010957));
#10036 = CARTESIAN_POINT('',(-3.653126813246,-1.861360923181,
    -0.300000010957));
#10037 = CARTESIAN_POINT('',(-4.257919638985,-0.674388068721,
    -0.400000010957));
#10038 = CARTESIAN_POINT('',(-4.049522174362,0.641381446061,
    -0.500000010957));
#10039 = CARTESIAN_POINT('',(-3.841124709738,1.957150960843,
    -0.600000010957));
#10040 = CARTESIAN_POINT('',(-2.899137703068,2.899137902661,
    -0.700000010957));
#10041 = CARTESIAN_POINT('',(-1.957150696398,3.84112484448,
    -0.800000010957));
#10042 = CARTESIAN_POINT('',(-0.641381167269,4.049522218518,
    -0.900000010957));
#10043 = CARTESIAN_POINT('',(0.67438836186,4.257919592557,
    -1.000000010957));
#10044 = CARTESIAN_POINT('',(1.861361174683,3.653126685099,
    -1.100000010957));
#10045 = CARTESIAN_POINT('',(3.048333987506,3.048333777641,
    -1.200000010957));
#10046 = CARTESIAN_POINT('',(3.653126813246,1.861360923181,
    -1.300000010957));
#10047 = CARTESIAN_POINT('',(4.257919638985,0.674388068721,
    -1.400000010957));
#10048 = CARTESIAN_POINT('',(4.049522174362,-0.641381446061,
    -1.500000010957));
#10049 = CARTESIAN_POINT('',(3.841124709738,-1.957150960843,
    -1.600000010957));
#10050 = CARTESIAN_POINT('',(2.899137703068,-2.899137902661,
    -1.700000010957));
#10051 = CARTESIAN_POINT('',(1.957150696398,-3.84112484448,
    -1.800000010957));
#10052 = CARTESIAN_POINT('',(0.641381167269,-4.049522218518,
    -1.900000010957));
#10053 = CARTESIAN_POINT('',(-0.67438836186,-4.257919592557,
    -2.000000010957));
#10054 = CARTESIAN_POINT('',(-1.861361174683,-3.653126685099,
    -2.100000010957));
#10055 = CARTESIAN_POINT('',(-3.048333987506,-3.048333777641,
    -2.200000010957));
#10056 = CARTESIAN_POINT('',(-3.653126813246,-1.861360923181,
    -2.300000010957));
#10057 = CARTESIAN_POINT('',(-4.257919638985,-0.674388068721,
    -2.400000010957));
#10058 = CARTESIAN_POINT('',(-4.049522174362,0.641381446061,
    -2.500000010957));
#10059 = CARTESIAN_POINT('',(-3.841124709738,1.957150960843,
    -2.600000010957));
#10060 = CARTESIAN_POINT('',(-2.899137703068,2.899137902661,
    -2.700000010957));
#10061 = CARTESIAN_POINT('',(-1.957150696398,3.84112484448,
    -2.800000010957));
#10062 = CARTESIAN_POINT('',(-0.641381167269,4.049522218518,
    -2.900000010957));
#10063 = CARTESIAN_POINT('',(0.67438836186,4.257919592557,
    -3.000000010957));
#10064 = CARTESIAN_POINT('',(1.861361174683,3.653126685099,
    -3.100000010957));
#10065 = CARTESIAN_POINT('',(3.048333987506,3.048333777641,
    -3.200000010957));
#10066 = CARTESIAN_POINT('',(3.653126813246,1.861360923181,
    -3.300000010957));
#10067 = CARTESIAN_POINT('',(4.257919638985,0.674388068721,
    -3.400000010957));
#10068 = CARTESIAN_POINT('',(4.049522174362,-0.641381446061,
    -3.500000010957));
#10069 = CARTESIAN_POINT('',(3.841124709738,-1.957150960843,
    -3.600000010957));
#10070 = CARTESIAN_POINT('',(2.899137703068,-2.899137902661,
    -3.700000010957));
#10071 = CARTESIAN_POINT('',(1.957150696398,-3.84112484448,
    -3.800000010957));
#10072 = CARTESIAN_POINT('',(0.641381167269,-4.049522218518,
    -3.900000010957));
#10073 = CARTESIAN_POINT('',(-0.67438836186,-4.257919592557,
    -4.000000010957));
#10074 = CARTESIAN_POINT('',(-1.861361174683,-3.653126685099,
    -4.100000010957));
#10075 = CARTESIAN_POINT('',(-3.048333987506,-3.048333777641,
    -4.200000010957));
#10076 = CARTESIAN_POINT('',(-3.653126813246,-1.861360923181,
    -4.300000010957));
#10077 = CARTESIAN_POINT('',(-4.257919638985,-0.674388068721,
    -4.400000010957));
#10078 = CARTESIAN_POINT('',(-4.049522174362,0.641381446061,
    -4.500000010957));
#10079 = CARTESIAN_POINT('',(-3.841124709738,1.957150960843,
    -4.600000010957));
#10080 = CARTESIAN_POINT('',(-2.899137703068,2.899137902661,
    -4.700000010957));
#10081 = DEFINITIONAL_REPRESENTATION('',(#10082),#10108);
#10082 = B_SPLINE_CURVE_WITH_KNOTS('',3,(#10083,#10084,#10085,#10086,
    #10087,#10088,#10089,#10090,#10091,#10092,#10093,#10094,#10095,
    #10096,#10097,#10098,#10099,#10100,#10101,#10102,#10103,#10104,
    #10105,#10106,#10107),.UNSPECIFIED.,.F.,.F.,(4,1,1,1,1,1,1,1,1,1,1,1
    ,1,1,1,1,1,1,1,1,1,1,4),(0.,2.315120334051E-05,4.630240668103E-05,
    6.945361002154E-05,9.260481336206E-05,1.157560167026E-04,
    1.389072200431E-04,1.620584233836E-04,1.852096267241E-04,
    2.083608300646E-04,2.315120334051E-04,2.546632367457E-04,
    2.778144400862E-04,3.009656434267E-04,3.241168467672E-04,
    3.472680501077E-04,3.704192534482E-04,3.935704567887E-04,
    4.167216601293E-04,4.398728634698E-04,4.630240668103E-04,
    4.861752701508E-04,5.093264734913E-04),.QUASI_UNIFORM_KNOTS.);
#10083 = CARTESIAN_POINT('',(0.,0.1978183922));
#10084 = CARTESIAN_POINT('',(4.832137784152E-03,0.197859140182));
#10085 = CARTESIAN_POINT('',(1.447585137885E-02,0.197940571304));
#10086 = CARTESIAN_POINT('',(2.888173302367E-02,0.198062532968));
#10087 = CARTESIAN_POINT('',(4.322991155856E-02,0.198184319224));
#10088 = CARTESIAN_POINT('',(5.752241299792E-02,0.198305939355));
#10089 = CARTESIAN_POINT('',(7.176128839649E-02,0.198427402435));
#10090 = CARTESIAN_POINT('',(8.594861655519E-02,0.1985487173));
#10091 = CARTESIAN_POINT('',(0.100086501915,0.198669892563));
#10092 = CARTESIAN_POINT('',(0.114177073761,0.198790936612));
#10093 = CARTESIAN_POINT('',(0.128222485099,0.198911857615));
#10094 = CARTESIAN_POINT('',(0.14222491162,0.199032663522));
#10095 = CARTESIAN_POINT('',(0.15618655075,0.199153362065));
#10096 = CARTESIAN_POINT('',(0.170109620333,0.19927396078));
#10097 = CARTESIAN_POINT('',(0.183996358803,0.199394466932));
#10098 = CARTESIAN_POINT('',(0.197849019847,0.199514887805));
#10099 = CARTESIAN_POINT('',(0.211669887682,0.19963522964));
#10100 = CARTESIAN_POINT('',(0.225461215451,0.199755501603));
#10101 = CARTESIAN_POINT('',(0.23922545064,0.19987570099));
#10102 = CARTESIAN_POINT('',(0.252964389318,0.199995868447));
#10103 = CARTESIAN_POINT('',(0.266682328162,0.200115881911));
#10104 = CARTESIAN_POINT('',(0.280384082197,0.200235586402));
#10105 = CARTESIAN_POINT('',(0.294071335332,0.200355031782));
#10106 = CARTESIAN_POINT('',(0.30318819831,0.200434485665));
#10107 = CARTESIAN_POINT('',(0.307745019519,0.20047417024));
#10108 = ( GEOMETRIC_REPRESENTATION_CONTEXT(2) 
PARAMETRIC_REPRESENTATION_CONTEXT() REPRESENTATION_CONTEXT('2D SPACE',''
  ) );
#10109 = ORIENTED_EDGE('',*,*,#10110,.F.);
#10110 = EDGE_CURVE('',#523,#9773,#10111,.T.);
#10111 = SURFACE_CURVE('',#10112,(#10116,#10123),.PCURVE_S1.);
#10112 = LINE('',#10113,#10114);
#10113 = CARTESIAN_POINT('',(0.5,0.,8.));
#10114 = VECTOR('',#10115,1.);
#10115 = DIRECTION('',(0.,1.,-0.));
#10116 = PCURVE('',#572,#10117);
#10117 = DEFINITIONAL_REPRESENTATION('',(#10118),#10122);
#10118 = LINE('',#10119,#10120);
#10119 = CARTESIAN_POINT('',(0.5,0.));
#10120 = VECTOR('',#10121,1.);
#10121 = DIRECTION('',(0.,1.));
#10122 = ( GEOMETRIC_REPRESENTATION_CONTEXT(2) 
PARAMETRIC_REPRESENTATION_CONTEXT() REPRESENTATION_CONTEXT('2D SPACE',''
  ) );
#10123 = PCURVE('',#543,#10124);
#10124 = DEFINITIONAL_REPRESENTATION('',(#10125),#10129);
#10125 = LINE('',#10126,#10127);
#10126 = CARTESIAN_POINT('',(-8.184740477399,9.003074372224));
#10127 = VECTOR('',#10128,1.);
#10128 = DIRECTION('',(0.,1.));
#10129 = ( GEOMETRIC_REPRESENTATION_CONTEXT(2) 
PARAMETRIC_REPRESENTATION_CONTEXT() REPRESENTATION_CONTEXT('2D SPACE',''
  ) );
#10130 = ORIENTED_EDGE('',*,*,#555,.F.);
#10131 = ORIENTED_EDGE('',*,*,#646,.F.);
#10132 = ORIENTED_EDGE('',*,*,#10133,.F.);
#10133 = EDGE_CURVE('',#9231,#647,#10134,.T.);
#10134 = SURFACE_CURVE('',#10135,(#10140,#10151),.PCURVE_S1.);
#10135 = CIRCLE('',#10136,4.25);
#10136 = AXIS2_PLACEMENT_3D('',#10137,#10138,#10139);
#10137 = CARTESIAN_POINT('',(0.,0.,8.));
#10138 = DIRECTION('',(0.,0.,-1.));
#10139 = DIRECTION('',(1.,0.,0.));
#10140 = PCURVE('',#572,#10141);
#10141 = DEFINITIONAL_REPRESENTATION('',(#10142),#10150);
#10142 = ( BOUNDED_CURVE() B_SPLINE_CURVE(2,(#10143,#10144,#10145,#10146
    ,#10147,#10148,#10149),.UNSPECIFIED.,.T.,.F.) 
B_SPLINE_CURVE_WITH_KNOTS((1,2,2,2,2,1),(-2.094395102393,0.,
    2.094395102393,4.188790204786,6.28318530718,8.377580409573),
.UNSPECIFIED.) CURVE() GEOMETRIC_REPRESENTATION_ITEM() 
RATIONAL_B_SPLINE_CURVE((1.,0.5,1.,0.5,1.,0.5,1.)) REPRESENTATION_ITEM(
  '') );
#10143 = CARTESIAN_POINT('',(4.25,0.));
#10144 = CARTESIAN_POINT('',(4.25,-7.361215932168));
#10145 = CARTESIAN_POINT('',(-2.125,-3.680607966084));
#10146 = CARTESIAN_POINT('',(-8.5,-1.040949779275E-15));
#10147 = CARTESIAN_POINT('',(-2.125,3.680607966084));
#10148 = CARTESIAN_POINT('',(4.25,7.361215932168));
#10149 = CARTESIAN_POINT('',(4.25,0.));
#10150 = ( GEOMETRIC_REPRESENTATION_CONTEXT(2) 
PARAMETRIC_REPRESENTATION_CONTEXT() REPRESENTATION_CONTEXT('2D SPACE',''
  ) );
#10151 = PCURVE('',#690,#10152);
#10152 = DEFINITIONAL_REPRESENTATION('',(#10153),#10157);
#10153 = LINE('',#10154,#10155);
#10154 = CARTESIAN_POINT('',(3.14159265359,0.5));
#10155 = VECTOR('',#10156,1.);
#10156 = DIRECTION('',(1.,0.));
#10157 = ( GEOMETRIC_REPRESENTATION_CONTEXT(2) 
PARAMETRIC_REPRESENTATION_CONTEXT() REPRESENTATION_CONTEXT('2D SPACE',''
  ) );
#10158 = ADVANCED_FACE('',(#10159,#10231),#71,.T.);
#10159 = FACE_BOUND('',#10160,.T.);
#10160 = EDGE_LOOP('',(#10161,#10162,#10186,#10209));
#10161 = ORIENTED_EDGE('',*,*,#949,.F.);
#10162 = ORIENTED_EDGE('',*,*,#10163,.F.);
#10163 = EDGE_CURVE('',#10164,#919,#10166,.T.);
#10164 = VERTEX_POINT('',#10165);
#10165 = CARTESIAN_POINT('',(0.5,-8.986100377806,8.));
#10166 = SURFACE_CURVE('',#10167,(#10172,#10179),.PCURVE_S1.);
#10167 = CIRCLE('',#10168,9.);
#10168 = AXIS2_PLACEMENT_3D('',#10169,#10170,#10171);
#10169 = CARTESIAN_POINT('',(0.,0.,8.));
#10170 = DIRECTION('',(0.,0.,1.));
#10171 = DIRECTION('',(1.,0.,-0.));
#10172 = PCURVE('',#71,#10173);
#10173 = DEFINITIONAL_REPRESENTATION('',(#10174),#10178);
#10174 = LINE('',#10175,#10176);
#10175 = CARTESIAN_POINT('',(9.424777960769,2.));
#10176 = VECTOR('',#10177,1.);
#10177 = DIRECTION('',(-1.,0.));
#10178 = ( GEOMETRIC_REPRESENTATION_CONTEXT(2) 
PARAMETRIC_REPRESENTATION_CONTEXT() REPRESENTATION_CONTEXT('2D SPACE',''
  ) );
#10179 = PCURVE('',#804,#10180);
#10180 = DEFINITIONAL_REPRESENTATION('',(#10181),#10185);
#10181 = CIRCLE('',#10182,9.);
#10182 = AXIS2_PLACEMENT_2D('',#10183,#10184);
#10183 = CARTESIAN_POINT('',(0.,0.));
#10184 = DIRECTION('',(1.,0.));
#10185 = ( GEOMETRIC_REPRESENTATION_CONTEXT(2) 
PARAMETRIC_REPRESENTATION_CONTEXT() REPRESENTATION_CONTEXT('2D SPACE',''
  ) );
#10186 = ORIENTED_EDGE('',*,*,#10187,.T.);
#10187 = EDGE_CURVE('',#10164,#10188,#10190,.T.);
#10188 = VERTEX_POINT('',#10189);
#10189 = CARTESIAN_POINT('',(0.5,-8.986100377806,0.));
#10190 = SURFACE_CURVE('',#10191,(#10195,#10202),.PCURVE_S1.);
#10191 = LINE('',#10192,#10193);
#10192 = CARTESIAN_POINT('',(0.5,-8.986100377806,10.));
#10193 = VECTOR('',#10194,1.);
#10194 = DIRECTION('',(-0.,-0.,-1.));
#10195 = PCURVE('',#71,#10196);
#10196 = DEFINITIONAL_REPRESENTATION('',(#10197),#10201);
#10197 = LINE('',#10198,#10199);
#10198 = CARTESIAN_POINT('',(4.656804807104,0.));
#10199 = VECTOR('',#10200,1.);
#10200 = DIRECTION('',(0.,1.));
#10201 = ( GEOMETRIC_REPRESENTATION_CONTEXT(2) 
PARAMETRIC_REPRESENTATION_CONTEXT() REPRESENTATION_CONTEXT('2D SPACE',''
  ) );
#10202 = PCURVE('',#543,#10203);
#10203 = DEFINITIONAL_REPRESENTATION('',(#10204),#10208);
#10204 = LINE('',#10205,#10206);
#10205 = CARTESIAN_POINT('',(-10.18474047739,1.697399441789E-02));
#10206 = VECTOR('',#10207,1.);
#10207 = DIRECTION('',(1.,0.));
#10208 = ( GEOMETRIC_REPRESENTATION_CONTEXT(2) 
PARAMETRIC_REPRESENTATION_CONTEXT() REPRESENTATION_CONTEXT('2D SPACE',''
  ) );
#10209 = ORIENTED_EDGE('',*,*,#10210,.T.);
#10210 = EDGE_CURVE('',#10188,#950,#10211,.T.);
#10211 = SURFACE_CURVE('',#10212,(#10217,#10224),.PCURVE_S1.);
#10212 = CIRCLE('',#10213,9.);
#10213 = AXIS2_PLACEMENT_3D('',#10214,#10215,#10216);
#10214 = CARTESIAN_POINT('',(0.,0.,0.));
#10215 = DIRECTION('',(0.,0.,1.));
#10216 = DIRECTION('',(1.,0.,-0.));
#10217 = PCURVE('',#71,#10218);
#10218 = DEFINITIONAL_REPRESENTATION('',(#10219),#10223);
#10219 = LINE('',#10220,#10221);
#10220 = CARTESIAN_POINT('',(9.424777960769,10.));
#10221 = VECTOR('',#10222,1.);
#10222 = DIRECTION('',(-1.,0.));
#10223 = ( GEOMETRIC_REPRESENTATION_CONTEXT(2) 
PARAMETRIC_REPRESENTATION_CONTEXT() REPRESENTATION_CONTEXT('2D SPACE',''
  ) );
#10224 = PCURVE('',#989,#10225);
#10225 = DEFINITIONAL_REPRESENTATION('',(#10226),#10230);
#10226 = CIRCLE('',#10227,9.);
#10227 = AXIS2_PLACEMENT_2D('',#10228,#10229);
#10228 = CARTESIAN_POINT('',(0.,0.));
#10229 = DIRECTION('',(1.,0.));
#10230 = ( GEOMETRIC_REPRESENTATION_CONTEXT(2) 
PARAMETRIC_REPRESENTATION_CONTEXT() REPRESENTATION_CONTEXT('2D SPACE',''
  ) );
#10231 = FACE_BOUND('',#10232,.T.);
#10232 = EDGE_LOOP('',(#10233,#10256,#10257,#10258));
#10233 = ORIENTED_EDGE('',*,*,#10234,.F.);
#10234 = EDGE_CURVE('',#22,#10235,#10237,.T.);
#10235 = VERTEX_POINT('',#10236);
#10236 = CARTESIAN_POINT('',(4.,-8.062257748299,2.196650180096));
#10237 = SURFACE_CURVE('',#10238,(#10242,#10249),.PCURVE_S1.);
#10238 = LINE('',#10239,#10240);
#10239 = CARTESIAN_POINT('',(4.,-8.062257748299,10.));
#10240 = VECTOR('',#10241,1.);
#10241 = DIRECTION('',(-0.,-0.,-1.));
#10242 = PCURVE('',#71,#10243);
#10243 = DEFINITIONAL_REPRESENTATION('',(#10244),#10248);
#10244 = LINE('',#10245,#10246);
#10245 = CARTESIAN_POINT('',(4.251834988703,0.));
#10246 = VECTOR('',#10247,1.);
#10247 = DIRECTION('',(0.,1.));
#10248 = ( GEOMETRIC_REPRESENTATION_CONTEXT(2) 
PARAMETRIC_REPRESENTATION_CONTEXT() REPRESENTATION_CONTEXT('2D SPACE',''
  ) );
#10249 = PCURVE('',#148,#10250);
#10250 = DEFINITIONAL_REPRESENTATION('',(#10251),#10255);
#10251 = LINE('',#10252,#10253);
#10252 = CARTESIAN_POINT('',(-6.,-2.076157370493));
#10253 = VECTOR('',#10254,1.);
#10254 = DIRECTION('',(1.,0.));
#10255 = ( GEOMETRIC_REPRESENTATION_CONTEXT(2) 
PARAMETRIC_REPRESENTATION_CONTEXT() REPRESENTATION_CONTEXT('2D SPACE',''
  ) );
#10256 = ORIENTED_EDGE('',*,*,#21,.T.);
#10257 = ORIENTED_EDGE('',*,*,#163,.T.);
#10258 = ORIENTED_EDGE('',*,*,#10259,.T.);
#10259 = EDGE_CURVE('',#164,#10235,#10260,.T.);
#10260 = SURFACE_CURVE('',#10261,(#10270,#10299),.PCURVE_S1.);
#10261 = B_SPLINE_CURVE_WITH_KNOTS('',3,(#10262,#10263,#10264,#10265,
    #10266,#10267,#10268,#10269),.UNSPECIFIED.,.F.,.F.,(4,2,2,4),(
    1.293220906397E-02,1.382269059513E-02,1.471317212629E-02,
    1.649413518862E-02),.UNSPECIFIED.);
#10262 = CARTESIAN_POINT('',(6.720610260001,-5.986100377806,1.25));
#10263 = CARTESIAN_POINT('',(6.521646928496,-6.20947702081,1.25));
#10264 = CARTESIAN_POINT('',(6.309425346399,-6.424899477774,
    1.277381170831));
#10265 = CARTESIAN_POINT('',(5.872186443052,-6.826830002227,
    1.373524864443));
#10266 = CARTESIAN_POINT('',(5.648503389048,-7.012595083142,
    1.441570563357));
#10267 = CARTESIAN_POINT('',(4.962332168338,-7.530178005589,
    1.692331365029));
#10268 = CARTESIAN_POINT('',(4.4813494282,-7.823441554013,1.921706297058
    ));
#10269 = CARTESIAN_POINT('',(4.,-8.062257748299,2.196650180096));
#10270 = PCURVE('',#71,#10271);
#10271 = DEFINITIONAL_REPRESENTATION('',(#10272),#10298);
#10272 = B_SPLINE_CURVE_WITH_KNOTS('',3,(#10273,#10274,#10275,#10276,
    #10277,#10278,#10279,#10280,#10281,#10282,#10283,#10284,#10285,
    #10286,#10287,#10288,#10289,#10290,#10291,#10292,#10293,#10294,
    #10295,#10296,#10297),.UNSPECIFIED.,.F.,.F.,(4,1,1,1,1,1,1,1,1,1,1,1
    ,1,1,1,1,1,1,1,1,1,1,4),(1.293220906397E-02,1.309411479691E-02,
    1.325602052985E-02,1.341792626278E-02,1.357983199572E-02,
    1.374173772866E-02,1.39036434616E-02,1.406554919454E-02,
    1.422745492748E-02,1.438936066042E-02,1.455126639335E-02,
    1.471317212629E-02,1.487507785923E-02,1.503698359217E-02,
    1.519888932511E-02,1.536079505805E-02,1.552270079099E-02,
    1.568460652393E-02,1.584651225686E-02,1.60084179898E-02,
    1.617032372274E-02,1.633222945568E-02,1.649413518862E-02),
  .QUASI_UNIFORM_KNOTS.);
#10273 = CARTESIAN_POINT('',(3.869250191483,8.75));
#10274 = CARTESIAN_POINT('',(3.875293364444,8.75));
#10275 = CARTESIAN_POINT('',(3.887400931686,8.748189680694));
#10276 = CARTESIAN_POINT('',(3.905594081367,8.740284469527));
#10277 = CARTESIAN_POINT('',(3.923787238849,8.727430969247));
#10278 = CARTESIAN_POINT('',(3.941948353672,8.709869862087));
#10279 = CARTESIAN_POINT('',(3.960045543937,8.687844656355));
#10280 = CARTESIAN_POINT('',(3.978046401319,8.661588316912));
#10281 = CARTESIAN_POINT('',(3.995901801886,8.631469613028));
#10282 = CARTESIAN_POINT('',(4.013630737174,8.597623714549));
#10283 = CARTESIAN_POINT('',(4.03124146406,8.560217109802));
#10284 = CARTESIAN_POINT('',(4.048745857086,8.519407799396));
#10285 = CARTESIAN_POINT('',(4.066150795921,8.475356416341));
#10286 = CARTESIAN_POINT('',(4.083478111533,8.428221551754));
#10287 = CARTESIAN_POINT('',(4.100734890212,8.378077079807));
#10288 = CARTESIAN_POINT('',(4.117912950441,8.324998271375));
#10289 = CARTESIAN_POINT('',(4.135007884774,8.269060023088));
#10290 = CARTESIAN_POINT('',(4.15201398611,8.210337331854));
#10291 = CARTESIAN_POINT('',(4.168925635822,8.148905167712));
#10292 = CARTESIAN_POINT('',(4.185736960113,8.084838507901));
#10293 = CARTESIAN_POINT('',(4.202441950947,8.01821232773));
#10294 = CARTESIAN_POINT('',(4.219034459038,7.949101603026));
#10295 = CARTESIAN_POINT('',(4.235508231864,7.877581309476));
#10296 = CARTESIAN_POINT('',(4.246407341616,7.828344718362));
#10297 = CARTESIAN_POINT('',(4.251834988703,7.803349819904));
#10298 = ( GEOMETRIC_REPRESENTATION_CONTEXT(2) 
PARAMETRIC_REPRESENTATION_CONTEXT() REPRESENTATION_CONTEXT('2D SPACE',''
  ) );
#10299 = PCURVE('',#365,#10300);
#10300 = DEFINITIONAL_REPRESENTATION('',(#10301),#10327);
#10301 = B_SPLINE_CURVE_WITH_KNOTS('',3,(#10302,#10303,#10304,#10305,
    #10306,#10307,#10308,#10309,#10310,#10311,#10312,#10313,#10314,
    #10315,#10316,#10317,#10318,#10319,#10320,#10321,#10322,#10323,
    #10324,#10325,#10326),.UNSPECIFIED.,.F.,.F.,(4,1,1,1,1,1,1,1,1,1,1,1
    ,1,1,1,1,1,1,1,1,1,1,4),(1.293220906397E-02,1.309411479691E-02,
    1.325602052985E-02,1.341792626278E-02,1.357983199572E-02,
    1.374173772866E-02,1.39036434616E-02,1.406554919454E-02,
    1.422745492748E-02,1.438936066042E-02,1.455126639335E-02,
    1.471317212629E-02,1.487507785923E-02,1.503698359217E-02,
    1.519888932511E-02,1.536079505805E-02,1.552270079099E-02,
    1.568460652393E-02,1.584651225686E-02,1.60084179898E-02,
    1.617032372274E-02,1.633222945568E-02,1.649413518862E-02),
  .QUASI_UNIFORM_KNOTS.);
#10302 = CARTESIAN_POINT('',(6.28318530718,2.720610260001));
#10303 = CARTESIAN_POINT('',(6.268417263177,2.684435108818));
#10304 = CARTESIAN_POINT('',(6.239069881583,2.611208232236));
#10305 = CARTESIAN_POINT('',(6.195624712718,2.498985562379));
#10306 = CARTESIAN_POINT('',(6.152762220135,2.384628061247));
#10307 = CARTESIAN_POINT('',(6.110499716972,2.268382706408));
#10308 = CARTESIAN_POINT('',(6.068858862166,2.150498503956));
#10309 = CARTESIAN_POINT('',(6.027871621027,2.031216892011));
#10310 = CARTESIAN_POINT('',(5.987591459102,1.910975215577));
#10311 = CARTESIAN_POINT('',(5.947925604901,1.789718272049));
#10312 = CARTESIAN_POINT('',(5.908809230408,1.667463793966));
#10313 = CARTESIAN_POINT('',(5.8701750602,1.544201012329));
#10314 = CARTESIAN_POINT('',(5.831967012498,1.419960229151));
#10315 = CARTESIAN_POINT('',(5.794119626899,1.294635963933));
#10316 = CARTESIAN_POINT('',(5.756585520941,1.168226713727));
#10317 = CARTESIAN_POINT('',(5.719332822254,1.040865307565));
#10318 = CARTESIAN_POINT('',(5.682326522022,0.912648580334));
#10319 = CARTESIAN_POINT('',(5.645533741275,0.783683011522));
#10320 = CARTESIAN_POINT('',(5.608922548442,0.654072496355));
#10321 = CARTESIAN_POINT('',(5.572462476209,0.52392162251));
#10322 = CARTESIAN_POINT('',(5.536124534586,0.393334792121));
#10323 = CARTESIAN_POINT('',(5.499881408613,0.26241645704));
#10324 = CARTESIAN_POINT('',(5.463707310647,0.131271055794));
#10325 = CARTESIAN_POINT('',(5.439621727673,4.375903892728E-02));
#10326 = CARTESIAN_POINT('',(5.427582554441,0.));
#10327 = ( GEOMETRIC_REPRESENTATION_CONTEXT(2) 
PARAMETRIC_REPRESENTATION_CONTEXT() REPRESENTATION_CONTEXT('2D SPACE',''
  ) );
#10328 = ADVANCED_FACE('',(#10329),#9760,.F.);
#10329 = FACE_BOUND('',#10330,.F.);
#10330 = EDGE_LOOP('',(#10331,#10408,#10409,#10456));
#10331 = ORIENTED_EDGE('',*,*,#10332,.T.);
#10332 = EDGE_CURVE('',#10333,#9406,#10335,.T.);
#10333 = VERTEX_POINT('',#10334);
#10334 = CARTESIAN_POINT('',(0.500000070151,-3.565108684152,
    7.128430125575));
#10335 = SURFACE_CURVE('',#10336,(#10350,#10379),.PCURVE_S1.);
#10336 = ( BOUNDED_CURVE() B_SPLINE_CURVE(2,(#10337,#10338,#10339,#10340
    ,#10341,#10342,#10343,#10344,#10345,#10346,#10347,#10348,#10349),
.UNSPECIFIED.,.F.,.F.) B_SPLINE_CURVE_WITH_KNOTS((3,2,2,2,2,2,3),(
    0.757475738013,0.757878079412,0.77191285866,0.785947637909,
0.799982417157,0.814017196406,0.818702636309),.UNSPECIFIED.) CURVE() 
GEOMETRIC_REPRESENTATION_ITEM() RATIONAL_B_SPLINE_CURVE((0.997274275545,
    0.998596914894,1.,0.951056516295,1.,0.951056516295,1.,0.951056516295
    ,1.,0.951056516295,1.,0.983660466083,0.978230673296)) 
REPRESENTATION_ITEM('') );
#10337 = CARTESIAN_POINT('',(0.500000070151,-3.565108684152,
    7.128430125575));
#10338 = CARTESIAN_POINT('',(0.53162089985,-3.560673973036,
    7.131244317492));
#10339 = CARTESIAN_POINT('',(0.563163951748,-3.555678045528,
    7.133974585258));
#10340 = CARTESIAN_POINT('',(1.718473782203,-3.372694985397,
    7.233974585258));
#10341 = CARTESIAN_POINT('',(2.545584324645,-2.545584499898,
    7.333974585258));
#10342 = CARTESIAN_POINT('',(3.372694867087,-1.718474014399,
    7.433974585258));
#10343 = CARTESIAN_POINT('',(3.555678006757,-0.563164196541,
    7.533974585258));
#10344 = CARTESIAN_POINT('',(3.738661146426,0.592145621316,
    7.633974585258));
#10345 = CARTESIAN_POINT('',(3.207623543338,1.634365688647,
    7.733974585258));
#10346 = CARTESIAN_POINT('',(2.676585940249,2.676585755978,
    7.833974585258));
#10347 = CARTESIAN_POINT('',(1.634365909478,3.207623430819,
    7.933974585258));
#10348 = CARTESIAN_POINT('',(1.297958688048,3.379031486117,
    7.966252531517));
#10349 = CARTESIAN_POINT('',(0.933330651719,3.476908669212,
    7.999999998755));
#10350 = PCURVE('',#9760,#10351);
#10351 = DEFINITIONAL_REPRESENTATION('',(#10352),#10378);
#10352 = B_SPLINE_CURVE_WITH_KNOTS('',3,(#10353,#10354,#10355,#10356,
    #10357,#10358,#10359,#10360,#10361,#10362,#10363,#10364,#10365,
    #10366,#10367,#10368,#10369,#10370,#10371,#10372,#10373,#10374,
    #10375,#10376,#10377),.UNSPECIFIED.,.F.,.F.,(4,1,1,1,1,1,1,1,1,1,1,1
    ,1,1,1,1,1,1,1,1,1,1,4),(0.757475738013,0.760258778844,
    0.763041819676,0.765824860508,0.768607901339,0.771390942171,
    0.774173983002,0.776957023834,0.779740064666,0.782523105497,
    0.785306146329,0.788089187161,0.790872227992,0.793655268824,
    0.796438309656,0.799221350487,0.802004391319,0.80478743215,
    0.807570472982,0.810353513814,0.813136554645,0.815919595477,
    0.818702636309),.QUASI_UNIFORM_KNOTS.);
#10353 = CARTESIAN_POINT('',(4.57304961995,2.871569874425));
#10354 = CARTESIAN_POINT('',(4.532292033055,2.859045502698));
#10355 = CARTESIAN_POINT('',(4.44995394042,2.833258927547));
#10356 = CARTESIAN_POINT('',(4.324885904215,2.793166263029));
#10357 = CARTESIAN_POINT('',(4.199159122088,2.752410968016));
#10358 = CARTESIAN_POINT('',(4.073695723211,2.711920040825));
#10359 = CARTESIAN_POINT('',(3.949814369465,2.672947281317));
#10360 = CARTESIAN_POINT('',(3.827135589452,2.635114843353));
#10361 = CARTESIAN_POINT('',(3.701921080171,2.594867695091));
#10362 = CARTESIAN_POINT('',(3.57625139206,2.55417121401));
#10363 = CARTESIAN_POINT('',(3.450753909718,2.513645869351));
#10364 = CARTESIAN_POINT('',(3.326745639712,2.474552777809));
#10365 = CARTESIAN_POINT('',(3.204158040061,2.436806659917));
#10366 = CARTESIAN_POINT('',(3.078996729046,2.396610983768));
#10367 = CARTESIAN_POINT('',(2.953333214249,2.355920624427));
#10368 = CARTESIAN_POINT('',(2.827816607425,2.315376281992));
#10369 = CARTESIAN_POINT('',(2.703683303898,2.276164237746));
#10370 = CARTESIAN_POINT('',(2.581174549314,2.238492845412));
#10371 = CARTESIAN_POINT('',(2.456070969487,2.198352892315));
#10372 = CARTESIAN_POINT('',(2.330418391146,2.157673229645));
#10373 = CARTESIAN_POINT('',(2.204870016749,2.117097937276));
#10374 = CARTESIAN_POINT('',(2.080668303793,2.077820567112));
#10375 = CARTESIAN_POINT('',(1.958034732648,2.04003074613));
#10376 = CARTESIAN_POINT('',(1.875151598434,2.013762713476));
#10377 = CARTESIAN_POINT('',(1.833050714412,2.000000001245));
#10378 = ( GEOMETRIC_REPRESENTATION_CONTEXT(2) 
PARAMETRIC_REPRESENTATION_CONTEXT() REPRESENTATION_CONTEXT('2D SPACE',''
  ) );
#10379 = PCURVE('',#9423,#10380);
#10380 = DEFINITIONAL_REPRESENTATION('',(#10381),#10407);
#10381 = B_SPLINE_CURVE_WITH_KNOTS('',3,(#10382,#10383,#10384,#10385,
    #10386,#10387,#10388,#10389,#10390,#10391,#10392,#10393,#10394,
    #10395,#10396,#10397,#10398,#10399,#10400,#10401,#10402,#10403,
    #10404,#10405,#10406),.UNSPECIFIED.,.F.,.F.,(4,1,1,1,1,1,1,1,1,1,1,1
    ,1,1,1,1,1,1,1,1,1,1,4),(0.757475738013,0.760258778844,
    0.763041819676,0.765824860508,0.768607901339,0.771390942171,
    0.774173983002,0.776957023834,0.779740064666,0.782523105497,
    0.785306146329,0.788089187161,0.790872227992,0.793655268824,
    0.796438309656,0.799221350487,0.802004391319,0.80478743215,
    0.807570472982,0.810353513814,0.813136554645,0.815919595477,
    0.818702636309),.QUASI_UNIFORM_KNOTS.);
#10382 = CARTESIAN_POINT('',(0.999965673284,0.325358340712));
#10383 = CARTESIAN_POINT('',(0.999986650722,0.324532108817));
#10384 = CARTESIAN_POINT('',(1.000006195422,0.322879643412));
#10385 = CARTESIAN_POINT('',(0.999998339942,0.320400942627));
#10386 = CARTESIAN_POINT('',(1.000000444811,0.31792224256));
#10387 = CARTESIAN_POINT('',(0.999999880813,0.315443542301));
#10388 = CARTESIAN_POINT('',(1.000000031936,0.312964842092));
#10389 = CARTESIAN_POINT('',(0.999999991443,0.310486141871));
#10390 = CARTESIAN_POINT('',(1.000000002293,0.308007441652));
#10391 = CARTESIAN_POINT('',(0.999999999386,0.305528741433));
#10392 = CARTESIAN_POINT('',(1.000000000164,0.303050041214));
#10393 = CARTESIAN_POINT('',(0.999999999957,0.300571340996));
#10394 = CARTESIAN_POINT('',(1.000000000009,0.298092640777));
#10395 = CARTESIAN_POINT('',(1.000000000006,0.295613940558));
#10396 = CARTESIAN_POINT('',(0.999999999968,0.293135240339));
#10397 = CARTESIAN_POINT('',(1.000000000123,0.290656540119));
#10398 = CARTESIAN_POINT('',(0.999999999541,0.288177839903));
#10399 = CARTESIAN_POINT('',(1.000000001714,0.285699139674));
#10400 = CARTESIAN_POINT('',(0.999999993604,0.283220439493));
#10401 = CARTESIAN_POINT('',(1.000000023871,0.280741739132));
#10402 = CARTESIAN_POINT('',(0.999999910912,0.278263039443));
#10403 = CARTESIAN_POINT('',(1.000000332481,0.275784337248));
#10404 = CARTESIAN_POINT('',(0.999998759163,0.273305644403));
#10405 = CARTESIAN_POINT('',(0.999998582499,0.271653240562));
#10406 = CARTESIAN_POINT('',(0.999998985012,0.270827062975));
#10407 = ( GEOMETRIC_REPRESENTATION_CONTEXT(2) 
PARAMETRIC_REPRESENTATION_CONTEXT() REPRESENTATION_CONTEXT('2D SPACE',''
  ) );
#10408 = ORIENTED_EDGE('',*,*,#9743,.F.);
#10409 = ORIENTED_EDGE('',*,*,#10410,.T.);
#10410 = EDGE_CURVE('',#9744,#10411,#10413,.T.);
#10411 = VERTEX_POINT('',#10412);
#10412 = CARTESIAN_POINT('',(0.5,-3.565108693995,7.96055005394));
#10413 = SURFACE_CURVE('',#10414,(#10420,#10449),.PCURVE_S1.);
#10414 = ( BOUNDED_CURVE() B_SPLINE_CURVE(2,(#10415,#10416,#10417,#10418
,#10419),.UNSPECIFIED.,.F.,.F.) B_SPLINE_CURVE_WITH_KNOTS((3,2,3),(
0.1978183922,0.2,0.200358310256),.UNSPECIFIED.) CURVE() 
GEOMETRIC_REPRESENTATION_ITEM() RATIONAL_B_SPLINE_CURVE((0.985897582847,
    0.991457961134,1.,0.998597043827,0.997274518628)) 
REPRESENTATION_ITEM('') );
#10415 = CARTESIAN_POINT('',(0.945535900087,-3.473609342118,8.));
#10416 = CARTESIAN_POINT('',(0.756582070393,-3.525043631883,
    7.982767059309));
#10417 = CARTESIAN_POINT('',(0.563163951748,-3.555678045528,
    7.966025392827));
#10418 = CARTESIAN_POINT('',(0.531623802496,-3.560673513302,
    7.963295376305));
#10419 = CARTESIAN_POINT('',(0.5,-3.565108693995,7.96055005394));
#10420 = PCURVE('',#9760,#10421);
#10421 = DEFINITIONAL_REPRESENTATION('',(#10422),#10448);
#10422 = B_SPLINE_CURVE_WITH_KNOTS('',3,(#10423,#10424,#10425,#10426,
    #10427,#10428,#10429,#10430,#10431,#10432,#10433,#10434,#10435,
    #10436,#10437,#10438,#10439,#10440,#10441,#10442,#10443,#10444,
    #10445,#10446,#10447),.UNSPECIFIED.,.F.,.F.,(4,1,1,1,1,1,1,1,1,1,1,1
    ,1,1,1,1,1,1,1,1,1,1,4),(0.1978183922,0.19793384302,0.198049293841,
    0.198164744662,0.198280195483,0.198395646303,0.198511097124,
    0.198626547945,0.198741998766,0.198857449586,0.198972900407,
    0.199088351228,0.199203802048,0.199319252869,0.19943470369,
    0.199550154511,0.199665605331,0.199781056152,0.199896506973,
    0.200011957794,0.200127408614,0.200242859435,0.200358310256),
  .QUASI_UNIFORM_KNOTS.);
#10423 = CARTESIAN_POINT('',(4.446622556461,2.));
#10424 = CARTESIAN_POINT('',(4.448552507633,2.000611407859));
#10425 = CARTESIAN_POINT('',(4.452411257821,2.001833120656));
#10426 = CARTESIAN_POINT('',(4.458195833245,2.003662294692));
#10427 = CARTESIAN_POINT('',(4.463976765283,2.005487986945));
#10428 = CARTESIAN_POINT('',(4.469753960899,2.007310111575));
#10429 = CARTESIAN_POINT('',(4.475527327391,2.009128583267));
#10430 = CARTESIAN_POINT('',(4.481296772445,2.010943317319));
#10431 = CARTESIAN_POINT('',(4.48706220413,2.012754229629));
#10432 = CARTESIAN_POINT('',(4.492823530912,2.014561236722));
#10433 = CARTESIAN_POINT('',(4.498580661655,2.016364255747));
#10434 = CARTESIAN_POINT('',(4.504333505654,2.018163204516));
#10435 = CARTESIAN_POINT('',(4.510081972547,2.019958001426));
#10436 = CARTESIAN_POINT('',(4.515825972678,2.021748565803));
#10437 = CARTESIAN_POINT('',(4.521565415782,2.023534816669));
#10438 = CARTESIAN_POINT('',(4.527300215935,2.025316677398));
#10439 = CARTESIAN_POINT('',(4.533030273105,2.027094058388));
#10440 = CARTESIAN_POINT('',(4.538755542057,2.028866921783));
#10441 = CARTESIAN_POINT('',(4.54447577521,2.030635039976));
#10442 = CARTESIAN_POINT('',(4.550191482356,2.032398896929));
#10443 = CARTESIAN_POINT('',(4.555900348976,2.034156324454));
#10444 = CARTESIAN_POINT('',(4.561610935463,2.035915367786));
#10445 = CARTESIAN_POINT('',(4.567327511543,2.037680042578));
#10446 = CARTESIAN_POINT('',(4.571141705382,2.038859452081));
#10447 = CARTESIAN_POINT('',(4.573049639627,2.03944994606));
#10448 = ( GEOMETRIC_REPRESENTATION_CONTEXT(2) 
PARAMETRIC_REPRESENTATION_CONTEXT() REPRESENTATION_CONTEXT('2D SPACE',''
  ) );
#10449 = PCURVE('',#9790,#10450);
#10450 = DEFINITIONAL_REPRESENTATION('',(#10451),#10455);
#10451 = LINE('',#10452,#10453);
#10452 = CARTESIAN_POINT('',(-8.659212993063E-14,2.775557561563E-17));
#10453 = VECTOR('',#10454,1.);
#10454 = DIRECTION('',(4.404085031538E-13,1.));
#10455 = ( GEOMETRIC_REPRESENTATION_CONTEXT(2) 
PARAMETRIC_REPRESENTATION_CONTEXT() REPRESENTATION_CONTEXT('2D SPACE',''
  ) );
#10456 = ORIENTED_EDGE('',*,*,#10457,.T.);
#10457 = EDGE_CURVE('',#10411,#10333,#10458,.T.);
#10458 = SURFACE_CURVE('',#10459,(#10463,#10470),.PCURVE_S1.);
#10459 = LINE('',#10460,#10461);
#10460 = CARTESIAN_POINT('',(0.5,-3.565108693995,10.));
#10461 = VECTOR('',#10462,1.);
#10462 = DIRECTION('',(-0.,-0.,-1.));
#10463 = PCURVE('',#9760,#10464);
#10464 = DEFINITIONAL_REPRESENTATION('',(#10465),#10469);
#10465 = LINE('',#10466,#10467);
#10466 = CARTESIAN_POINT('',(4.573049639627,0.));
#10467 = VECTOR('',#10468,1.);
#10468 = DIRECTION('',(0.,1.));
#10469 = ( GEOMETRIC_REPRESENTATION_CONTEXT(2) 
PARAMETRIC_REPRESENTATION_CONTEXT() REPRESENTATION_CONTEXT('2D SPACE',''
  ) );
#10470 = PCURVE('',#543,#10471);
#10471 = DEFINITIONAL_REPRESENTATION('',(#10472),#10476);
#10472 = LINE('',#10473,#10474);
#10473 = CARTESIAN_POINT('',(-10.18474047739,5.437965678228));
#10474 = VECTOR('',#10475,1.);
#10475 = DIRECTION('',(1.,0.));
#10476 = ( GEOMETRIC_REPRESENTATION_CONTEXT(2) 
PARAMETRIC_REPRESENTATION_CONTEXT() REPRESENTATION_CONTEXT('2D SPACE',''
  ) );
#10477 = ADVANCED_FACE('',(#10478),#7791,.F.);
#10478 = FACE_BOUND('',#10479,.F.);
#10479 = EDGE_LOOP('',(#10480,#10481,#10512,#10532));
#10480 = ORIENTED_EDGE('',*,*,#9254,.T.);
#10481 = ORIENTED_EDGE('',*,*,#10482,.T.);
#10482 = EDGE_CURVE('',#9255,#10483,#10485,.T.);
#10483 = VERTEX_POINT('',#10484);
#10484 = CARTESIAN_POINT('',(0.5,-4.069397989875,6.989223782171));
#10485 = SURFACE_CURVE('',#10486,(#10500,#10506),.PCURVE_S1.);
#10486 = ( BOUNDED_CURVE() B_SPLINE_CURVE(2,(#10487,#10488,#10489,#10490
    ,#10491,#10492,#10493,#10494,#10495,#10496,#10497,#10498,#10499),
.UNSPECIFIED.,.F.,.F.) B_SPLINE_CURVE_WITH_KNOTS((3,2,2,2,2,2,3),(
    0.171947819337,0.185982602855,0.200017385564,0.214052168274,
0.228086950983,0.242121733692,0.24291044933),.UNSPECIFIED.) CURVE() 
GEOMETRIC_REPRESENTATION_ITEM() RATIONAL_B_SPLINE_CURVE((1.,
    0.951056516295,1.,0.951056516295,1.,0.951056516295,1.,0.951056516295
    ,1.,0.951056516295,1.,0.997249512745,0.994808164913)) 
REPRESENTATION_ITEM('') );
#10487 = CARTESIAN_POINT('',(-0.641381311431,4.049522195685,
    7.999999999999));
#10488 = CARTESIAN_POINT('',(0.67438836186,4.257919592557,7.899999989043
    ));
#10489 = CARTESIAN_POINT('',(1.861361174683,3.653126685099,
    7.799999989043));
#10490 = CARTESIAN_POINT('',(3.048333987506,3.048333777641,
    7.699999989043));
#10491 = CARTESIAN_POINT('',(3.653126813246,1.861360923181,
    7.599999989043));
#10492 = CARTESIAN_POINT('',(4.257919638985,0.674388068721,
    7.499999989043));
#10493 = CARTESIAN_POINT('',(4.049522174362,-0.641381446061,
    7.399999989043));
#10494 = CARTESIAN_POINT('',(3.841124709738,-1.957150960843,
    7.299999989043));
#10495 = CARTESIAN_POINT('',(2.899137703068,-2.899137902661,
    7.199999989043));
#10496 = CARTESIAN_POINT('',(1.957150696398,-3.84112484448,
    7.099999989043));
#10497 = CARTESIAN_POINT('',(0.641381167269,-4.049522218518,
    6.999999989043));
#10498 = CARTESIAN_POINT('',(0.570863639876,-4.060691095139,
    6.994640575724));
#10499 = CARTESIAN_POINT('',(0.5,-4.069397989875,6.989223782171));
#10500 = PCURVE('',#7791,#10501);
#10501 = DEFINITIONAL_REPRESENTATION('',(#10502),#10505);
#10502 = B_SPLINE_CURVE_WITH_KNOTS('',1,(#10503,#10504),.UNSPECIFIED.,
  .F.,.F.,(2,2),(0.171947819337,0.24291044933),
  .PIECEWISE_BEZIER_KNOTS.);
#10503 = CARTESIAN_POINT('',(1.,0.26249999928));
#10504 = CARTESIAN_POINT('',(1.,0.325702465131));
#10505 = ( GEOMETRIC_REPRESENTATION_CONTEXT(2) 
PARAMETRIC_REPRESENTATION_CONTEXT() REPRESENTATION_CONTEXT('2D SPACE',''
  ) );
#10506 = PCURVE('',#9423,#10507);
#10507 = DEFINITIONAL_REPRESENTATION('',(#10508),#10511);
#10508 = B_SPLINE_CURVE_WITH_KNOTS('',1,(#10509,#10510),.UNSPECIFIED.,
  .F.,.F.,(2,2),(0.171947819337,0.24291044933),
  .PIECEWISE_BEZIER_KNOTS.);
#10509 = CARTESIAN_POINT('',(1.172830452568E-15,0.26249999928));
#10510 = CARTESIAN_POINT('',(-1.214536224147E-15,0.325702465131));
#10511 = ( GEOMETRIC_REPRESENTATION_CONTEXT(2) 
PARAMETRIC_REPRESENTATION_CONTEXT() REPRESENTATION_CONTEXT('2D SPACE',''
  ) );
#10512 = ORIENTED_EDGE('',*,*,#10513,.F.);
#10513 = EDGE_CURVE('',#7757,#10483,#10514,.T.);
#10514 = SURFACE_CURVE('',#10515,(#10519,#10525),.PCURVE_S1.);
#10515 = LINE('',#10516,#10517);
#10516 = CARTESIAN_POINT('',(0.5,-4.069397989875,6.539223782171));
#10517 = VECTOR('',#10518,1.);
#10518 = DIRECTION('',(0.,0.,1.));
#10519 = PCURVE('',#7791,#10520);
#10520 = DEFINITIONAL_REPRESENTATION('',(#10521),#10524);
#10521 = B_SPLINE_CURVE_WITH_KNOTS('',1,(#10522,#10523),.UNSPECIFIED.,
  .F.,.F.,(2,2),(-0.45,0.45),.PIECEWISE_BEZIER_KNOTS.);
#10522 = CARTESIAN_POINT('',(-4.329727642004E-16,0.325702465131));
#10523 = CARTESIAN_POINT('',(1.,0.325702465131));
#10524 = ( GEOMETRIC_REPRESENTATION_CONTEXT(2) 
PARAMETRIC_REPRESENTATION_CONTEXT() REPRESENTATION_CONTEXT('2D SPACE',''
  ) );
#10525 = PCURVE('',#543,#10526);
#10526 = DEFINITIONAL_REPRESENTATION('',(#10527),#10531);
#10527 = LINE('',#10528,#10529);
#10528 = CARTESIAN_POINT('',(-6.72396425957,4.933676382348));
#10529 = VECTOR('',#10530,1.);
#10530 = DIRECTION('',(-1.,0.));
#10531 = ( GEOMETRIC_REPRESENTATION_CONTEXT(2) 
PARAMETRIC_REPRESENTATION_CONTEXT() REPRESENTATION_CONTEXT('2D SPACE',''
  ) );
#10532 = ORIENTED_EDGE('',*,*,#7754,.F.);
#10533 = ADVANCED_FACE('',(#10534),#9790,.F.);
#10534 = FACE_BOUND('',#10535,.F.);
#10535 = EDGE_LOOP('',(#10536,#10537,#10588));
#10536 = ORIENTED_EDGE('',*,*,#9772,.T.);
#10537 = ORIENTED_EDGE('',*,*,#10538,.F.);
#10538 = EDGE_CURVE('',#10411,#9773,#10539,.T.);
#10539 = SURFACE_CURVE('',#10540,(#10548,#10577),.PCURVE_S1.);
#10540 = B_SPLINE_CURVE_WITH_KNOTS('',3,(#10541,#10542,#10543,#10544,
    #10545,#10546,#10547),.UNSPECIFIED.,.F.,.F.,(4,3,4),(0.,
    1.356333429384E-04,1.602476621169E-04),.UNSPECIFIED.);
#10541 = CARTESIAN_POINT('',(0.5,-3.565108693995,7.96055005394));
#10542 = CARTESIAN_POINT('',(0.5,-3.608934508623,7.971656035646));
#10543 = CARTESIAN_POINT('',(0.5,-3.652754938499,7.982783283861));
#10544 = CARTESIAN_POINT('',(0.5,-3.696570492327,7.993929677904));
#10545 = CARTESIAN_POINT('',(0.5,-3.704522003966,7.995952491134));
#10546 = CARTESIAN_POINT('',(0.5,-3.712473355016,7.997975935726));
#10547 = CARTESIAN_POINT('',(0.5,-3.720424548292,8.));
#10548 = PCURVE('',#9790,#10549);
#10549 = DEFINITIONAL_REPRESENTATION('',(#10550),#10576);
#10550 = B_SPLINE_CURVE_WITH_KNOTS('',3,(#10551,#10552,#10553,#10554,
    #10555,#10556,#10557,#10558,#10559,#10560,#10561,#10562,#10563,
    #10564,#10565,#10566,#10567,#10568,#10569,#10570,#10571,#10572,
    #10573,#10574,#10575),.UNSPECIFIED.,.F.,.F.,(4,1,1,1,1,1,1,1,1,1,1,1
    ,1,1,1,1,1,1,1,1,1,1,4),(0.,7.283984641677E-06,1.456796928335E-05,
    2.185195392503E-05,2.913593856671E-05,3.641992320838E-05,
    4.370390785006E-05,5.098789249174E-05,5.827187713341E-05,
    6.555586177509E-05,7.283984641677E-05,8.012383105844E-05,
    8.740781570012E-05,9.46918003418E-05,1.019757849835E-04,
    1.092597696252E-04,1.165437542668E-04,1.238277389085E-04,
    1.311117235502E-04,1.383957081919E-04,1.456796928335E-04,
    1.529636774752E-04,1.602476621169E-04),.QUASI_UNIFORM_KNOTS.);
#10551 = CARTESIAN_POINT('',(0.,0.200358310256));
#10552 = CARTESIAN_POINT('',(4.661576580959E-03,0.200360141768));
#10553 = CARTESIAN_POINT('',(1.398484623815E-02,0.20036379758));
#10554 = CARTESIAN_POINT('',(2.797009811153E-02,0.200369259785));
#10555 = CARTESIAN_POINT('',(4.195569526811E-02,0.200374700604));
#10556 = CARTESIAN_POINT('',(5.594163562512E-02,0.20038012016));
#10557 = CARTESIAN_POINT('',(6.99279171138E-02,0.200385518578));
#10558 = CARTESIAN_POINT('',(8.391453768125E-02,0.200390895982));
#10559 = CARTESIAN_POINT('',(9.790149528972E-02,0.200396252494));
#10560 = CARTESIAN_POINT('',(0.111888787917,0.200401588234));
#10561 = CARTESIAN_POINT('',(0.125876413554,0.200406903324));
#10562 = CARTESIAN_POINT('',(0.13986437021,0.200412197883));
#10563 = CARTESIAN_POINT('',(0.153852655906,0.200417472029));
#10564 = CARTESIAN_POINT('',(0.167841268678,0.20042272588));
#10565 = CARTESIAN_POINT('',(0.181830206578,0.200427959553));
#10566 = CARTESIAN_POINT('',(0.195819467669,0.200433173163));
#10567 = CARTESIAN_POINT('',(0.209809050034,0.200438366826));
#10568 = CARTESIAN_POINT('',(0.223798951757,0.200443540655));
#10569 = CARTESIAN_POINT('',(0.237789170977,0.200448694765));
#10570 = CARTESIAN_POINT('',(0.251779705699,0.200453829267));
#10571 = CARTESIAN_POINT('',(0.265770554488,0.200458944273));
#10572 = CARTESIAN_POINT('',(0.279761716278,0.200464039893));
#10573 = CARTESIAN_POINT('',(0.293753188086,0.200469116238));
#10574 = CARTESIAN_POINT('',(0.303081041641,0.200472487691));
#10575 = CARTESIAN_POINT('',(0.307745019519,0.20047417024));
#10576 = ( GEOMETRIC_REPRESENTATION_CONTEXT(2) 
PARAMETRIC_REPRESENTATION_CONTEXT() REPRESENTATION_CONTEXT('2D SPACE',''
  ) );
#10577 = PCURVE('',#543,#10578);
#10578 = DEFINITIONAL_REPRESENTATION('',(#10579),#10587);
#10579 = B_SPLINE_CURVE_WITH_KNOTS('',3,(#10580,#10581,#10582,#10583,
    #10584,#10585,#10586),.UNSPECIFIED.,.F.,.F.,(4,3,4),(0.,
    1.356333429384E-04,1.602476621169E-04),.UNSPECIFIED.);
#10580 = CARTESIAN_POINT('',(-8.14529053134,5.437965678228));
#10581 = CARTESIAN_POINT('',(-8.156396513045,5.394139863601));
#10582 = CARTESIAN_POINT('',(-8.16752376126,5.350319433724));
#10583 = CARTESIAN_POINT('',(-8.178670155304,5.306503879897));
#10584 = CARTESIAN_POINT('',(-8.180692968534,5.298552368258));
#10585 = CARTESIAN_POINT('',(-8.182716413125,5.290601017208));
#10586 = CARTESIAN_POINT('',(-8.184740477399,5.282649823932));
#10587 = ( GEOMETRIC_REPRESENTATION_CONTEXT(2) 
PARAMETRIC_REPRESENTATION_CONTEXT() REPRESENTATION_CONTEXT('2D SPACE',''
  ) );
#10588 = ORIENTED_EDGE('',*,*,#10410,.F.);
#10589 = ADVANCED_FACE('',(#10590),#9423,.F.);
#10590 = FACE_BOUND('',#10591,.F.);
#10591 = EDGE_LOOP('',(#10592,#10593,#10594,#10651));
#10592 = ORIENTED_EDGE('',*,*,#9405,.T.);
#10593 = ORIENTED_EDGE('',*,*,#10332,.F.);
#10594 = ORIENTED_EDGE('',*,*,#10595,.F.);
#10595 = EDGE_CURVE('',#10483,#10333,#10596,.T.);
#10596 = SURFACE_CURVE('',#10597,(#10608,#10637),.PCURVE_S1.);
#10597 = B_SPLINE_CURVE_WITH_KNOTS('',3,(#10598,#10599,#10600,#10601,
    #10602,#10603,#10604,#10605,#10606,#10607),.UNSPECIFIED.,.F.,.F.,(4,
    3,3,4),(0.,1.356333311458E-04,2.712666633847E-04,5.231686598706E-04)
  ,.UNSPECIFIED.);
#10598 = CARTESIAN_POINT('',(0.5,-4.069397989875,6.989223782171));
#10599 = CARTESIAN_POINT('',(0.5,-4.025807440709,7.001219970121));
#10600 = CARTESIAN_POINT('',(0.5,-3.982219388077,7.013225234164));
#10601 = CARTESIAN_POINT('',(0.5,-3.938634081601,7.025240456234));
#10602 = CARTESIAN_POINT('',(0.5,-3.895048774917,7.037255678361));
#10603 = CARTESIAN_POINT('',(0.5,-3.851466211748,7.049280857965));
#10604 = CARTESIAN_POINT('',(0.5,-3.807886675601,7.06131699317));
#10605 = CARTESIAN_POINT('',(0.5,-3.726949556758,7.083670836087));
#10606 = CARTESIAN_POINT('',(0.5,-3.646022830673,7.106062357429));
#10607 = CARTESIAN_POINT('',(0.500000070151,-3.565108684152,
    7.128430125575));
#10608 = PCURVE('',#9423,#10609);
#10609 = DEFINITIONAL_REPRESENTATION('',(#10610),#10636);
#10610 = B_SPLINE_CURVE_WITH_KNOTS('',3,(#10611,#10612,#10613,#10614,
    #10615,#10616,#10617,#10618,#10619,#10620,#10621,#10622,#10623,
    #10624,#10625,#10626,#10627,#10628,#10629,#10630,#10631,#10632,
    #10633,#10634,#10635),.UNSPECIFIED.,.F.,.F.,(4,1,1,1,1,1,1,1,1,1,1,1
    ,1,1,1,1,1,1,1,1,1,1,4),(0.,2.378039363048E-05,4.756078726096E-05,
    7.134118089144E-05,9.512157452193E-05,1.189019681524E-04,
    1.426823617829E-04,1.664627554134E-04,1.902431490439E-04,
    2.140235426743E-04,2.378039363048E-04,2.615843299353E-04,
    2.853647235658E-04,3.091451171963E-04,3.329255108267E-04,
    3.567059044572E-04,3.804862980877E-04,4.042666917182E-04,
    4.280470853487E-04,4.518274789792E-04,4.756078726096E-04,
    4.993882662401E-04,5.231686598706E-04),.QUASI_UNIFORM_KNOTS.);
#10611 = CARTESIAN_POINT('',(0.,0.325702465131));
#10612 = CARTESIAN_POINT('',(1.51712460677E-02,0.325697891251));
#10613 = CARTESIAN_POINT('',(4.551216253522E-02,0.325688692391));
#10614 = CARTESIAN_POINT('',(9.101872906362E-02,0.325674738143));
#10615 = CARTESIAN_POINT('',(0.136520406954,0.325660625313));
#10616 = CARTESIAN_POINT('',(0.182017113277,0.325646351191));
#10617 = CARTESIAN_POINT('',(0.227508763508,0.325631913016));
#10618 = CARTESIAN_POINT('',(0.272995270921,0.325617307958));
#10619 = CARTESIAN_POINT('',(0.318476547797,0.325602533126));
#10620 = CARTESIAN_POINT('',(0.363952503875,0.325587585558));
#10621 = CARTESIAN_POINT('',(0.40942304614,0.325572462227));
#10622 = CARTESIAN_POINT('',(0.454888080839,0.325557160032));
#10623 = CARTESIAN_POINT('',(0.500347507232,0.325541675805));
#10624 = CARTESIAN_POINT('',(0.545801240189,0.325526006286));
#10625 = CARTESIAN_POINT('',(0.591249076246,0.325510148235));
#10626 = CARTESIAN_POINT('',(0.636690724818,0.325494098399));
#10627 = CARTESIAN_POINT('',(0.68212590947,0.325477853438));
#10628 = CARTESIAN_POINT('',(0.72755434687,0.32546140994));
#10629 = CARTESIAN_POINT('',(0.772975752335,0.32544476441));
#10630 = CARTESIAN_POINT('',(0.818389838249,0.325427913274));
#10631 = CARTESIAN_POINT('',(0.863796314412,0.325410852873));
#10632 = CARTESIAN_POINT('',(0.90919488775,0.32539357946));
#10633 = CARTESIAN_POINT('',(0.95458526264,0.325376089208));
#10634 = CARTESIAN_POINT('',(0.984839847143,0.325364281845));
#10635 = CARTESIAN_POINT('',(0.999965673284,0.325358340712));
#10636 = ( GEOMETRIC_REPRESENTATION_CONTEXT(2) 
PARAMETRIC_REPRESENTATION_CONTEXT() REPRESENTATION_CONTEXT('2D SPACE',''
  ) );
#10637 = PCURVE('',#543,#10638);
#10638 = DEFINITIONAL_REPRESENTATION('',(#10639),#10650);
#10639 = B_SPLINE_CURVE_WITH_KNOTS('',3,(#10640,#10641,#10642,#10643,
    #10644,#10645,#10646,#10647,#10648,#10649),.UNSPECIFIED.,.F.,.F.,(4,
    3,3,4),(0.,1.356333311458E-04,2.712666633847E-04,5.231686598706E-04)
  ,.UNSPECIFIED.);
#10640 = CARTESIAN_POINT('',(-7.17396425957,4.933676382348));
#10641 = CARTESIAN_POINT('',(-7.185960447521,4.977266931515));
#10642 = CARTESIAN_POINT('',(-7.197965711563,5.020854984147));
#10643 = CARTESIAN_POINT('',(-7.209980933633,5.064440290623));
#10644 = CARTESIAN_POINT('',(-7.22199615576,5.108025597306));
#10645 = CARTESIAN_POINT('',(-7.234021335365,5.151608160476));
#10646 = CARTESIAN_POINT('',(-7.246057470569,5.195187696623));
#10647 = CARTESIAN_POINT('',(-7.268411313487,5.276124815466));
#10648 = CARTESIAN_POINT('',(-7.290802834828,5.357051541551));
#10649 = CARTESIAN_POINT('',(-7.313170602975,5.437965688072));
#10650 = ( GEOMETRIC_REPRESENTATION_CONTEXT(2) 
PARAMETRIC_REPRESENTATION_CONTEXT() REPRESENTATION_CONTEXT('2D SPACE',''
  ) );
#10651 = ORIENTED_EDGE('',*,*,#10482,.F.);
#10652 = ADVANCED_FACE('',(#10653),#989,.F.);
#10653 = FACE_BOUND('',#10654,.T.);
#10654 = EDGE_LOOP('',(#10655,#10656,#10677,#10678,#10679,#10680,#10701,
    #10702,#10703,#10704,#10705));
#10655 = ORIENTED_EDGE('',*,*,#8663,.T.);
#10656 = ORIENTED_EDGE('',*,*,#10657,.T.);
#10657 = EDGE_CURVE('',#8664,#1317,#10658,.T.);
#10658 = SURFACE_CURVE('',#10659,(#10663,#10670),.PCURVE_S1.);
#10659 = LINE('',#10660,#10661);
#10660 = CARTESIAN_POINT('',(-0.5,1.203846619959E-17,0.));
#10661 = VECTOR('',#10662,1.);
#10662 = DIRECTION('',(-2.407693239919E-17,-1.,0.));
#10663 = PCURVE('',#989,#10664);
#10664 = DEFINITIONAL_REPRESENTATION('',(#10665),#10669);
#10665 = LINE('',#10666,#10667);
#10666 = CARTESIAN_POINT('',(-0.5,1.203846619959E-17));
#10667 = VECTOR('',#10668,1.);
#10668 = DIRECTION('',(-2.407693239919E-17,-1.));
#10669 = ( GEOMETRIC_REPRESENTATION_CONTEXT(2) 
PARAMETRIC_REPRESENTATION_CONTEXT() REPRESENTATION_CONTEXT('2D SPACE',''
  ) );
#10670 = PCURVE('',#505,#10671);
#10671 = DEFINITIONAL_REPRESENTATION('',(#10672),#10676);
#10672 = LINE('',#10673,#10674);
#10673 = CARTESIAN_POINT('',(-9.003074372224,0.184740477399));
#10674 = VECTOR('',#10675,1.);
#10675 = DIRECTION('',(1.,0.));
#10676 = ( GEOMETRIC_REPRESENTATION_CONTEXT(2) 
PARAMETRIC_REPRESENTATION_CONTEXT() REPRESENTATION_CONTEXT('2D SPACE',''
  ) );
#10677 = ORIENTED_EDGE('',*,*,#1316,.F.);
#10678 = ORIENTED_EDGE('',*,*,#972,.F.);
#10679 = ORIENTED_EDGE('',*,*,#10210,.F.);
#10680 = ORIENTED_EDGE('',*,*,#10681,.T.);
#10681 = EDGE_CURVE('',#10188,#8502,#10682,.T.);
#10682 = SURFACE_CURVE('',#10683,(#10687,#10694),.PCURVE_S1.);
#10683 = LINE('',#10684,#10685);
#10684 = CARTESIAN_POINT('',(0.5,0.,0.));
#10685 = VECTOR('',#10686,1.);
#10686 = DIRECTION('',(0.,1.,-0.));
#10687 = PCURVE('',#989,#10688);
#10688 = DEFINITIONAL_REPRESENTATION('',(#10689),#10693);
#10689 = LINE('',#10690,#10691);
#10690 = CARTESIAN_POINT('',(0.5,0.));
#10691 = VECTOR('',#10692,1.);
#10692 = DIRECTION('',(0.,1.));
#10693 = ( GEOMETRIC_REPRESENTATION_CONTEXT(2) 
PARAMETRIC_REPRESENTATION_CONTEXT() REPRESENTATION_CONTEXT('2D SPACE',''
  ) );
#10694 = PCURVE('',#543,#10695);
#10695 = DEFINITIONAL_REPRESENTATION('',(#10696),#10700);
#10696 = LINE('',#10697,#10698);
#10697 = CARTESIAN_POINT('',(-0.184740477399,9.003074372224));
#10698 = VECTOR('',#10699,1.);
#10699 = DIRECTION('',(0.,1.));
#10700 = ( GEOMETRIC_REPRESENTATION_CONTEXT(2) 
PARAMETRIC_REPRESENTATION_CONTEXT() REPRESENTATION_CONTEXT('2D SPACE',''
  ) );
#10701 = ORIENTED_EDGE('',*,*,#8554,.T.);
#10702 = ORIENTED_EDGE('',*,*,#1364,.T.);
#10703 = ORIENTED_EDGE('',*,*,#1764,.T.);
#10704 = ORIENTED_EDGE('',*,*,#9123,.T.);
#10705 = ORIENTED_EDGE('',*,*,#6942,.T.);
#10706 = ADVANCED_FACE('',(#10707),#804,.T.);
#10707 = FACE_BOUND('',#10708,.T.);
#10708 = EDGE_LOOP('',(#10709,#10730,#10731,#10732,#10756,#10777,#10778,
    #10779));
#10709 = ORIENTED_EDGE('',*,*,#10710,.F.);
#10710 = EDGE_CURVE('',#871,#1292,#10711,.T.);
#10711 = SURFACE_CURVE('',#10712,(#10716,#10723),.PCURVE_S1.);
#10712 = LINE('',#10713,#10714);
#10713 = CARTESIAN_POINT('',(-0.5,1.203846619959E-17,8.));
#10714 = VECTOR('',#10715,1.);
#10715 = DIRECTION('',(-2.407693239919E-17,-1.,0.));
#10716 = PCURVE('',#804,#10717);
#10717 = DEFINITIONAL_REPRESENTATION('',(#10718),#10722);
#10718 = LINE('',#10719,#10720);
#10719 = CARTESIAN_POINT('',(-0.5,1.203846619959E-17));
#10720 = VECTOR('',#10721,1.);
#10721 = DIRECTION('',(-2.407693239919E-17,-1.));
#10722 = ( GEOMETRIC_REPRESENTATION_CONTEXT(2) 
PARAMETRIC_REPRESENTATION_CONTEXT() REPRESENTATION_CONTEXT('2D SPACE',''
  ) );
#10723 = PCURVE('',#505,#10724);
#10724 = DEFINITIONAL_REPRESENTATION('',(#10725),#10729);
#10725 = LINE('',#10726,#10727);
#10726 = CARTESIAN_POINT('',(-9.003074372224,8.184740477399));
#10727 = VECTOR('',#10728,1.);
#10728 = DIRECTION('',(1.,0.));
#10729 = ( GEOMETRIC_REPRESENTATION_CONTEXT(2) 
PARAMETRIC_REPRESENTATION_CONTEXT() REPRESENTATION_CONTEXT('2D SPACE',''
  ) );
#10730 = ORIENTED_EDGE('',*,*,#870,.F.);
#10731 = ORIENTED_EDGE('',*,*,#787,.F.);
#10732 = ORIENTED_EDGE('',*,*,#10733,.F.);
#10733 = EDGE_CURVE('',#10734,#760,#10736,.T.);
#10734 = VERTEX_POINT('',#10735);
#10735 = CARTESIAN_POINT('',(0.5,-5.979130371551,8.));
#10736 = SURFACE_CURVE('',#10737,(#10742,#10749),.PCURVE_S1.);
#10737 = CIRCLE('',#10738,6.);
#10738 = AXIS2_PLACEMENT_3D('',#10739,#10740,#10741);
#10739 = CARTESIAN_POINT('',(0.,0.,8.));
#10740 = DIRECTION('',(0.,0.,1.));
#10741 = DIRECTION('',(1.,0.,-0.));
#10742 = PCURVE('',#804,#10743);
#10743 = DEFINITIONAL_REPRESENTATION('',(#10744),#10748);
#10744 = CIRCLE('',#10745,6.);
#10745 = AXIS2_PLACEMENT_2D('',#10746,#10747);
#10746 = CARTESIAN_POINT('',(0.,0.));
#10747 = DIRECTION('',(1.,0.));
#10748 = ( GEOMETRIC_REPRESENTATION_CONTEXT(2) 
PARAMETRIC_REPRESENTATION_CONTEXT() REPRESENTATION_CONTEXT('2D SPACE',''
  ) );
#10749 = PCURVE('',#775,#10750);
#10750 = DEFINITIONAL_REPRESENTATION('',(#10751),#10755);
#10751 = LINE('',#10752,#10753);
#10752 = CARTESIAN_POINT('',(9.424777960769,0.5));
#10753 = VECTOR('',#10754,1.);
#10754 = DIRECTION('',(-1.,0.));
#10755 = ( GEOMETRIC_REPRESENTATION_CONTEXT(2) 
PARAMETRIC_REPRESENTATION_CONTEXT() REPRESENTATION_CONTEXT('2D SPACE',''
  ) );
#10756 = ORIENTED_EDGE('',*,*,#10757,.F.);
#10757 = EDGE_CURVE('',#10164,#10734,#10758,.T.);
#10758 = SURFACE_CURVE('',#10759,(#10763,#10770),.PCURVE_S1.);
#10759 = LINE('',#10760,#10761);
#10760 = CARTESIAN_POINT('',(0.5,0.,8.));
#10761 = VECTOR('',#10762,1.);
#10762 = DIRECTION('',(0.,1.,-0.));
#10763 = PCURVE('',#804,#10764);
#10764 = DEFINITIONAL_REPRESENTATION('',(#10765),#10769);
#10765 = LINE('',#10766,#10767);
#10766 = CARTESIAN_POINT('',(0.5,0.));
#10767 = VECTOR('',#10768,1.);
#10768 = DIRECTION('',(0.,1.));
#10769 = ( GEOMETRIC_REPRESENTATION_CONTEXT(2) 
PARAMETRIC_REPRESENTATION_CONTEXT() REPRESENTATION_CONTEXT('2D SPACE',''
  ) );
#10770 = PCURVE('',#543,#10771);
#10771 = DEFINITIONAL_REPRESENTATION('',(#10772),#10776);
#10772 = LINE('',#10773,#10774);
#10773 = CARTESIAN_POINT('',(-8.184740477399,9.003074372224));
#10774 = VECTOR('',#10775,1.);
#10775 = DIRECTION('',(0.,1.));
#10776 = ( GEOMETRIC_REPRESENTATION_CONTEXT(2) 
PARAMETRIC_REPRESENTATION_CONTEXT() REPRESENTATION_CONTEXT('2D SPACE',''
  ) );
#10777 = ORIENTED_EDGE('',*,*,#10163,.T.);
#10778 = ORIENTED_EDGE('',*,*,#918,.T.);
#10779 = ORIENTED_EDGE('',*,*,#1291,.T.);
#10780 = ADVANCED_FACE('',(#10781),#631,.T.);
#10781 = FACE_BOUND('',#10782,.T.);
#10782 = EDGE_LOOP('',(#10783,#10806,#10828,#10829,#10830,#10853,#10875,
    #10876));
#10783 = ORIENTED_EDGE('',*,*,#10784,.F.);
#10784 = EDGE_CURVE('',#10785,#846,#10787,.T.);
#10785 = VERTEX_POINT('',#10786);
#10786 = CARTESIAN_POINT('',(-0.5,-4.220485754034,8.5));
#10787 = SURFACE_CURVE('',#10788,(#10792,#10799),.PCURVE_S1.);
#10788 = LINE('',#10789,#10790);
#10789 = CARTESIAN_POINT('',(-0.5,-9.003074372224,8.5));
#10790 = VECTOR('',#10791,1.);
#10791 = DIRECTION('',(-2.407693239919E-17,-1.,-0.));
#10792 = PCURVE('',#631,#10793);
#10793 = DEFINITIONAL_REPRESENTATION('',(#10794),#10798);
#10794 = LINE('',#10795,#10796);
#10795 = CARTESIAN_POINT('',(-0.5,-9.003074372224));
#10796 = VECTOR('',#10797,1.);
#10797 = DIRECTION('',(-2.407693239919E-17,-1.));
#10798 = ( GEOMETRIC_REPRESENTATION_CONTEXT(2) 
PARAMETRIC_REPRESENTATION_CONTEXT() REPRESENTATION_CONTEXT('2D SPACE',''
  ) );
#10799 = PCURVE('',#505,#10800);
#10800 = DEFINITIONAL_REPRESENTATION('',(#10801),#10805);
#10801 = LINE('',#10802,#10803);
#10802 = CARTESIAN_POINT('',(0.,8.684740477399));
#10803 = VECTOR('',#10804,1.);
#10804 = DIRECTION('',(1.,-0.));
#10805 = ( GEOMETRIC_REPRESENTATION_CONTEXT(2) 
PARAMETRIC_REPRESENTATION_CONTEXT() REPRESENTATION_CONTEXT('2D SPACE',''
  ) );
#10806 = ORIENTED_EDGE('',*,*,#10807,.F.);
#10807 = EDGE_CURVE('',#675,#10785,#10808,.T.);
#10808 = SURFACE_CURVE('',#10809,(#10814,#10821),.PCURVE_S1.);
#10809 = CIRCLE('',#10810,4.25);
#10810 = AXIS2_PLACEMENT_3D('',#10811,#10812,#10813);
#10811 = CARTESIAN_POINT('',(0.,0.,8.5));
#10812 = DIRECTION('',(0.,0.,1.));
#10813 = DIRECTION('',(1.,0.,-0.));
#10814 = PCURVE('',#631,#10815);
#10815 = DEFINITIONAL_REPRESENTATION('',(#10816),#10820);
#10816 = CIRCLE('',#10817,4.25);
#10817 = AXIS2_PLACEMENT_2D('',#10818,#10819);
#10818 = CARTESIAN_POINT('',(0.,0.));
#10819 = DIRECTION('',(1.,0.));
#10820 = ( GEOMETRIC_REPRESENTATION_CONTEXT(2) 
PARAMETRIC_REPRESENTATION_CONTEXT() REPRESENTATION_CONTEXT('2D SPACE',''
  ) );
#10821 = PCURVE('',#690,#10822);
#10822 = DEFINITIONAL_REPRESENTATION('',(#10823),#10827);
#10823 = LINE('',#10824,#10825);
#10824 = CARTESIAN_POINT('',(9.424777960769,0.));
#10825 = VECTOR('',#10826,1.);
#10826 = DIRECTION('',(-1.,0.));
#10827 = ( GEOMETRIC_REPRESENTATION_CONTEXT(2) 
PARAMETRIC_REPRESENTATION_CONTEXT() REPRESENTATION_CONTEXT('2D SPACE',''
  ) );
#10828 = ORIENTED_EDGE('',*,*,#702,.F.);
#10829 = ORIENTED_EDGE('',*,*,#616,.F.);
#10830 = ORIENTED_EDGE('',*,*,#10831,.F.);
#10831 = EDGE_CURVE('',#10832,#521,#10834,.T.);
#10832 = VERTEX_POINT('',#10833);
#10833 = CARTESIAN_POINT('',(0.5,-5.979130371551,8.5));
#10834 = SURFACE_CURVE('',#10835,(#10839,#10846),.PCURVE_S1.);
#10835 = LINE('',#10836,#10837);
#10836 = CARTESIAN_POINT('',(0.5,-9.003074372224,8.5));
#10837 = VECTOR('',#10838,1.);
#10838 = DIRECTION('',(0.,1.,0.));
#10839 = PCURVE('',#631,#10840);
#10840 = DEFINITIONAL_REPRESENTATION('',(#10841),#10845);
#10841 = LINE('',#10842,#10843);
#10842 = CARTESIAN_POINT('',(0.5,-9.003074372224));
#10843 = VECTOR('',#10844,1.);
#10844 = DIRECTION('',(0.,1.));
#10845 = ( GEOMETRIC_REPRESENTATION_CONTEXT(2) 
PARAMETRIC_REPRESENTATION_CONTEXT() REPRESENTATION_CONTEXT('2D SPACE',''
  ) );
#10846 = PCURVE('',#543,#10847);
#10847 = DEFINITIONAL_REPRESENTATION('',(#10848),#10852);
#10848 = LINE('',#10849,#10850);
#10849 = CARTESIAN_POINT('',(-8.684740477399,0.));
#10850 = VECTOR('',#10851,1.);
#10851 = DIRECTION('',(0.,1.));
#10852 = ( GEOMETRIC_REPRESENTATION_CONTEXT(2) 
PARAMETRIC_REPRESENTATION_CONTEXT() REPRESENTATION_CONTEXT('2D SPACE',''
  ) );
#10853 = ORIENTED_EDGE('',*,*,#10854,.T.);
#10854 = EDGE_CURVE('',#10832,#729,#10855,.T.);
#10855 = SURFACE_CURVE('',#10856,(#10861,#10868),.PCURVE_S1.);
#10856 = CIRCLE('',#10857,6.);
#10857 = AXIS2_PLACEMENT_3D('',#10858,#10859,#10860);
#10858 = CARTESIAN_POINT('',(0.,0.,8.5));
#10859 = DIRECTION('',(0.,0.,1.));
#10860 = DIRECTION('',(1.,0.,-0.));
#10861 = PCURVE('',#631,#10862);
#10862 = DEFINITIONAL_REPRESENTATION('',(#10863),#10867);
#10863 = CIRCLE('',#10864,6.);
#10864 = AXIS2_PLACEMENT_2D('',#10865,#10866);
#10865 = CARTESIAN_POINT('',(0.,0.));
#10866 = DIRECTION('',(1.,0.));
#10867 = ( GEOMETRIC_REPRESENTATION_CONTEXT(2) 
PARAMETRIC_REPRESENTATION_CONTEXT() REPRESENTATION_CONTEXT('2D SPACE',''
  ) );
#10868 = PCURVE('',#775,#10869);
#10869 = DEFINITIONAL_REPRESENTATION('',(#10870),#10874);
#10870 = LINE('',#10871,#10872);
#10871 = CARTESIAN_POINT('',(9.424777960769,0.));
#10872 = VECTOR('',#10873,1.);
#10873 = DIRECTION('',(-1.,0.));
#10874 = ( GEOMETRIC_REPRESENTATION_CONTEXT(2) 
PARAMETRIC_REPRESENTATION_CONTEXT() REPRESENTATION_CONTEXT('2D SPACE',''
  ) );
#10875 = ORIENTED_EDGE('',*,*,#728,.T.);
#10876 = ORIENTED_EDGE('',*,*,#845,.T.);
#10877 = ADVANCED_FACE('',(#10878),#775,.T.);
#10878 = FACE_BOUND('',#10879,.T.);
#10879 = EDGE_LOOP('',(#10880,#10881,#10882,#10903));
#10880 = ORIENTED_EDGE('',*,*,#759,.F.);
#10881 = ORIENTED_EDGE('',*,*,#10854,.F.);
#10882 = ORIENTED_EDGE('',*,*,#10883,.T.);
#10883 = EDGE_CURVE('',#10832,#10734,#10884,.T.);
#10884 = SURFACE_CURVE('',#10885,(#10889,#10896),.PCURVE_S1.);
#10885 = LINE('',#10886,#10887);
#10886 = CARTESIAN_POINT('',(0.5,-5.979130371551,8.5));
#10887 = VECTOR('',#10888,1.);
#10888 = DIRECTION('',(-0.,-0.,-1.));
#10889 = PCURVE('',#775,#10890);
#10890 = DEFINITIONAL_REPRESENTATION('',(#10891),#10895);
#10891 = LINE('',#10892,#10893);
#10892 = CARTESIAN_POINT('',(4.628958893774,0.));
#10893 = VECTOR('',#10894,1.);
#10894 = DIRECTION('',(0.,1.));
#10895 = ( GEOMETRIC_REPRESENTATION_CONTEXT(2) 
PARAMETRIC_REPRESENTATION_CONTEXT() REPRESENTATION_CONTEXT('2D SPACE',''
  ) );
#10896 = PCURVE('',#543,#10897);
#10897 = DEFINITIONAL_REPRESENTATION('',(#10898),#10902);
#10898 = LINE('',#10899,#10900);
#10899 = CARTESIAN_POINT('',(-8.684740477399,3.023944000673));
#10900 = VECTOR('',#10901,1.);
#10901 = DIRECTION('',(1.,0.));
#10902 = ( GEOMETRIC_REPRESENTATION_CONTEXT(2) 
PARAMETRIC_REPRESENTATION_CONTEXT() REPRESENTATION_CONTEXT('2D SPACE',''
  ) );
#10903 = ORIENTED_EDGE('',*,*,#10733,.T.);
#10904 = ADVANCED_FACE('',(#10905),#690,.F.);
#10905 = FACE_BOUND('',#10906,.F.);
#10906 = EDGE_LOOP('',(#10907,#10908,#10929,#10930));
#10907 = ORIENTED_EDGE('',*,*,#10133,.F.);
#10908 = ORIENTED_EDGE('',*,*,#10909,.T.);
#10909 = EDGE_CURVE('',#9231,#10785,#10910,.T.);
#10910 = SURFACE_CURVE('',#10911,(#10915,#10922),.PCURVE_S1.);
#10911 = LINE('',#10912,#10913);
#10912 = CARTESIAN_POINT('',(-0.5,-4.220485754034,8.5));
#10913 = VECTOR('',#10914,1.);
#10914 = DIRECTION('',(0.,0.,1.));
#10915 = PCURVE('',#690,#10916);
#10916 = DEFINITIONAL_REPRESENTATION('',(#10917),#10921);
#10917 = LINE('',#10918,#10919);
#10918 = CARTESIAN_POINT('',(4.83030913241,0.));
#10919 = VECTOR('',#10920,1.);
#10920 = DIRECTION('',(0.,-1.));
#10921 = ( GEOMETRIC_REPRESENTATION_CONTEXT(2) 
PARAMETRIC_REPRESENTATION_CONTEXT() REPRESENTATION_CONTEXT('2D SPACE',''
  ) );
#10922 = PCURVE('',#505,#10923);
#10923 = DEFINITIONAL_REPRESENTATION('',(#10924),#10928);
#10924 = LINE('',#10925,#10926);
#10925 = CARTESIAN_POINT('',(-4.78258861819,8.684740477399));
#10926 = VECTOR('',#10927,1.);
#10927 = DIRECTION('',(0.,1.));
#10928 = ( GEOMETRIC_REPRESENTATION_CONTEXT(2) 
PARAMETRIC_REPRESENTATION_CONTEXT() REPRESENTATION_CONTEXT('2D SPACE',''
  ) );
#10929 = ORIENTED_EDGE('',*,*,#10807,.F.);
#10930 = ORIENTED_EDGE('',*,*,#674,.T.);
#10931 = ADVANCED_FACE('',(#10932,#10936),#543,.F.);
#10932 = FACE_BOUND('',#10933,.T.);
#10933 = EDGE_LOOP('',(#10934,#10935));
#10934 = ORIENTED_EDGE('',*,*,#4961,.T.);
#10935 = ORIENTED_EDGE('',*,*,#5037,.T.);
#10936 = FACE_BOUND('',#10937,.T.);
#10937 = EDGE_LOOP('',(#10938,#10939,#10940,#10941,#10942,#10943,#10944,
    #10945,#10946,#10947,#10948,#10949,#10950,#10951,#10952,#10953,
    #10954,#10955,#10956,#10957,#10958,#10959,#10960,#10961));
#10938 = ORIENTED_EDGE('',*,*,#10831,.T.);
#10939 = ORIENTED_EDGE('',*,*,#520,.T.);
#10940 = ORIENTED_EDGE('',*,*,#10110,.T.);
#10941 = ORIENTED_EDGE('',*,*,#10538,.F.);
#10942 = ORIENTED_EDGE('',*,*,#10457,.T.);
#10943 = ORIENTED_EDGE('',*,*,#10595,.F.);
#10944 = ORIENTED_EDGE('',*,*,#10513,.F.);
#10945 = ORIENTED_EDGE('',*,*,#8092,.F.);
#10946 = ORIENTED_EDGE('',*,*,#4022,.T.);
#10947 = ORIENTED_EDGE('',*,*,#8761,.F.);
#10948 = ORIENTED_EDGE('',*,*,#5670,.F.);
#10949 = ORIENTED_EDGE('',*,*,#8259,.F.);
#10950 = ORIENTED_EDGE('',*,*,#3118,.T.);
#10951 = ORIENTED_EDGE('',*,*,#8882,.F.);
#10952 = ORIENTED_EDGE('',*,*,#6094,.F.);
#10953 = ORIENTED_EDGE('',*,*,#8380,.F.);
#10954 = ORIENTED_EDGE('',*,*,#2214,.T.);
#10955 = ORIENTED_EDGE('',*,*,#9003,.F.);
#10956 = ORIENTED_EDGE('',*,*,#6518,.F.);
#10957 = ORIENTED_EDGE('',*,*,#8501,.F.);
#10958 = ORIENTED_EDGE('',*,*,#10681,.F.);
#10959 = ORIENTED_EDGE('',*,*,#10187,.F.);
#10960 = ORIENTED_EDGE('',*,*,#10757,.T.);
#10961 = ORIENTED_EDGE('',*,*,#10883,.F.);
#10962 = ADVANCED_FACE('',(#10963,#10988),#505,.F.);
#10963 = FACE_BOUND('',#10964,.T.);
#10964 = EDGE_LOOP('',(#10965,#10987));
#10965 = ORIENTED_EDGE('',*,*,#10966,.T.);
#10966 = EDGE_CURVE('',#404,#468,#10967,.T.);
#10967 = SURFACE_CURVE('',#10968,(#10973,#10980),.PCURVE_S1.);
#10968 = CIRCLE('',#10969,1.6);
#10969 = AXIS2_PLACEMENT_3D('',#10970,#10971,#10972);
#10970 = CARTESIAN_POINT('',(-0.5,-5.986100377806,4.));
#10971 = DIRECTION('',(-1.,2.407693239919E-17,0.));
#10972 = DIRECTION('',(-2.407693239919E-17,-1.,0.));
#10973 = PCURVE('',#505,#10974);
#10974 = DEFINITIONAL_REPRESENTATION('',(#10975),#10979);
#10975 = CIRCLE('',#10976,1.6);
#10976 = AXIS2_PLACEMENT_2D('',#10977,#10978);
#10977 = CARTESIAN_POINT('',(-3.016973994418,4.184740477399));
#10978 = DIRECTION('',(1.,0.));
#10979 = ( GEOMETRIC_REPRESENTATION_CONTEXT(2) 
PARAMETRIC_REPRESENTATION_CONTEXT() REPRESENTATION_CONTEXT('2D SPACE',''
  ) );
#10980 = PCURVE('',#426,#10981);
#10981 = DEFINITIONAL_REPRESENTATION('',(#10982),#10986);
#10982 = LINE('',#10983,#10984);
#10983 = CARTESIAN_POINT('',(-1.570796326795,9.5));
#10984 = VECTOR('',#10985,1.);
#10985 = DIRECTION('',(1.,0.));
#10986 = ( GEOMETRIC_REPRESENTATION_CONTEXT(2) 
PARAMETRIC_REPRESENTATION_CONTEXT() REPRESENTATION_CONTEXT('2D SPACE',''
  ) );
#10987 = ORIENTED_EDGE('',*,*,#490,.T.);
#10988 = FACE_BOUND('',#10989,.T.);
#10989 = EDGE_LOOP('',(#10990,#10991,#10992,#10993,#10994,#10995,#10996,
    #10997,#10998,#10999,#11000,#11001,#11002,#11003,#11004,#11005,
    #11006,#11007,#11008,#11009,#11010,#11011,#11012,#11013));
#10990 = ORIENTED_EDGE('',*,*,#10710,.T.);
#10991 = ORIENTED_EDGE('',*,*,#1340,.F.);
#10992 = ORIENTED_EDGE('',*,*,#10657,.F.);
#10993 = ORIENTED_EDGE('',*,*,#8710,.F.);
#10994 = ORIENTED_EDGE('',*,*,#7702,.F.);
#10995 = ORIENTED_EDGE('',*,*,#9169,.F.);
#10996 = ORIENTED_EDGE('',*,*,#5596,.T.);
#10997 = ORIENTED_EDGE('',*,*,#8602,.F.);
#10998 = ORIENTED_EDGE('',*,*,#6878,.F.);
#10999 = ORIENTED_EDGE('',*,*,#9061,.F.);
#11000 = ORIENTED_EDGE('',*,*,#5451,.T.);
#11001 = ORIENTED_EDGE('',*,*,#8440,.F.);
#11002 = ORIENTED_EDGE('',*,*,#6454,.F.);
#11003 = ORIENTED_EDGE('',*,*,#8940,.F.);
#11004 = ORIENTED_EDGE('',*,*,#5306,.T.);
#11005 = ORIENTED_EDGE('',*,*,#8319,.F.);
#11006 = ORIENTED_EDGE('',*,*,#6030,.F.);
#11007 = ORIENTED_EDGE('',*,*,#8819,.F.);
#11008 = ORIENTED_EDGE('',*,*,#5161,.T.);
#11009 = ORIENTED_EDGE('',*,*,#8152,.F.);
#11010 = ORIENTED_EDGE('',*,*,#9230,.T.);
#11011 = ORIENTED_EDGE('',*,*,#10909,.T.);
#11012 = ORIENTED_EDGE('',*,*,#10784,.T.);
#11013 = ORIENTED_EDGE('',*,*,#894,.F.);
#11014 = ADVANCED_FACE('',(#11015),#1255,.F.);
#11015 = FACE_BOUND('',#11016,.T.);
#11016 = EDGE_LOOP('',(#11017,#11040,#11061));
#11017 = ORIENTED_EDGE('',*,*,#11018,.F.);
#11018 = EDGE_CURVE('',#11019,#1165,#11021,.T.);
#11019 = VERTEX_POINT('',#11020);
#11020 = CARTESIAN_POINT('',(-4.,-5.986100377806,7.233161507462));
#11021 = SURFACE_CURVE('',#11022,(#11026,#11033),.PCURVE_S1.);
#11022 = LINE('',#11023,#11024);
#11023 = CARTESIAN_POINT('',(-4.,-5.986100377806,7.233161507462));
#11024 = VECTOR('',#11025,1.);
#11025 = DIRECTION('',(-1.,-0.,-0.));
#11026 = PCURVE('',#1255,#11027);
#11027 = DEFINITIONAL_REPRESENTATION('',(#11028),#11032);
#11028 = LINE('',#11029,#11030);
#11029 = CARTESIAN_POINT('',(-3.233161507462,0.));
#11030 = VECTOR('',#11031,1.);
#11031 = DIRECTION('',(0.,-1.));
#11032 = ( GEOMETRIC_REPRESENTATION_CONTEXT(2) 
PARAMETRIC_REPRESENTATION_CONTEXT() REPRESENTATION_CONTEXT('2D SPACE',''
  ) );
#11033 = PCURVE('',#1203,#11034);
#11034 = DEFINITIONAL_REPRESENTATION('',(#11035),#11039);
#11035 = LINE('',#11036,#11037);
#11036 = CARTESIAN_POINT('',(0.,0.));
#11037 = VECTOR('',#11038,1.);
#11038 = DIRECTION('',(0.,-1.));
#11039 = ( GEOMETRIC_REPRESENTATION_CONTEXT(2) 
PARAMETRIC_REPRESENTATION_CONTEXT() REPRESENTATION_CONTEXT('2D SPACE',''
  ) );
#11040 = ORIENTED_EDGE('',*,*,#11041,.F.);
#11041 = EDGE_CURVE('',#1217,#11019,#11042,.T.);
#11042 = SURFACE_CURVE('',#11043,(#11047,#11054),.PCURVE_S1.);
#11043 = LINE('',#11044,#11045);
#11044 = CARTESIAN_POINT('',(-4.,-8.786100377806,5.616580753731));
#11045 = VECTOR('',#11046,1.);
#11046 = DIRECTION('',(0.,0.866025403784,0.5));
#11047 = PCURVE('',#1255,#11048);
#11048 = DEFINITIONAL_REPRESENTATION('',(#11049),#11053);
#11049 = LINE('',#11050,#11051);
#11050 = CARTESIAN_POINT('',(0.,0.));
#11051 = VECTOR('',#11052,1.);
#11052 = DIRECTION('',(-1.,0.));
#11053 = ( GEOMETRIC_REPRESENTATION_CONTEXT(2) 
PARAMETRIC_REPRESENTATION_CONTEXT() REPRESENTATION_CONTEXT('2D SPACE',''
  ) );
#11054 = PCURVE('',#455,#11055);
#11055 = DEFINITIONAL_REPRESENTATION('',(#11056),#11060);
#11056 = LINE('',#11057,#11058);
#11057 = CARTESIAN_POINT('',(5.616580753731,-8.786100377806));
#11058 = VECTOR('',#11059,1.);
#11059 = DIRECTION('',(0.5,0.866025403784));
#11060 = ( GEOMETRIC_REPRESENTATION_CONTEXT(2) 
PARAMETRIC_REPRESENTATION_CONTEXT() REPRESENTATION_CONTEXT('2D SPACE',''
  ) );
#11061 = ORIENTED_EDGE('',*,*,#1216,.F.);
#11062 = ADVANCED_FACE('',(#11063),#1071,.F.);
#11063 = FACE_BOUND('',#11064,.T.);
#11064 = EDGE_LOOP('',(#11065,#11088,#11109));
#11065 = ORIENTED_EDGE('',*,*,#11066,.F.);
#11066 = EDGE_CURVE('',#11067,#1031,#11069,.T.);
#11067 = VERTEX_POINT('',#11068);
#11068 = CARTESIAN_POINT('',(-4.,-5.986100377806,0.766838492538));
#11069 = SURFACE_CURVE('',#11070,(#11074,#11081),.PCURVE_S1.);
#11070 = LINE('',#11071,#11072);
#11071 = CARTESIAN_POINT('',(-4.,-5.986100377806,0.766838492538));
#11072 = VECTOR('',#11073,1.);
#11073 = DIRECTION('',(0.,-0.866025403784,0.5));
#11074 = PCURVE('',#1071,#11075);
#11075 = DEFINITIONAL_REPRESENTATION('',(#11076),#11080);
#11076 = LINE('',#11077,#11078);
#11077 = CARTESIAN_POINT('',(0.,0.));
#11078 = VECTOR('',#11079,1.);
#11079 = DIRECTION('',(-1.,0.));
#11080 = ( GEOMETRIC_REPRESENTATION_CONTEXT(2) 
PARAMETRIC_REPRESENTATION_CONTEXT() REPRESENTATION_CONTEXT('2D SPACE',''
  ) );
#11081 = PCURVE('',#455,#11082);
#11082 = DEFINITIONAL_REPRESENTATION('',(#11083),#11087);
#11083 = LINE('',#11084,#11085);
#11084 = CARTESIAN_POINT('',(0.766838492538,-5.986100377806));
#11085 = VECTOR('',#11086,1.);
#11086 = DIRECTION('',(0.5,-0.866025403784));
#11087 = ( GEOMETRIC_REPRESENTATION_CONTEXT(2) 
PARAMETRIC_REPRESENTATION_CONTEXT() REPRESENTATION_CONTEXT('2D SPACE',''
  ) );
#11088 = ORIENTED_EDGE('',*,*,#11089,.T.);
#11089 = EDGE_CURVE('',#11067,#1033,#11090,.T.);
#11090 = SURFACE_CURVE('',#11091,(#11095,#11102),.PCURVE_S1.);
#11091 = LINE('',#11092,#11093);
#11092 = CARTESIAN_POINT('',(-4.,-5.986100377806,0.766838492538));
#11093 = VECTOR('',#11094,1.);
#11094 = DIRECTION('',(-1.,-0.,-0.));
#11095 = PCURVE('',#1071,#11096);
#11096 = DEFINITIONAL_REPRESENTATION('',(#11097),#11101);
#11097 = LINE('',#11098,#11099);
#11098 = CARTESIAN_POINT('',(0.,0.));
#11099 = VECTOR('',#11100,1.);
#11100 = DIRECTION('',(0.,-1.));
#11101 = ( GEOMETRIC_REPRESENTATION_CONTEXT(2) 
PARAMETRIC_REPRESENTATION_CONTEXT() REPRESENTATION_CONTEXT('2D SPACE',''
  ) );
#11102 = PCURVE('',#1123,#11103);
#11103 = DEFINITIONAL_REPRESENTATION('',(#11104),#11108);
#11104 = LINE('',#11105,#11106);
#11105 = CARTESIAN_POINT('',(-3.233161507462,0.));
#11106 = VECTOR('',#11107,1.);
#11107 = DIRECTION('',(0.,-1.));
#11108 = ( GEOMETRIC_REPRESENTATION_CONTEXT(2) 
PARAMETRIC_REPRESENTATION_CONTEXT() REPRESENTATION_CONTEXT('2D SPACE',''
  ) );
#11109 = ORIENTED_EDGE('',*,*,#1030,.F.);
#11110 = ADVANCED_FACE('',(#11111),#1123,.F.);
#11111 = FACE_BOUND('',#11112,.T.);
#11112 = EDGE_LOOP('',(#11113,#11114,#11137,#11158));
#11113 = ORIENTED_EDGE('',*,*,#11089,.F.);
#11114 = ORIENTED_EDGE('',*,*,#11115,.F.);
#11115 = EDGE_CURVE('',#11116,#11067,#11118,.T.);
#11116 = VERTEX_POINT('',#11117);
#11117 = CARTESIAN_POINT('',(-4.,-3.186100377806,2.383419246269));
#11118 = SURFACE_CURVE('',#11119,(#11123,#11130),.PCURVE_S1.);
#11119 = LINE('',#11120,#11121);
#11120 = CARTESIAN_POINT('',(-4.,-3.186100377806,2.383419246269));
#11121 = VECTOR('',#11122,1.);
#11122 = DIRECTION('',(0.,-0.866025403784,-0.5));
#11123 = PCURVE('',#1123,#11124);
#11124 = DEFINITIONAL_REPRESENTATION('',(#11125),#11129);
#11125 = LINE('',#11126,#11127);
#11126 = CARTESIAN_POINT('',(0.,0.));
#11127 = VECTOR('',#11128,1.);
#11128 = DIRECTION('',(-1.,0.));
#11129 = ( GEOMETRIC_REPRESENTATION_CONTEXT(2) 
PARAMETRIC_REPRESENTATION_CONTEXT() REPRESENTATION_CONTEXT('2D SPACE',''
  ) );
#11130 = PCURVE('',#455,#11131);
#11131 = DEFINITIONAL_REPRESENTATION('',(#11132),#11136);
#11132 = LINE('',#11133,#11134);
#11133 = CARTESIAN_POINT('',(2.383419246269,-3.186100377806));
#11134 = VECTOR('',#11135,1.);
#11135 = DIRECTION('',(-0.5,-0.866025403784));
#11136 = ( GEOMETRIC_REPRESENTATION_CONTEXT(2) 
PARAMETRIC_REPRESENTATION_CONTEXT() REPRESENTATION_CONTEXT('2D SPACE',''
  ) );
#11137 = ORIENTED_EDGE('',*,*,#11138,.T.);
#11138 = EDGE_CURVE('',#11116,#1085,#11139,.T.);
#11139 = SURFACE_CURVE('',#11140,(#11144,#11151),.PCURVE_S1.);
#11140 = LINE('',#11141,#11142);
#11141 = CARTESIAN_POINT('',(-4.,-3.186100377806,2.383419246269));
#11142 = VECTOR('',#11143,1.);
#11143 = DIRECTION('',(-1.,-0.,-0.));
#11144 = PCURVE('',#1123,#11145);
#11145 = DEFINITIONAL_REPRESENTATION('',(#11146),#11150);
#11146 = LINE('',#11147,#11148);
#11147 = CARTESIAN_POINT('',(0.,0.));
#11148 = VECTOR('',#11149,1.);
#11149 = DIRECTION('',(0.,-1.));
#11150 = ( GEOMETRIC_REPRESENTATION_CONTEXT(2) 
PARAMETRIC_REPRESENTATION_CONTEXT() REPRESENTATION_CONTEXT('2D SPACE',''
  ) );
#11151 = PCURVE('',#1152,#11152);
#11152 = DEFINITIONAL_REPRESENTATION('',(#11153),#11157);
#11153 = LINE('',#11154,#11155);
#11154 = CARTESIAN_POINT('',(-3.233161507462,0.));
#11155 = VECTOR('',#11156,1.);
#11156 = DIRECTION('',(-0.,-1.));
#11157 = ( GEOMETRIC_REPRESENTATION_CONTEXT(2) 
PARAMETRIC_REPRESENTATION_CONTEXT() REPRESENTATION_CONTEXT('2D SPACE',''
  ) );
#11158 = ORIENTED_EDGE('',*,*,#1084,.F.);
#11159 = ADVANCED_FACE('',(#11160),#1152,.F.);
#11160 = FACE_BOUND('',#11161,.T.);
#11161 = EDGE_LOOP('',(#11162,#11163,#11186,#11207));
#11162 = ORIENTED_EDGE('',*,*,#11138,.F.);
#11163 = ORIENTED_EDGE('',*,*,#11164,.F.);
#11164 = EDGE_CURVE('',#11165,#11116,#11167,.T.);
#11165 = VERTEX_POINT('',#11166);
#11166 = CARTESIAN_POINT('',(-4.,-3.186100377806,5.616580753731));
#11167 = SURFACE_CURVE('',#11168,(#11172,#11179),.PCURVE_S1.);
#11168 = LINE('',#11169,#11170);
#11169 = CARTESIAN_POINT('',(-4.,-3.186100377806,5.616580753731));
#11170 = VECTOR('',#11171,1.);
#11171 = DIRECTION('',(0.,0.,-1.));
#11172 = PCURVE('',#1152,#11173);
#11173 = DEFINITIONAL_REPRESENTATION('',(#11174),#11178);
#11174 = LINE('',#11175,#11176);
#11175 = CARTESIAN_POINT('',(0.,0.));
#11176 = VECTOR('',#11177,1.);
#11177 = DIRECTION('',(-1.,0.));
#11178 = ( GEOMETRIC_REPRESENTATION_CONTEXT(2) 
PARAMETRIC_REPRESENTATION_CONTEXT() REPRESENTATION_CONTEXT('2D SPACE',''
  ) );
#11179 = PCURVE('',#455,#11180);
#11180 = DEFINITIONAL_REPRESENTATION('',(#11181),#11185);
#11181 = LINE('',#11182,#11183);
#11182 = CARTESIAN_POINT('',(5.616580753731,-3.186100377806));
#11183 = VECTOR('',#11184,1.);
#11184 = DIRECTION('',(-1.,0.));
#11185 = ( GEOMETRIC_REPRESENTATION_CONTEXT(2) 
PARAMETRIC_REPRESENTATION_CONTEXT() REPRESENTATION_CONTEXT('2D SPACE',''
  ) );
#11186 = ORIENTED_EDGE('',*,*,#11187,.T.);
#11187 = EDGE_CURVE('',#11165,#1137,#11188,.T.);
#11188 = SURFACE_CURVE('',#11189,(#11193,#11200),.PCURVE_S1.);
#11189 = LINE('',#11190,#11191);
#11190 = CARTESIAN_POINT('',(-4.,-3.186100377806,5.616580753731));
#11191 = VECTOR('',#11192,1.);
#11192 = DIRECTION('',(-1.,-0.,-0.));
#11193 = PCURVE('',#1152,#11194);
#11194 = DEFINITIONAL_REPRESENTATION('',(#11195),#11199);
#11195 = LINE('',#11196,#11197);
#11196 = CARTESIAN_POINT('',(0.,0.));
#11197 = VECTOR('',#11198,1.);
#11198 = DIRECTION('',(-0.,-1.));
#11199 = ( GEOMETRIC_REPRESENTATION_CONTEXT(2) 
PARAMETRIC_REPRESENTATION_CONTEXT() REPRESENTATION_CONTEXT('2D SPACE',''
  ) );
#11200 = PCURVE('',#1203,#11201);
#11201 = DEFINITIONAL_REPRESENTATION('',(#11202),#11206);
#11202 = LINE('',#11203,#11204);
#11203 = CARTESIAN_POINT('',(-3.233161507462,0.));
#11204 = VECTOR('',#11205,1.);
#11205 = DIRECTION('',(0.,-1.));
#11206 = ( GEOMETRIC_REPRESENTATION_CONTEXT(2) 
PARAMETRIC_REPRESENTATION_CONTEXT() REPRESENTATION_CONTEXT('2D SPACE',''
  ) );
#11207 = ORIENTED_EDGE('',*,*,#1136,.F.);
#11208 = ADVANCED_FACE('',(#11209),#1203,.F.);
#11209 = FACE_BOUND('',#11210,.T.);
#11210 = EDGE_LOOP('',(#11211,#11212,#11233,#11234));
#11211 = ORIENTED_EDGE('',*,*,#11187,.F.);
#11212 = ORIENTED_EDGE('',*,*,#11213,.F.);
#11213 = EDGE_CURVE('',#11019,#11165,#11214,.T.);
#11214 = SURFACE_CURVE('',#11215,(#11219,#11226),.PCURVE_S1.);
#11215 = LINE('',#11216,#11217);
#11216 = CARTESIAN_POINT('',(-4.,-5.986100377806,7.233161507462));
#11217 = VECTOR('',#11218,1.);
#11218 = DIRECTION('',(0.,0.866025403784,-0.5));
#11219 = PCURVE('',#1203,#11220);
#11220 = DEFINITIONAL_REPRESENTATION('',(#11221),#11225);
#11221 = LINE('',#11222,#11223);
#11222 = CARTESIAN_POINT('',(0.,0.));
#11223 = VECTOR('',#11224,1.);
#11224 = DIRECTION('',(-1.,0.));
#11225 = ( GEOMETRIC_REPRESENTATION_CONTEXT(2) 
PARAMETRIC_REPRESENTATION_CONTEXT() REPRESENTATION_CONTEXT('2D SPACE',''
  ) );
#11226 = PCURVE('',#455,#11227);
#11227 = DEFINITIONAL_REPRESENTATION('',(#11228),#11232);
#11228 = LINE('',#11229,#11230);
#11229 = CARTESIAN_POINT('',(7.233161507462,-5.986100377806));
#11230 = VECTOR('',#11231,1.);
#11231 = DIRECTION('',(-0.5,0.866025403784));
#11232 = ( GEOMETRIC_REPRESENTATION_CONTEXT(2) 
PARAMETRIC_REPRESENTATION_CONTEXT() REPRESENTATION_CONTEXT('2D SPACE',''
  ) );
#11233 = ORIENTED_EDGE('',*,*,#11018,.T.);
#11234 = ORIENTED_EDGE('',*,*,#1164,.F.);
#11235 = ADVANCED_FACE('',(#11236,#11261),#455,.T.);
#11236 = FACE_BOUND('',#11237,.T.);
#11237 = EDGE_LOOP('',(#11238,#11260));
#11238 = ORIENTED_EDGE('',*,*,#11239,.F.);
#11239 = EDGE_CURVE('',#406,#439,#11240,.T.);
#11240 = SURFACE_CURVE('',#11241,(#11246,#11253),.PCURVE_S1.);
#11241 = CIRCLE('',#11242,1.6);
#11242 = AXIS2_PLACEMENT_3D('',#11243,#11244,#11245);
#11243 = CARTESIAN_POINT('',(-4.,-5.986100377806,4.));
#11244 = DIRECTION('',(-1.,0.,0.));
#11245 = DIRECTION('',(0.,0.,1.));
#11246 = PCURVE('',#455,#11247);
#11247 = DEFINITIONAL_REPRESENTATION('',(#11248),#11252);
#11248 = CIRCLE('',#11249,1.6);
#11249 = AXIS2_PLACEMENT_2D('',#11250,#11251);
#11250 = CARTESIAN_POINT('',(4.,-5.986100377806));
#11251 = DIRECTION('',(1.,0.));
#11252 = ( GEOMETRIC_REPRESENTATION_CONTEXT(2) 
PARAMETRIC_REPRESENTATION_CONTEXT() REPRESENTATION_CONTEXT('2D SPACE',''
  ) );
#11253 = PCURVE('',#426,#11254);
#11254 = DEFINITIONAL_REPRESENTATION('',(#11255),#11259);
#11255 = LINE('',#11256,#11257);
#11256 = CARTESIAN_POINT('',(0.,13.));
#11257 = VECTOR('',#11258,1.);
#11258 = DIRECTION('',(1.,0.));
#11259 = ( GEOMETRIC_REPRESENTATION_CONTEXT(2) 
PARAMETRIC_REPRESENTATION_CONTEXT() REPRESENTATION_CONTEXT('2D SPACE',''
  ) );
#11260 = ORIENTED_EDGE('',*,*,#438,.F.);
#11261 = FACE_BOUND('',#11262,.T.);
#11262 = EDGE_LOOP('',(#11263,#11264,#11265,#11266,#11267,#11268));
#11263 = ORIENTED_EDGE('',*,*,#1268,.T.);
#11264 = ORIENTED_EDGE('',*,*,#11041,.T.);
#11265 = ORIENTED_EDGE('',*,*,#11213,.T.);
#11266 = ORIENTED_EDGE('',*,*,#11164,.T.);
#11267 = ORIENTED_EDGE('',*,*,#11115,.T.);
#11268 = ORIENTED_EDGE('',*,*,#11066,.T.);
#11269 = ADVANCED_FACE('',(#11270),#426,.F.);
#11270 = FACE_BOUND('',#11271,.F.);
#11271 = EDGE_LOOP('',(#11272,#11273,#11274,#11275));
#11272 = ORIENTED_EDGE('',*,*,#11239,.F.);
#11273 = ORIENTED_EDGE('',*,*,#403,.F.);
#11274 = ORIENTED_EDGE('',*,*,#10966,.T.);
#11275 = ORIENTED_EDGE('',*,*,#467,.T.);
#11276 = ADVANCED_FACE('',(#11277),#365,.F.);
#11277 = FACE_BOUND('',#11278,.F.);
#11278 = EDGE_LOOP('',(#11279,#11280,#11302));
#11279 = ORIENTED_EDGE('',*,*,#10259,.T.);
#11280 = ORIENTED_EDGE('',*,*,#11281,.T.);
#11281 = EDGE_CURVE('',#10235,#350,#11282,.T.);
#11282 = SURFACE_CURVE('',#11283,(#11288,#11295),.PCURVE_S1.);
#11283 = CIRCLE('',#11284,2.75);
#11284 = AXIS2_PLACEMENT_3D('',#11285,#11286,#11287);
#11285 = CARTESIAN_POINT('',(4.,-5.986100377806,4.));
#11286 = DIRECTION('',(1.,0.,0.));
#11287 = DIRECTION('',(0.,0.,-1.));
#11288 = PCURVE('',#365,#11289);
#11289 = DEFINITIONAL_REPRESENTATION('',(#11290),#11294);
#11290 = LINE('',#11291,#11292);
#11291 = CARTESIAN_POINT('',(0.,0.));
#11292 = VECTOR('',#11293,1.);
#11293 = DIRECTION('',(1.,0.));
#11294 = ( GEOMETRIC_REPRESENTATION_CONTEXT(2) 
PARAMETRIC_REPRESENTATION_CONTEXT() REPRESENTATION_CONTEXT('2D SPACE',''
  ) );
#11295 = PCURVE('',#148,#11296);
#11296 = DEFINITIONAL_REPRESENTATION('',(#11297),#11301);
#11297 = CIRCLE('',#11298,2.75);
#11298 = AXIS2_PLACEMENT_2D('',#11299,#11300);
#11299 = CARTESIAN_POINT('',(0.,0.));
#11300 = DIRECTION('',(1.,0.));
#11301 = ( GEOMETRIC_REPRESENTATION_CONTEXT(2) 
PARAMETRIC_REPRESENTATION_CONTEXT() REPRESENTATION_CONTEXT('2D SPACE',''
  ) );
#11302 = ORIENTED_EDGE('',*,*,#349,.T.);
#11303 = ADVANCED_FACE('',(#11304,#11308),#148,.T.);
#11304 = FACE_BOUND('',#11305,.T.);
#11305 = EDGE_LOOP('',(#11306,#11307));
#11306 = ORIENTED_EDGE('',*,*,#5060,.T.);
#11307 = ORIENTED_EDGE('',*,*,#5008,.T.);
#11308 = FACE_BOUND('',#11309,.T.);
#11309 = EDGE_LOOP('',(#11310,#11311,#11312,#11313));
#11310 = ORIENTED_EDGE('',*,*,#10234,.T.);
#11311 = ORIENTED_EDGE('',*,*,#11281,.T.);
#11312 = ORIENTED_EDGE('',*,*,#377,.T.);
#11313 = ORIENTED_EDGE('',*,*,#133,.T.);
#11314 = ( GEOMETRIC_REPRESENTATION_CONTEXT(3) 
GLOBAL_UNCERTAINTY_ASSIGNED_CONTEXT((#11318)) 
GLOBAL_UNIT_ASSIGNED_CONTEXT((#11315,#11316,#11317)) 
REPRESENTATION_CONTEXT('Context #1',
  '3D Context with UNIT and UNCERTAINTY') );
#11315 = ( LENGTH_UNIT() NAMED_UNIT(*) SI_UNIT(.MILLI.,.METRE.) );
#11316 = ( NAMED_UNIT(*) PLANE_ANGLE_UNIT() SI_UNIT($,.RADIAN.) );
#11317 = ( NAMED_UNIT(*) SI_UNIT($,.STERADIAN.) SOLID_ANGLE_UNIT() );
#11318 = UNCERTAINTY_MEASURE_WITH_UNIT(LENGTH_MEASURE(2.E-05),#11315,
  'distance_accuracy_value','confusion accuracy');
#11319 = PRODUCT_RELATED_PRODUCT_CATEGORY('part',$,(#7));
#11320 = MECHANICAL_DESIGN_GEOMETRIC_PRESENTATION_REPRESENTATION('',(
    #11321),#11314);
#11321 = STYLED_ITEM('color',(#11322),#15);
#11322 = PRESENTATION_STYLE_ASSIGNMENT((#11323));
#11323 = SURFACE_STYLE_USAGE(.BOTH.,#11324);
#11324 = SURFACE_SIDE_STYLE('',(#11325));
#11325 = SURFACE_STYLE_FILL_AREA(#11326);
#11326 = FILL_AREA_STYLE('',(#11327));
#11327 = FILL_AREA_STYLE_COLOUR('',#11328);
#11328 = COLOUR_RGB('',0.792156867455,0.819607826924,0.933333342953);
ENDSEC;
END-ISO-10303-21;
