ISO-10303-21;
HEADER;
FILE_DESCRIPTION(('Open CASCADE Model'),'2;1');
FILE_NAME('Open CASCADE Shape Model','2026-05-27T17:59:58',('Author'),(
    'Open CASCADE'),'Open CASCADE STEP processor 7.9','Open CASCADE 7.9'
  ,'Unknown');
FILE_SCHEMA((
'AP242_MANAGED_MODEL_BASED_3D_ENGINEERING_MIM_LF {1 0 10303 442 1 1 4 }'
    ));
ENDSEC;
DATA;
#1 = APPLICATION_PROTOCOL_DEFINITION('international standard',
  'ap242_managed_model_based_3d_engineering',2013,#2);
#2 = APPLICATION_CONTEXT('Managed model based 3d engineering');
#3 = SHAPE_DEFINITION_REPRESENTATION(#4,#10);
#4 = PRODUCT_DEFINITION_SHAPE('','',#5);
#5 = PRODUCT_DEFINITION('design','',#6,#9);
#6 = PRODUCT_DEFINITION_FORMATION('','',#7);
#7 = PRODUCT('xbearingholder left','xbearingholder left','',(#8));
#8 = PRODUCT_CONTEXT('',#2,'mechanical');
#9 = PRODUCT_DEFINITION_CONTEXT('part definition',#2,'design');
#10 = ADVANCED_BREP_SHAPE_REPRESENTATION('',(#11,#15),#2854);
#11 = AXIS2_PLACEMENT_3D('',#12,#13,#14);
#12 = CARTESIAN_POINT('',(0.,0.,0.));
#13 = DIRECTION('',(0.,0.,1.));
#14 = DIRECTION('',(1.,0.,-0.));
#15 = MANIFOLD_SOLID_BREP('',#16);
#16 = CLOSED_SHELL('',(#17,#134,#251,#523,#640,#756,#871,#1187,#1322,
    #1510,#1586,#2034,#2093,#2125,#2224,#2231,#2261,#2289,#2298,#2398,
    #2452,#2480,#2510,#2517,#2591,#2669,#2676,#2729,#2779,#2840,#2847));
#17 = ADVANCED_FACE('',(#18),#32,.F.);
#18 = FACE_BOUND('',#19,.F.);
#19 = EDGE_LOOP('',(#20,#55,#84,#107));
#20 = ORIENTED_EDGE('',*,*,#21,.T.);
#21 = EDGE_CURVE('',#22,#24,#26,.T.);
#22 = VERTEX_POINT('',#23);
#23 = CARTESIAN_POINT('',(12.25,30.,0.));
#24 = VERTEX_POINT('',#25);
#25 = CARTESIAN_POINT('',(12.25,30.,5.5));
#26 = SURFACE_CURVE('',#27,(#31,#43),.PCURVE_S1.);
#27 = LINE('',#28,#29);
#28 = CARTESIAN_POINT('',(12.25,30.,-14.5));
#29 = VECTOR('',#30,1.);
#30 = DIRECTION('',(-0.,-0.,1.));
#31 = PCURVE('',#32,#37);
#32 = CYLINDRICAL_SURFACE('',#33,2.25);
#33 = AXIS2_PLACEMENT_3D('',#34,#35,#36);
#34 = CARTESIAN_POINT('',(10.,30.,-14.5));
#35 = DIRECTION('',(-0.,-0.,1.));
#36 = DIRECTION('',(1.,0.,0.));
#37 = DEFINITIONAL_REPRESENTATION('',(#38),#42);
#38 = LINE('',#39,#40);
#39 = CARTESIAN_POINT('',(6.28318530718,0.));
#40 = VECTOR('',#41,1.);
#41 = DIRECTION('',(0.,1.));
#42 = ( GEOMETRIC_REPRESENTATION_CONTEXT(2) 
PARAMETRIC_REPRESENTATION_CONTEXT() REPRESENTATION_CONTEXT('2D SPACE',''
  ) );
#43 = PCURVE('',#44,#49);
#44 = CYLINDRICAL_SURFACE('',#45,2.25);
#45 = AXIS2_PLACEMENT_3D('',#46,#47,#48);
#46 = CARTESIAN_POINT('',(10.,30.,-14.5));
#47 = DIRECTION('',(-0.,-0.,1.));
#48 = DIRECTION('',(1.,0.,0.));
#49 = DEFINITIONAL_REPRESENTATION('',(#50),#54);
#50 = LINE('',#51,#52);
#51 = CARTESIAN_POINT('',(0.,0.));
#52 = VECTOR('',#53,1.);
#53 = DIRECTION('',(0.,1.));
#54 = ( GEOMETRIC_REPRESENTATION_CONTEXT(2) 
PARAMETRIC_REPRESENTATION_CONTEXT() REPRESENTATION_CONTEXT('2D SPACE',''
  ) );
#55 = ORIENTED_EDGE('',*,*,#56,.F.);
#56 = EDGE_CURVE('',#57,#24,#59,.T.);
#57 = VERTEX_POINT('',#58);
#58 = CARTESIAN_POINT('',(7.75,30.,5.5));
#59 = SURFACE_CURVE('',#60,(#65,#72),.PCURVE_S1.);
#60 = CIRCLE('',#61,2.25);
#61 = AXIS2_PLACEMENT_3D('',#62,#63,#64);
#62 = CARTESIAN_POINT('',(10.,30.,5.5));
#63 = DIRECTION('',(0.,0.,1.));
#64 = DIRECTION('',(1.,0.,-0.));
#65 = PCURVE('',#32,#66);
#66 = DEFINITIONAL_REPRESENTATION('',(#67),#71);
#67 = LINE('',#68,#69);
#68 = CARTESIAN_POINT('',(0.,20.));
#69 = VECTOR('',#70,1.);
#70 = DIRECTION('',(1.,0.));
#71 = ( GEOMETRIC_REPRESENTATION_CONTEXT(2) 
PARAMETRIC_REPRESENTATION_CONTEXT() REPRESENTATION_CONTEXT('2D SPACE',''
  ) );
#72 = PCURVE('',#73,#78);
#73 = PLANE('',#74);
#74 = AXIS2_PLACEMENT_3D('',#75,#76,#77);
#75 = CARTESIAN_POINT('',(0.,0.,5.5));
#76 = DIRECTION('',(0.,0.,1.));
#77 = DIRECTION('',(1.,0.,-0.));
#78 = DEFINITIONAL_REPRESENTATION('',(#79),#83);
#79 = CIRCLE('',#80,2.25);
#80 = AXIS2_PLACEMENT_2D('',#81,#82);
#81 = CARTESIAN_POINT('',(10.,30.));
#82 = DIRECTION('',(1.,0.));
#83 = ( GEOMETRIC_REPRESENTATION_CONTEXT(2) 
PARAMETRIC_REPRESENTATION_CONTEXT() REPRESENTATION_CONTEXT('2D SPACE',''
  ) );
#84 = ORIENTED_EDGE('',*,*,#85,.F.);
#85 = EDGE_CURVE('',#86,#57,#88,.T.);
#86 = VERTEX_POINT('',#87);
#87 = CARTESIAN_POINT('',(7.75,30.,0.));
#88 = SURFACE_CURVE('',#89,(#93,#100),.PCURVE_S1.);
#89 = LINE('',#90,#91);
#90 = CARTESIAN_POINT('',(7.75,30.,-14.5));
#91 = VECTOR('',#92,1.);
#92 = DIRECTION('',(-0.,-0.,1.));
#93 = PCURVE('',#32,#94);
#94 = DEFINITIONAL_REPRESENTATION('',(#95),#99);
#95 = LINE('',#96,#97);
#96 = CARTESIAN_POINT('',(3.14159265359,0.));
#97 = VECTOR('',#98,1.);
#98 = DIRECTION('',(0.,1.));
#99 = ( GEOMETRIC_REPRESENTATION_CONTEXT(2) 
PARAMETRIC_REPRESENTATION_CONTEXT() REPRESENTATION_CONTEXT('2D SPACE',''
  ) );
#100 = PCURVE('',#44,#101);
#101 = DEFINITIONAL_REPRESENTATION('',(#102),#106);
#102 = LINE('',#103,#104);
#103 = CARTESIAN_POINT('',(3.14159265359,0.));
#104 = VECTOR('',#105,1.);
#105 = DIRECTION('',(0.,1.));
#106 = ( GEOMETRIC_REPRESENTATION_CONTEXT(2) 
PARAMETRIC_REPRESENTATION_CONTEXT() REPRESENTATION_CONTEXT('2D SPACE',''
  ) );
#107 = ORIENTED_EDGE('',*,*,#108,.T.);
#108 = EDGE_CURVE('',#86,#22,#109,.T.);
#109 = SURFACE_CURVE('',#110,(#115,#122),.PCURVE_S1.);
#110 = CIRCLE('',#111,2.25);
#111 = AXIS2_PLACEMENT_3D('',#112,#113,#114);
#112 = CARTESIAN_POINT('',(10.,30.,0.));
#113 = DIRECTION('',(0.,-0.,1.));
#114 = DIRECTION('',(1.,0.,0.));
#115 = PCURVE('',#32,#116);
#116 = DEFINITIONAL_REPRESENTATION('',(#117),#121);
#117 = LINE('',#118,#119);
#118 = CARTESIAN_POINT('',(0.,14.5));
#119 = VECTOR('',#120,1.);
#120 = DIRECTION('',(1.,0.));
#121 = ( GEOMETRIC_REPRESENTATION_CONTEXT(2) 
PARAMETRIC_REPRESENTATION_CONTEXT() REPRESENTATION_CONTEXT('2D SPACE',''
  ) );
#122 = PCURVE('',#123,#128);
#123 = PLANE('',#124);
#124 = AXIS2_PLACEMENT_3D('',#125,#126,#127);
#125 = CARTESIAN_POINT('',(20.,40.,0.));
#126 = DIRECTION('',(0.,-0.,1.));
#127 = DIRECTION('',(1.,0.,0.));
#128 = DEFINITIONAL_REPRESENTATION('',(#129),#133);
#129 = CIRCLE('',#130,2.25);
#130 = AXIS2_PLACEMENT_2D('',#131,#132);
#131 = CARTESIAN_POINT('',(-10.,-10.));
#132 = DIRECTION('',(1.,0.));
#133 = ( GEOMETRIC_REPRESENTATION_CONTEXT(2) 
PARAMETRIC_REPRESENTATION_CONTEXT() REPRESENTATION_CONTEXT('2D SPACE',''
  ) );
#134 = ADVANCED_FACE('',(#135),#149,.F.);
#135 = FACE_BOUND('',#136,.F.);
#136 = EDGE_LOOP('',(#137,#172,#201,#224));
#137 = ORIENTED_EDGE('',*,*,#138,.T.);
#138 = EDGE_CURVE('',#139,#141,#143,.T.);
#139 = VERTEX_POINT('',#140);
#140 = CARTESIAN_POINT('',(10.,20.,-8.1));
#141 = VERTEX_POINT('',#142);
#142 = CARTESIAN_POINT('',(10.,17.5,-8.1));
#143 = SURFACE_CURVE('',#144,(#148,#160),.PCURVE_S1.);
#144 = LINE('',#145,#146);
#145 = CARTESIAN_POINT('',(10.,32.5,-8.1));
#146 = VECTOR('',#147,1.);
#147 = DIRECTION('',(-0.,-1.,-0.));
#148 = PCURVE('',#149,#154);
#149 = CYLINDRICAL_SURFACE('',#150,1.6);
#150 = AXIS2_PLACEMENT_3D('',#151,#152,#153);
#151 = CARTESIAN_POINT('',(10.,32.5,-6.5));
#152 = DIRECTION('',(-0.,-1.,-0.));
#153 = DIRECTION('',(0.,0.,-1.));
#154 = DEFINITIONAL_REPRESENTATION('',(#155),#159);
#155 = LINE('',#156,#157);
#156 = CARTESIAN_POINT('',(6.28318530718,0.));
#157 = VECTOR('',#158,1.);
#158 = DIRECTION('',(0.,1.));
#159 = ( GEOMETRIC_REPRESENTATION_CONTEXT(2) 
PARAMETRIC_REPRESENTATION_CONTEXT() REPRESENTATION_CONTEXT('2D SPACE',''
  ) );
#160 = PCURVE('',#161,#166);
#161 = CYLINDRICAL_SURFACE('',#162,1.6);
#162 = AXIS2_PLACEMENT_3D('',#163,#164,#165);
#163 = CARTESIAN_POINT('',(10.,32.5,-6.5));
#164 = DIRECTION('',(-0.,-1.,-0.));
#165 = DIRECTION('',(0.,0.,-1.));
#166 = DEFINITIONAL_REPRESENTATION('',(#167),#171);
#167 = LINE('',#168,#169);
#168 = CARTESIAN_POINT('',(0.,0.));
#169 = VECTOR('',#170,1.);
#170 = DIRECTION('',(0.,1.));
#171 = ( GEOMETRIC_REPRESENTATION_CONTEXT(2) 
PARAMETRIC_REPRESENTATION_CONTEXT() REPRESENTATION_CONTEXT('2D SPACE',''
  ) );
#172 = ORIENTED_EDGE('',*,*,#173,.F.);
#173 = EDGE_CURVE('',#174,#141,#176,.T.);
#174 = VERTEX_POINT('',#175);
#175 = CARTESIAN_POINT('',(10.,17.5,-4.9));
#176 = SURFACE_CURVE('',#177,(#182,#189),.PCURVE_S1.);
#177 = CIRCLE('',#178,1.6);
#178 = AXIS2_PLACEMENT_3D('',#179,#180,#181);
#179 = CARTESIAN_POINT('',(10.,17.5,-6.5));
#180 = DIRECTION('',(0.,-1.,0.));
#181 = DIRECTION('',(0.,0.,-1.));
#182 = PCURVE('',#149,#183);
#183 = DEFINITIONAL_REPRESENTATION('',(#184),#188);
#184 = LINE('',#185,#186);
#185 = CARTESIAN_POINT('',(0.,15.));
#186 = VECTOR('',#187,1.);
#187 = DIRECTION('',(1.,0.));
#188 = ( GEOMETRIC_REPRESENTATION_CONTEXT(2) 
PARAMETRIC_REPRESENTATION_CONTEXT() REPRESENTATION_CONTEXT('2D SPACE',''
  ) );
#189 = PCURVE('',#190,#195);
#190 = PLANE('',#191);
#191 = AXIS2_PLACEMENT_3D('',#192,#193,#194);
#192 = CARTESIAN_POINT('',(10.,17.5,-6.5));
#193 = DIRECTION('',(0.,-1.,0.));
#194 = DIRECTION('',(0.,-0.,-1.));
#195 = DEFINITIONAL_REPRESENTATION('',(#196),#200);
#196 = CIRCLE('',#197,1.6);
#197 = AXIS2_PLACEMENT_2D('',#198,#199);
#198 = CARTESIAN_POINT('',(0.,0.));
#199 = DIRECTION('',(1.,0.));
#200 = ( GEOMETRIC_REPRESENTATION_CONTEXT(2) 
PARAMETRIC_REPRESENTATION_CONTEXT() REPRESENTATION_CONTEXT('2D SPACE',''
  ) );
#201 = ORIENTED_EDGE('',*,*,#202,.F.);
#202 = EDGE_CURVE('',#203,#174,#205,.T.);
#203 = VERTEX_POINT('',#204);
#204 = CARTESIAN_POINT('',(10.,20.,-4.9));
#205 = SURFACE_CURVE('',#206,(#210,#217),.PCURVE_S1.);
#206 = LINE('',#207,#208);
#207 = CARTESIAN_POINT('',(10.,32.5,-4.9));
#208 = VECTOR('',#209,1.);
#209 = DIRECTION('',(-0.,-1.,-0.));
#210 = PCURVE('',#149,#211);
#211 = DEFINITIONAL_REPRESENTATION('',(#212),#216);
#212 = LINE('',#213,#214);
#213 = CARTESIAN_POINT('',(3.14159265359,0.));
#214 = VECTOR('',#215,1.);
#215 = DIRECTION('',(0.,1.));
#216 = ( GEOMETRIC_REPRESENTATION_CONTEXT(2) 
PARAMETRIC_REPRESENTATION_CONTEXT() REPRESENTATION_CONTEXT('2D SPACE',''
  ) );
#217 = PCURVE('',#161,#218);
#218 = DEFINITIONAL_REPRESENTATION('',(#219),#223);
#219 = LINE('',#220,#221);
#220 = CARTESIAN_POINT('',(3.14159265359,0.));
#221 = VECTOR('',#222,1.);
#222 = DIRECTION('',(0.,1.));
#223 = ( GEOMETRIC_REPRESENTATION_CONTEXT(2) 
PARAMETRIC_REPRESENTATION_CONTEXT() REPRESENTATION_CONTEXT('2D SPACE',''
  ) );
#224 = ORIENTED_EDGE('',*,*,#225,.T.);
#225 = EDGE_CURVE('',#203,#139,#226,.T.);
#226 = SURFACE_CURVE('',#227,(#232,#239),.PCURVE_S1.);
#227 = CIRCLE('',#228,1.6);
#228 = AXIS2_PLACEMENT_3D('',#229,#230,#231);
#229 = CARTESIAN_POINT('',(10.,20.,-6.5));
#230 = DIRECTION('',(0.,-1.,0.));
#231 = DIRECTION('',(0.,0.,-1.));
#232 = PCURVE('',#149,#233);
#233 = DEFINITIONAL_REPRESENTATION('',(#234),#238);
#234 = LINE('',#235,#236);
#235 = CARTESIAN_POINT('',(0.,12.5));
#236 = VECTOR('',#237,1.);
#237 = DIRECTION('',(1.,0.));
#238 = ( GEOMETRIC_REPRESENTATION_CONTEXT(2) 
PARAMETRIC_REPRESENTATION_CONTEXT() REPRESENTATION_CONTEXT('2D SPACE',''
  ) );
#239 = PCURVE('',#240,#245);
#240 = PLANE('',#241);
#241 = AXIS2_PLACEMENT_3D('',#242,#243,#244);
#242 = CARTESIAN_POINT('',(0.,20.,4.));
#243 = DIRECTION('',(0.,-1.,0.));
#244 = DIRECTION('',(0.,-0.,-1.));
#245 = DEFINITIONAL_REPRESENTATION('',(#246),#250);
#246 = CIRCLE('',#247,1.6);
#247 = AXIS2_PLACEMENT_2D('',#248,#249);
#248 = CARTESIAN_POINT('',(10.5,10.));
#249 = DIRECTION('',(1.,0.));
#250 = ( GEOMETRIC_REPRESENTATION_CONTEXT(2) 
PARAMETRIC_REPRESENTATION_CONTEXT() REPRESENTATION_CONTEXT('2D SPACE',''
  ) );
#251 = ADVANCED_FACE('',(#252),#266,.F.);
#252 = FACE_BOUND('',#253,.F.);
#253 = EDGE_LOOP('',(#254,#289,#478,#501));
#254 = ORIENTED_EDGE('',*,*,#255,.T.);
#255 = EDGE_CURVE('',#256,#258,#260,.T.);
#256 = VERTEX_POINT('',#257);
#257 = CARTESIAN_POINT('',(10.,17.5,-9.5));
#258 = VERTEX_POINT('',#259);
#259 = CARTESIAN_POINT('',(10.,14.25,-9.5));
#260 = SURFACE_CURVE('',#261,(#265,#277),.PCURVE_S1.);
#261 = LINE('',#262,#263);
#262 = CARTESIAN_POINT('',(10.,17.5,-9.5));
#263 = VECTOR('',#264,1.);
#264 = DIRECTION('',(-0.,-1.,-0.));
#265 = PCURVE('',#266,#271);
#266 = CYLINDRICAL_SURFACE('',#267,3.);
#267 = AXIS2_PLACEMENT_3D('',#268,#269,#270);
#268 = CARTESIAN_POINT('',(10.,17.5,-6.5));
#269 = DIRECTION('',(-0.,-1.,-0.));
#270 = DIRECTION('',(0.,0.,-1.));
#271 = DEFINITIONAL_REPRESENTATION('',(#272),#276);
#272 = LINE('',#273,#274);
#273 = CARTESIAN_POINT('',(6.28318530718,0.));
#274 = VECTOR('',#275,1.);
#275 = DIRECTION('',(0.,1.));
#276 = ( GEOMETRIC_REPRESENTATION_CONTEXT(2) 
PARAMETRIC_REPRESENTATION_CONTEXT() REPRESENTATION_CONTEXT('2D SPACE',''
  ) );
#277 = PCURVE('',#278,#283);
#278 = CYLINDRICAL_SURFACE('',#279,3.);
#279 = AXIS2_PLACEMENT_3D('',#280,#281,#282);
#280 = CARTESIAN_POINT('',(10.,17.5,-6.5));
#281 = DIRECTION('',(-0.,-1.,-0.));
#282 = DIRECTION('',(0.,0.,-1.));
#283 = DEFINITIONAL_REPRESENTATION('',(#284),#288);
#284 = LINE('',#285,#286);
#285 = CARTESIAN_POINT('',(0.,0.));
#286 = VECTOR('',#287,1.);
#287 = DIRECTION('',(0.,1.));
#288 = ( GEOMETRIC_REPRESENTATION_CONTEXT(2) 
PARAMETRIC_REPRESENTATION_CONTEXT() REPRESENTATION_CONTEXT('2D SPACE',''
  ) );
#289 = ORIENTED_EDGE('',*,*,#290,.F.);
#290 = EDGE_CURVE('',#291,#258,#293,.T.);
#291 = VERTEX_POINT('',#292);
#292 = CARTESIAN_POINT('',(10.,14.25,-3.5));
#293 = SURFACE_CURVE('',#294,(#327,#400),.PCURVE_S1.);
#294 = B_SPLINE_CURVE_WITH_KNOTS('',3,(#295,#296,#297,#298,#299,#300,
    #301,#302,#303,#304,#305,#306,#307,#308,#309,#310,#311,#312,#313,
    #314,#315,#316,#317,#318,#319,#320,#321,#322,#323,#324,#325,#326),
  .UNSPECIFIED.,.F.,.F.,(4,2,2,2,2,2,2,2,2,2,2,2,2,2,2,4),(
    9.757895275442E-03,1.036648620695E-02,1.097507713845E-02,
    1.158366806996E-02,1.219225900146E-02,1.280084993297E-02,
    1.340944086448E-02,1.401803179598E-02,1.462662272749E-02,
    1.523521365899E-02,1.58438045905E-02,1.706098645351E-02,
    1.766957738502E-02,1.827816831652E-02,1.888675924803E-02,
    1.949535017953E-02),.UNSPECIFIED.);
#295 = CARTESIAN_POINT('',(10.,14.25,-3.5));
#296 = CARTESIAN_POINT('',(9.796373081731,14.25,-3.5));
#297 = CARTESIAN_POINT('',(9.593869049159,14.235367686783,
    -3.520619207714));
#298 = CARTESIAN_POINT('',(9.19410608767,14.177776537052,-3.603072790568
    ));
#299 = CARTESIAN_POINT('',(9.003856539074,14.135938468769,
    -3.663318879764));
#300 = CARTESIAN_POINT('',(8.640320105107,14.03107422353,-3.818520528501
    ));
#301 = CARTESIAN_POINT('',(8.467493700225,13.967845773952,
    -3.913828837875));
#302 = CARTESIAN_POINT('',(8.150346581613,13.830294750612,
    -4.130266033812));
#303 = CARTESIAN_POINT('',(8.003096085457,13.754825237118,
    -4.253139534142));
#304 = CARTESIAN_POINT('',(7.735907206045,13.600030781199,-4.52265556432
    ));
#305 = CARTESIAN_POINT('',(7.616905768734,13.521406894596,
    -4.667906820054));
#306 = CARTESIAN_POINT('',(7.405863438118,13.368961283646,-4.98139569558
    ));
#307 = CARTESIAN_POINT('',(7.31322196122,13.294479913188,-5.151409681837
    ));
#308 = CARTESIAN_POINT('',(7.162186524107,13.165310222413,
    -5.507887732184));
#309 = CARTESIAN_POINT('',(7.102956684116,13.11012174299,-5.694878198044
    ));
#310 = CARTESIAN_POINT('',(7.02098774118,13.031699719979,-6.09187373046)
  );
#311 = CARTESIAN_POINT('',(7.000084080494,13.010482434744,
    -6.293804101942));
#312 = CARTESIAN_POINT('',(6.999916421317,13.01031535473,-6.703741977507
    ));
#313 = CARTESIAN_POINT('',(7.021254238972,13.031948422493,
    -6.909010948553));
#314 = CARTESIAN_POINT('',(7.102195469344,13.109399692482,
    -7.301838616547));
#315 = CARTESIAN_POINT('',(7.162526303216,13.165608140542,
    -7.492990952196));
#316 = CARTESIAN_POINT('',(7.388605134227,13.358935005716,
    -8.026358050833));
#317 = CARTESIAN_POINT('',(7.603819011829,13.523492023657,-8.34406852912
    ));
#318 = CARTESIAN_POINT('',(8.002122720255,13.754268399741,
    -8.745897235432));
#319 = CARTESIAN_POINT('',(8.149719551577,13.830013779232,
    -8.869288539048));
#320 = CARTESIAN_POINT('',(8.467748652686,13.967965359675,
    -9.086362644281));
#321 = CARTESIAN_POINT('',(8.637276504489,14.030032187835,
    -9.179914911833));
#322 = CARTESIAN_POINT('',(9.000146503573,14.135029352482,
    -9.335357516358));
#323 = CARTESIAN_POINT('',(9.194055327581,14.177644282769,
    -9.396734016603));
#324 = CARTESIAN_POINT('',(9.588736253548,14.23475155106,-9.478502460768
    ));
#325 = CARTESIAN_POINT('',(9.79381584223,14.25,-9.5));
#326 = CARTESIAN_POINT('',(10.,14.25,-9.5));
#327 = PCURVE('',#266,#328);
#328 = DEFINITIONAL_REPRESENTATION('',(#329),#399);
#329 = B_SPLINE_CURVE_WITH_KNOTS('',3,(#330,#331,#332,#333,#334,#335,
    #336,#337,#338,#339,#340,#341,#342,#343,#344,#345,#346,#347,#348,
    #349,#350,#351,#352,#353,#354,#355,#356,#357,#358,#359,#360,#361,
    #362,#363,#364,#365,#366,#367,#368,#369,#370,#371,#372,#373,#374,
    #375,#376,#377,#378,#379,#380,#381,#382,#383,#384,#385,#386,#387,
    #388,#389,#390,#391,#392,#393,#394,#395,#396,#397,#398),
  .UNSPECIFIED.,.F.,.F.,(4,1,1,1,1,1,1,1,1,1,1,1,1,1,1,1,1,1,1,1,1,1,1,1
    ,1,1,1,1,1,1,1,1,1,1,1,1,1,1,1,1,1,1,1,1,1,1,1,1,1,1,1,1,1,1,1,1,1,1
    ,1,1,1,1,1,1,1,1,4),(9.757895275442E-03,9.905432470958E-03,
    1.005296966647E-02,1.020050686199E-02,1.034804405751E-02,
    1.049558125302E-02,1.064311844854E-02,1.079065564406E-02,
    1.093819283957E-02,1.108573003509E-02,1.123326723061E-02,
    1.138080442612E-02,1.152834162164E-02,1.167587881716E-02,
    1.182341601267E-02,1.197095320819E-02,1.211849040371E-02,
    1.226602759922E-02,1.241356479474E-02,1.256110199026E-02,
    1.270863918577E-02,1.285617638129E-02,1.300371357681E-02,
    1.315125077232E-02,1.329878796784E-02,1.344632516336E-02,
    1.359386235887E-02,1.374139955439E-02,1.388893674991E-02,
    1.403647394542E-02,1.418401114094E-02,1.433154833646E-02,
    1.447908553197E-02,1.462662272749E-02,1.4774159923E-02,
    1.492169711852E-02,1.506923431404E-02,1.521677150955E-02,
    1.536430870507E-02,1.551184590059E-02,1.56593830961E-02,
    1.580692029162E-02,1.595445748714E-02,1.610199468265E-02,
    1.624953187817E-02,1.639706907369E-02,1.65446062692E-02,
    1.669214346472E-02,1.683968066024E-02,1.698721785575E-02,
    1.713475505127E-02,1.728229224679E-02,1.74298294423E-02,
    1.757736663782E-02,1.772490383334E-02,1.787244102885E-02,
    1.801997822437E-02,1.816751541989E-02,1.83150526154E-02,
    1.846258981092E-02,1.861012700644E-02,1.875766420195E-02,
    1.890520139747E-02,1.905273859299E-02,1.92002757885E-02,
    1.934781298402E-02,1.949535017953E-02),.QUASI_UNIFORM_KNOTS.);
#330 = CARTESIAN_POINT('',(3.14159265359,3.25));
#331 = CARTESIAN_POINT('',(3.158047438319,3.25));
#332 = CARTESIAN_POINT('',(3.190911791193,3.251719488919));
#333 = CARTESIAN_POINT('',(3.240158183286,3.259420503559));
#334 = CARTESIAN_POINT('',(3.289407927794,3.272192972334));
#335 = CARTESIAN_POINT('',(3.338826594517,3.290034313842));
#336 = CARTESIAN_POINT('',(3.388166108246,3.312764605402));
#337 = CARTESIAN_POINT('',(3.436820821508,3.339844460739));
#338 = CARTESIAN_POINT('',(3.485116454622,3.371150517545));
#339 = CARTESIAN_POINT('',(3.533129806481,3.406441618253));
#340 = CARTESIAN_POINT('',(3.5810116648,3.445549956977));
#341 = CARTESIAN_POINT('',(3.628684836554,3.488151470455));
#342 = CARTESIAN_POINT('',(3.676057358455,3.53376849684));
#343 = CARTESIAN_POINT('',(3.723036959078,3.58196052596));
#344 = CARTESIAN_POINT('',(3.76951817766,3.632274925153));
#345 = CARTESIAN_POINT('',(3.815927155095,3.684754421747));
#346 = CARTESIAN_POINT('',(3.862193518219,3.738917347238));
#347 = CARTESIAN_POINT('',(3.908330670276,3.794371473033));
#348 = CARTESIAN_POINT('',(3.954337472634,3.850722764803));
#349 = CARTESIAN_POINT('',(4.000052507146,3.907321733852));
#350 = CARTESIAN_POINT('',(4.04564884783,3.963895312076));
#351 = CARTESIAN_POINT('',(4.091262336473,4.020127032679));
#352 = CARTESIAN_POINT('',(4.13700943136,4.075695172032));
#353 = CARTESIAN_POINT('',(4.183190469294,4.130420152918));
#354 = CARTESIAN_POINT('',(4.229693256177,4.183561402149));
#355 = CARTESIAN_POINT('',(4.276446631991,4.234445130004));
#356 = CARTESIAN_POINT('',(4.32333483264,4.282324342676));
#357 = CARTESIAN_POINT('',(4.370426877583,4.326713249938));
#358 = CARTESIAN_POINT('',(4.417933451705,4.367103269022));
#359 = CARTESIAN_POINT('',(4.465953165601,4.402879942452));
#360 = CARTESIAN_POINT('',(4.514880739086,4.433634251699));
#361 = CARTESIAN_POINT('',(4.564033967153,4.458208545085));
#362 = CARTESIAN_POINT('',(4.613143928972,4.476084644038));
#363 = CARTESIAN_POINT('',(4.662403101415,4.487052343692));
#364 = CARTESIAN_POINT('',(4.71194700353,4.490860133988));
#365 = CARTESIAN_POINT('',(4.761688846154,4.487113751936));
#366 = CARTESIAN_POINT('',(4.811282923105,4.476078364135));
#367 = CARTESIAN_POINT('',(4.860649968052,4.458178949935));
#368 = CARTESIAN_POINT('',(4.909580943409,4.433822084499));
#369 = CARTESIAN_POINT('',(4.958095018592,4.40332814698));
#370 = CARTESIAN_POINT('',(5.006428636427,4.367329493345));
#371 = CARTESIAN_POINT('',(5.054342055746,4.32665637152));
#372 = CARTESIAN_POINT('',(5.101688302756,4.282091986958));
#373 = CARTESIAN_POINT('',(5.148364391967,4.234417045572));
#374 = CARTESIAN_POINT('',(5.194864266847,4.183937647586));
#375 = CARTESIAN_POINT('',(5.241129186192,4.131189268119));
#376 = CARTESIAN_POINT('',(5.287223303548,4.076656705927));
#377 = CARTESIAN_POINT('',(5.333175316201,4.020838721038));
#378 = CARTESIAN_POINT('',(5.379021885766,3.964228904756));
#379 = CARTESIAN_POINT('',(5.424792772279,3.907327562013));
#380 = CARTESIAN_POINT('',(5.470527536381,3.850613311947));
#381 = CARTESIAN_POINT('',(5.516224411605,3.794644803244));
#382 = CARTESIAN_POINT('',(5.562277133009,3.7392842774));
#383 = CARTESIAN_POINT('',(5.608580121369,3.685069732113));
#384 = CARTESIAN_POINT('',(5.655089349609,3.632460247439));
#385 = CARTESIAN_POINT('',(5.701755379429,3.581948351591));
#386 = CARTESIAN_POINT('',(5.748479752561,3.533979221804));
#387 = CARTESIAN_POINT('',(5.795402670129,3.488751479217));
#388 = CARTESIAN_POINT('',(5.842646070032,3.446508147691));
#389 = CARTESIAN_POINT('',(5.890349389833,3.407442450828));
#390 = CARTESIAN_POINT('',(5.938622006819,3.371925291883));
#391 = CARTESIAN_POINT('',(5.987263263747,3.340349966673));
#392 = CARTESIAN_POINT('',(6.036140045318,3.313048015116));
#393 = CARTESIAN_POINT('',(6.084966659571,3.290442685236));
#394 = CARTESIAN_POINT('',(6.134051040311,3.272639277781));
#395 = CARTESIAN_POINT('',(6.183520468622,3.259690390548));
#396 = CARTESIAN_POINT('',(6.233243474428,3.251792595483));
#397 = CARTESIAN_POINT('',(6.266524509896,3.25));
#398 = CARTESIAN_POINT('',(6.28318530718,3.25));
#399 = ( GEOMETRIC_REPRESENTATION_CONTEXT(2) 
PARAMETRIC_REPRESENTATION_CONTEXT() REPRESENTATION_CONTEXT('2D SPACE',''
  ) );
#400 = PCURVE('',#401,#406);
#401 = CYLINDRICAL_SURFACE('',#402,4.25);
#402 = AXIS2_PLACEMENT_3D('',#403,#404,#405);
#403 = CARTESIAN_POINT('',(10.,10.,-21.));
#404 = DIRECTION('',(-0.,-0.,1.));
#405 = DIRECTION('',(1.,0.,0.));
#406 = DEFINITIONAL_REPRESENTATION('',(#407),#477);
#407 = B_SPLINE_CURVE_WITH_KNOTS('',3,(#408,#409,#410,#411,#412,#413,
    #414,#415,#416,#417,#418,#419,#420,#421,#422,#423,#424,#425,#426,
    #427,#428,#429,#430,#431,#432,#433,#434,#435,#436,#437,#438,#439,
    #440,#441,#442,#443,#444,#445,#446,#447,#448,#449,#450,#451,#452,
    #453,#454,#455,#456,#457,#458,#459,#460,#461,#462,#463,#464,#465,
    #466,#467,#468,#469,#470,#471,#472,#473,#474,#475,#476),
  .UNSPECIFIED.,.F.,.F.,(4,1,1,1,1,1,1,1,1,1,1,1,1,1,1,1,1,1,1,1,1,1,1,1
    ,1,1,1,1,1,1,1,1,1,1,1,1,1,1,1,1,1,1,1,1,1,1,1,1,1,1,1,1,1,1,1,1,1,1
    ,1,1,1,1,1,1,1,1,4),(9.757895275442E-03,9.905432470958E-03,
    1.005296966647E-02,1.020050686199E-02,1.034804405751E-02,
    1.049558125302E-02,1.064311844854E-02,1.079065564406E-02,
    1.093819283957E-02,1.108573003509E-02,1.123326723061E-02,
    1.138080442612E-02,1.152834162164E-02,1.167587881716E-02,
    1.182341601267E-02,1.197095320819E-02,1.211849040371E-02,
    1.226602759922E-02,1.241356479474E-02,1.256110199026E-02,
    1.270863918577E-02,1.285617638129E-02,1.300371357681E-02,
    1.315125077232E-02,1.329878796784E-02,1.344632516336E-02,
    1.359386235887E-02,1.374139955439E-02,1.388893674991E-02,
    1.403647394542E-02,1.418401114094E-02,1.433154833646E-02,
    1.447908553197E-02,1.462662272749E-02,1.4774159923E-02,
    1.492169711852E-02,1.506923431404E-02,1.521677150955E-02,
    1.536430870507E-02,1.551184590059E-02,1.56593830961E-02,
    1.580692029162E-02,1.595445748714E-02,1.610199468265E-02,
    1.624953187817E-02,1.639706907369E-02,1.65446062692E-02,
    1.669214346472E-02,1.683968066024E-02,1.698721785575E-02,
    1.713475505127E-02,1.728229224679E-02,1.74298294423E-02,
    1.757736663782E-02,1.772490383334E-02,1.787244102885E-02,
    1.801997822437E-02,1.816751541989E-02,1.83150526154E-02,
    1.846258981092E-02,1.861012700644E-02,1.875766420195E-02,
    1.890520139747E-02,1.905273859299E-02,1.92002757885E-02,
    1.934781298402E-02,1.949535017953E-02),.QUASI_UNIFORM_KNOTS.);
#408 = CARTESIAN_POINT('',(1.570796326795,17.5));
#409 = CARTESIAN_POINT('',(1.582411362651,17.5));
#410 = CARTESIAN_POINT('',(1.605609943197,17.497576992256));
#411 = CARTESIAN_POINT('',(1.640330082214,17.486669466316));
#412 = CARTESIAN_POINT('',(1.674967264537,17.468504873943));
#413 = CARTESIAN_POINT('',(1.709593148328,17.443029376589));
#414 = CARTESIAN_POINT('',(1.743990776344,17.410448342473));
#415 = CARTESIAN_POINT('',(1.777696135326,17.371381138184));
#416 = CARTESIAN_POINT('',(1.810893607681,17.325846030566));
#417 = CARTESIAN_POINT('',(1.843594438098,17.274030312453));
#418 = CARTESIAN_POINT('',(1.875860814125,17.216020295777));
#419 = CARTESIAN_POINT('',(1.907588784705,17.152040261879));
#420 = CARTESIAN_POINT('',(1.938675351716,17.08254368476));
#421 = CARTESIAN_POINT('',(1.969013998983,17.007925350995));
#422 = CARTESIAN_POINT('',(1.998489561222,16.928613110666));
#423 = CARTESIAN_POINT('',(2.02732588727,16.844198033269));
#424 = CARTESIAN_POINT('',(2.05541748495,16.755021268308));
#425 = CARTESIAN_POINT('',(2.082712103516,16.661297680651));
#426 = CARTESIAN_POINT('',(2.10914372923,16.563247586394));
#427 = CARTESIAN_POINT('',(2.134564876003,16.461523434272));
#428 = CARTESIAN_POINT('',(2.158990714952,16.355956783602));
#429 = CARTESIAN_POINT('',(2.182410904204,16.246464308479));
#430 = CARTESIAN_POINT('',(2.204813938564,16.133034885702));
#431 = CARTESIAN_POINT('',(2.226220387415,16.01504646132));
#432 = CARTESIAN_POINT('',(2.246457157917,15.892987000679));
#433 = CARTESIAN_POINT('',(2.265373220147,15.7672538305));
#434 = CARTESIAN_POINT('',(2.282783223104,15.638356995267));
#435 = CARTESIAN_POINT('',(2.298616125329,15.506401084879));
#436 = CARTESIAN_POINT('',(2.312781425029,15.371008252206));
#437 = CARTESIAN_POINT('',(2.325145992645,15.232139896913));
#438 = CARTESIAN_POINT('',(2.33564271331,15.088914793743));
#439 = CARTESIAN_POINT('',(2.343961182195,14.943616962274));
#440 = CARTESIAN_POINT('',(2.349966249402,14.797370232291));
#441 = CARTESIAN_POINT('',(2.353622264808,14.64995681751));
#442 = CARTESIAN_POINT('',(2.354880273462,14.501326134914));
#443 = CARTESIAN_POINT('',(2.353642438871,14.352100404488));
#444 = CARTESIAN_POINT('',(2.349963213197,14.203689318673));
#445 = CARTESIAN_POINT('',(2.34395033213,14.056675585738));
#446 = CARTESIAN_POINT('',(2.335706634228,13.912014344779));
#447 = CARTESIAN_POINT('',(2.325298757039,13.769997995754));
#448 = CARTESIAN_POINT('',(2.312856895084,13.630226591016));
#449 = CARTESIAN_POINT('',(2.298593435701,13.493657476747));
#450 = CARTESIAN_POINT('',(2.282700254629,13.36095738855));
#451 = CARTESIAN_POINT('',(2.265361095963,13.232657433642));
#452 = CARTESIAN_POINT('',(2.246581322135,13.107565045784));
#453 = CARTESIAN_POINT('',(2.226474796752,12.986095128539));
#454 = CARTESIAN_POINT('',(2.20512830621,12.868298440363));
#455 = CARTESIAN_POINT('',(2.182632789361,12.754323638954));
#456 = CARTESIAN_POINT('',(2.159073852992,12.644291930148));
#457 = CARTESIAN_POINT('',(2.134536230261,12.53833642799));
#458 = CARTESIAN_POINT('',(2.109092684806,12.436570065547));
#459 = CARTESIAN_POINT('',(2.082840742757,12.33917459159));
#460 = CARTESIAN_POINT('',(2.055599037713,12.245602989794));
#461 = CARTESIAN_POINT('',(2.027489795221,12.156326156589));
#462 = CARTESIAN_POINT('',(1.998597281027,12.071680649973));
#463 = CARTESIAN_POINT('',(1.969004433871,11.992056161545));
#464 = CARTESIAN_POINT('',(1.938837266591,11.917768023826));
#465 = CARTESIAN_POINT('',(1.90805083078,11.848853487644));
#466 = CARTESIAN_POINT('',(1.876611324418,11.785408296719));
#467 = CARTESIAN_POINT('',(1.844475018889,11.727446229123));
#468 = CARTESIAN_POINT('',(1.811601051952,11.675288814751));
#469 = CARTESIAN_POINT('',(1.778170146318,11.629355510829));
#470 = CARTESIAN_POINT('',(1.744317013799,11.589960888088));
#471 = CARTESIAN_POINT('',(1.710281391749,11.557554436812));
#472 = CARTESIAN_POINT('',(1.675892252621,11.532132241242));
#473 = CARTESIAN_POINT('',(1.641103671457,11.513715445962));
#474 = CARTESIAN_POINT('',(1.606049263883,11.502527231537));
#475 = CARTESIAN_POINT('',(1.582557009415,11.5));
#476 = CARTESIAN_POINT('',(1.570796326795,11.5));
#477 = ( GEOMETRIC_REPRESENTATION_CONTEXT(2) 
PARAMETRIC_REPRESENTATION_CONTEXT() REPRESENTATION_CONTEXT('2D SPACE',''
  ) );
#478 = ORIENTED_EDGE('',*,*,#479,.F.);
#479 = EDGE_CURVE('',#480,#291,#482,.T.);
#480 = VERTEX_POINT('',#481);
#481 = CARTESIAN_POINT('',(10.,17.5,-3.5));
#482 = SURFACE_CURVE('',#483,(#487,#494),.PCURVE_S1.);
#483 = LINE('',#484,#485);
#484 = CARTESIAN_POINT('',(10.,17.5,-3.5));
#485 = VECTOR('',#486,1.);
#486 = DIRECTION('',(-0.,-1.,-0.));
#487 = PCURVE('',#266,#488);
#488 = DEFINITIONAL_REPRESENTATION('',(#489),#493);
#489 = LINE('',#490,#491);
#490 = CARTESIAN_POINT('',(3.14159265359,0.));
#491 = VECTOR('',#492,1.);
#492 = DIRECTION('',(0.,1.));
#493 = ( GEOMETRIC_REPRESENTATION_CONTEXT(2) 
PARAMETRIC_REPRESENTATION_CONTEXT() REPRESENTATION_CONTEXT('2D SPACE',''
  ) );
#494 = PCURVE('',#278,#495);
#495 = DEFINITIONAL_REPRESENTATION('',(#496),#500);
#496 = LINE('',#497,#498);
#497 = CARTESIAN_POINT('',(3.14159265359,0.));
#498 = VECTOR('',#499,1.);
#499 = DIRECTION('',(0.,1.));
#500 = ( GEOMETRIC_REPRESENTATION_CONTEXT(2) 
PARAMETRIC_REPRESENTATION_CONTEXT() REPRESENTATION_CONTEXT('2D SPACE',''
  ) );
#501 = ORIENTED_EDGE('',*,*,#502,.T.);
#502 = EDGE_CURVE('',#480,#256,#503,.T.);
#503 = SURFACE_CURVE('',#504,(#509,#516),.PCURVE_S1.);
#504 = CIRCLE('',#505,3.);
#505 = AXIS2_PLACEMENT_3D('',#506,#507,#508);
#506 = CARTESIAN_POINT('',(10.,17.5,-6.5));
#507 = DIRECTION('',(0.,-1.,0.));
#508 = DIRECTION('',(0.,0.,-1.));
#509 = PCURVE('',#266,#510);
#510 = DEFINITIONAL_REPRESENTATION('',(#511),#515);
#511 = LINE('',#512,#513);
#512 = CARTESIAN_POINT('',(0.,0.));
#513 = VECTOR('',#514,1.);
#514 = DIRECTION('',(1.,0.));
#515 = ( GEOMETRIC_REPRESENTATION_CONTEXT(2) 
PARAMETRIC_REPRESENTATION_CONTEXT() REPRESENTATION_CONTEXT('2D SPACE',''
  ) );
#516 = PCURVE('',#190,#517);
#517 = DEFINITIONAL_REPRESENTATION('',(#518),#522);
#518 = CIRCLE('',#519,3.);
#519 = AXIS2_PLACEMENT_2D('',#520,#521);
#520 = CARTESIAN_POINT('',(0.,0.));
#521 = DIRECTION('',(1.,0.));
#522 = ( GEOMETRIC_REPRESENTATION_CONTEXT(2) 
PARAMETRIC_REPRESENTATION_CONTEXT() REPRESENTATION_CONTEXT('2D SPACE',''
  ) );
#523 = ADVANCED_FACE('',(#524),#538,.F.);
#524 = FACE_BOUND('',#525,.F.);
#525 = EDGE_LOOP('',(#526,#561,#590,#613));
#526 = ORIENTED_EDGE('',*,*,#527,.T.);
#527 = EDGE_CURVE('',#528,#530,#532,.T.);
#528 = VERTEX_POINT('',#529);
#529 = CARTESIAN_POINT('',(16.,10.,-1.));
#530 = VERTEX_POINT('',#531);
#531 = CARTESIAN_POINT('',(16.,10.,0.));
#532 = SURFACE_CURVE('',#533,(#537,#549),.PCURVE_S1.);
#533 = LINE('',#534,#535);
#534 = CARTESIAN_POINT('',(16.,10.,-1.));
#535 = VECTOR('',#536,1.);
#536 = DIRECTION('',(-0.,-0.,1.));
#537 = PCURVE('',#538,#543);
#538 = CYLINDRICAL_SURFACE('',#539,6.);
#539 = AXIS2_PLACEMENT_3D('',#540,#541,#542);
#540 = CARTESIAN_POINT('',(10.,10.,-1.));
#541 = DIRECTION('',(-0.,-0.,1.));
#542 = DIRECTION('',(1.,0.,0.));
#543 = DEFINITIONAL_REPRESENTATION('',(#544),#548);
#544 = LINE('',#545,#546);
#545 = CARTESIAN_POINT('',(6.28318530718,0.));
#546 = VECTOR('',#547,1.);
#547 = DIRECTION('',(0.,1.));
#548 = ( GEOMETRIC_REPRESENTATION_CONTEXT(2) 
PARAMETRIC_REPRESENTATION_CONTEXT() REPRESENTATION_CONTEXT('2D SPACE',''
  ) );
#549 = PCURVE('',#550,#555);
#550 = CYLINDRICAL_SURFACE('',#551,6.);
#551 = AXIS2_PLACEMENT_3D('',#552,#553,#554);
#552 = CARTESIAN_POINT('',(10.,10.,-1.));
#553 = DIRECTION('',(-0.,-0.,1.));
#554 = DIRECTION('',(1.,0.,0.));
#555 = DEFINITIONAL_REPRESENTATION('',(#556),#560);
#556 = LINE('',#557,#558);
#557 = CARTESIAN_POINT('',(0.,0.));
#558 = VECTOR('',#559,1.);
#559 = DIRECTION('',(0.,1.));
#560 = ( GEOMETRIC_REPRESENTATION_CONTEXT(2) 
PARAMETRIC_REPRESENTATION_CONTEXT() REPRESENTATION_CONTEXT('2D SPACE',''
  ) );
#561 = ORIENTED_EDGE('',*,*,#562,.T.);
#562 = EDGE_CURVE('',#530,#563,#565,.T.);
#563 = VERTEX_POINT('',#564);
#564 = CARTESIAN_POINT('',(4.,10.,0.));
#565 = SURFACE_CURVE('',#566,(#571,#578),.PCURVE_S1.);
#566 = CIRCLE('',#567,6.);
#567 = AXIS2_PLACEMENT_3D('',#568,#569,#570);
#568 = CARTESIAN_POINT('',(10.,10.,0.));
#569 = DIRECTION('',(0.,0.,-1.));
#570 = DIRECTION('',(-1.,0.,0.));
#571 = PCURVE('',#538,#572);
#572 = DEFINITIONAL_REPRESENTATION('',(#573),#577);
#573 = LINE('',#574,#575);
#574 = CARTESIAN_POINT('',(9.424777960769,1.));
#575 = VECTOR('',#576,1.);
#576 = DIRECTION('',(-1.,0.));
#577 = ( GEOMETRIC_REPRESENTATION_CONTEXT(2) 
PARAMETRIC_REPRESENTATION_CONTEXT() REPRESENTATION_CONTEXT('2D SPACE',''
  ) );
#578 = PCURVE('',#579,#584);
#579 = PLANE('',#580);
#580 = AXIS2_PLACEMENT_3D('',#581,#582,#583);
#581 = CARTESIAN_POINT('',(0.,0.,0.));
#582 = DIRECTION('',(0.,0.,-1.));
#583 = DIRECTION('',(-1.,0.,-0.));
#584 = DEFINITIONAL_REPRESENTATION('',(#585),#589);
#585 = CIRCLE('',#586,6.);
#586 = AXIS2_PLACEMENT_2D('',#587,#588);
#587 = CARTESIAN_POINT('',(-10.,10.));
#588 = DIRECTION('',(1.,0.));
#589 = ( GEOMETRIC_REPRESENTATION_CONTEXT(2) 
PARAMETRIC_REPRESENTATION_CONTEXT() REPRESENTATION_CONTEXT('2D SPACE',''
  ) );
#590 = ORIENTED_EDGE('',*,*,#591,.F.);
#591 = EDGE_CURVE('',#592,#563,#594,.T.);
#592 = VERTEX_POINT('',#593);
#593 = CARTESIAN_POINT('',(4.,10.,-1.));
#594 = SURFACE_CURVE('',#595,(#599,#606),.PCURVE_S1.);
#595 = LINE('',#596,#597);
#596 = CARTESIAN_POINT('',(4.,10.,-1.));
#597 = VECTOR('',#598,1.);
#598 = DIRECTION('',(-0.,-0.,1.));
#599 = PCURVE('',#538,#600);
#600 = DEFINITIONAL_REPRESENTATION('',(#601),#605);
#601 = LINE('',#602,#603);
#602 = CARTESIAN_POINT('',(3.14159265359,0.));
#603 = VECTOR('',#604,1.);
#604 = DIRECTION('',(0.,1.));
#605 = ( GEOMETRIC_REPRESENTATION_CONTEXT(2) 
PARAMETRIC_REPRESENTATION_CONTEXT() REPRESENTATION_CONTEXT('2D SPACE',''
  ) );
#606 = PCURVE('',#550,#607);
#607 = DEFINITIONAL_REPRESENTATION('',(#608),#612);
#608 = LINE('',#609,#610);
#609 = CARTESIAN_POINT('',(3.14159265359,0.));
#610 = VECTOR('',#611,1.);
#611 = DIRECTION('',(0.,1.));
#612 = ( GEOMETRIC_REPRESENTATION_CONTEXT(2) 
PARAMETRIC_REPRESENTATION_CONTEXT() REPRESENTATION_CONTEXT('2D SPACE',''
  ) );
#613 = ORIENTED_EDGE('',*,*,#614,.F.);
#614 = EDGE_CURVE('',#528,#592,#615,.T.);
#615 = SURFACE_CURVE('',#616,(#621,#628),.PCURVE_S1.);
#616 = CIRCLE('',#617,6.);
#617 = AXIS2_PLACEMENT_3D('',#618,#619,#620);
#618 = CARTESIAN_POINT('',(10.,10.,-1.));
#619 = DIRECTION('',(0.,0.,-1.));
#620 = DIRECTION('',(-1.,0.,0.));
#621 = PCURVE('',#538,#622);
#622 = DEFINITIONAL_REPRESENTATION('',(#623),#627);
#623 = LINE('',#624,#625);
#624 = CARTESIAN_POINT('',(9.424777960769,0.));
#625 = VECTOR('',#626,1.);
#626 = DIRECTION('',(-1.,0.));
#627 = ( GEOMETRIC_REPRESENTATION_CONTEXT(2) 
PARAMETRIC_REPRESENTATION_CONTEXT() REPRESENTATION_CONTEXT('2D SPACE',''
  ) );
#628 = PCURVE('',#629,#634);
#629 = PLANE('',#630);
#630 = AXIS2_PLACEMENT_3D('',#631,#632,#633);
#631 = CARTESIAN_POINT('',(0.,0.,-1.));
#632 = DIRECTION('',(-0.,0.,-1.));
#633 = DIRECTION('',(-1.,0.,0.));
#634 = DEFINITIONAL_REPRESENTATION('',(#635),#639);
#635 = CIRCLE('',#636,6.);
#636 = AXIS2_PLACEMENT_2D('',#637,#638);
#637 = CARTESIAN_POINT('',(-10.,10.));
#638 = DIRECTION('',(1.,0.));
#639 = ( GEOMETRIC_REPRESENTATION_CONTEXT(2) 
PARAMETRIC_REPRESENTATION_CONTEXT() REPRESENTATION_CONTEXT('2D SPACE',''
  ) );
#640 = ADVANCED_FACE('',(#641),#655,.F.);
#641 = FACE_BOUND('',#642,.F.);
#642 = EDGE_LOOP('',(#643,#678,#711,#734));
#643 = ORIENTED_EDGE('',*,*,#644,.T.);
#644 = EDGE_CURVE('',#645,#647,#649,.T.);
#645 = VERTEX_POINT('',#646);
#646 = CARTESIAN_POINT('',(1.,10.,5.5));
#647 = VERTEX_POINT('',#648);
#648 = CARTESIAN_POINT('',(1.,10.,4.));
#649 = SURFACE_CURVE('',#650,(#654,#666),.PCURVE_S1.);
#650 = LINE('',#651,#652);
#651 = CARTESIAN_POINT('',(1.,10.,5.5));
#652 = VECTOR('',#653,1.);
#653 = DIRECTION('',(-0.,-0.,-1.));
#654 = PCURVE('',#655,#660);
#655 = CYLINDRICAL_SURFACE('',#656,9.);
#656 = AXIS2_PLACEMENT_3D('',#657,#658,#659);
#657 = CARTESIAN_POINT('',(10.,10.,5.5));
#658 = DIRECTION('',(-0.,-0.,-1.));
#659 = DIRECTION('',(-1.,0.,0.));
#660 = DEFINITIONAL_REPRESENTATION('',(#661),#665);
#661 = LINE('',#662,#663);
#662 = CARTESIAN_POINT('',(6.28318530718,0.));
#663 = VECTOR('',#664,1.);
#664 = DIRECTION('',(0.,1.));
#665 = ( GEOMETRIC_REPRESENTATION_CONTEXT(2) 
PARAMETRIC_REPRESENTATION_CONTEXT() REPRESENTATION_CONTEXT('2D SPACE',''
  ) );
#666 = PCURVE('',#667,#672);
#667 = CYLINDRICAL_SURFACE('',#668,9.);
#668 = AXIS2_PLACEMENT_3D('',#669,#670,#671);
#669 = CARTESIAN_POINT('',(10.,10.,5.5));
#670 = DIRECTION('',(-0.,-0.,-1.));
#671 = DIRECTION('',(-1.,0.,0.));
#672 = DEFINITIONAL_REPRESENTATION('',(#673),#677);
#673 = LINE('',#674,#675);
#674 = CARTESIAN_POINT('',(0.,0.));
#675 = VECTOR('',#676,1.);
#676 = DIRECTION('',(0.,1.));
#677 = ( GEOMETRIC_REPRESENTATION_CONTEXT(2) 
PARAMETRIC_REPRESENTATION_CONTEXT() REPRESENTATION_CONTEXT('2D SPACE',''
  ) );
#678 = ORIENTED_EDGE('',*,*,#679,.T.);
#679 = EDGE_CURVE('',#647,#680,#682,.T.);
#680 = VERTEX_POINT('',#681);
#681 = CARTESIAN_POINT('',(19.,10.,4.));
#682 = SURFACE_CURVE('',#683,(#688,#695),.PCURVE_S1.);
#683 = CIRCLE('',#684,9.);
#684 = AXIS2_PLACEMENT_3D('',#685,#686,#687);
#685 = CARTESIAN_POINT('',(10.,10.,4.));
#686 = DIRECTION('',(0.,0.,1.));
#687 = DIRECTION('',(1.,0.,-0.));
#688 = PCURVE('',#655,#689);
#689 = DEFINITIONAL_REPRESENTATION('',(#690),#694);
#690 = LINE('',#691,#692);
#691 = CARTESIAN_POINT('',(9.424777960769,1.5));
#692 = VECTOR('',#693,1.);
#693 = DIRECTION('',(-1.,0.));
#694 = ( GEOMETRIC_REPRESENTATION_CONTEXT(2) 
PARAMETRIC_REPRESENTATION_CONTEXT() REPRESENTATION_CONTEXT('2D SPACE',''
  ) );
#695 = PCURVE('',#696,#701);
#696 = PLANE('',#697);
#697 = AXIS2_PLACEMENT_3D('',#698,#699,#700);
#698 = CARTESIAN_POINT('',(0.,0.,4.));
#699 = DIRECTION('',(0.,0.,-1.));
#700 = DIRECTION('',(-1.,0.,-0.));
#701 = DEFINITIONAL_REPRESENTATION('',(#702),#710);
#702 = ( BOUNDED_CURVE() B_SPLINE_CURVE(2,(#703,#704,#705,#706,#707,#708
,#709),.UNSPECIFIED.,.T.,.F.) B_SPLINE_CURVE_WITH_KNOTS((1,2,2,2,2,1),(
    -2.094395102393,0.,2.094395102393,4.188790204786,6.28318530718,
8.377580409573),.UNSPECIFIED.) CURVE() GEOMETRIC_REPRESENTATION_ITEM() 
RATIONAL_B_SPLINE_CURVE((1.,0.5,1.,0.5,1.,0.5,1.)) REPRESENTATION_ITEM(
  '') );
#703 = CARTESIAN_POINT('',(-19.,10.));
#704 = CARTESIAN_POINT('',(-19.,25.58845726812));
#705 = CARTESIAN_POINT('',(-5.5,17.79422863406));
#706 = CARTESIAN_POINT('',(8.,10.));
#707 = CARTESIAN_POINT('',(-5.5,2.20577136594));
#708 = CARTESIAN_POINT('',(-19.,-5.58845726812));
#709 = CARTESIAN_POINT('',(-19.,10.));
#710 = ( GEOMETRIC_REPRESENTATION_CONTEXT(2) 
PARAMETRIC_REPRESENTATION_CONTEXT() REPRESENTATION_CONTEXT('2D SPACE',''
  ) );
#711 = ORIENTED_EDGE('',*,*,#712,.F.);
#712 = EDGE_CURVE('',#713,#680,#715,.T.);
#713 = VERTEX_POINT('',#714);
#714 = CARTESIAN_POINT('',(19.,10.,5.5));
#715 = SURFACE_CURVE('',#716,(#720,#727),.PCURVE_S1.);
#716 = LINE('',#717,#718);
#717 = CARTESIAN_POINT('',(19.,10.,5.5));
#718 = VECTOR('',#719,1.);
#719 = DIRECTION('',(-0.,-0.,-1.));
#720 = PCURVE('',#655,#721);
#721 = DEFINITIONAL_REPRESENTATION('',(#722),#726);
#722 = LINE('',#723,#724);
#723 = CARTESIAN_POINT('',(3.14159265359,0.));
#724 = VECTOR('',#725,1.);
#725 = DIRECTION('',(0.,1.));
#726 = ( GEOMETRIC_REPRESENTATION_CONTEXT(2) 
PARAMETRIC_REPRESENTATION_CONTEXT() REPRESENTATION_CONTEXT('2D SPACE',''
  ) );
#727 = PCURVE('',#667,#728);
#728 = DEFINITIONAL_REPRESENTATION('',(#729),#733);
#729 = LINE('',#730,#731);
#730 = CARTESIAN_POINT('',(3.14159265359,0.));
#731 = VECTOR('',#732,1.);
#732 = DIRECTION('',(0.,1.));
#733 = ( GEOMETRIC_REPRESENTATION_CONTEXT(2) 
PARAMETRIC_REPRESENTATION_CONTEXT() REPRESENTATION_CONTEXT('2D SPACE',''
  ) );
#734 = ORIENTED_EDGE('',*,*,#735,.F.);
#735 = EDGE_CURVE('',#645,#713,#736,.T.);
#736 = SURFACE_CURVE('',#737,(#742,#749),.PCURVE_S1.);
#737 = CIRCLE('',#738,9.);
#738 = AXIS2_PLACEMENT_3D('',#739,#740,#741);
#739 = CARTESIAN_POINT('',(10.,10.,5.5));
#740 = DIRECTION('',(0.,0.,1.));
#741 = DIRECTION('',(1.,0.,-0.));
#742 = PCURVE('',#655,#743);
#743 = DEFINITIONAL_REPRESENTATION('',(#744),#748);
#744 = LINE('',#745,#746);
#745 = CARTESIAN_POINT('',(9.424777960769,0.));
#746 = VECTOR('',#747,1.);
#747 = DIRECTION('',(-1.,0.));
#748 = ( GEOMETRIC_REPRESENTATION_CONTEXT(2) 
PARAMETRIC_REPRESENTATION_CONTEXT() REPRESENTATION_CONTEXT('2D SPACE',''
  ) );
#749 = PCURVE('',#73,#750);
#750 = DEFINITIONAL_REPRESENTATION('',(#751),#755);
#751 = CIRCLE('',#752,9.);
#752 = AXIS2_PLACEMENT_2D('',#753,#754);
#753 = CARTESIAN_POINT('',(10.,10.));
#754 = DIRECTION('',(1.,0.));
#755 = ( GEOMETRIC_REPRESENTATION_CONTEXT(2) 
PARAMETRIC_REPRESENTATION_CONTEXT() REPRESENTATION_CONTEXT('2D SPACE',''
  ) );
#756 = ADVANCED_FACE('',(#757),#771,.F.);
#757 = FACE_BOUND('',#758,.F.);
#758 = EDGE_LOOP('',(#759,#794,#822,#845));
#759 = ORIENTED_EDGE('',*,*,#760,.T.);
#760 = EDGE_CURVE('',#761,#763,#765,.T.);
#761 = VERTEX_POINT('',#762);
#762 = CARTESIAN_POINT('',(2.,10.,4.));
#763 = VERTEX_POINT('',#764);
#764 = CARTESIAN_POINT('',(2.,10.,0.));
#765 = SURFACE_CURVE('',#766,(#770,#782),.PCURVE_S1.);
#766 = LINE('',#767,#768);
#767 = CARTESIAN_POINT('',(2.,10.,4.));
#768 = VECTOR('',#769,1.);
#769 = DIRECTION('',(-0.,-0.,-1.));
#770 = PCURVE('',#771,#776);
#771 = CYLINDRICAL_SURFACE('',#772,8.);
#772 = AXIS2_PLACEMENT_3D('',#773,#774,#775);
#773 = CARTESIAN_POINT('',(10.,10.,4.));
#774 = DIRECTION('',(-0.,-0.,-1.));
#775 = DIRECTION('',(-1.,0.,0.));
#776 = DEFINITIONAL_REPRESENTATION('',(#777),#781);
#777 = LINE('',#778,#779);
#778 = CARTESIAN_POINT('',(6.28318530718,0.));
#779 = VECTOR('',#780,1.);
#780 = DIRECTION('',(0.,1.));
#781 = ( GEOMETRIC_REPRESENTATION_CONTEXT(2) 
PARAMETRIC_REPRESENTATION_CONTEXT() REPRESENTATION_CONTEXT('2D SPACE',''
  ) );
#782 = PCURVE('',#783,#788);
#783 = CYLINDRICAL_SURFACE('',#784,8.);
#784 = AXIS2_PLACEMENT_3D('',#785,#786,#787);
#785 = CARTESIAN_POINT('',(10.,10.,4.));
#786 = DIRECTION('',(-0.,-0.,-1.));
#787 = DIRECTION('',(-1.,0.,0.));
#788 = DEFINITIONAL_REPRESENTATION('',(#789),#793);
#789 = LINE('',#790,#791);
#790 = CARTESIAN_POINT('',(0.,0.));
#791 = VECTOR('',#792,1.);
#792 = DIRECTION('',(0.,1.));
#793 = ( GEOMETRIC_REPRESENTATION_CONTEXT(2) 
PARAMETRIC_REPRESENTATION_CONTEXT() REPRESENTATION_CONTEXT('2D SPACE',''
  ) );
#794 = ORIENTED_EDGE('',*,*,#795,.T.);
#795 = EDGE_CURVE('',#763,#796,#798,.T.);
#796 = VERTEX_POINT('',#797);
#797 = CARTESIAN_POINT('',(18.,10.,0.));
#798 = SURFACE_CURVE('',#799,(#804,#811),.PCURVE_S1.);
#799 = CIRCLE('',#800,8.);
#800 = AXIS2_PLACEMENT_3D('',#801,#802,#803);
#801 = CARTESIAN_POINT('',(10.,10.,0.));
#802 = DIRECTION('',(0.,0.,1.));
#803 = DIRECTION('',(1.,0.,-0.));
#804 = PCURVE('',#771,#805);
#805 = DEFINITIONAL_REPRESENTATION('',(#806),#810);
#806 = LINE('',#807,#808);
#807 = CARTESIAN_POINT('',(9.424777960769,4.));
#808 = VECTOR('',#809,1.);
#809 = DIRECTION('',(-1.,0.));
#810 = ( GEOMETRIC_REPRESENTATION_CONTEXT(2) 
PARAMETRIC_REPRESENTATION_CONTEXT() REPRESENTATION_CONTEXT('2D SPACE',''
  ) );
#811 = PCURVE('',#579,#812);
#812 = DEFINITIONAL_REPRESENTATION('',(#813),#821);
#813 = ( BOUNDED_CURVE() B_SPLINE_CURVE(2,(#814,#815,#816,#817,#818,#819
,#820),.UNSPECIFIED.,.T.,.F.) B_SPLINE_CURVE_WITH_KNOTS((1,2,2,2,2,1),(
    -2.094395102393,0.,2.094395102393,4.188790204786,6.28318530718,
8.377580409573),.UNSPECIFIED.) CURVE() GEOMETRIC_REPRESENTATION_ITEM() 
RATIONAL_B_SPLINE_CURVE((1.,0.5,1.,0.5,1.,0.5,1.)) REPRESENTATION_ITEM(
  '') );
#814 = CARTESIAN_POINT('',(-18.,10.));
#815 = CARTESIAN_POINT('',(-18.,23.856406460551));
#816 = CARTESIAN_POINT('',(-6.,16.928203230276));
#817 = CARTESIAN_POINT('',(6.,10.));
#818 = CARTESIAN_POINT('',(-6.,3.071796769724));
#819 = CARTESIAN_POINT('',(-18.,-3.856406460551));
#820 = CARTESIAN_POINT('',(-18.,10.));
#821 = ( GEOMETRIC_REPRESENTATION_CONTEXT(2) 
PARAMETRIC_REPRESENTATION_CONTEXT() REPRESENTATION_CONTEXT('2D SPACE',''
  ) );
#822 = ORIENTED_EDGE('',*,*,#823,.F.);
#823 = EDGE_CURVE('',#824,#796,#826,.T.);
#824 = VERTEX_POINT('',#825);
#825 = CARTESIAN_POINT('',(18.,10.,4.));
#826 = SURFACE_CURVE('',#827,(#831,#838),.PCURVE_S1.);
#827 = LINE('',#828,#829);
#828 = CARTESIAN_POINT('',(18.,10.,4.));
#829 = VECTOR('',#830,1.);
#830 = DIRECTION('',(-0.,-0.,-1.));
#831 = PCURVE('',#771,#832);
#832 = DEFINITIONAL_REPRESENTATION('',(#833),#837);
#833 = LINE('',#834,#835);
#834 = CARTESIAN_POINT('',(3.14159265359,0.));
#835 = VECTOR('',#836,1.);
#836 = DIRECTION('',(0.,1.));
#837 = ( GEOMETRIC_REPRESENTATION_CONTEXT(2) 
PARAMETRIC_REPRESENTATION_CONTEXT() REPRESENTATION_CONTEXT('2D SPACE',''
  ) );
#838 = PCURVE('',#783,#839);
#839 = DEFINITIONAL_REPRESENTATION('',(#840),#844);
#840 = LINE('',#841,#842);
#841 = CARTESIAN_POINT('',(3.14159265359,0.));
#842 = VECTOR('',#843,1.);
#843 = DIRECTION('',(0.,1.));
#844 = ( GEOMETRIC_REPRESENTATION_CONTEXT(2) 
PARAMETRIC_REPRESENTATION_CONTEXT() REPRESENTATION_CONTEXT('2D SPACE',''
  ) );
#845 = ORIENTED_EDGE('',*,*,#846,.F.);
#846 = EDGE_CURVE('',#761,#824,#847,.T.);
#847 = SURFACE_CURVE('',#848,(#853,#860),.PCURVE_S1.);
#848 = CIRCLE('',#849,8.);
#849 = AXIS2_PLACEMENT_3D('',#850,#851,#852);
#850 = CARTESIAN_POINT('',(10.,10.,4.));
#851 = DIRECTION('',(0.,0.,1.));
#852 = DIRECTION('',(1.,0.,-0.));
#853 = PCURVE('',#771,#854);
#854 = DEFINITIONAL_REPRESENTATION('',(#855),#859);
#855 = LINE('',#856,#857);
#856 = CARTESIAN_POINT('',(9.424777960769,0.));
#857 = VECTOR('',#858,1.);
#858 = DIRECTION('',(-1.,0.));
#859 = ( GEOMETRIC_REPRESENTATION_CONTEXT(2) 
PARAMETRIC_REPRESENTATION_CONTEXT() REPRESENTATION_CONTEXT('2D SPACE',''
  ) );
#860 = PCURVE('',#696,#861);
#861 = DEFINITIONAL_REPRESENTATION('',(#862),#870);
#862 = ( BOUNDED_CURVE() B_SPLINE_CURVE(2,(#863,#864,#865,#866,#867,#868
,#869),.UNSPECIFIED.,.T.,.F.) B_SPLINE_CURVE_WITH_KNOTS((1,2,2,2,2,1),(
    -2.094395102393,0.,2.094395102393,4.188790204786,6.28318530718,
8.377580409573),.UNSPECIFIED.) CURVE() GEOMETRIC_REPRESENTATION_ITEM() 
RATIONAL_B_SPLINE_CURVE((1.,0.5,1.,0.5,1.,0.5,1.)) REPRESENTATION_ITEM(
  '') );
#863 = CARTESIAN_POINT('',(-18.,10.));
#864 = CARTESIAN_POINT('',(-18.,23.856406460551));
#865 = CARTESIAN_POINT('',(-6.,16.928203230276));
#866 = CARTESIAN_POINT('',(6.,10.));
#867 = CARTESIAN_POINT('',(-6.,3.071796769724));
#868 = CARTESIAN_POINT('',(-18.,-3.856406460551));
#869 = CARTESIAN_POINT('',(-18.,10.));
#870 = ( GEOMETRIC_REPRESENTATION_CONTEXT(2) 
PARAMETRIC_REPRESENTATION_CONTEXT() REPRESENTATION_CONTEXT('2D SPACE',''
  ) );
#871 = ADVANCED_FACE('',(#872),#886,.F.);
#872 = FACE_BOUND('',#873,.F.);
#873 = EDGE_LOOP('',(#874,#904,#928,#951));
#874 = ORIENTED_EDGE('',*,*,#875,.T.);
#875 = EDGE_CURVE('',#876,#878,#880,.T.);
#876 = VERTEX_POINT('',#877);
#877 = CARTESIAN_POINT('',(14.25,10.,-5.797356367837));
#878 = VERTEX_POINT('',#879);
#879 = CARTESIAN_POINT('',(14.25,10.,-1.));
#880 = SURFACE_CURVE('',#881,(#885,#897),.PCURVE_S1.);
#881 = LINE('',#882,#883);
#882 = CARTESIAN_POINT('',(14.25,10.,-21.));
#883 = VECTOR('',#884,1.);
#884 = DIRECTION('',(-0.,-0.,1.));
#885 = PCURVE('',#886,#891);
#886 = CYLINDRICAL_SURFACE('',#887,4.25);
#887 = AXIS2_PLACEMENT_3D('',#888,#889,#890);
#888 = CARTESIAN_POINT('',(10.,10.,-21.));
#889 = DIRECTION('',(-0.,-0.,1.));
#890 = DIRECTION('',(1.,0.,0.));
#891 = DEFINITIONAL_REPRESENTATION('',(#892),#896);
#892 = LINE('',#893,#894);
#893 = CARTESIAN_POINT('',(6.28318530718,0.));
#894 = VECTOR('',#895,1.);
#895 = DIRECTION('',(0.,1.));
#896 = ( GEOMETRIC_REPRESENTATION_CONTEXT(2) 
PARAMETRIC_REPRESENTATION_CONTEXT() REPRESENTATION_CONTEXT('2D SPACE',''
  ) );
#897 = PCURVE('',#401,#898);
#898 = DEFINITIONAL_REPRESENTATION('',(#899),#903);
#899 = LINE('',#900,#901);
#900 = CARTESIAN_POINT('',(0.,0.));
#901 = VECTOR('',#902,1.);
#902 = DIRECTION('',(0.,1.));
#903 = ( GEOMETRIC_REPRESENTATION_CONTEXT(2) 
PARAMETRIC_REPRESENTATION_CONTEXT() REPRESENTATION_CONTEXT('2D SPACE',''
  ) );
#904 = ORIENTED_EDGE('',*,*,#905,.T.);
#905 = EDGE_CURVE('',#878,#906,#908,.T.);
#906 = VERTEX_POINT('',#907);
#907 = CARTESIAN_POINT('',(5.75,10.,-1.));
#908 = SURFACE_CURVE('',#909,(#914,#921),.PCURVE_S1.);
#909 = CIRCLE('',#910,4.25);
#910 = AXIS2_PLACEMENT_3D('',#911,#912,#913);
#911 = CARTESIAN_POINT('',(10.,10.,-1.));
#912 = DIRECTION('',(0.,0.,-1.));
#913 = DIRECTION('',(-1.,0.,0.));
#914 = PCURVE('',#886,#915);
#915 = DEFINITIONAL_REPRESENTATION('',(#916),#920);
#916 = LINE('',#917,#918);
#917 = CARTESIAN_POINT('',(9.424777960769,20.));
#918 = VECTOR('',#919,1.);
#919 = DIRECTION('',(-1.,0.));
#920 = ( GEOMETRIC_REPRESENTATION_CONTEXT(2) 
PARAMETRIC_REPRESENTATION_CONTEXT() REPRESENTATION_CONTEXT('2D SPACE',''
  ) );
#921 = PCURVE('',#629,#922);
#922 = DEFINITIONAL_REPRESENTATION('',(#923),#927);
#923 = CIRCLE('',#924,4.25);
#924 = AXIS2_PLACEMENT_2D('',#925,#926);
#925 = CARTESIAN_POINT('',(-10.,10.));
#926 = DIRECTION('',(1.,0.));
#927 = ( GEOMETRIC_REPRESENTATION_CONTEXT(2) 
PARAMETRIC_REPRESENTATION_CONTEXT() REPRESENTATION_CONTEXT('2D SPACE',''
  ) );
#928 = ORIENTED_EDGE('',*,*,#929,.F.);
#929 = EDGE_CURVE('',#930,#906,#932,.T.);
#930 = VERTEX_POINT('',#931);
#931 = CARTESIAN_POINT('',(5.75,10.,-5.797356367837));
#932 = SURFACE_CURVE('',#933,(#937,#944),.PCURVE_S1.);
#933 = LINE('',#934,#935);
#934 = CARTESIAN_POINT('',(5.75,10.,-21.));
#935 = VECTOR('',#936,1.);
#936 = DIRECTION('',(-0.,-0.,1.));
#937 = PCURVE('',#886,#938);
#938 = DEFINITIONAL_REPRESENTATION('',(#939),#943);
#939 = LINE('',#940,#941);
#940 = CARTESIAN_POINT('',(3.14159265359,0.));
#941 = VECTOR('',#942,1.);
#942 = DIRECTION('',(0.,1.));
#943 = ( GEOMETRIC_REPRESENTATION_CONTEXT(2) 
PARAMETRIC_REPRESENTATION_CONTEXT() REPRESENTATION_CONTEXT('2D SPACE',''
  ) );
#944 = PCURVE('',#401,#945);
#945 = DEFINITIONAL_REPRESENTATION('',(#946),#950);
#946 = LINE('',#947,#948);
#947 = CARTESIAN_POINT('',(3.14159265359,0.));
#948 = VECTOR('',#949,1.);
#949 = DIRECTION('',(0.,1.));
#950 = ( GEOMETRIC_REPRESENTATION_CONTEXT(2) 
PARAMETRIC_REPRESENTATION_CONTEXT() REPRESENTATION_CONTEXT('2D SPACE',''
  ) );
#951 = ORIENTED_EDGE('',*,*,#952,.F.);
#952 = EDGE_CURVE('',#876,#930,#953,.T.);
#953 = SURFACE_CURVE('',#954,(#992,#1087),.PCURVE_S1.);
#954 = B_SPLINE_CURVE_WITH_KNOTS('',3,(#955,#956,#957,#958,#959,#960,
    #961,#962,#963,#964,#965,#966,#967,#968,#969,#970,#971,#972,#973,
    #974,#975,#976,#977,#978,#979,#980,#981,#982,#983,#984,#985,#986,
    #987,#988,#989,#990,#991),.UNSPECIFIED.,.F.,.F.,(4,2,2,2,2,2,2,2,2,1
    ,2,2,2,2,2,2,2,2,4),(2.117499858743E-17,1.883718686165E-03,
    2.825578029248E-03,3.767437372331E-03,4.709296715413E-03,
    5.180226386955E-03,5.651156058496E-03,6.593015401579E-03,
    7.06394507312E-03,7.534874744661E-03,8.005804416203E-03,
    8.476734087744E-03,9.418593430827E-03,1.036045277391E-02,
    1.130231211699E-02,1.224417146007E-02,1.318603080316E-02,
    1.412789014624E-02,1.506974948932E-02),.UNSPECIFIED.);
#955 = CARTESIAN_POINT('',(14.25,10.,-5.797356367837));
#956 = CARTESIAN_POINT('',(14.25,9.545512711282,-5.353131071626));
#957 = CARTESIAN_POINT('',(14.179226877619,9.078420907083,
    -4.938987645081));
#958 = CARTESIAN_POINT('',(13.931453057437,8.366181409412,
    -4.362460468506));
#959 = CARTESIAN_POINT('',(13.824446590741,8.127474650986,-4.17844504096
    ));
#960 = CARTESIAN_POINT('',(13.562176197354,7.6668382724,-3.838458060738)
  );
#961 = CARTESIAN_POINT('',(13.406385327382,7.442752670145,
    -3.680723720818));
#962 = CARTESIAN_POINT('',(13.036296188937,7.012713546092,
    -3.389766183844));
#963 = CARTESIAN_POINT('',(12.827716012062,6.813751129587,
    -3.261247581471));
#964 = CARTESIAN_POINT('',(12.480117040434,6.545592034368,
    -3.093323758157));
#965 = CARTESIAN_POINT('',(12.358307548386,6.461137090684,
    -3.041420328872));
#966 = CARTESIAN_POINT('',(12.101993302632,6.303137906359,
    -2.945715718449));
#967 = CARTESIAN_POINT('',(11.96635848831,6.229110238705,-2.901634303724
    ));
#968 = CARTESIAN_POINT('',(11.549606592765,6.03062717886,-2.784844094335
    ));
#969 = CARTESIAN_POINT('',(11.258074822891,5.928378309874,
    -2.726623615736));
#970 = CARTESIAN_POINT('',(10.799614708647,5.822954970366,
    -2.667062930278));
#971 = CARTESIAN_POINT('',(10.641970987092,5.795771108459,
    -2.651839499052));
#972 = CARTESIAN_POINT('',(10.326754034266,5.759610970462,
    -2.631629630006));
#973 = CARTESIAN_POINT('',(10.011515427959,5.741273537842,
    -2.621436580859));
#974 = CARTESIAN_POINT('',(9.696234450081,5.757904188342,-2.630679283765
    ));
#975 = CARTESIAN_POINT('',(9.380931845637,5.792339723212,-2.649918624215
    ));
#976 = CARTESIAN_POINT('',(9.223017917528,5.818669670508,-2.664655871271
    ));
#977 = CARTESIAN_POINT('',(8.762739882796,5.921938533369,-2.722960214119
    ));
#978 = CARTESIAN_POINT('',(8.469069391857,6.023190252905,-2.78054780232)
  );
#979 = CARTESIAN_POINT('',(7.90773718353,6.287696052537,-2.93603171608)
  );
#980 = CARTESIAN_POINT('',(7.650835203775,6.445903856627,-3.031034858858
    ));
#981 = CARTESIAN_POINT('',(7.180692439935,6.805993187559,-3.256259374061
    ));
#982 = CARTESIAN_POINT('',(6.967840742059,7.00873237264,-3.38718802147)
  );
#983 = CARTESIAN_POINT('',(6.599955701465,7.434581797834,-3.675083253104
    ));
#984 = CARTESIAN_POINT('',(6.441141046139,7.661488724692,-3.83458225762)
  );
#985 = CARTESIAN_POINT('',(6.175920005137,8.126360698773,-4.17755125977)
  );
#986 = CARTESIAN_POINT('',(6.070164898341,8.362252977572,-4.359376321074
    ));
#987 = CARTESIAN_POINT('',(5.904363908601,8.837423446592,-4.743816340843
    ));
#988 = CARTESIAN_POINT('',(5.844514754156,9.077681088488,-4.947426048055
    ));
#989 = CARTESIAN_POINT('',(5.767705142985,9.545676275937,-5.363654080663
    ));
#990 = CARTESIAN_POINT('',(5.75,9.775163490891,-5.577596503618));
#991 = CARTESIAN_POINT('',(5.75,10.,-5.797356367837));
#992 = PCURVE('',#886,#993);
#993 = DEFINITIONAL_REPRESENTATION('',(#994),#1086);
#994 = B_SPLINE_CURVE_WITH_KNOTS('',3,(#995,#996,#997,#998,#999,#1000,
    #1001,#1002,#1003,#1004,#1005,#1006,#1007,#1008,#1009,#1010,#1011,
    #1012,#1013,#1014,#1015,#1016,#1017,#1018,#1019,#1020,#1021,#1022,
    #1023,#1024,#1025,#1026,#1027,#1028,#1029,#1030,#1031,#1032,#1033,
    #1034,#1035,#1036,#1037,#1038,#1039,#1040,#1041,#1042,#1043,#1044,
    #1045,#1046,#1047,#1048,#1049,#1050,#1051,#1052,#1053,#1054,#1055,
    #1056,#1057,#1058,#1059,#1060,#1061,#1062,#1063,#1064,#1065,#1066,
    #1067,#1068,#1069,#1070,#1071,#1072,#1073,#1074,#1075,#1076,#1077,
    #1078,#1079,#1080,#1081,#1082,#1083,#1084,#1085),.UNSPECIFIED.,.F.,
  .F.,(4,1,1,1,1,1,1,1,1,1,1,1,1,1,1,1,1,1,1,1,1,1,1,1,1,1,1,1,1,1,1,1,1
    ,1,1,1,1,1,1,1,1,1,1,1,1,1,1,1,1,1,1,1,1,1,1,1,1,1,1,1,1,1,1,1,1,1,1
    ,1,1,1,1,1,1,1,1,1,1,1,1,1,1,1,1,1,1,1,1,1,4),(2.117499858743E-17,
    1.712471532878E-04,3.424943065755E-04,5.137414598633E-04,
    6.84988613151E-04,8.562357664388E-04,1.027482919727E-03,
    1.198730073014E-03,1.369977226302E-03,1.54122437959E-03,
    1.712471532878E-03,1.883718686165E-03,2.054965839453E-03,
    2.226212992741E-03,2.397460146029E-03,2.568707299316E-03,
    2.739954452604E-03,2.911201605892E-03,3.08244875918E-03,
    3.253695912467E-03,3.424943065755E-03,3.596190219043E-03,
    3.767437372331E-03,3.938684525618E-03,4.109931678906E-03,
    4.281178832194E-03,4.452425985482E-03,4.623673138769E-03,
    4.794920292057E-03,4.966167445345E-03,5.137414598633E-03,
    5.30866175192E-03,5.479908905208E-03,5.651156058496E-03,
    5.822403211784E-03,5.993650365071E-03,6.164897518359E-03,
    6.336144671647E-03,6.507391824935E-03,6.678638978223E-03,
    6.84988613151E-03,7.021133284798E-03,7.192380438086E-03,
    7.363627591374E-03,7.534874744661E-03,7.706121897949E-03,
    7.877369051237E-03,8.048616204525E-03,8.219863357812E-03,
    8.3911105111E-03,8.562357664388E-03,8.733604817676E-03,
    8.904851970963E-03,9.076099124251E-03,9.247346277539E-03,
    9.418593430827E-03,9.589840584114E-03,9.761087737402E-03,
    9.93233489069E-03,1.010358204398E-02,1.027482919727E-02,
    1.044607635055E-02,1.061732350384E-02,1.078857065713E-02,
    1.095981781042E-02,1.11310649637E-02,1.130231211699E-02,
    1.147355927028E-02,1.164480642357E-02,1.181605357686E-02,
    1.198730073014E-02,1.215854788343E-02,1.232979503672E-02,
    1.250104219001E-02,1.267228934329E-02,1.284353649658E-02,
    1.301478364987E-02,1.318603080316E-02,1.335727795645E-02,
    1.352852510973E-02,1.369977226302E-02,1.387101941631E-02,
    1.40422665696E-02,1.421351372288E-02,1.438476087617E-02,
    1.455600802946E-02,1.472725518275E-02,1.489850233603E-02,
    1.506974948932E-02),.UNSPECIFIED.);
#995 = CARTESIAN_POINT('',(6.28318530718,15.202643632163));
#996 = CARTESIAN_POINT('',(6.273463481642,15.24302775));
#997 = CARTESIAN_POINT('',(6.253971465866,15.323298764713));
#998 = CARTESIAN_POINT('',(6.224567540628,15.442214930489));
#999 = CARTESIAN_POINT('',(6.194977699142,15.559642047434));
#1000 = CARTESIAN_POINT('',(6.165179151959,15.675581419976));
#1001 = CARTESIAN_POINT('',(6.135147402793,15.7900343638));
#1002 = CARTESIAN_POINT('',(6.104856098865,15.903002152601));
#1003 = CARTESIAN_POINT('',(6.074277201604,16.014486216785));
#1004 = CARTESIAN_POINT('',(6.043381192401,16.124487401891));
#1005 = CARTESIAN_POINT('',(6.012136933693,16.233008736222));
#1006 = CARTESIAN_POINT('',(5.980513010354,16.340045101894));
#1007 = CARTESIAN_POINT('',(5.948473655575,16.445621783));
#1008 = CARTESIAN_POINT('',(5.915995047573,16.549650601918));
#1009 = CARTESIAN_POINT('',(5.883130262708,16.651830279771));
#1010 = CARTESIAN_POINT('',(5.849918195864,16.751974621368));
#1011 = CARTESIAN_POINT('',(5.816401165879,16.849861352639));
#1012 = CARTESIAN_POINT('',(5.782612045943,16.945297431349));
#1013 = CARTESIAN_POINT('',(5.74860456368,17.038008966804));
#1014 = CARTESIAN_POINT('',(5.714258120919,17.128304902873));
#1015 = CARTESIAN_POINT('',(5.679538477117,17.216162971983));
#1016 = CARTESIAN_POINT('',(5.644395253185,17.301599867984));
#1017 = CARTESIAN_POINT('',(5.60880065059,17.384571857418));
#1018 = CARTESIAN_POINT('',(5.572632712272,17.465237954634));
#1019 = CARTESIAN_POINT('',(5.536105764246,17.543006610059));
#1020 = CARTESIAN_POINT('',(5.499466967026,17.617300317418));
#1021 = CARTESIAN_POINT('',(5.462622810818,17.688291815789));
#1022 = CARTESIAN_POINT('',(5.425569509577,17.755952211433));
#1023 = CARTESIAN_POINT('',(5.388274514842,17.820308896529));
#1024 = CARTESIAN_POINT('',(5.350720333832,17.881365752395));
#1025 = CARTESIAN_POINT('',(5.312817996039,17.939205727548));
#1026 = CARTESIAN_POINT('',(5.274532376497,17.993806870335));
#1027 = CARTESIAN_POINT('',(5.235730964039,18.045252140027));
#1028 = CARTESIAN_POINT('',(5.196384548821,18.093471094603));
#1029 = CARTESIAN_POINT('',(5.156858306115,18.137960291146));
#1030 = CARTESIAN_POINT('',(5.117380808734,18.178462337245));
#1031 = CARTESIAN_POINT('',(5.077866861887,18.215134166863));
#1032 = CARTESIAN_POINT('',(5.038264785198,18.247984901745));
#1033 = CARTESIAN_POINT('',(4.998511032013,18.277064829546));
#1034 = CARTESIAN_POINT('',(4.95854566984,18.302407386488));
#1035 = CARTESIAN_POINT('',(4.918299149443,18.324072248627));
#1036 = CARTESIAN_POINT('',(4.877596933638,18.342007228617));
#1037 = CARTESIAN_POINT('',(4.836764878785,18.3560541687));
#1038 = CARTESIAN_POINT('',(4.796087176248,18.366074134246));
#1039 = CARTESIAN_POINT('',(4.755558624816,18.372160667547));
#1040 = CARTESIAN_POINT('',(4.715095509353,18.37434677132));
#1041 = CARTESIAN_POINT('',(4.67463535996,18.372679133942));
#1042 = CARTESIAN_POINT('',(4.634112592489,18.367113404078));
#1043 = CARTESIAN_POINT('',(4.593453102498,18.357622361929));
#1044 = CARTESIAN_POINT('',(4.552609660082,18.344102746803));
#1045 = CARTESIAN_POINT('',(4.511851178203,18.326670911998));
#1046 = CARTESIAN_POINT('',(4.471493130966,18.305464054702));
#1047 = CARTESIAN_POINT('',(4.431378745449,18.280533243566));
#1048 = CARTESIAN_POINT('',(4.391439334253,18.251809525193));
#1049 = CARTESIAN_POINT('',(4.351607654243,18.219239200599));
#1050 = CARTESIAN_POINT('',(4.311846665534,18.182795225277));
#1051 = CARTESIAN_POINT('',(4.272001918693,18.142328682393));
#1052 = CARTESIAN_POINT('',(4.232366622057,18.098151489949));
#1053 = CARTESIAN_POINT('',(4.193232173951,18.050614913811));
#1054 = CARTESIAN_POINT('',(4.154446363799,17.999608999854));
#1055 = CARTESIAN_POINT('',(4.115978338456,17.945147014311));
#1056 = CARTESIAN_POINT('',(4.077771294493,17.88721056198));
#1057 = CARTESIAN_POINT('',(4.039769601708,17.82578467304));
#1058 = CARTESIAN_POINT('',(4.001964758148,17.760792571737));
#1059 = CARTESIAN_POINT('',(3.964424043798,17.692460526424));
#1060 = CARTESIAN_POINT('',(3.927209000013,17.620975825329));
#1061 = CARTESIAN_POINT('',(3.890373596205,17.546509296145));
#1062 = CARTESIAN_POINT('',(3.854026558461,17.469336588827));
#1063 = CARTESIAN_POINT('',(3.818076946956,17.389330524823));
#1064 = CARTESIAN_POINT('',(3.782380252773,17.306301078296));
#1065 = CARTESIAN_POINT('',(3.746996077229,17.220462663728));
#1066 = CARTESIAN_POINT('',(3.711932544748,17.131919232003));
#1067 = CARTESIAN_POINT('',(3.677216045222,17.040812148071));
#1068 = CARTESIAN_POINT('',(3.64286503979,16.947243584227));
#1069 = CARTESIAN_POINT('',(3.608988048217,16.851663450756));
#1070 = CARTESIAN_POINT('',(3.575525097199,16.754018049112));
#1071 = CARTESIAN_POINT('',(3.542442372784,16.654321515802));
#1072 = CARTESIAN_POINT('',(3.509699906881,16.552559234865));
#1073 = CARTESIAN_POINT('',(3.477270733254,16.448763765165));
#1074 = CARTESIAN_POINT('',(3.445097990257,16.342807718727));
#1075 = CARTESIAN_POINT('',(3.413190036936,16.234814673423));
#1076 = CARTESIAN_POINT('',(3.381589982394,16.125065370301));
#1077 = CARTESIAN_POINT('',(3.35033625805,16.013803118399));
#1078 = CARTESIAN_POINT('',(3.319465568203,15.901263791611));
#1079 = CARTESIAN_POINT('',(3.289037419516,15.787750436424));
#1080 = CARTESIAN_POINT('',(3.258956205257,15.673076881769));
#1081 = CARTESIAN_POINT('',(3.229195145811,15.557249038181));
#1082 = CARTESIAN_POINT('',(3.199725548351,15.440265823205));
#1083 = CARTESIAN_POINT('',(3.170520910591,15.322128028799));
#1084 = CARTESIAN_POINT('',(3.151211470541,15.242599971112));
#1085 = CARTESIAN_POINT('',(3.14159265359,15.202643632163));
#1086 = ( GEOMETRIC_REPRESENTATION_CONTEXT(2) 
PARAMETRIC_REPRESENTATION_CONTEXT() REPRESENTATION_CONTEXT('2D SPACE',''
  ) );
#1087 = PCURVE('',#1088,#1093);
#1088 = CYLINDRICAL_SURFACE('',#1089,20.);
#1089 = AXIS2_PLACEMENT_3D('',#1090,#1091,#1092);
#1090 = CARTESIAN_POINT('',(0.,-3.979741641483,-20.10004225676));
#1091 = DIRECTION('',(1.,-0.,-0.));
#1092 = DIRECTION('',(0.,0.,-1.));
#1093 = DEFINITIONAL_REPRESENTATION('',(#1094),#1186);
#1094 = B_SPLINE_CURVE_WITH_KNOTS('',3,(#1095,#1096,#1097,#1098,#1099,
    #1100,#1101,#1102,#1103,#1104,#1105,#1106,#1107,#1108,#1109,#1110,
    #1111,#1112,#1113,#1114,#1115,#1116,#1117,#1118,#1119,#1120,#1121,
    #1122,#1123,#1124,#1125,#1126,#1127,#1128,#1129,#1130,#1131,#1132,
    #1133,#1134,#1135,#1136,#1137,#1138,#1139,#1140,#1141,#1142,#1143,
    #1144,#1145,#1146,#1147,#1148,#1149,#1150,#1151,#1152,#1153,#1154,
    #1155,#1156,#1157,#1158,#1159,#1160,#1161,#1162,#1163,#1164,#1165,
    #1166,#1167,#1168,#1169,#1170,#1171,#1172,#1173,#1174,#1175,#1176,
    #1177,#1178,#1179,#1180,#1181,#1182,#1183,#1184,#1185),
  .UNSPECIFIED.,.F.,.F.,(4,1,1,1,1,1,1,1,1,1,1,1,1,1,1,1,1,1,1,1,1,1,1,1
    ,1,1,1,1,1,1,1,1,1,1,1,1,1,1,1,1,1,1,1,1,1,1,1,1,1,1,1,1,1,1,1,1,1,1
    ,1,1,1,1,1,1,1,1,1,1,1,1,1,1,1,1,1,1,1,1,1,1,1,1,1,1,1,1,1,1,4),(
    2.117499858743E-17,1.712471532878E-04,3.424943065755E-04,
    5.137414598633E-04,6.84988613151E-04,8.562357664388E-04,
    1.027482919727E-03,1.198730073014E-03,1.369977226302E-03,
    1.54122437959E-03,1.712471532878E-03,1.883718686165E-03,
    2.054965839453E-03,2.226212992741E-03,2.397460146029E-03,
    2.568707299316E-03,2.739954452604E-03,2.911201605892E-03,
    3.08244875918E-03,3.253695912467E-03,3.424943065755E-03,
    3.596190219043E-03,3.767437372331E-03,3.938684525618E-03,
    4.109931678906E-03,4.281178832194E-03,4.452425985482E-03,
    4.623673138769E-03,4.794920292057E-03,4.966167445345E-03,
    5.137414598633E-03,5.30866175192E-03,5.479908905208E-03,
    5.651156058496E-03,5.822403211784E-03,5.993650365071E-03,
    6.164897518359E-03,6.336144671647E-03,6.507391824935E-03,
    6.678638978223E-03,6.84988613151E-03,7.021133284798E-03,
    7.192380438086E-03,7.363627591374E-03,7.534874744661E-03,
    7.706121897949E-03,7.877369051237E-03,8.048616204525E-03,
    8.219863357812E-03,8.3911105111E-03,8.562357664388E-03,
    8.733604817676E-03,8.904851970963E-03,9.076099124251E-03,
    9.247346277539E-03,9.418593430827E-03,9.589840584114E-03,
    9.761087737402E-03,9.93233489069E-03,1.010358204398E-02,
    1.027482919727E-02,1.044607635055E-02,1.061732350384E-02,
    1.078857065713E-02,1.095981781042E-02,1.11310649637E-02,
    1.130231211699E-02,1.147355927028E-02,1.164480642357E-02,
    1.181605357686E-02,1.198730073014E-02,1.215854788343E-02,
    1.232979503672E-02,1.250104219001E-02,1.267228934329E-02,
    1.284353649658E-02,1.301478364987E-02,1.318603080316E-02,
    1.335727795645E-02,1.352852510973E-02,1.369977226302E-02,
    1.387101941631E-02,1.40422665696E-02,1.421351372288E-02,
    1.438476087617E-02,1.455600802946E-02,1.472725518275E-02,
    1.489850233603E-02,1.506974948932E-02),.UNSPECIFIED.);
#1095 = CARTESIAN_POINT('',(2.367612541655,14.25));
#1096 = CARTESIAN_POINT('',(2.370501300404,14.25));
#1097 = CARTESIAN_POINT('',(2.376268894461,14.248830196352));
#1098 = CARTESIAN_POINT('',(2.384890405497,14.243459529866));
#1099 = CARTESIAN_POINT('',(2.393481932426,14.234366353288));
#1100 = CARTESIAN_POINT('',(2.402043351338,14.221444114075));
#1101 = CARTESIAN_POINT('',(2.410574526548,14.204586272547));
#1102 = CARTESIAN_POINT('',(2.419075305518,14.183686241039));
#1103 = CARTESIAN_POINT('',(2.427545532823,14.158637610964));
#1104 = CARTESIAN_POINT('',(2.435985001123,14.129333305407));
#1105 = CARTESIAN_POINT('',(2.444393635079,14.095668741687));
#1106 = CARTESIAN_POINT('',(2.452770806504,14.057530028516));
#1107 = CARTESIAN_POINT('',(2.46111789165,14.014838014797));
#1108 = CARTESIAN_POINT('',(2.469428728746,13.967383897282));
#1109 = CARTESIAN_POINT('',(2.477677711872,13.915075949987));
#1110 = CARTESIAN_POINT('',(2.485846826164,13.85795131234));
#1111 = CARTESIAN_POINT('',(2.493915549633,13.796015137161));
#1112 = CARTESIAN_POINT('',(2.501865513948,13.729271658286));
#1113 = CARTESIAN_POINT('',(2.509672040467,13.6577607721));
#1114 = CARTESIAN_POINT('',(2.517356121459,13.581280236783));
#1115 = CARTESIAN_POINT('',(2.524912231381,13.499662328609));
#1116 = CARTESIAN_POINT('',(2.532338088423,13.41272890007));
#1117 = CARTESIAN_POINT('',(2.539626007976,13.320365350206));
#1118 = CARTESIAN_POINT('',(2.546786405883,13.222213315662));
#1119 = CARTESIAN_POINT('',(2.553762444825,13.118825936105));
#1120 = CARTESIAN_POINT('',(2.560495687148,13.010936238515));
#1121 = CARTESIAN_POINT('',(2.566994822038,12.898364742498));
#1122 = CARTESIAN_POINT('',(2.573250410897,12.781179245268));
#1123 = CARTESIAN_POINT('',(2.579258029724,12.659370940991));
#1124 = CARTESIAN_POINT('',(2.585010968412,12.532990158408));
#1125 = CARTESIAN_POINT('',(2.590510315163,12.401818716269));
#1126 = CARTESIAN_POINT('',(2.595747283532,12.265816825227));
#1127 = CARTESIAN_POINT('',(2.600723363871,12.124585739106));
#1128 = CARTESIAN_POINT('',(2.605425099467,11.97810696114));
#1129 = CARTESIAN_POINT('',(2.609796470606,11.827887225392));
#1130 = CARTESIAN_POINT('',(2.613804042016,11.674991276062));
#1131 = CARTESIAN_POINT('',(2.617456072334,11.519352735531));
#1132 = CARTESIAN_POINT('',(2.620747941864,11.3609710452));
#1133 = CARTESIAN_POINT('',(2.623678577408,11.199825856576));
#1134 = CARTESIAN_POINT('',(2.626245461906,11.035910161727));
#1135 = CARTESIAN_POINT('',(2.628448170216,10.869183380369));
#1136 = CARTESIAN_POINT('',(2.630278102706,10.699131427807));
#1137 = CARTESIAN_POINT('',(2.631715813502,10.527383008638));
#1138 = CARTESIAN_POINT('',(2.632743361243,10.355399720872));
#1139 = CARTESIAN_POINT('',(2.633368467302,10.183464366352));
#1140 = CARTESIAN_POINT('',(2.63359343292,10.011505863394));
#1141 = CARTESIAN_POINT('',(2.633421755231,9.839541190471));
#1142 = CARTESIAN_POINT('',(2.632850060494,9.667573789125));
#1143 = CARTESIAN_POINT('',(2.63187652941,9.495572664264));
#1144 = CARTESIAN_POINT('',(2.630492308116,9.323641929397));
#1145 = CARTESIAN_POINT('',(2.628712961018,9.153184371175));
#1146 = CARTESIAN_POINT('',(2.626555716968,8.985792690496));
#1147 = CARTESIAN_POINT('',(2.624028959216,8.82103490065));
#1148 = CARTESIAN_POINT('',(2.621132283863,8.658881106211));
#1149 = CARTESIAN_POINT('',(2.617866276978,8.49930705629));
#1150 = CARTESIAN_POINT('',(2.614234320459,8.342401319376));
#1151 = CARTESIAN_POINT('',(2.610227484651,8.18779554191));
#1152 = CARTESIAN_POINT('',(2.605883153675,8.036836239143));
#1153 = CARTESIAN_POINT('',(2.601243893154,7.890806521081));
#1154 = CARTESIAN_POINT('',(2.596305868402,7.749274887627));
#1155 = CARTESIAN_POINT('',(2.591077575447,7.612265855273));
#1156 = CARTESIAN_POINT('',(2.585564330577,7.479694484252));
#1157 = CARTESIAN_POINT('',(2.579771571995,7.351457643245));
#1158 = CARTESIAN_POINT('',(2.57370123293,7.22773117561));
#1159 = CARTESIAN_POINT('',(2.567380214815,7.10877666768));
#1160 = CARTESIAN_POINT('',(2.56083213219,6.994838403403));
#1161 = CARTESIAN_POINT('',(2.554078992534,6.88612512432));
#1162 = CARTESIAN_POINT('',(2.547152206658,6.783005043987));
#1163 = CARTESIAN_POINT('',(2.540046804199,6.685244030302));
#1164 = CARTESIAN_POINT('',(2.532749923237,6.592405394223));
#1165 = CARTESIAN_POINT('',(2.525285095643,6.504655298903));
#1166 = CARTESIAN_POINT('',(2.517665903242,6.421998662604));
#1167 = CARTESIAN_POINT('',(2.509909058232,6.344482530953));
#1168 = CARTESIAN_POINT('',(2.502028373032,6.272146685013));
#1169 = CARTESIAN_POINT('',(2.494063718299,6.205091834326));
#1170 = CARTESIAN_POINT('',(2.486012611297,6.143140263274));
#1171 = CARTESIAN_POINT('',(2.477878351545,6.08615620799));
#1172 = CARTESIAN_POINT('',(2.469661910767,6.033994751415));
#1173 = CARTESIAN_POINT('',(2.461367595111,5.986505637516));
#1174 = CARTESIAN_POINT('',(2.452988497814,5.943569119344));
#1175 = CARTESIAN_POINT('',(2.444535643222,5.905152142422));
#1176 = CARTESIAN_POINT('',(2.436031008421,5.871189686262));
#1177 = CARTESIAN_POINT('',(2.427494015764,5.841627168607));
#1178 = CARTESIAN_POINT('',(2.418943322675,5.816400220286));
#1179 = CARTESIAN_POINT('',(2.410403083394,5.79547318156));
#1180 = CARTESIAN_POINT('',(2.401857250457,5.778588307266));
#1181 = CARTESIAN_POINT('',(2.393305900058,5.765649724737));
#1182 = CARTESIAN_POINT('',(2.384748472319,5.756546194701));
#1183 = CARTESIAN_POINT('',(2.376184574579,5.751170596767));
#1184 = CARTESIAN_POINT('',(2.370470701488,5.75));
#1185 = CARTESIAN_POINT('',(2.367612541655,5.75));
#1186 = ( GEOMETRIC_REPRESENTATION_CONTEXT(2) 
PARAMETRIC_REPRESENTATION_CONTEXT() REPRESENTATION_CONTEXT('2D SPACE',''
  ) );
#1187 = ADVANCED_FACE('',(#1188,#1213),#240,.F.);
#1188 = FACE_BOUND('',#1189,.T.);
#1189 = EDGE_LOOP('',(#1190,#1212));
#1190 = ORIENTED_EDGE('',*,*,#1191,.T.);
#1191 = EDGE_CURVE('',#139,#203,#1192,.T.);
#1192 = SURFACE_CURVE('',#1193,(#1198,#1205),.PCURVE_S1.);
#1193 = CIRCLE('',#1194,1.6);
#1194 = AXIS2_PLACEMENT_3D('',#1195,#1196,#1197);
#1195 = CARTESIAN_POINT('',(10.,20.,-6.5));
#1196 = DIRECTION('',(0.,-1.,0.));
#1197 = DIRECTION('',(0.,0.,-1.));
#1198 = PCURVE('',#240,#1199);
#1199 = DEFINITIONAL_REPRESENTATION('',(#1200),#1204);
#1200 = CIRCLE('',#1201,1.6);
#1201 = AXIS2_PLACEMENT_2D('',#1202,#1203);
#1202 = CARTESIAN_POINT('',(10.5,10.));
#1203 = DIRECTION('',(1.,0.));
#1204 = ( GEOMETRIC_REPRESENTATION_CONTEXT(2) 
PARAMETRIC_REPRESENTATION_CONTEXT() REPRESENTATION_CONTEXT('2D SPACE',''
  ) );
#1205 = PCURVE('',#161,#1206);
#1206 = DEFINITIONAL_REPRESENTATION('',(#1207),#1211);
#1207 = LINE('',#1208,#1209);
#1208 = CARTESIAN_POINT('',(0.,12.5));
#1209 = VECTOR('',#1210,1.);
#1210 = DIRECTION('',(1.,0.));
#1211 = ( GEOMETRIC_REPRESENTATION_CONTEXT(2) 
PARAMETRIC_REPRESENTATION_CONTEXT() REPRESENTATION_CONTEXT('2D SPACE',''
  ) );
#1212 = ORIENTED_EDGE('',*,*,#225,.T.);
#1213 = FACE_BOUND('',#1214,.T.);
#1214 = EDGE_LOOP('',(#1215,#1240,#1268,#1296));
#1215 = ORIENTED_EDGE('',*,*,#1216,.F.);
#1216 = EDGE_CURVE('',#1217,#1219,#1221,.T.);
#1217 = VERTEX_POINT('',#1218);
#1218 = CARTESIAN_POINT('',(20.,20.,0.));
#1219 = VERTEX_POINT('',#1220);
#1220 = CARTESIAN_POINT('',(0.,20.,0.));
#1221 = SURFACE_CURVE('',#1222,(#1226,#1233),.PCURVE_S1.);
#1222 = LINE('',#1223,#1224);
#1223 = CARTESIAN_POINT('',(20.,20.,0.));
#1224 = VECTOR('',#1225,1.);
#1225 = DIRECTION('',(-1.,0.,0.));
#1226 = PCURVE('',#240,#1227);
#1227 = DEFINITIONAL_REPRESENTATION('',(#1228),#1232);
#1228 = LINE('',#1229,#1230);
#1229 = CARTESIAN_POINT('',(4.,20.));
#1230 = VECTOR('',#1231,1.);
#1231 = DIRECTION('',(-0.,-1.));
#1232 = ( GEOMETRIC_REPRESENTATION_CONTEXT(2) 
PARAMETRIC_REPRESENTATION_CONTEXT() REPRESENTATION_CONTEXT('2D SPACE',''
  ) );
#1233 = PCURVE('',#123,#1234);
#1234 = DEFINITIONAL_REPRESENTATION('',(#1235),#1239);
#1235 = LINE('',#1236,#1237);
#1236 = CARTESIAN_POINT('',(0.,-20.));
#1237 = VECTOR('',#1238,1.);
#1238 = DIRECTION('',(-1.,0.));
#1239 = ( GEOMETRIC_REPRESENTATION_CONTEXT(2) 
PARAMETRIC_REPRESENTATION_CONTEXT() REPRESENTATION_CONTEXT('2D SPACE',''
  ) );
#1240 = ORIENTED_EDGE('',*,*,#1241,.T.);
#1241 = EDGE_CURVE('',#1217,#1242,#1244,.T.);
#1242 = VERTEX_POINT('',#1243);
#1243 = CARTESIAN_POINT('',(20.,20.,-21.));
#1244 = SURFACE_CURVE('',#1245,(#1249,#1256),.PCURVE_S1.);
#1245 = LINE('',#1246,#1247);
#1246 = CARTESIAN_POINT('',(20.,20.,4.));
#1247 = VECTOR('',#1248,1.);
#1248 = DIRECTION('',(-0.,-0.,-1.));
#1249 = PCURVE('',#240,#1250);
#1250 = DEFINITIONAL_REPRESENTATION('',(#1251),#1255);
#1251 = LINE('',#1252,#1253);
#1252 = CARTESIAN_POINT('',(0.,20.));
#1253 = VECTOR('',#1254,1.);
#1254 = DIRECTION('',(1.,0.));
#1255 = ( GEOMETRIC_REPRESENTATION_CONTEXT(2) 
PARAMETRIC_REPRESENTATION_CONTEXT() REPRESENTATION_CONTEXT('2D SPACE',''
  ) );
#1256 = PCURVE('',#1257,#1262);
#1257 = PLANE('',#1258);
#1258 = AXIS2_PLACEMENT_3D('',#1259,#1260,#1261);
#1259 = CARTESIAN_POINT('',(20.,43.979741641483,-20.10004225676));
#1260 = DIRECTION('',(-1.,-0.,0.));
#1261 = DIRECTION('',(0.,0.,1.));
#1262 = DEFINITIONAL_REPRESENTATION('',(#1263),#1267);
#1263 = LINE('',#1264,#1265);
#1264 = CARTESIAN_POINT('',(24.100042256767,-23.97974164148));
#1265 = VECTOR('',#1266,1.);
#1266 = DIRECTION('',(-1.,0.));
#1267 = ( GEOMETRIC_REPRESENTATION_CONTEXT(2) 
PARAMETRIC_REPRESENTATION_CONTEXT() REPRESENTATION_CONTEXT('2D SPACE',''
  ) );
#1268 = ORIENTED_EDGE('',*,*,#1269,.F.);
#1269 = EDGE_CURVE('',#1270,#1242,#1272,.T.);
#1270 = VERTEX_POINT('',#1271);
#1271 = CARTESIAN_POINT('',(0.,20.,-21.));
#1272 = SURFACE_CURVE('',#1273,(#1277,#1284),.PCURVE_S1.);
#1273 = LINE('',#1274,#1275);
#1274 = CARTESIAN_POINT('',(0.,20.,-21.));
#1275 = VECTOR('',#1276,1.);
#1276 = DIRECTION('',(1.,0.,0.));
#1277 = PCURVE('',#240,#1278);
#1278 = DEFINITIONAL_REPRESENTATION('',(#1279),#1283);
#1279 = LINE('',#1280,#1281);
#1280 = CARTESIAN_POINT('',(25.,0.));
#1281 = VECTOR('',#1282,1.);
#1282 = DIRECTION('',(0.,1.));
#1283 = ( GEOMETRIC_REPRESENTATION_CONTEXT(2) 
PARAMETRIC_REPRESENTATION_CONTEXT() REPRESENTATION_CONTEXT('2D SPACE',''
  ) );
#1284 = PCURVE('',#1285,#1290);
#1285 = PLANE('',#1286);
#1286 = AXIS2_PLACEMENT_3D('',#1287,#1288,#1289);
#1287 = CARTESIAN_POINT('',(0.,0.,-21.));
#1288 = DIRECTION('',(-0.,0.,-1.));
#1289 = DIRECTION('',(-1.,0.,0.));
#1290 = DEFINITIONAL_REPRESENTATION('',(#1291),#1295);
#1291 = LINE('',#1292,#1293);
#1292 = CARTESIAN_POINT('',(0.,20.));
#1293 = VECTOR('',#1294,1.);
#1294 = DIRECTION('',(-1.,0.));
#1295 = ( GEOMETRIC_REPRESENTATION_CONTEXT(2) 
PARAMETRIC_REPRESENTATION_CONTEXT() REPRESENTATION_CONTEXT('2D SPACE',''
  ) );
#1296 = ORIENTED_EDGE('',*,*,#1297,.F.);
#1297 = EDGE_CURVE('',#1219,#1270,#1298,.T.);
#1298 = SURFACE_CURVE('',#1299,(#1303,#1310),.PCURVE_S1.);
#1299 = LINE('',#1300,#1301);
#1300 = CARTESIAN_POINT('',(0.,20.,4.));
#1301 = VECTOR('',#1302,1.);
#1302 = DIRECTION('',(-0.,-0.,-1.));
#1303 = PCURVE('',#240,#1304);
#1304 = DEFINITIONAL_REPRESENTATION('',(#1305),#1309);
#1305 = LINE('',#1306,#1307);
#1306 = CARTESIAN_POINT('',(0.,0.));
#1307 = VECTOR('',#1308,1.);
#1308 = DIRECTION('',(1.,0.));
#1309 = ( GEOMETRIC_REPRESENTATION_CONTEXT(2) 
PARAMETRIC_REPRESENTATION_CONTEXT() REPRESENTATION_CONTEXT('2D SPACE',''
  ) );
#1310 = PCURVE('',#1311,#1316);
#1311 = PLANE('',#1312);
#1312 = AXIS2_PLACEMENT_3D('',#1313,#1314,#1315);
#1313 = CARTESIAN_POINT('',(0.,0.,4.));
#1314 = DIRECTION('',(1.,0.,0.));
#1315 = DIRECTION('',(0.,0.,-1.));
#1316 = DEFINITIONAL_REPRESENTATION('',(#1317),#1321);
#1317 = LINE('',#1318,#1319);
#1318 = CARTESIAN_POINT('',(0.,20.));
#1319 = VECTOR('',#1320,1.);
#1320 = DIRECTION('',(1.,0.));
#1321 = ( GEOMETRIC_REPRESENTATION_CONTEXT(2) 
PARAMETRIC_REPRESENTATION_CONTEXT() REPRESENTATION_CONTEXT('2D SPACE',''
  ) );
#1322 = ADVANCED_FACE('',(#1323),#1311,.F.);
#1323 = FACE_BOUND('',#1324,.T.);
#1324 = EDGE_LOOP('',(#1325,#1348,#1381,#1409,#1437,#1460,#1488,#1509));
#1325 = ORIENTED_EDGE('',*,*,#1326,.F.);
#1326 = EDGE_CURVE('',#1327,#1270,#1329,.T.);
#1327 = VERTEX_POINT('',#1328);
#1328 = CARTESIAN_POINT('',(0.,19.819202410854,-21.));
#1329 = SURFACE_CURVE('',#1330,(#1334,#1341),.PCURVE_S1.);
#1330 = LINE('',#1331,#1332);
#1331 = CARTESIAN_POINT('',(0.,0.,-21.));
#1332 = VECTOR('',#1333,1.);
#1333 = DIRECTION('',(0.,1.,0.));
#1334 = PCURVE('',#1311,#1335);
#1335 = DEFINITIONAL_REPRESENTATION('',(#1336),#1340);
#1336 = LINE('',#1337,#1338);
#1337 = CARTESIAN_POINT('',(25.,0.));
#1338 = VECTOR('',#1339,1.);
#1339 = DIRECTION('',(0.,1.));
#1340 = ( GEOMETRIC_REPRESENTATION_CONTEXT(2) 
PARAMETRIC_REPRESENTATION_CONTEXT() REPRESENTATION_CONTEXT('2D SPACE',''
  ) );
#1341 = PCURVE('',#1285,#1342);
#1342 = DEFINITIONAL_REPRESENTATION('',(#1343),#1347);
#1343 = LINE('',#1344,#1345);
#1344 = CARTESIAN_POINT('',(0.,0.));
#1345 = VECTOR('',#1346,1.);
#1346 = DIRECTION('',(0.,1.));
#1347 = ( GEOMETRIC_REPRESENTATION_CONTEXT(2) 
PARAMETRIC_REPRESENTATION_CONTEXT() REPRESENTATION_CONTEXT('2D SPACE',''
  ) );
#1348 = ORIENTED_EDGE('',*,*,#1349,.T.);
#1349 = EDGE_CURVE('',#1327,#1350,#1352,.T.);
#1350 = VERTEX_POINT('',#1351);
#1351 = CARTESIAN_POINT('',(0.,15.852711735465,-17.51667370946));
#1352 = SURFACE_CURVE('',#1353,(#1358,#1369),.PCURVE_S1.);
#1353 = CIRCLE('',#1354,4.);
#1354 = AXIS2_PLACEMENT_3D('',#1355,#1356,#1357);
#1355 = CARTESIAN_POINT('',(0.,19.819202410854,-17.));
#1356 = DIRECTION('',(-1.,-0.,-0.));
#1357 = DIRECTION('',(0.,0.,-1.));
#1358 = PCURVE('',#1311,#1359);
#1359 = DEFINITIONAL_REPRESENTATION('',(#1360),#1368);
#1360 = ( BOUNDED_CURVE() B_SPLINE_CURVE(2,(#1361,#1362,#1363,#1364,
#1365,#1366,#1367),.UNSPECIFIED.,.T.,.F.) B_SPLINE_CURVE_WITH_KNOTS((1,2
    ,2,2,2,1),(-2.094395102393,0.,2.094395102393,4.188790204786,
6.28318530718,8.377580409573),.UNSPECIFIED.) CURVE() 
GEOMETRIC_REPRESENTATION_ITEM() RATIONAL_B_SPLINE_CURVE((1.,0.5,1.,0.5,
1.,0.5,1.)) REPRESENTATION_ITEM('') );
#1361 = CARTESIAN_POINT('',(25.,19.819202410854));
#1362 = CARTESIAN_POINT('',(25.,12.890999180579));
#1363 = CARTESIAN_POINT('',(19.,16.355100795716));
#1364 = CARTESIAN_POINT('',(13.,19.819202410854));
#1365 = CARTESIAN_POINT('',(19.,23.283304025992));
#1366 = CARTESIAN_POINT('',(25.,26.74740564113));
#1367 = CARTESIAN_POINT('',(25.,19.819202410854));
#1368 = ( GEOMETRIC_REPRESENTATION_CONTEXT(2) 
PARAMETRIC_REPRESENTATION_CONTEXT() REPRESENTATION_CONTEXT('2D SPACE',''
  ) );
#1369 = PCURVE('',#1370,#1375);
#1370 = CYLINDRICAL_SURFACE('',#1371,4.);
#1371 = AXIS2_PLACEMENT_3D('',#1372,#1373,#1374);
#1372 = CARTESIAN_POINT('',(0.,19.819202410854,-17.));
#1373 = DIRECTION('',(1.,-0.,-0.));
#1374 = DIRECTION('',(0.,0.,-1.));
#1375 = DEFINITIONAL_REPRESENTATION('',(#1376),#1380);
#1376 = LINE('',#1377,#1378);
#1377 = CARTESIAN_POINT('',(6.28318530718,0.));
#1378 = VECTOR('',#1379,1.);
#1379 = DIRECTION('',(-1.,0.));
#1380 = ( GEOMETRIC_REPRESENTATION_CONTEXT(2) 
PARAMETRIC_REPRESENTATION_CONTEXT() REPRESENTATION_CONTEXT('2D SPACE',''
  ) );
#1381 = ORIENTED_EDGE('',*,*,#1382,.F.);
#1382 = EDGE_CURVE('',#1383,#1350,#1385,.T.);
#1383 = VERTEX_POINT('',#1384);
#1384 = CARTESIAN_POINT('',(0.,0.,-0.5));
#1385 = SURFACE_CURVE('',#1386,(#1391,#1402),.PCURVE_S1.);
#1386 = CIRCLE('',#1387,20.);
#1387 = AXIS2_PLACEMENT_3D('',#1388,#1389,#1390);
#1388 = CARTESIAN_POINT('',(0.,-3.979741641483,-20.10004225676));
#1389 = DIRECTION('',(-1.,0.,-0.));
#1390 = DIRECTION('',(0.,8.673617379884E-16,-1.));
#1391 = PCURVE('',#1311,#1392);
#1392 = DEFINITIONAL_REPRESENTATION('',(#1393),#1401);
#1393 = ( BOUNDED_CURVE() B_SPLINE_CURVE(2,(#1394,#1395,#1396,#1397,
#1398,#1399,#1400),.UNSPECIFIED.,.T.,.F.) B_SPLINE_CURVE_WITH_KNOTS((1,2
    ,2,2,2,1),(-2.094395102393,0.,2.094395102393,4.188790204786,
6.28318530718,8.377580409573),.UNSPECIFIED.) CURVE() 
GEOMETRIC_REPRESENTATION_ITEM() RATIONAL_B_SPLINE_CURVE((1.,0.5,1.,0.5,
1.,0.5,1.)) REPRESENTATION_ITEM('') );
#1394 = CARTESIAN_POINT('',(44.100042256767,-3.979741641483));
#1395 = CARTESIAN_POINT('',(44.100042256767,-38.62075779286));
#1396 = CARTESIAN_POINT('',(14.100042256767,-21.30024971717));
#1397 = CARTESIAN_POINT('',(-15.89995774323,-3.979741641483));
#1398 = CARTESIAN_POINT('',(14.100042256767,13.340766434206));
#1399 = CARTESIAN_POINT('',(44.100042256767,30.661274509895));
#1400 = CARTESIAN_POINT('',(44.100042256767,-3.979741641483));
#1401 = ( GEOMETRIC_REPRESENTATION_CONTEXT(2) 
PARAMETRIC_REPRESENTATION_CONTEXT() REPRESENTATION_CONTEXT('2D SPACE',''
  ) );
#1402 = PCURVE('',#1088,#1403);
#1403 = DEFINITIONAL_REPRESENTATION('',(#1404),#1408);
#1404 = LINE('',#1405,#1406);
#1405 = CARTESIAN_POINT('',(6.28318530718,0.));
#1406 = VECTOR('',#1407,1.);
#1407 = DIRECTION('',(-1.,0.));
#1408 = ( GEOMETRIC_REPRESENTATION_CONTEXT(2) 
PARAMETRIC_REPRESENTATION_CONTEXT() REPRESENTATION_CONTEXT('2D SPACE',''
  ) );
#1409 = ORIENTED_EDGE('',*,*,#1410,.F.);
#1410 = EDGE_CURVE('',#1411,#1383,#1413,.T.);
#1411 = VERTEX_POINT('',#1412);
#1412 = CARTESIAN_POINT('',(0.,0.,5.5));
#1413 = SURFACE_CURVE('',#1414,(#1418,#1425),.PCURVE_S1.);
#1414 = LINE('',#1415,#1416);
#1415 = CARTESIAN_POINT('',(0.,0.,4.));
#1416 = VECTOR('',#1417,1.);
#1417 = DIRECTION('',(-0.,-0.,-1.));
#1418 = PCURVE('',#1311,#1419);
#1419 = DEFINITIONAL_REPRESENTATION('',(#1420),#1424);
#1420 = LINE('',#1421,#1422);
#1421 = CARTESIAN_POINT('',(0.,0.));
#1422 = VECTOR('',#1423,1.);
#1423 = DIRECTION('',(1.,0.));
#1424 = ( GEOMETRIC_REPRESENTATION_CONTEXT(2) 
PARAMETRIC_REPRESENTATION_CONTEXT() REPRESENTATION_CONTEXT('2D SPACE',''
  ) );
#1425 = PCURVE('',#1426,#1431);
#1426 = PLANE('',#1427);
#1427 = AXIS2_PLACEMENT_3D('',#1428,#1429,#1430);
#1428 = CARTESIAN_POINT('',(0.,0.,4.));
#1429 = DIRECTION('',(0.,1.,0.));
#1430 = DIRECTION('',(0.,-0.,1.));
#1431 = DEFINITIONAL_REPRESENTATION('',(#1432),#1436);
#1432 = LINE('',#1433,#1434);
#1433 = CARTESIAN_POINT('',(0.,0.));
#1434 = VECTOR('',#1435,1.);
#1435 = DIRECTION('',(-1.,0.));
#1436 = ( GEOMETRIC_REPRESENTATION_CONTEXT(2) 
PARAMETRIC_REPRESENTATION_CONTEXT() REPRESENTATION_CONTEXT('2D SPACE',''
  ) );
#1437 = ORIENTED_EDGE('',*,*,#1438,.F.);
#1438 = EDGE_CURVE('',#1439,#1411,#1441,.T.);
#1439 = VERTEX_POINT('',#1440);
#1440 = CARTESIAN_POINT('',(0.,40.,5.5));
#1441 = SURFACE_CURVE('',#1442,(#1446,#1453),.PCURVE_S1.);
#1442 = LINE('',#1443,#1444);
#1443 = CARTESIAN_POINT('',(0.,20.,5.5));
#1444 = VECTOR('',#1445,1.);
#1445 = DIRECTION('',(0.,-1.,0.));
#1446 = PCURVE('',#1311,#1447);
#1447 = DEFINITIONAL_REPRESENTATION('',(#1448),#1452);
#1448 = LINE('',#1449,#1450);
#1449 = CARTESIAN_POINT('',(-1.5,20.));
#1450 = VECTOR('',#1451,1.);
#1451 = DIRECTION('',(0.,-1.));
#1452 = ( GEOMETRIC_REPRESENTATION_CONTEXT(2) 
PARAMETRIC_REPRESENTATION_CONTEXT() REPRESENTATION_CONTEXT('2D SPACE',''
  ) );
#1453 = PCURVE('',#73,#1454);
#1454 = DEFINITIONAL_REPRESENTATION('',(#1455),#1459);
#1455 = LINE('',#1456,#1457);
#1456 = CARTESIAN_POINT('',(0.,20.));
#1457 = VECTOR('',#1458,1.);
#1458 = DIRECTION('',(0.,-1.));
#1459 = ( GEOMETRIC_REPRESENTATION_CONTEXT(2) 
PARAMETRIC_REPRESENTATION_CONTEXT() REPRESENTATION_CONTEXT('2D SPACE',''
  ) );
#1460 = ORIENTED_EDGE('',*,*,#1461,.F.);
#1461 = EDGE_CURVE('',#1462,#1439,#1464,.T.);
#1462 = VERTEX_POINT('',#1463);
#1463 = CARTESIAN_POINT('',(0.,40.,0.));
#1464 = SURFACE_CURVE('',#1465,(#1469,#1476),.PCURVE_S1.);
#1465 = LINE('',#1466,#1467);
#1466 = CARTESIAN_POINT('',(0.,40.,5.5));
#1467 = VECTOR('',#1468,1.);
#1468 = DIRECTION('',(-0.,-0.,1.));
#1469 = PCURVE('',#1311,#1470);
#1470 = DEFINITIONAL_REPRESENTATION('',(#1471),#1475);
#1471 = LINE('',#1472,#1473);
#1472 = CARTESIAN_POINT('',(-1.5,40.));
#1473 = VECTOR('',#1474,1.);
#1474 = DIRECTION('',(-1.,0.));
#1475 = ( GEOMETRIC_REPRESENTATION_CONTEXT(2) 
PARAMETRIC_REPRESENTATION_CONTEXT() REPRESENTATION_CONTEXT('2D SPACE',''
  ) );
#1476 = PCURVE('',#1477,#1482);
#1477 = PLANE('',#1478);
#1478 = AXIS2_PLACEMENT_3D('',#1479,#1480,#1481);
#1479 = CARTESIAN_POINT('',(0.,40.,0.));
#1480 = DIRECTION('',(0.,1.,0.));
#1481 = DIRECTION('',(0.,-0.,1.));
#1482 = DEFINITIONAL_REPRESENTATION('',(#1483),#1487);
#1483 = LINE('',#1484,#1485);
#1484 = CARTESIAN_POINT('',(5.5,0.));
#1485 = VECTOR('',#1486,1.);
#1486 = DIRECTION('',(1.,-0.));
#1487 = ( GEOMETRIC_REPRESENTATION_CONTEXT(2) 
PARAMETRIC_REPRESENTATION_CONTEXT() REPRESENTATION_CONTEXT('2D SPACE',''
  ) );
#1488 = ORIENTED_EDGE('',*,*,#1489,.T.);
#1489 = EDGE_CURVE('',#1462,#1219,#1490,.T.);
#1490 = SURFACE_CURVE('',#1491,(#1495,#1502),.PCURVE_S1.);
#1491 = LINE('',#1492,#1493);
#1492 = CARTESIAN_POINT('',(0.,40.,0.));
#1493 = VECTOR('',#1494,1.);
#1494 = DIRECTION('',(-0.,-1.,-0.));
#1495 = PCURVE('',#1311,#1496);
#1496 = DEFINITIONAL_REPRESENTATION('',(#1497),#1501);
#1497 = LINE('',#1498,#1499);
#1498 = CARTESIAN_POINT('',(4.,40.));
#1499 = VECTOR('',#1500,1.);
#1500 = DIRECTION('',(0.,-1.));
#1501 = ( GEOMETRIC_REPRESENTATION_CONTEXT(2) 
PARAMETRIC_REPRESENTATION_CONTEXT() REPRESENTATION_CONTEXT('2D SPACE',''
  ) );
#1502 = PCURVE('',#123,#1503);
#1503 = DEFINITIONAL_REPRESENTATION('',(#1504),#1508);
#1504 = LINE('',#1505,#1506);
#1505 = CARTESIAN_POINT('',(-20.,0.));
#1506 = VECTOR('',#1507,1.);
#1507 = DIRECTION('',(-0.,-1.));
#1508 = ( GEOMETRIC_REPRESENTATION_CONTEXT(2) 
PARAMETRIC_REPRESENTATION_CONTEXT() REPRESENTATION_CONTEXT('2D SPACE',''
  ) );
#1509 = ORIENTED_EDGE('',*,*,#1297,.T.);
#1510 = ADVANCED_FACE('',(#1511),#1426,.F.);
#1511 = FACE_BOUND('',#1512,.T.);
#1512 = EDGE_LOOP('',(#1513,#1536,#1564,#1585));
#1513 = ORIENTED_EDGE('',*,*,#1514,.T.);
#1514 = EDGE_CURVE('',#1383,#1515,#1517,.T.);
#1515 = VERTEX_POINT('',#1516);
#1516 = CARTESIAN_POINT('',(21.,8.673617379884E-16,-0.5));
#1517 = SURFACE_CURVE('',#1518,(#1522,#1529),.PCURVE_S1.);
#1518 = LINE('',#1519,#1520);
#1519 = CARTESIAN_POINT('',(0.,0.,-0.5));
#1520 = VECTOR('',#1521,1.);
#1521 = DIRECTION('',(1.,-0.,-0.));
#1522 = PCURVE('',#1426,#1523);
#1523 = DEFINITIONAL_REPRESENTATION('',(#1524),#1528);
#1524 = LINE('',#1525,#1526);
#1525 = CARTESIAN_POINT('',(-4.5,0.));
#1526 = VECTOR('',#1527,1.);
#1527 = DIRECTION('',(0.,1.));
#1528 = ( GEOMETRIC_REPRESENTATION_CONTEXT(2) 
PARAMETRIC_REPRESENTATION_CONTEXT() REPRESENTATION_CONTEXT('2D SPACE',''
  ) );
#1529 = PCURVE('',#1088,#1530);
#1530 = DEFINITIONAL_REPRESENTATION('',(#1531),#1535);
#1531 = LINE('',#1532,#1533);
#1532 = CARTESIAN_POINT('',(2.941268428956,0.));
#1533 = VECTOR('',#1534,1.);
#1534 = DIRECTION('',(0.,1.));
#1535 = ( GEOMETRIC_REPRESENTATION_CONTEXT(2) 
PARAMETRIC_REPRESENTATION_CONTEXT() REPRESENTATION_CONTEXT('2D SPACE',''
  ) );
#1536 = ORIENTED_EDGE('',*,*,#1537,.F.);
#1537 = EDGE_CURVE('',#1538,#1515,#1540,.T.);
#1538 = VERTEX_POINT('',#1539);
#1539 = CARTESIAN_POINT('',(21.,0.,5.5));
#1540 = SURFACE_CURVE('',#1541,(#1545,#1552),.PCURVE_S1.);
#1541 = LINE('',#1542,#1543);
#1542 = CARTESIAN_POINT('',(21.,0.,5.5));
#1543 = VECTOR('',#1544,1.);
#1544 = DIRECTION('',(0.,1.445602896647E-16,-1.));
#1545 = PCURVE('',#1426,#1546);
#1546 = DEFINITIONAL_REPRESENTATION('',(#1547),#1551);
#1547 = LINE('',#1548,#1549);
#1548 = CARTESIAN_POINT('',(1.5,21.));
#1549 = VECTOR('',#1550,1.);
#1550 = DIRECTION('',(-1.,0.));
#1551 = ( GEOMETRIC_REPRESENTATION_CONTEXT(2) 
PARAMETRIC_REPRESENTATION_CONTEXT() REPRESENTATION_CONTEXT('2D SPACE',''
  ) );
#1552 = PCURVE('',#1553,#1558);
#1553 = PLANE('',#1554);
#1554 = AXIS2_PLACEMENT_3D('',#1555,#1556,#1557);
#1555 = CARTESIAN_POINT('',(21.,43.979741641483,-20.10004225676));
#1556 = DIRECTION('',(-1.,-0.,0.));
#1557 = DIRECTION('',(0.,0.,1.));
#1558 = DEFINITIONAL_REPRESENTATION('',(#1559),#1563);
#1559 = LINE('',#1560,#1561);
#1560 = CARTESIAN_POINT('',(25.600042256767,-43.97974164148));
#1561 = VECTOR('',#1562,1.);
#1562 = DIRECTION('',(-1.,1.445602896647E-16));
#1563 = ( GEOMETRIC_REPRESENTATION_CONTEXT(2) 
PARAMETRIC_REPRESENTATION_CONTEXT() REPRESENTATION_CONTEXT('2D SPACE',''
  ) );
#1564 = ORIENTED_EDGE('',*,*,#1565,.F.);
#1565 = EDGE_CURVE('',#1411,#1538,#1566,.T.);
#1566 = SURFACE_CURVE('',#1567,(#1571,#1578),.PCURVE_S1.);
#1567 = LINE('',#1568,#1569);
#1568 = CARTESIAN_POINT('',(0.,0.,5.5));
#1569 = VECTOR('',#1570,1.);
#1570 = DIRECTION('',(1.,0.,0.));
#1571 = PCURVE('',#1426,#1572);
#1572 = DEFINITIONAL_REPRESENTATION('',(#1573),#1577);
#1573 = LINE('',#1574,#1575);
#1574 = CARTESIAN_POINT('',(1.5,0.));
#1575 = VECTOR('',#1576,1.);
#1576 = DIRECTION('',(0.,1.));
#1577 = ( GEOMETRIC_REPRESENTATION_CONTEXT(2) 
PARAMETRIC_REPRESENTATION_CONTEXT() REPRESENTATION_CONTEXT('2D SPACE',''
  ) );
#1578 = PCURVE('',#73,#1579);
#1579 = DEFINITIONAL_REPRESENTATION('',(#1580),#1584);
#1580 = LINE('',#1581,#1582);
#1581 = CARTESIAN_POINT('',(0.,0.));
#1582 = VECTOR('',#1583,1.);
#1583 = DIRECTION('',(1.,0.));
#1584 = ( GEOMETRIC_REPRESENTATION_CONTEXT(2) 
PARAMETRIC_REPRESENTATION_CONTEXT() REPRESENTATION_CONTEXT('2D SPACE',''
  ) );
#1585 = ORIENTED_EDGE('',*,*,#1410,.T.);
#1586 = ADVANCED_FACE('',(#1587,#1847),#401,.F.);
#1587 = FACE_BOUND('',#1588,.F.);
#1588 = EDGE_LOOP('',(#1589,#1611,#1612,#1846));
#1589 = ORIENTED_EDGE('',*,*,#1590,.T.);
#1590 = EDGE_CURVE('',#906,#878,#1591,.T.);
#1591 = SURFACE_CURVE('',#1592,(#1597,#1604),.PCURVE_S1.);
#1592 = CIRCLE('',#1593,4.25);
#1593 = AXIS2_PLACEMENT_3D('',#1594,#1595,#1596);
#1594 = CARTESIAN_POINT('',(10.,10.,-1.));
#1595 = DIRECTION('',(0.,0.,-1.));
#1596 = DIRECTION('',(-1.,0.,0.));
#1597 = PCURVE('',#401,#1598);
#1598 = DEFINITIONAL_REPRESENTATION('',(#1599),#1603);
#1599 = LINE('',#1600,#1601);
#1600 = CARTESIAN_POINT('',(3.14159265359,20.));
#1601 = VECTOR('',#1602,1.);
#1602 = DIRECTION('',(-1.,0.));
#1603 = ( GEOMETRIC_REPRESENTATION_CONTEXT(2) 
PARAMETRIC_REPRESENTATION_CONTEXT() REPRESENTATION_CONTEXT('2D SPACE',''
  ) );
#1604 = PCURVE('',#629,#1605);
#1605 = DEFINITIONAL_REPRESENTATION('',(#1606),#1610);
#1606 = CIRCLE('',#1607,4.25);
#1607 = AXIS2_PLACEMENT_2D('',#1608,#1609);
#1608 = CARTESIAN_POINT('',(-10.,10.));
#1609 = DIRECTION('',(1.,0.));
#1610 = ( GEOMETRIC_REPRESENTATION_CONTEXT(2) 
PARAMETRIC_REPRESENTATION_CONTEXT() REPRESENTATION_CONTEXT('2D SPACE',''
  ) );
#1611 = ORIENTED_EDGE('',*,*,#875,.F.);
#1612 = ORIENTED_EDGE('',*,*,#1613,.F.);
#1613 = EDGE_CURVE('',#930,#876,#1614,.T.);
#1614 = SURFACE_CURVE('',#1615,(#1656,#1751),.PCURVE_S1.);
#1615 = B_SPLINE_CURVE_WITH_KNOTS('',3,(#1616,#1617,#1618,#1619,#1620,
    #1621,#1622,#1623,#1624,#1625,#1626,#1627,#1628,#1629,#1630,#1631,
    #1632,#1633,#1634,#1635,#1636,#1637,#1638,#1639,#1640,#1641,#1642,
    #1643,#1644,#1645,#1646,#1647,#1648,#1649,#1650,#1651,#1652,#1653,
    #1654,#1655),.UNSPECIFIED.,.F.,.F.,(4,2,2,2,2,2,2,2,2,2,2,2,2,2,2,2,
    2,2,2,4),(1.506974948932E-02,1.62142227122E-02,1.735869593509E-02,
    1.850316915797E-02,1.964764238085E-02,2.079211560373E-02,
    2.193658882661E-02,2.250882543806E-02,2.30810620495E-02,
    2.365329866094E-02,2.422553527238E-02,2.479777188382E-02,
    2.537000849526E-02,2.59422451067E-02,2.651448171814E-02,
    2.765895494102E-02,2.880342816391E-02,2.994790138679E-02,
    3.109237460967E-02,3.338132105543E-02),.UNSPECIFIED.);
#1616 = CARTESIAN_POINT('',(5.75,10.,-5.797356367837));
#1617 = CARTESIAN_POINT('',(5.75,10.273203601038,-6.064391230219));
#1618 = CARTESIAN_POINT('',(5.77644809764,10.54101324928,-6.341648106124
    ));
#1619 = CARTESIAN_POINT('',(5.874825028147,11.055470255112,
    -6.905795956711));
#1620 = CARTESIAN_POINT('',(5.946029963779,11.300197963776,
    -7.190343326537));
#1621 = CARTESIAN_POINT('',(6.126736366431,11.76720588061,
    -7.764300505823));
#1622 = CARTESIAN_POINT('',(6.236256331866,11.989471976171,
    -8.053715268669));
#1623 = CARTESIAN_POINT('',(6.492650521203,12.412936960837,
    -8.636628031002));
#1624 = CARTESIAN_POINT('',(6.640486270935,12.615145458986,
    -8.931798087758));
#1625 = CARTESIAN_POINT('',(6.971150432185,12.991887124036,
    -9.513079862326));
#1626 = CARTESIAN_POINT('',(7.153835954333,13.166985012027,
    -9.799830362614));
#1627 = CARTESIAN_POINT('',(7.56218629493,13.491061182595,-10.3596290891
    ));
#1628 = CARTESIAN_POINT('',(7.789120272054,13.641140727655,
    -10.63496495318));
#1629 = CARTESIAN_POINT('',(8.173771886283,13.840343685033,-11.018998544
    ));
#1630 = CARTESIAN_POINT('',(8.308983463119,13.902198224651,
    -11.14166073736));
#1631 = CARTESIAN_POINT('',(8.598718764577,14.01535786845,
    -11.37119545717));
#1632 = CARTESIAN_POINT('',(8.752766677244,14.066356645057,
    -11.4774858244));
#1633 = CARTESIAN_POINT('',(9.078353493266,14.152278295444,
    -11.65966336695));
#1634 = CARTESIAN_POINT('',(9.251898956603,14.187809095957,
    -11.73681036589));
#1635 = CARTESIAN_POINT('',(9.622238803722,14.237298275304,
    -11.84516466056));
#1636 = CARTESIAN_POINT('',(9.812491760039,14.250351302957,
    -11.87424673313));
#1637 = CARTESIAN_POINT('',(10.203108759692,14.249634380783,
    -11.87265806747));
#1638 = CARTESIAN_POINT('',(10.392777846959,14.235924665317,
    -11.84212329507));
#1639 = CARTESIAN_POINT('',(10.762581388376,14.185188386847,
    -11.73110913214));
#1640 = CARTESIAN_POINT('',(10.935662580329,14.149163915606,
    -11.65295740795));
#1641 = CARTESIAN_POINT('',(11.261968283348,14.061829848063,
    -11.46799977954));
#1642 = CARTESIAN_POINT('',(11.416554666982,14.009951216152,
    -11.36005725105));
#1643 = CARTESIAN_POINT('',(11.703774050645,13.896599782479,
    -11.13049353311));
#1644 = CARTESIAN_POINT('',(11.837760812626,13.834795380891,
    -11.00812772579));
#1645 = CARTESIAN_POINT('',(12.218828486303,13.636121810294,
    -10.6256604042));
#1646 = CARTESIAN_POINT('',(12.44641315873,13.485048103509,
    -10.3488259084));
#1647 = CARTESIAN_POINT('',(12.854117036421,13.159828091747,
    -9.787901331183));
#1648 = CARTESIAN_POINT('',(13.035667529962,12.984829502595,
    -9.501840463072));
#1649 = CARTESIAN_POINT('',(13.363413284452,12.609968503641,
    -8.924172149113));
#1650 = CARTESIAN_POINT('',(13.509432201406,12.410086551808,
    -8.632470458988));
#1651 = CARTESIAN_POINT('',(13.76710492638,11.983318440673,
    -8.045483618795));
#1652 = CARTESIAN_POINT('',(13.876782426213,11.759431739562,
    -7.754395903806));
#1653 = CARTESIAN_POINT('',(14.146171506478,11.059211944959,
    -6.894886998736));
#1654 = CARTESIAN_POINT('',(14.25,10.552257124058,-6.337143927597));
#1655 = CARTESIAN_POINT('',(14.25,10.,-5.797356367837));
#1656 = PCURVE('',#401,#1657);
#1657 = DEFINITIONAL_REPRESENTATION('',(#1658),#1750);
#1658 = B_SPLINE_CURVE_WITH_KNOTS('',3,(#1659,#1660,#1661,#1662,#1663,
    #1664,#1665,#1666,#1667,#1668,#1669,#1670,#1671,#1672,#1673,#1674,
    #1675,#1676,#1677,#1678,#1679,#1680,#1681,#1682,#1683,#1684,#1685,
    #1686,#1687,#1688,#1689,#1690,#1691,#1692,#1693,#1694,#1695,#1696,
    #1697,#1698,#1699,#1700,#1701,#1702,#1703,#1704,#1705,#1706,#1707,
    #1708,#1709,#1710,#1711,#1712,#1713,#1714,#1715,#1716,#1717,#1718,
    #1719,#1720,#1721,#1722,#1723,#1724,#1725,#1726,#1727,#1728,#1729,
    #1730,#1731,#1732,#1733,#1734,#1735,#1736,#1737,#1738,#1739,#1740,
    #1741,#1742,#1743,#1744,#1745,#1746,#1747,#1748,#1749),
  .UNSPECIFIED.,.F.,.F.,(4,1,1,1,1,1,1,1,1,1,1,1,1,1,1,1,1,1,1,1,1,1,1,1
    ,1,1,1,1,1,1,1,1,1,1,1,1,1,1,1,1,1,1,1,1,1,1,1,1,1,1,1,1,1,1,1,1,1,1
    ,1,1,1,1,1,1,1,1,1,1,1,1,1,1,1,1,1,1,1,1,1,1,1,1,1,1,1,1,1,1,4),(
    1.506974948932E-02,1.527783552985E-02,1.548592157037E-02,
    1.569400761089E-02,1.590209365142E-02,1.611017969194E-02,
    1.631826573247E-02,1.652635177299E-02,1.673443781351E-02,
    1.694252385404E-02,1.715060989456E-02,1.735869593509E-02,
    1.756678197561E-02,1.777486801613E-02,1.798295405666E-02,
    1.819104009718E-02,1.839912613771E-02,1.860721217823E-02,
    1.881529821875E-02,1.902338425928E-02,1.92314702998E-02,
    1.943955634033E-02,1.964764238085E-02,1.985572842137E-02,
    2.00638144619E-02,2.027190050242E-02,2.047998654295E-02,
    2.068807258347E-02,2.089615862399E-02,2.110424466452E-02,
    2.131233070504E-02,2.152041674557E-02,2.172850278609E-02,
    2.193658882661E-02,2.214467486714E-02,2.235276090766E-02,
    2.256084694819E-02,2.276893298871E-02,2.297701902923E-02,
    2.318510506976E-02,2.339319111028E-02,2.360127715081E-02,
    2.380936319133E-02,2.401744923185E-02,2.422553527238E-02,
    2.44336213129E-02,2.464170735343E-02,2.484979339395E-02,
    2.505787943447E-02,2.5265965475E-02,2.547405151552E-02,
    2.568213755605E-02,2.589022359657E-02,2.609830963709E-02,
    2.630639567762E-02,2.651448171814E-02,2.672256775867E-02,
    2.693065379919E-02,2.713873983971E-02,2.734682588024E-02,
    2.755491192076E-02,2.776299796129E-02,2.797108400181E-02,
    2.817917004233E-02,2.838725608286E-02,2.859534212338E-02,
    2.880342816391E-02,2.901151420443E-02,2.921960024495E-02,
    2.942768628548E-02,2.9635772326E-02,2.984385836653E-02,
    3.005194440705E-02,3.026003044757E-02,3.04681164881E-02,
    3.067620252862E-02,3.088428856915E-02,3.109237460967E-02,
    3.130046065019E-02,3.150854669072E-02,3.171663273124E-02,
    3.192471877177E-02,3.213280481229E-02,3.234089085281E-02,
    3.254897689334E-02,3.275706293386E-02,3.296514897439E-02,
    3.317323501491E-02,3.338132105543E-02),.QUASI_UNIFORM_KNOTS.);
#1659 = CARTESIAN_POINT('',(3.14159265359,15.202643632163));
#1660 = CARTESIAN_POINT('',(3.129904988227,15.154091839003));
#1661 = CARTESIAN_POINT('',(3.106612848086,15.056312442133));
#1662 = CARTESIAN_POINT('',(3.071928316655,14.907810609498));
#1663 = CARTESIAN_POINT('',(3.037500884028,14.757671635857));
#1664 = CARTESIAN_POINT('',(3.003336374737,14.606087960504));
#1665 = CARTESIAN_POINT('',(2.969444078691,14.453263748851));
#1666 = CARTESIAN_POINT('',(2.935827831272,14.299359418867));
#1667 = CARTESIAN_POINT('',(2.902583060037,14.145023112977));
#1668 = CARTESIAN_POINT('',(2.869651548082,13.990182983828));
#1669 = CARTESIAN_POINT('',(2.83699716862,13.834860225004));
#1670 = CARTESIAN_POINT('',(2.804579959943,13.679051046046));
#1671 = CARTESIAN_POINT('',(2.772363275523,13.522758551735));
#1672 = CARTESIAN_POINT('',(2.74031265553,13.365983249935));
#1673 = CARTESIAN_POINT('',(2.708391981367,13.208738899585));
#1674 = CARTESIAN_POINT('',(2.676564600192,13.051039676731));
#1675 = CARTESIAN_POINT('',(2.644794498597,12.892900491513));
#1676 = CARTESIAN_POINT('',(2.613045037767,12.734332900581));
#1677 = CARTESIAN_POINT('',(2.581284241105,12.575361140452));
#1678 = CARTESIAN_POINT('',(2.549423895426,12.415748725095));
#1679 = CARTESIAN_POINT('',(2.517483816851,12.255859421883));
#1680 = CARTESIAN_POINT('',(2.485469115025,12.09597410814));
#1681 = CARTESIAN_POINT('',(2.453387579317,11.936389082987));
#1682 = CARTESIAN_POINT('',(2.42124862752,11.777421848405));
#1683 = CARTESIAN_POINT('',(2.38904885625,11.619289673142));
#1684 = CARTESIAN_POINT('',(2.35672114353,11.46201896527));
#1685 = CARTESIAN_POINT('',(2.324208097626,11.305737853697));
#1686 = CARTESIAN_POINT('',(2.291447875325,11.150548057854));
#1687 = CARTESIAN_POINT('',(2.258375418264,10.996555214242));
#1688 = CARTESIAN_POINT('',(2.224934656343,10.843875700567));
#1689 = CARTESIAN_POINT('',(2.190974333907,10.692291847364));
#1690 = CARTESIAN_POINT('',(2.156447080049,10.542432207261));
#1691 = CARTESIAN_POINT('',(2.121285543321,10.39479836395));
#1692 = CARTESIAN_POINT('',(2.085425395458,10.249947009039));
#1693 = CARTESIAN_POINT('',(2.048779866185,10.108341371415));
#1694 = CARTESIAN_POINT('',(2.011322398082,9.97076342293));
#1695 = CARTESIAN_POINT('',(1.972923432235,9.838255380609));
#1696 = CARTESIAN_POINT('',(1.933328628607,9.711309955908));
#1697 = CARTESIAN_POINT('',(1.892494521747,9.591426431746));
#1698 = CARTESIAN_POINT('',(1.850463705991,9.480725287843));
#1699 = CARTESIAN_POINT('',(1.807277699997,9.381136616453));
#1700 = CARTESIAN_POINT('',(1.762445452046,9.293793477556));
#1701 = CARTESIAN_POINT('',(1.715855177312,9.221369833835));
#1702 = CARTESIAN_POINT('',(1.667558381189,9.166831926696));
#1703 = CARTESIAN_POINT('',(1.61883156933,9.133597153172));
#1704 = CARTESIAN_POINT('',(1.568952840746,9.122597135205));
#1705 = CARTESIAN_POINT('',(1.519122890697,9.135299904187));
#1706 = CARTESIAN_POINT('',(1.470489329308,9.170099648689));
#1707 = CARTESIAN_POINT('',(1.422248078088,9.226129254434));
#1708 = CARTESIAN_POINT('',(1.375713208175,9.299846951542));
#1709 = CARTESIAN_POINT('',(1.330890007588,9.388463294201));
#1710 = CARTESIAN_POINT('',(1.287555549503,9.489595539172));
#1711 = CARTESIAN_POINT('',(1.24539279484,9.601831450891));
#1712 = CARTESIAN_POINT('',(1.204611481545,9.722597251053));
#1713 = CARTESIAN_POINT('',(1.165355684572,9.849358631068));
#1714 = CARTESIAN_POINT('',(1.12723049295,9.98164467563));
#1715 = CARTESIAN_POINT('',(1.090085259322,10.11866100825));
#1716 = CARTESIAN_POINT('',(1.053669493109,10.259879579775));
#1717 = CARTESIAN_POINT('',(1.017897463106,10.404811131856));
#1718 = CARTESIAN_POINT('',(0.982746052105,10.552755047993));
#1719 = CARTESIAN_POINT('',(0.948181973755,10.703058796552));
#1720 = CARTESIAN_POINT('',(0.914175929197,10.855088864587));
#1721 = CARTESIAN_POINT('',(0.880719766259,11.008087579538));
#1722 = CARTESIAN_POINT('',(0.847680288352,11.162137499392));
#1723 = CARTESIAN_POINT('',(0.814995505437,11.317147319737));
#1724 = CARTESIAN_POINT('',(0.782599346885,11.473012106599));
#1725 = CARTESIAN_POINT('',(0.750429051086,11.629631567677));
#1726 = CARTESIAN_POINT('',(0.718422542754,11.786900473539));
#1727 = CARTESIAN_POINT('',(0.686524579336,11.94472870161));
#1728 = CARTESIAN_POINT('',(0.654695823016,12.103089810211));
#1729 = CARTESIAN_POINT('',(0.622892825754,12.261939895062));
#1730 = CARTESIAN_POINT('',(0.591071004282,12.421248234108));
#1731 = CARTESIAN_POINT('',(0.559192809815,12.580948838999));
#1732 = CARTESIAN_POINT('',(0.527193891152,12.741103604333));
#1733 = CARTESIAN_POINT('',(0.495240246638,12.900668774113));
#1734 = CARTESIAN_POINT('',(0.463292041089,13.059658867279));
#1735 = CARTESIAN_POINT('',(0.431331829507,13.217968627423));
#1736 = CARTESIAN_POINT('',(0.399333928634,13.375533063143));
#1737 = CARTESIAN_POINT('',(0.367282363915,13.532245898367));
#1738 = CARTESIAN_POINT('',(0.33513029146,13.688125730695));
#1739 = CARTESIAN_POINT('',(0.302828241498,13.843256997341));
#1740 = CARTESIAN_POINT('',(0.270354288398,13.997601682866));
#1741 = CARTESIAN_POINT('',(0.237675564205,14.151154582923));
#1742 = CARTESIAN_POINT('',(0.20475877207,14.303901701458));
#1743 = CARTESIAN_POINT('',(0.171567595748,14.455831398146));
#1744 = CARTESIAN_POINT('',(0.138063648122,14.606931401448));
#1745 = CARTESIAN_POINT('',(0.104206515086,14.757189608959));
#1746 = CARTESIAN_POINT('',(6.995405809038E-02,14.906593872953));
#1747 = CARTESIAN_POINT('',(3.526280461952E-02,15.055132057851));
#1748 = CARTESIAN_POINT('',(1.181292964401E-02,15.153572035821));
#1749 = CARTESIAN_POINT('',(0.,15.202643632163));
#1750 = ( GEOMETRIC_REPRESENTATION_CONTEXT(2) 
PARAMETRIC_REPRESENTATION_CONTEXT() REPRESENTATION_CONTEXT('2D SPACE',''
  ) );
#1751 = PCURVE('',#1088,#1752);
#1752 = DEFINITIONAL_REPRESENTATION('',(#1753),#1845);
#1753 = B_SPLINE_CURVE_WITH_KNOTS('',3,(#1754,#1755,#1756,#1757,#1758,
    #1759,#1760,#1761,#1762,#1763,#1764,#1765,#1766,#1767,#1768,#1769,
    #1770,#1771,#1772,#1773,#1774,#1775,#1776,#1777,#1778,#1779,#1780,
    #1781,#1782,#1783,#1784,#1785,#1786,#1787,#1788,#1789,#1790,#1791,
    #1792,#1793,#1794,#1795,#1796,#1797,#1798,#1799,#1800,#1801,#1802,
    #1803,#1804,#1805,#1806,#1807,#1808,#1809,#1810,#1811,#1812,#1813,
    #1814,#1815,#1816,#1817,#1818,#1819,#1820,#1821,#1822,#1823,#1824,
    #1825,#1826,#1827,#1828,#1829,#1830,#1831,#1832,#1833,#1834,#1835,
    #1836,#1837,#1838,#1839,#1840,#1841,#1842,#1843,#1844),
  .UNSPECIFIED.,.F.,.F.,(4,1,1,1,1,1,1,1,1,1,1,1,1,1,1,1,1,1,1,1,1,1,1,1
    ,1,1,1,1,1,1,1,1,1,1,1,1,1,1,1,1,1,1,1,1,1,1,1,1,1,1,1,1,1,1,1,1,1,1
    ,1,1,1,1,1,1,1,1,1,1,1,1,1,1,1,1,1,1,1,1,1,1,1,1,1,1,1,1,1,1,4),(
    1.506974948932E-02,1.527783552985E-02,1.548592157037E-02,
    1.569400761089E-02,1.590209365142E-02,1.611017969194E-02,
    1.631826573247E-02,1.652635177299E-02,1.673443781351E-02,
    1.694252385404E-02,1.715060989456E-02,1.735869593509E-02,
    1.756678197561E-02,1.777486801613E-02,1.798295405666E-02,
    1.819104009718E-02,1.839912613771E-02,1.860721217823E-02,
    1.881529821875E-02,1.902338425928E-02,1.92314702998E-02,
    1.943955634033E-02,1.964764238085E-02,1.985572842137E-02,
    2.00638144619E-02,2.027190050242E-02,2.047998654295E-02,
    2.068807258347E-02,2.089615862399E-02,2.110424466452E-02,
    2.131233070504E-02,2.152041674557E-02,2.172850278609E-02,
    2.193658882661E-02,2.214467486714E-02,2.235276090766E-02,
    2.256084694819E-02,2.276893298871E-02,2.297701902923E-02,
    2.318510506976E-02,2.339319111028E-02,2.360127715081E-02,
    2.380936319133E-02,2.401744923185E-02,2.422553527238E-02,
    2.44336213129E-02,2.464170735343E-02,2.484979339395E-02,
    2.505787943447E-02,2.5265965475E-02,2.547405151552E-02,
    2.568213755605E-02,2.589022359657E-02,2.609830963709E-02,
    2.630639567762E-02,2.651448171814E-02,2.672256775867E-02,
    2.693065379919E-02,2.713873983971E-02,2.734682588024E-02,
    2.755491192076E-02,2.776299796129E-02,2.797108400181E-02,
    2.817917004233E-02,2.838725608286E-02,2.859534212338E-02,
    2.880342816391E-02,2.901151420443E-02,2.921960024495E-02,
    2.942768628548E-02,2.9635772326E-02,2.984385836653E-02,
    3.005194440705E-02,3.026003044757E-02,3.04681164881E-02,
    3.067620252862E-02,3.088428856915E-02,3.109237460967E-02,
    3.130046065019E-02,3.150854669072E-02,3.171663273124E-02,
    3.192471877177E-02,3.213280481229E-02,3.234089085281E-02,
    3.254897689334E-02,3.275706293386E-02,3.296514897439E-02,
    3.317323501491E-02,3.338132105543E-02),.QUASI_UNIFORM_KNOTS.);
#1754 = CARTESIAN_POINT('',(2.367612541655,5.75));
#1755 = CARTESIAN_POINT('',(2.36413953278,5.75));
#1756 = CARTESIAN_POINT('',(2.357182640656,5.751748624665));
#1757 = CARTESIAN_POINT('',(2.346727037824,5.759483812387));
#1758 = CARTESIAN_POINT('',(2.336263574908,5.772197271536));
#1759 = CARTESIAN_POINT('',(2.32580449515,5.78975626891));
#1760 = CARTESIAN_POINT('',(2.315362709737,5.812023442944));
#1761 = CARTESIAN_POINT('',(2.304948603743,5.838878699442));
#1762 = CARTESIAN_POINT('',(2.294602532824,5.870033600382));
#1763 = CARTESIAN_POINT('',(2.28431692896,5.905404422913));
#1764 = CARTESIAN_POINT('',(2.274090576807,5.944882406492));
#1765 = CARTESIAN_POINT('',(2.263920606932,5.988365697845));
#1766 = CARTESIAN_POINT('',(2.253804631221,6.035749852319));
#1767 = CARTESIAN_POINT('',(2.243740220989,6.086933883509));
#1768 = CARTESIAN_POINT('',(2.233726158469,6.141902349338));
#1769 = CARTESIAN_POINT('',(2.22376118938,6.200637286671));
#1770 = CARTESIAN_POINT('',(2.213844151675,6.263120043592));
#1771 = CARTESIAN_POINT('',(2.203973719446,6.329337244357));
#1772 = CARTESIAN_POINT('',(2.194149303387,6.399255097321));
#1773 = CARTESIAN_POINT('',(2.184355324596,6.47305178503));
#1774 = CARTESIAN_POINT('',(2.174611351625,6.550621840454));
#1775 = CARTESIAN_POINT('',(2.164932171286,6.631895882967));
#1776 = CARTESIAN_POINT('',(2.155333460863,6.71679334887));
#1777 = CARTESIAN_POINT('',(2.145832370508,6.805242320339));
#1778 = CARTESIAN_POINT('',(2.136439431224,6.897147479133));
#1779 = CARTESIAN_POINT('',(2.127152789659,6.992639861075));
#1780 = CARTESIAN_POINT('',(2.11797737443,7.091874179537));
#1781 = CARTESIAN_POINT('',(2.1089164214,7.19499553207));
#1782 = CARTESIAN_POINT('',(2.099973511857,7.302163801954));
#1783 = CARTESIAN_POINT('',(2.091152874727,7.41348934538));
#1784 = CARTESIAN_POINT('',(2.082440210293,7.529466386563));
#1785 = CARTESIAN_POINT('',(2.073868045652,7.650317340626));
#1786 = CARTESIAN_POINT('',(2.065462011403,7.776294122307));
#1787 = CARTESIAN_POINT('',(2.057250835451,7.907625401442));
#1788 = CARTESIAN_POINT('',(2.049258217299,8.044603327872));
#1789 = CARTESIAN_POINT('',(2.041525222027,8.187289376311));
#1790 = CARTESIAN_POINT('',(2.034105648316,8.336222817358));
#1791 = CARTESIAN_POINT('',(2.027023266345,8.492361573123));
#1792 = CARTESIAN_POINT('',(2.020357801719,8.655857427897));
#1793 = CARTESIAN_POINT('',(2.014221575417,8.826492662153));
#1794 = CARTESIAN_POINT('',(2.008716777509,9.003973618951));
#1795 = CARTESIAN_POINT('',(2.003900585349,9.190181178644));
#1796 = CARTESIAN_POINT('',(1.999915268253,9.385428175749));
#1797 = CARTESIAN_POINT('',(1.996918834809,9.589239395715));
#1798 = CARTESIAN_POINT('',(1.995094817782,9.795845547649));
#1799 = CARTESIAN_POINT('',(1.994492000192,10.007838024891));
#1800 = CARTESIAN_POINT('',(1.995188228796,10.219603911983));
#1801 = CARTESIAN_POINT('',(1.997098243937,10.425759664255));
#1802 = CARTESIAN_POINT('',(2.000176941651,10.629246701639));
#1803 = CARTESIAN_POINT('',(2.004234009865,10.824147865879));
#1804 = CARTESIAN_POINT('',(2.009121249873,11.01017763019));
#1805 = CARTESIAN_POINT('',(2.014712553539,11.188103404809));
#1806 = CARTESIAN_POINT('',(2.020935542363,11.359071805819));
#1807 = CARTESIAN_POINT('',(2.027651989792,11.522142857235));
#1808 = CARTESIAN_POINT('',(2.034726341446,11.676723209298));
#1809 = CARTESIAN_POINT('',(2.042135796227,11.824383500534));
#1810 = CARTESIAN_POINT('',(2.04983957178,11.965679620542));
#1811 = CARTESIAN_POINT('',(2.057812808206,12.10159824041));
#1812 = CARTESIAN_POINT('',(2.066031166467,12.232401332353));
#1813 = CARTESIAN_POINT('',(2.074457551425,12.358144139922));
#1814 = CARTESIAN_POINT('',(2.083057888066,12.478933934894));
#1815 = CARTESIAN_POINT('',(2.091799126579,12.594876604797));
#1816 = CARTESIAN_POINT('',(2.100641590855,12.706031545936));
#1817 = CARTESIAN_POINT('',(2.109591401398,12.812866970171));
#1818 = CARTESIAN_POINT('',(2.118645541389,12.915523505327));
#1819 = CARTESIAN_POINT('',(2.127800256192,13.0141752976));
#1820 = CARTESIAN_POINT('',(2.137052097052,13.108985632323));
#1821 = CARTESIAN_POINT('',(2.146397423313,13.200127719898));
#1822 = CARTESIAN_POINT('',(2.155833369276,13.287745931329));
#1823 = CARTESIAN_POINT('',(2.165360786521,13.371842601492));
#1824 = CARTESIAN_POINT('',(2.174979709365,13.452446902484));
#1825 = CARTESIAN_POINT('',(2.18469098985,13.529585088938));
#1826 = CARTESIAN_POINT('',(2.194493334296,13.603268248116));
#1827 = CARTESIAN_POINT('',(2.204393522163,13.673571054235));
#1828 = CARTESIAN_POINT('',(2.214329652553,13.74002872223));
#1829 = CARTESIAN_POINT('',(2.224304085975,13.802656236861));
#1830 = CARTESIAN_POINT('',(2.234312007519,13.861414445109));
#1831 = CARTESIAN_POINT('',(2.244351037679,13.91628868894));
#1832 = CARTESIAN_POINT('',(2.254416344256,13.967220468159));
#1833 = CARTESIAN_POINT('',(2.264510605597,14.014302156231));
#1834 = CARTESIAN_POINT('',(2.274640897603,14.057525399381));
#1835 = CARTESIAN_POINT('',(2.284806987745,14.096732026991));
#1836 = CARTESIAN_POINT('',(2.295010639536,14.131804011744));
#1837 = CARTESIAN_POINT('',(2.305253118277,14.162612569958));
#1838 = CARTESIAN_POINT('',(2.31553585819,14.189031800111));
#1839 = CARTESIAN_POINT('',(2.325860282466,14.210935028408));
#1840 = CARTESIAN_POINT('',(2.336227849992,14.228195787984));
#1841 = CARTESIAN_POINT('',(2.346640042129,14.240687556527));
#1842 = CARTESIAN_POINT('',(2.357098362305,14.248283826585));
#1843 = CARTESIAN_POINT('',(2.36410235006,14.25));
#1844 = CARTESIAN_POINT('',(2.367612541655,14.25));
#1845 = ( GEOMETRIC_REPRESENTATION_CONTEXT(2) 
PARAMETRIC_REPRESENTATION_CONTEXT() REPRESENTATION_CONTEXT('2D SPACE',''
  ) );
#1846 = ORIENTED_EDGE('',*,*,#929,.T.);
#1847 = FACE_BOUND('',#1848,.F.);
#1848 = EDGE_LOOP('',(#1849,#1850));
#1849 = ORIENTED_EDGE('',*,*,#290,.T.);
#1850 = ORIENTED_EDGE('',*,*,#1851,.T.);
#1851 = EDGE_CURVE('',#258,#291,#1852,.T.);
#1852 = SURFACE_CURVE('',#1853,(#1888,#1961),.PCURVE_S1.);
#1853 = B_SPLINE_CURVE_WITH_KNOTS('',3,(#1854,#1855,#1856,#1857,#1858,
    #1859,#1860,#1861,#1862,#1863,#1864,#1865,#1866,#1867,#1868,#1869,
    #1870,#1871,#1872,#1873,#1874,#1875,#1876,#1877,#1878,#1879,#1880,
    #1881,#1882,#1883,#1884,#1885,#1886,#1887),.UNSPECIFIED.,.F.,.F.,(4,
    2,2,2,2,2,2,2,2,2,2,2,2,2,2,2,4),(1.734723475977E-18,
    6.098684547151E-04,1.21973690943E-03,1.829605364145E-03,
    2.43947381886E-03,3.049342273576E-03,3.659210728291E-03,
    4.269079183006E-03,4.878947637721E-03,5.488816092436E-03,
    6.098684547151E-03,6.708553001866E-03,7.318421456581E-03,
    7.928289911296E-03,8.538158366011E-03,9.148026820727E-03,
    9.757895275442E-03),.UNSPECIFIED.);
#1854 = CARTESIAN_POINT('',(10.,14.25,-9.5));
#1855 = CARTESIAN_POINT('',(10.206616969095,14.25,-9.5));
#1856 = CARTESIAN_POINT('',(10.408532640769,14.235026713289,
    -9.47889277206));
#1857 = CARTESIAN_POINT('',(10.803701755314,14.178087321892,
    -9.397372008305));
#1858 = CARTESIAN_POINT('',(10.998171847059,14.135427006952,
    -9.335934133776));
#1859 = CARTESIAN_POINT('',(11.36072679964,14.030697972167,
    -9.180912535709));
#1860 = CARTESIAN_POINT('',(11.532021190328,13.968094875499,
    -9.086577370015));
#1861 = CARTESIAN_POINT('',(11.851731391555,13.829354609083,
    -8.868240332444));
#1862 = CARTESIAN_POINT('',(11.997358381443,13.754563356584,
    -8.746405755419));
#1863 = CARTESIAN_POINT('',(12.263696738483,13.600258821072,
    -8.477740225125));
#1864 = CARTESIAN_POINT('',(12.38489167517,13.520183213636,
    -8.329747389403));
#1865 = CARTESIAN_POINT('',(12.595572920275,13.367847884836,
    -8.016141493019));
#1866 = CARTESIAN_POINT('',(12.686229718132,13.294932023541,
    -7.84970842048));
#1867 = CARTESIAN_POINT('',(12.837533986757,13.165565986097,
    -7.492947024213));
#1868 = CARTESIAN_POINT('',(12.897810070016,13.109393706804,
    -7.30176720387));
#1869 = CARTESIAN_POINT('',(12.978685919619,13.032006368407,
    -6.909345872519));
#1870 = CARTESIAN_POINT('',(13.000116555047,13.010282492298,
    -6.702379423593));
#1871 = CARTESIAN_POINT('',(12.999882458295,13.010515780347,
    -6.29417966239));
#1872 = CARTESIAN_POINT('',(12.978808649317,13.031898341803,
    -6.090640916278));
#1873 = CARTESIAN_POINT('',(12.896946862435,13.110210185904,
    -5.694658640762));
#1874 = CARTESIAN_POINT('',(12.837749320301,13.165375570811,
    -5.507626617436));
#1875 = CARTESIAN_POINT('',(12.686324788793,13.294857028503,
    -5.150449977064));
#1876 = CARTESIAN_POINT('',(12.593596264619,13.36937316723,
    -4.980499564607));
#1877 = CARTESIAN_POINT('',(12.38270475932,13.521666530751,
    -4.667422256242));
#1878 = CARTESIAN_POINT('',(12.263776263806,13.600227171169,
    -4.522302065886));
#1879 = CARTESIAN_POINT('',(11.996683423792,13.754939941164,
    -4.252951403213));
#1880 = CARTESIAN_POINT('',(11.849077761394,13.830532817171,
    -4.129895702832));
#1881 = CARTESIAN_POINT('',(11.533564343369,13.967398472029,
    -3.914528408224));
#1882 = CARTESIAN_POINT('',(11.364456277913,14.029498431445,
    -3.820879702355));
#1883 = CARTESIAN_POINT('',(10.999454621847,14.135177021872,
    -3.664419466413));
#1884 = CARTESIAN_POINT('',(10.806863077621,14.177487224147,
    -3.603491612462));
#1885 = CARTESIAN_POINT('',(10.411351230985,14.234763003842,
    -3.521480396259));
#1886 = CARTESIAN_POINT('',(10.204054361566,14.25,-3.5));
#1887 = CARTESIAN_POINT('',(10.,14.25,-3.5));
#1888 = PCURVE('',#401,#1889);
#1889 = DEFINITIONAL_REPRESENTATION('',(#1890),#1960);
#1890 = B_SPLINE_CURVE_WITH_KNOTS('',3,(#1891,#1892,#1893,#1894,#1895,
    #1896,#1897,#1898,#1899,#1900,#1901,#1902,#1903,#1904,#1905,#1906,
    #1907,#1908,#1909,#1910,#1911,#1912,#1913,#1914,#1915,#1916,#1917,
    #1918,#1919,#1920,#1921,#1922,#1923,#1924,#1925,#1926,#1927,#1928,
    #1929,#1930,#1931,#1932,#1933,#1934,#1935,#1936,#1937,#1938,#1939,
    #1940,#1941,#1942,#1943,#1944,#1945,#1946,#1947,#1948,#1949,#1950,
    #1951,#1952,#1953,#1954,#1955,#1956,#1957,#1958,#1959),
  .UNSPECIFIED.,.F.,.F.,(4,1,1,1,1,1,1,1,1,1,1,1,1,1,1,1,1,1,1,1,1,1,1,1
    ,1,1,1,1,1,1,1,1,1,1,1,1,1,1,1,1,1,1,1,1,1,1,1,1,1,1,1,1,1,1,1,1,1,1
    ,1,1,1,1,1,1,1,1,4),(1.734723475977E-18,1.478468981128E-04,
    2.956937962255E-04,4.435406943383E-04,5.91387592451E-04,
    7.392344905638E-04,8.870813886765E-04,1.034928286789E-03,
    1.182775184902E-03,1.330622083015E-03,1.478468981128E-03,
    1.62631587924E-03,1.774162777353E-03,1.922009675466E-03,
    2.069856573579E-03,2.217703471691E-03,2.365550369804E-03,
    2.513397267917E-03,2.66124416603E-03,2.809091064142E-03,
    2.956937962255E-03,3.104784860368E-03,3.252631758481E-03,
    3.400478656593E-03,3.548325554706E-03,3.696172452819E-03,
    3.844019350932E-03,3.991866249044E-03,4.139713147157E-03,
    4.28756004527E-03,4.435406943383E-03,4.583253841495E-03,
    4.731100739608E-03,4.878947637721E-03,5.026794535834E-03,
    5.174641433946E-03,5.322488332059E-03,5.470335230172E-03,
    5.618182128285E-03,5.766029026397E-03,5.91387592451E-03,
    6.061722822623E-03,6.209569720736E-03,6.357416618848E-03,
    6.505263516961E-03,6.653110415074E-03,6.800957313187E-03,
    6.948804211299E-03,7.096651109412E-03,7.244498007525E-03,
    7.392344905638E-03,7.54019180375E-03,7.688038701863E-03,
    7.835885599976E-03,7.983732498089E-03,8.131579396201E-03,
    8.279426294314E-03,8.427273192427E-03,8.57512009054E-03,
    8.722966988652E-03,8.870813886765E-03,9.018660784878E-03,
    9.166507682991E-03,9.314354581103E-03,9.462201479216E-03,
    9.610048377329E-03,9.757895275442E-03),.QUASI_UNIFORM_KNOTS.);
#1891 = CARTESIAN_POINT('',(1.570796326795,11.5));
#1892 = CARTESIAN_POINT('',(1.559010836429,11.5));
#1893 = CARTESIAN_POINT('',(1.535569176951,11.502481342529));
#1894 = CARTESIAN_POINT('',(1.500747800296,11.513519309886));
#1895 = CARTESIAN_POINT('',(1.466214535656,11.531760258864));
#1896 = CARTESIAN_POINT('',(1.431937905205,11.557038360234));
#1897 = CARTESIAN_POINT('',(1.397818962734,11.589384111826));
#1898 = CARTESIAN_POINT('',(1.363916174163,11.628744771249));
#1899 = CARTESIAN_POINT('',(1.330435260461,11.674641651535));
#1900 = CARTESIAN_POINT('',(1.297558293614,11.726698028349));
#1901 = CARTESIAN_POINT('',(1.26544072,11.784537814188));
#1902 = CARTESIAN_POINT('',(1.2338523605,11.848221803617));
#1903 = CARTESIAN_POINT('',(1.20286502348,11.917528843122));
#1904 = CARTESIAN_POINT('',(1.172484378693,11.992307757447));
#1905 = CARTESIAN_POINT('',(1.142747686831,12.072363215113));
#1906 = CARTESIAN_POINT('',(1.113937210243,12.156749003624));
#1907 = CARTESIAN_POINT('',(1.085967845576,12.245611349649));
#1908 = CARTESIAN_POINT('',(1.058830081902,12.338894832809));
#1909 = CARTESIAN_POINT('',(1.032491424833,12.436588807776));
#1910 = CARTESIAN_POINT('',(1.006933379421,12.538962420935));
#1911 = CARTESIAN_POINT('',(0.982299886985,12.64550656432));
#1912 = CARTESIAN_POINT('',(0.958704056818,12.755858296195));
#1913 = CARTESIAN_POINT('',(0.936304236991,12.869490959742));
#1914 = CARTESIAN_POINT('',(0.915076982593,12.986540887584));
#1915 = CARTESIAN_POINT('',(0.895067948259,13.107271780779));
#1916 = CARTESIAN_POINT('',(0.876342539345,13.231870407268));
#1917 = CARTESIAN_POINT('',(0.858947017937,13.36051463499));
#1918 = CARTESIAN_POINT('',(0.843010672683,13.493537691027));
#1919 = CARTESIAN_POINT('',(0.828735065442,13.630212484374));
#1920 = CARTESIAN_POINT('',(0.81629484474,13.770000221837));
#1921 = CARTESIAN_POINT('',(0.805897509616,13.911798836852));
#1922 = CARTESIAN_POINT('',(0.797653663023,14.056664708217));
#1923 = CARTESIAN_POINT('',(0.791633225953,14.204161383849));
#1924 = CARTESIAN_POINT('',(0.787947194577,14.352963393445));
#1925 = CARTESIAN_POINT('',(0.786709913568,14.501822199265));
#1926 = CARTESIAN_POINT('',(0.787983758336,14.650070551546));
#1927 = CARTESIAN_POINT('',(0.791661247808,14.797816142205));
#1928 = CARTESIAN_POINT('',(0.797683827346,14.944438488926));
#1929 = CARTESIAN_POINT('',(0.806003036433,15.089754278728));
#1930 = CARTESIAN_POINT('',(0.816483702776,15.232559695519));
#1931 = CARTESIAN_POINT('',(0.828844616434,15.37134250321));
#1932 = CARTESIAN_POINT('',(0.843017202111,15.506759473423));
#1933 = CARTESIAN_POINT('',(0.858876600123,15.638895205215));
#1934 = CARTESIAN_POINT('',(0.87633110163,15.768044679074));
#1935 = CARTESIAN_POINT('',(0.895271391762,15.893855089119));
#1936 = CARTESIAN_POINT('',(0.915519654431,16.015899501215));
#1937 = CARTESIAN_POINT('',(0.936921935802,16.133786857512));
#1938 = CARTESIAN_POINT('',(0.959304950366,16.247059827197));
#1939 = CARTESIAN_POINT('',(0.982708784632,16.356433918979));
#1940 = CARTESIAN_POINT('',(1.007119180842,16.461901322221));
#1941 = CARTESIAN_POINT('',(1.032527214552,16.563547744551));
#1942 = CARTESIAN_POINT('',(1.058947933828,16.661537525635));
#1943 = CARTESIAN_POINT('',(1.086256278812,16.755265775906));
#1944 = CARTESIAN_POINT('',(1.114346022791,16.844410988719));
#1945 = CARTESIAN_POINT('',(1.143129097899,16.928679287868));
#1946 = CARTESIAN_POINT('',(1.172478294114,17.007643076633));
#1947 = CARTESIAN_POINT('',(1.202484400601,17.081591597258));
#1948 = CARTESIAN_POINT('',(1.233210295203,17.150442725128));
#1949 = CARTESIAN_POINT('',(1.264679894374,17.214029137018));
#1950 = CARTESIAN_POINT('',(1.297020064775,17.272392581529));
#1951 = CARTESIAN_POINT('',(1.329953080564,17.324697526666));
#1952 = CARTESIAN_POINT('',(1.363334234355,17.370593327248));
#1953 = CARTESIAN_POINT('',(1.397126782603,17.40989803464));
#1954 = CARTESIAN_POINT('',(1.431178138897,17.442346306254));
#1955 = CARTESIAN_POINT('',(1.465725271977,17.4678443523));
#1956 = CARTESIAN_POINT('',(1.500679691572,17.486281352263));
#1957 = CARTESIAN_POINT('',(1.535787583377,17.497475062519));
#1958 = CARTESIAN_POINT('',(1.559157174919,17.5));
#1959 = CARTESIAN_POINT('',(1.570796326795,17.5));
#1960 = ( GEOMETRIC_REPRESENTATION_CONTEXT(2) 
PARAMETRIC_REPRESENTATION_CONTEXT() REPRESENTATION_CONTEXT('2D SPACE',''
  ) );
#1961 = PCURVE('',#278,#1962);
#1962 = DEFINITIONAL_REPRESENTATION('',(#1963),#2033);
#1963 = B_SPLINE_CURVE_WITH_KNOTS('',3,(#1964,#1965,#1966,#1967,#1968,
    #1969,#1970,#1971,#1972,#1973,#1974,#1975,#1976,#1977,#1978,#1979,
    #1980,#1981,#1982,#1983,#1984,#1985,#1986,#1987,#1988,#1989,#1990,
    #1991,#1992,#1993,#1994,#1995,#1996,#1997,#1998,#1999,#2000,#2001,
    #2002,#2003,#2004,#2005,#2006,#2007,#2008,#2009,#2010,#2011,#2012,
    #2013,#2014,#2015,#2016,#2017,#2018,#2019,#2020,#2021,#2022,#2023,
    #2024,#2025,#2026,#2027,#2028,#2029,#2030,#2031,#2032),
  .UNSPECIFIED.,.F.,.F.,(4,1,1,1,1,1,1,1,1,1,1,1,1,1,1,1,1,1,1,1,1,1,1,1
    ,1,1,1,1,1,1,1,1,1,1,1,1,1,1,1,1,1,1,1,1,1,1,1,1,1,1,1,1,1,1,1,1,1,1
    ,1,1,1,1,1,1,1,1,4),(1.734723475977E-18,1.478468981128E-04,
    2.956937962255E-04,4.435406943383E-04,5.91387592451E-04,
    7.392344905638E-04,8.870813886765E-04,1.034928286789E-03,
    1.182775184902E-03,1.330622083015E-03,1.478468981128E-03,
    1.62631587924E-03,1.774162777353E-03,1.922009675466E-03,
    2.069856573579E-03,2.217703471691E-03,2.365550369804E-03,
    2.513397267917E-03,2.66124416603E-03,2.809091064142E-03,
    2.956937962255E-03,3.104784860368E-03,3.252631758481E-03,
    3.400478656593E-03,3.548325554706E-03,3.696172452819E-03,
    3.844019350932E-03,3.991866249044E-03,4.139713147157E-03,
    4.28756004527E-03,4.435406943383E-03,4.583253841495E-03,
    4.731100739608E-03,4.878947637721E-03,5.026794535834E-03,
    5.174641433946E-03,5.322488332059E-03,5.470335230172E-03,
    5.618182128285E-03,5.766029026397E-03,5.91387592451E-03,
    6.061722822623E-03,6.209569720736E-03,6.357416618848E-03,
    6.505263516961E-03,6.653110415074E-03,6.800957313187E-03,
    6.948804211299E-03,7.096651109412E-03,7.244498007525E-03,
    7.392344905638E-03,7.54019180375E-03,7.688038701863E-03,
    7.835885599976E-03,7.983732498089E-03,8.131579396201E-03,
    8.279426294314E-03,8.427273192427E-03,8.57512009054E-03,
    8.722966988652E-03,8.870813886765E-03,9.018660784878E-03,
    9.166507682991E-03,9.314354581103E-03,9.462201479216E-03,
    9.610048377329E-03,9.757895275442E-03),.QUASI_UNIFORM_KNOTS.);
#1964 = CARTESIAN_POINT('',(0.,3.25));
#1965 = CARTESIAN_POINT('',(1.669611124332E-02,3.25));
#1966 = CARTESIAN_POINT('',(4.990509862097E-02,3.25176024272));
#1967 = CARTESIAN_POINT('',(9.929592604449E-02,3.259552412556));
#1968 = CARTESIAN_POINT('',(0.14840059177,3.272378164032));
#1969 = CARTESIAN_POINT('',(0.197322546829,3.290081829015));
#1970 = CARTESIAN_POINT('',(0.246263448936,3.312646817156));
#1971 = CARTESIAN_POINT('',(0.295207494076,3.339927577001));
#1972 = CARTESIAN_POINT('',(0.34391564884,3.371481639928));
#1973 = CARTESIAN_POINT('',(0.39218544066,3.406935336623));
#1974 = CARTESIAN_POINT('',(0.439853794326,3.445924740694));
#1975 = CARTESIAN_POINT('',(0.487315441133,3.488332730557));
#1976 = CARTESIAN_POINT('',(0.534539111195,3.533823072895));
#1977 = CARTESIAN_POINT('',(0.581590248752,3.582111251888));
#1978 = CARTESIAN_POINT('',(0.628488778544,3.632891018298));
#1979 = CARTESIAN_POINT('',(0.6748624835,3.685343761571));
#1980 = CARTESIAN_POINT('',(0.720938212785,3.73930360936));
#1981 = CARTESIAN_POINT('',(0.766826737471,3.794481067865));
#1982 = CARTESIAN_POINT('',(0.812669487894,3.850630464713));
#1983 = CARTESIAN_POINT('',(0.858652265611,3.907562880743));
#1984 = CARTESIAN_POINT('',(0.904655969899,3.964635314232));
#1985 = CARTESIAN_POINT('',(0.950621413488,4.021293953248));
#1986 = CARTESIAN_POINT('',(0.996417211088,4.076893298929));
#1987 = CARTESIAN_POINT('',(1.042223961296,4.131171358634));
#1988 = CARTESIAN_POINT('',(1.088213503725,4.183723453649));
#1989 = CARTESIAN_POINT('',(1.134532968186,4.234108046325));
#1990 = CARTESIAN_POINT('',(1.181338198498,4.281941202926));
#1991 = CARTESIAN_POINT('',(1.228801847295,4.326621734566));
#1992 = CARTESIAN_POINT('',(1.276752481611,4.367329692426));
#1993 = CARTESIAN_POINT('',(1.325090862725,4.403324879007));
#1994 = CARTESIAN_POINT('',(1.373531540513,4.433788434042));
#1995 = CARTESIAN_POINT('',(1.422529784271,4.458145491278));
#1996 = CARTESIAN_POINT('',(1.472058513449,4.476067395857));
#1997 = CARTESIAN_POINT('',(1.521784140773,4.487122918471));
#1998 = CARTESIAN_POINT('',(1.571403584692,4.490867447142));
#1999 = CARTESIAN_POINT('',(1.620820395437,4.487012475024));
#2000 = CARTESIAN_POINT('',(1.670192730201,4.475981219588));
#2001 = CARTESIAN_POINT('',(1.71943020076,4.458053567895));
#2002 = CARTESIAN_POINT('',(1.7685895935,4.433478078146));
#2003 = CARTESIAN_POINT('',(1.817377016254,4.402771954396));
#2004 = CARTESIAN_POINT('',(1.865368491897,4.367006211627));
#2005 = CARTESIAN_POINT('',(1.91288525049,4.326597192926));
#2006 = CARTESIAN_POINT('',(1.960043671321,4.282137219142));
#2007 = CARTESIAN_POINT('',(2.007028787761,4.234140707761));
#2008 = CARTESIAN_POINT('',(2.05381799753,4.183200359335));
#2009 = CARTESIAN_POINT('',(2.100323775295,4.130038662074));
#2010 = CARTESIAN_POINT('',(2.146475065917,4.075334932512));
#2011 = CARTESIAN_POINT('',(2.192167555595,4.019826898724));
#2012 = CARTESIAN_POINT('',(2.237739295665,3.963643618241));
#2013 = CARTESIAN_POINT('',(2.283299652704,3.907114404223));
#2014 = CARTESIAN_POINT('',(2.328985991118,3.85055258419));
#2015 = CARTESIAN_POINT('',(2.374969978963,3.794231308114));
#2016 = CARTESIAN_POINT('',(2.421123252039,3.738767325628));
#2017 = CARTESIAN_POINT('',(2.467383003992,3.684619721481));
#2018 = CARTESIAN_POINT('',(2.51370755882,3.632232178801));
#2019 = CARTESIAN_POINT('',(2.559988838285,3.582138752368));
#2020 = CARTESIAN_POINT('',(2.60647020423,3.534393231507));
#2021 = CARTESIAN_POINT('',(2.653308309575,3.489213846833));
#2022 = CARTESIAN_POINT('',(2.700604355865,3.44688525828));
#2023 = CARTESIAN_POINT('',(2.748613127189,3.407552255051));
#2024 = CARTESIAN_POINT('',(2.796975971893,3.371936830742));
#2025 = CARTESIAN_POINT('',(2.845545900964,3.340387972197));
#2026 = CARTESIAN_POINT('',(2.894333859133,3.313146886763));
#2027 = CARTESIAN_POINT('',(2.943183924432,3.290511907846));
#2028 = CARTESIAN_POINT('',(2.992492650145,3.272655939624));
#2029 = CARTESIAN_POINT('',(3.042197211539,3.259692814896));
#2030 = CARTESIAN_POINT('',(3.091996663482,3.251791058561));
#2031 = CARTESIAN_POINT('',(3.125104087566,3.25));
#2032 = CARTESIAN_POINT('',(3.14159265359,3.25));
#2033 = ( GEOMETRIC_REPRESENTATION_CONTEXT(2) 
PARAMETRIC_REPRESENTATION_CONTEXT() REPRESENTATION_CONTEXT('2D SPACE',''
  ) );
#2034 = ADVANCED_FACE('',(#2035,#2064),#696,.F.);
#2035 = FACE_BOUND('',#2036,.T.);
#2036 = EDGE_LOOP('',(#2037,#2038));
#2037 = ORIENTED_EDGE('',*,*,#846,.F.);
#2038 = ORIENTED_EDGE('',*,*,#2039,.F.);
#2039 = EDGE_CURVE('',#824,#761,#2040,.T.);
#2040 = SURFACE_CURVE('',#2041,(#2046,#2057),.PCURVE_S1.);
#2041 = CIRCLE('',#2042,8.);
#2042 = AXIS2_PLACEMENT_3D('',#2043,#2044,#2045);
#2043 = CARTESIAN_POINT('',(10.,10.,4.));
#2044 = DIRECTION('',(0.,0.,1.));
#2045 = DIRECTION('',(1.,0.,-0.));
#2046 = PCURVE('',#696,#2047);
#2047 = DEFINITIONAL_REPRESENTATION('',(#2048),#2056);
#2048 = ( BOUNDED_CURVE() B_SPLINE_CURVE(2,(#2049,#2050,#2051,#2052,
#2053,#2054,#2055),.UNSPECIFIED.,.T.,.F.) B_SPLINE_CURVE_WITH_KNOTS((1,2
    ,2,2,2,1),(-2.094395102393,0.,2.094395102393,4.188790204786,
6.28318530718,8.377580409573),.UNSPECIFIED.) CURVE() 
GEOMETRIC_REPRESENTATION_ITEM() RATIONAL_B_SPLINE_CURVE((1.,0.5,1.,0.5,
1.,0.5,1.)) REPRESENTATION_ITEM('') );
#2049 = CARTESIAN_POINT('',(-18.,10.));
#2050 = CARTESIAN_POINT('',(-18.,23.856406460551));
#2051 = CARTESIAN_POINT('',(-6.,16.928203230276));
#2052 = CARTESIAN_POINT('',(6.,10.));
#2053 = CARTESIAN_POINT('',(-6.,3.071796769724));
#2054 = CARTESIAN_POINT('',(-18.,-3.856406460551));
#2055 = CARTESIAN_POINT('',(-18.,10.));
#2056 = ( GEOMETRIC_REPRESENTATION_CONTEXT(2) 
PARAMETRIC_REPRESENTATION_CONTEXT() REPRESENTATION_CONTEXT('2D SPACE',''
  ) );
#2057 = PCURVE('',#783,#2058);
#2058 = DEFINITIONAL_REPRESENTATION('',(#2059),#2063);
#2059 = LINE('',#2060,#2061);
#2060 = CARTESIAN_POINT('',(3.14159265359,0.));
#2061 = VECTOR('',#2062,1.);
#2062 = DIRECTION('',(-1.,0.));
#2063 = ( GEOMETRIC_REPRESENTATION_CONTEXT(2) 
PARAMETRIC_REPRESENTATION_CONTEXT() REPRESENTATION_CONTEXT('2D SPACE',''
  ) );
#2064 = FACE_BOUND('',#2065,.T.);
#2065 = EDGE_LOOP('',(#2066,#2067));
#2066 = ORIENTED_EDGE('',*,*,#679,.T.);
#2067 = ORIENTED_EDGE('',*,*,#2068,.T.);
#2068 = EDGE_CURVE('',#680,#647,#2069,.T.);
#2069 = SURFACE_CURVE('',#2070,(#2075,#2086),.PCURVE_S1.);
#2070 = CIRCLE('',#2071,9.);
#2071 = AXIS2_PLACEMENT_3D('',#2072,#2073,#2074);
#2072 = CARTESIAN_POINT('',(10.,10.,4.));
#2073 = DIRECTION('',(0.,0.,1.));
#2074 = DIRECTION('',(1.,0.,-0.));
#2075 = PCURVE('',#696,#2076);
#2076 = DEFINITIONAL_REPRESENTATION('',(#2077),#2085);
#2077 = ( BOUNDED_CURVE() B_SPLINE_CURVE(2,(#2078,#2079,#2080,#2081,
#2082,#2083,#2084),.UNSPECIFIED.,.T.,.F.) B_SPLINE_CURVE_WITH_KNOTS((1,2
    ,2,2,2,1),(-2.094395102393,0.,2.094395102393,4.188790204786,
6.28318530718,8.377580409573),.UNSPECIFIED.) CURVE() 
GEOMETRIC_REPRESENTATION_ITEM() RATIONAL_B_SPLINE_CURVE((1.,0.5,1.,0.5,
1.,0.5,1.)) REPRESENTATION_ITEM('') );
#2078 = CARTESIAN_POINT('',(-19.,10.));
#2079 = CARTESIAN_POINT('',(-19.,25.58845726812));
#2080 = CARTESIAN_POINT('',(-5.5,17.79422863406));
#2081 = CARTESIAN_POINT('',(8.,10.));
#2082 = CARTESIAN_POINT('',(-5.5,2.20577136594));
#2083 = CARTESIAN_POINT('',(-19.,-5.58845726812));
#2084 = CARTESIAN_POINT('',(-19.,10.));
#2085 = ( GEOMETRIC_REPRESENTATION_CONTEXT(2) 
PARAMETRIC_REPRESENTATION_CONTEXT() REPRESENTATION_CONTEXT('2D SPACE',''
  ) );
#2086 = PCURVE('',#667,#2087);
#2087 = DEFINITIONAL_REPRESENTATION('',(#2088),#2092);
#2088 = LINE('',#2089,#2090);
#2089 = CARTESIAN_POINT('',(3.14159265359,1.5));
#2090 = VECTOR('',#2091,1.);
#2091 = DIRECTION('',(-1.,0.));
#2092 = ( GEOMETRIC_REPRESENTATION_CONTEXT(2) 
PARAMETRIC_REPRESENTATION_CONTEXT() REPRESENTATION_CONTEXT('2D SPACE',''
  ) );
#2093 = ADVANCED_FACE('',(#2094),#783,.F.);
#2094 = FACE_BOUND('',#2095,.F.);
#2095 = EDGE_LOOP('',(#2096,#2122,#2123,#2124));
#2096 = ORIENTED_EDGE('',*,*,#2097,.T.);
#2097 = EDGE_CURVE('',#796,#763,#2098,.T.);
#2098 = SURFACE_CURVE('',#2099,(#2104,#2111),.PCURVE_S1.);
#2099 = CIRCLE('',#2100,8.);
#2100 = AXIS2_PLACEMENT_3D('',#2101,#2102,#2103);
#2101 = CARTESIAN_POINT('',(10.,10.,0.));
#2102 = DIRECTION('',(0.,0.,1.));
#2103 = DIRECTION('',(1.,0.,-0.));
#2104 = PCURVE('',#783,#2105);
#2105 = DEFINITIONAL_REPRESENTATION('',(#2106),#2110);
#2106 = LINE('',#2107,#2108);
#2107 = CARTESIAN_POINT('',(3.14159265359,4.));
#2108 = VECTOR('',#2109,1.);
#2109 = DIRECTION('',(-1.,0.));
#2110 = ( GEOMETRIC_REPRESENTATION_CONTEXT(2) 
PARAMETRIC_REPRESENTATION_CONTEXT() REPRESENTATION_CONTEXT('2D SPACE',''
  ) );
#2111 = PCURVE('',#579,#2112);
#2112 = DEFINITIONAL_REPRESENTATION('',(#2113),#2121);
#2113 = ( BOUNDED_CURVE() B_SPLINE_CURVE(2,(#2114,#2115,#2116,#2117,
#2118,#2119,#2120),.UNSPECIFIED.,.T.,.F.) B_SPLINE_CURVE_WITH_KNOTS((1,2
    ,2,2,2,1),(-2.094395102393,0.,2.094395102393,4.188790204786,
6.28318530718,8.377580409573),.UNSPECIFIED.) CURVE() 
GEOMETRIC_REPRESENTATION_ITEM() RATIONAL_B_SPLINE_CURVE((1.,0.5,1.,0.5,
1.,0.5,1.)) REPRESENTATION_ITEM('') );
#2114 = CARTESIAN_POINT('',(-18.,10.));
#2115 = CARTESIAN_POINT('',(-18.,23.856406460551));
#2116 = CARTESIAN_POINT('',(-6.,16.928203230276));
#2117 = CARTESIAN_POINT('',(6.,10.));
#2118 = CARTESIAN_POINT('',(-6.,3.071796769724));
#2119 = CARTESIAN_POINT('',(-18.,-3.856406460551));
#2120 = CARTESIAN_POINT('',(-18.,10.));
#2121 = ( GEOMETRIC_REPRESENTATION_CONTEXT(2) 
PARAMETRIC_REPRESENTATION_CONTEXT() REPRESENTATION_CONTEXT('2D SPACE',''
  ) );
#2122 = ORIENTED_EDGE('',*,*,#760,.F.);
#2123 = ORIENTED_EDGE('',*,*,#2039,.F.);
#2124 = ORIENTED_EDGE('',*,*,#823,.T.);
#2125 = ADVANCED_FACE('',(#2126,#2151,#2199),#73,.T.);
#2126 = FACE_BOUND('',#2127,.T.);
#2127 = EDGE_LOOP('',(#2128,#2150));
#2128 = ORIENTED_EDGE('',*,*,#2129,.F.);
#2129 = EDGE_CURVE('',#24,#57,#2130,.T.);
#2130 = SURFACE_CURVE('',#2131,(#2136,#2143),.PCURVE_S1.);
#2131 = CIRCLE('',#2132,2.25);
#2132 = AXIS2_PLACEMENT_3D('',#2133,#2134,#2135);
#2133 = CARTESIAN_POINT('',(10.,30.,5.5));
#2134 = DIRECTION('',(0.,0.,1.));
#2135 = DIRECTION('',(1.,0.,-0.));
#2136 = PCURVE('',#73,#2137);
#2137 = DEFINITIONAL_REPRESENTATION('',(#2138),#2142);
#2138 = CIRCLE('',#2139,2.25);
#2139 = AXIS2_PLACEMENT_2D('',#2140,#2141);
#2140 = CARTESIAN_POINT('',(10.,30.));
#2141 = DIRECTION('',(1.,0.));
#2142 = ( GEOMETRIC_REPRESENTATION_CONTEXT(2) 
PARAMETRIC_REPRESENTATION_CONTEXT() REPRESENTATION_CONTEXT('2D SPACE',''
  ) );
#2143 = PCURVE('',#44,#2144);
#2144 = DEFINITIONAL_REPRESENTATION('',(#2145),#2149);
#2145 = LINE('',#2146,#2147);
#2146 = CARTESIAN_POINT('',(0.,20.));
#2147 = VECTOR('',#2148,1.);
#2148 = DIRECTION('',(1.,0.));
#2149 = ( GEOMETRIC_REPRESENTATION_CONTEXT(2) 
PARAMETRIC_REPRESENTATION_CONTEXT() REPRESENTATION_CONTEXT('2D SPACE',''
  ) );
#2150 = ORIENTED_EDGE('',*,*,#56,.F.);
#2151 = FACE_BOUND('',#2152,.T.);
#2152 = EDGE_LOOP('',(#2153,#2154,#2177,#2198));
#2153 = ORIENTED_EDGE('',*,*,#1565,.T.);
#2154 = ORIENTED_EDGE('',*,*,#2155,.F.);
#2155 = EDGE_CURVE('',#2156,#1538,#2158,.T.);
#2156 = VERTEX_POINT('',#2157);
#2157 = CARTESIAN_POINT('',(21.,40.,5.5));
#2158 = SURFACE_CURVE('',#2159,(#2163,#2170),.PCURVE_S1.);
#2159 = LINE('',#2160,#2161);
#2160 = CARTESIAN_POINT('',(21.,40.,5.5));
#2161 = VECTOR('',#2162,1.);
#2162 = DIRECTION('',(0.,-1.,0.));
#2163 = PCURVE('',#73,#2164);
#2164 = DEFINITIONAL_REPRESENTATION('',(#2165),#2169);
#2165 = LINE('',#2166,#2167);
#2166 = CARTESIAN_POINT('',(21.,40.));
#2167 = VECTOR('',#2168,1.);
#2168 = DIRECTION('',(0.,-1.));
#2169 = ( GEOMETRIC_REPRESENTATION_CONTEXT(2) 
PARAMETRIC_REPRESENTATION_CONTEXT() REPRESENTATION_CONTEXT('2D SPACE',''
  ) );
#2170 = PCURVE('',#1553,#2171);
#2171 = DEFINITIONAL_REPRESENTATION('',(#2172),#2176);
#2172 = LINE('',#2173,#2174);
#2173 = CARTESIAN_POINT('',(25.600042256767,-3.979741641483));
#2174 = VECTOR('',#2175,1.);
#2175 = DIRECTION('',(0.,-1.));
#2176 = ( GEOMETRIC_REPRESENTATION_CONTEXT(2) 
PARAMETRIC_REPRESENTATION_CONTEXT() REPRESENTATION_CONTEXT('2D SPACE',''
  ) );
#2177 = ORIENTED_EDGE('',*,*,#2178,.F.);
#2178 = EDGE_CURVE('',#1439,#2156,#2179,.T.);
#2179 = SURFACE_CURVE('',#2180,(#2184,#2191),.PCURVE_S1.);
#2180 = LINE('',#2181,#2182);
#2181 = CARTESIAN_POINT('',(20.,40.,5.5));
#2182 = VECTOR('',#2183,1.);
#2183 = DIRECTION('',(1.,-0.,-0.));
#2184 = PCURVE('',#73,#2185);
#2185 = DEFINITIONAL_REPRESENTATION('',(#2186),#2190);
#2186 = LINE('',#2187,#2188);
#2187 = CARTESIAN_POINT('',(20.,40.));
#2188 = VECTOR('',#2189,1.);
#2189 = DIRECTION('',(1.,-0.));
#2190 = ( GEOMETRIC_REPRESENTATION_CONTEXT(2) 
PARAMETRIC_REPRESENTATION_CONTEXT() REPRESENTATION_CONTEXT('2D SPACE',''
  ) );
#2191 = PCURVE('',#1477,#2192);
#2192 = DEFINITIONAL_REPRESENTATION('',(#2193),#2197);
#2193 = LINE('',#2194,#2195);
#2194 = CARTESIAN_POINT('',(5.5,20.));
#2195 = VECTOR('',#2196,1.);
#2196 = DIRECTION('',(0.,1.));
#2197 = ( GEOMETRIC_REPRESENTATION_CONTEXT(2) 
PARAMETRIC_REPRESENTATION_CONTEXT() REPRESENTATION_CONTEXT('2D SPACE',''
  ) );
#2198 = ORIENTED_EDGE('',*,*,#1438,.T.);
#2199 = FACE_BOUND('',#2200,.T.);
#2200 = EDGE_LOOP('',(#2201,#2202));
#2201 = ORIENTED_EDGE('',*,*,#735,.F.);
#2202 = ORIENTED_EDGE('',*,*,#2203,.F.);
#2203 = EDGE_CURVE('',#713,#645,#2204,.T.);
#2204 = SURFACE_CURVE('',#2205,(#2210,#2217),.PCURVE_S1.);
#2205 = CIRCLE('',#2206,9.);
#2206 = AXIS2_PLACEMENT_3D('',#2207,#2208,#2209);
#2207 = CARTESIAN_POINT('',(10.,10.,5.5));
#2208 = DIRECTION('',(0.,0.,1.));
#2209 = DIRECTION('',(1.,0.,-0.));
#2210 = PCURVE('',#73,#2211);
#2211 = DEFINITIONAL_REPRESENTATION('',(#2212),#2216);
#2212 = CIRCLE('',#2213,9.);
#2213 = AXIS2_PLACEMENT_2D('',#2214,#2215);
#2214 = CARTESIAN_POINT('',(10.,10.));
#2215 = DIRECTION('',(1.,0.));
#2216 = ( GEOMETRIC_REPRESENTATION_CONTEXT(2) 
PARAMETRIC_REPRESENTATION_CONTEXT() REPRESENTATION_CONTEXT('2D SPACE',''
  ) );
#2217 = PCURVE('',#667,#2218);
#2218 = DEFINITIONAL_REPRESENTATION('',(#2219),#2223);
#2219 = LINE('',#2220,#2221);
#2220 = CARTESIAN_POINT('',(3.14159265359,0.));
#2221 = VECTOR('',#2222,1.);
#2222 = DIRECTION('',(-1.,0.));
#2223 = ( GEOMETRIC_REPRESENTATION_CONTEXT(2) 
PARAMETRIC_REPRESENTATION_CONTEXT() REPRESENTATION_CONTEXT('2D SPACE',''
  ) );
#2224 = ADVANCED_FACE('',(#2225),#667,.F.);
#2225 = FACE_BOUND('',#2226,.F.);
#2226 = EDGE_LOOP('',(#2227,#2228,#2229,#2230));
#2227 = ORIENTED_EDGE('',*,*,#2068,.T.);
#2228 = ORIENTED_EDGE('',*,*,#644,.F.);
#2229 = ORIENTED_EDGE('',*,*,#2203,.F.);
#2230 = ORIENTED_EDGE('',*,*,#712,.T.);
#2231 = ADVANCED_FACE('',(#2232,#2257),#579,.F.);
#2232 = FACE_BOUND('',#2233,.T.);
#2233 = EDGE_LOOP('',(#2234,#2235));
#2234 = ORIENTED_EDGE('',*,*,#562,.T.);
#2235 = ORIENTED_EDGE('',*,*,#2236,.T.);
#2236 = EDGE_CURVE('',#563,#530,#2237,.T.);
#2237 = SURFACE_CURVE('',#2238,(#2243,#2250),.PCURVE_S1.);
#2238 = CIRCLE('',#2239,6.);
#2239 = AXIS2_PLACEMENT_3D('',#2240,#2241,#2242);
#2240 = CARTESIAN_POINT('',(10.,10.,0.));
#2241 = DIRECTION('',(0.,0.,-1.));
#2242 = DIRECTION('',(-1.,0.,0.));
#2243 = PCURVE('',#579,#2244);
#2244 = DEFINITIONAL_REPRESENTATION('',(#2245),#2249);
#2245 = CIRCLE('',#2246,6.);
#2246 = AXIS2_PLACEMENT_2D('',#2247,#2248);
#2247 = CARTESIAN_POINT('',(-10.,10.));
#2248 = DIRECTION('',(1.,0.));
#2249 = ( GEOMETRIC_REPRESENTATION_CONTEXT(2) 
PARAMETRIC_REPRESENTATION_CONTEXT() REPRESENTATION_CONTEXT('2D SPACE',''
  ) );
#2250 = PCURVE('',#550,#2251);
#2251 = DEFINITIONAL_REPRESENTATION('',(#2252),#2256);
#2252 = LINE('',#2253,#2254);
#2253 = CARTESIAN_POINT('',(3.14159265359,1.));
#2254 = VECTOR('',#2255,1.);
#2255 = DIRECTION('',(-1.,0.));
#2256 = ( GEOMETRIC_REPRESENTATION_CONTEXT(2) 
PARAMETRIC_REPRESENTATION_CONTEXT() REPRESENTATION_CONTEXT('2D SPACE',''
  ) );
#2257 = FACE_BOUND('',#2258,.T.);
#2258 = EDGE_LOOP('',(#2259,#2260));
#2259 = ORIENTED_EDGE('',*,*,#795,.T.);
#2260 = ORIENTED_EDGE('',*,*,#2097,.T.);
#2261 = ADVANCED_FACE('',(#2262),#550,.F.);
#2262 = FACE_BOUND('',#2263,.F.);
#2263 = EDGE_LOOP('',(#2264,#2265,#2266,#2288));
#2264 = ORIENTED_EDGE('',*,*,#2236,.T.);
#2265 = ORIENTED_EDGE('',*,*,#527,.F.);
#2266 = ORIENTED_EDGE('',*,*,#2267,.F.);
#2267 = EDGE_CURVE('',#592,#528,#2268,.T.);
#2268 = SURFACE_CURVE('',#2269,(#2274,#2281),.PCURVE_S1.);
#2269 = CIRCLE('',#2270,6.);
#2270 = AXIS2_PLACEMENT_3D('',#2271,#2272,#2273);
#2271 = CARTESIAN_POINT('',(10.,10.,-1.));
#2272 = DIRECTION('',(0.,0.,-1.));
#2273 = DIRECTION('',(-1.,0.,0.));
#2274 = PCURVE('',#550,#2275);
#2275 = DEFINITIONAL_REPRESENTATION('',(#2276),#2280);
#2276 = LINE('',#2277,#2278);
#2277 = CARTESIAN_POINT('',(3.14159265359,0.));
#2278 = VECTOR('',#2279,1.);
#2279 = DIRECTION('',(-1.,0.));
#2280 = ( GEOMETRIC_REPRESENTATION_CONTEXT(2) 
PARAMETRIC_REPRESENTATION_CONTEXT() REPRESENTATION_CONTEXT('2D SPACE',''
  ) );
#2281 = PCURVE('',#629,#2282);
#2282 = DEFINITIONAL_REPRESENTATION('',(#2283),#2287);
#2283 = CIRCLE('',#2284,6.);
#2284 = AXIS2_PLACEMENT_2D('',#2285,#2286);
#2285 = CARTESIAN_POINT('',(-10.,10.));
#2286 = DIRECTION('',(1.,0.));
#2287 = ( GEOMETRIC_REPRESENTATION_CONTEXT(2) 
PARAMETRIC_REPRESENTATION_CONTEXT() REPRESENTATION_CONTEXT('2D SPACE',''
  ) );
#2288 = ORIENTED_EDGE('',*,*,#591,.T.);
#2289 = ADVANCED_FACE('',(#2290,#2294),#629,.F.);
#2290 = FACE_BOUND('',#2291,.T.);
#2291 = EDGE_LOOP('',(#2292,#2293));
#2292 = ORIENTED_EDGE('',*,*,#905,.T.);
#2293 = ORIENTED_EDGE('',*,*,#1590,.T.);
#2294 = FACE_BOUND('',#2295,.T.);
#2295 = EDGE_LOOP('',(#2296,#2297));
#2296 = ORIENTED_EDGE('',*,*,#614,.F.);
#2297 = ORIENTED_EDGE('',*,*,#2267,.F.);
#2298 = ADVANCED_FACE('',(#2299),#1285,.T.);
#2299 = FACE_BOUND('',#2300,.T.);
#2300 = EDGE_LOOP('',(#2301,#2326,#2347,#2348,#2349,#2372));
#2301 = ORIENTED_EDGE('',*,*,#2302,.F.);
#2302 = EDGE_CURVE('',#2303,#2305,#2307,.T.);
#2303 = VERTEX_POINT('',#2304);
#2304 = CARTESIAN_POINT('',(21.,19.819202410854,-21.));
#2305 = VERTEX_POINT('',#2306);
#2306 = CARTESIAN_POINT('',(21.,20.180797589146,-21.));
#2307 = SURFACE_CURVE('',#2308,(#2312,#2319),.PCURVE_S1.);
#2308 = LINE('',#2309,#2310);
#2309 = CARTESIAN_POINT('',(21.,16.,-21.));
#2310 = VECTOR('',#2311,1.);
#2311 = DIRECTION('',(0.,1.,0.));
#2312 = PCURVE('',#1285,#2313);
#2313 = DEFINITIONAL_REPRESENTATION('',(#2314),#2318);
#2314 = LINE('',#2315,#2316);
#2315 = CARTESIAN_POINT('',(-21.,16.));
#2316 = VECTOR('',#2317,1.);
#2317 = DIRECTION('',(0.,1.));
#2318 = ( GEOMETRIC_REPRESENTATION_CONTEXT(2) 
PARAMETRIC_REPRESENTATION_CONTEXT() REPRESENTATION_CONTEXT('2D SPACE',''
  ) );
#2319 = PCURVE('',#1553,#2320);
#2320 = DEFINITIONAL_REPRESENTATION('',(#2321),#2325);
#2321 = LINE('',#2322,#2323);
#2322 = CARTESIAN_POINT('',(-0.899957743233,-27.97974164148));
#2323 = VECTOR('',#2324,1.);
#2324 = DIRECTION('',(0.,1.));
#2325 = ( GEOMETRIC_REPRESENTATION_CONTEXT(2) 
PARAMETRIC_REPRESENTATION_CONTEXT() REPRESENTATION_CONTEXT('2D SPACE',''
  ) );
#2326 = ORIENTED_EDGE('',*,*,#2327,.T.);
#2327 = EDGE_CURVE('',#2303,#1327,#2328,.T.);
#2328 = SURFACE_CURVE('',#2329,(#2333,#2340),.PCURVE_S1.);
#2329 = LINE('',#2330,#2331);
#2330 = CARTESIAN_POINT('',(0.,19.819202410854,-21.));
#2331 = VECTOR('',#2332,1.);
#2332 = DIRECTION('',(-1.,-0.,-0.));
#2333 = PCURVE('',#1285,#2334);
#2334 = DEFINITIONAL_REPRESENTATION('',(#2335),#2339);
#2335 = LINE('',#2336,#2337);
#2336 = CARTESIAN_POINT('',(0.,19.819202410854));
#2337 = VECTOR('',#2338,1.);
#2338 = DIRECTION('',(1.,0.));
#2339 = ( GEOMETRIC_REPRESENTATION_CONTEXT(2) 
PARAMETRIC_REPRESENTATION_CONTEXT() REPRESENTATION_CONTEXT('2D SPACE',''
  ) );
#2340 = PCURVE('',#1370,#2341);
#2341 = DEFINITIONAL_REPRESENTATION('',(#2342),#2346);
#2342 = LINE('',#2343,#2344);
#2343 = CARTESIAN_POINT('',(6.28318530718,0.));
#2344 = VECTOR('',#2345,1.);
#2345 = DIRECTION('',(0.,-1.));
#2346 = ( GEOMETRIC_REPRESENTATION_CONTEXT(2) 
PARAMETRIC_REPRESENTATION_CONTEXT() REPRESENTATION_CONTEXT('2D SPACE',''
  ) );
#2347 = ORIENTED_EDGE('',*,*,#1326,.T.);
#2348 = ORIENTED_EDGE('',*,*,#1269,.T.);
#2349 = ORIENTED_EDGE('',*,*,#2350,.T.);
#2350 = EDGE_CURVE('',#1242,#2351,#2353,.T.);
#2351 = VERTEX_POINT('',#2352);
#2352 = CARTESIAN_POINT('',(20.,20.180797589146,-21.));
#2353 = SURFACE_CURVE('',#2354,(#2358,#2365),.PCURVE_S1.);
#2354 = LINE('',#2355,#2356);
#2355 = CARTESIAN_POINT('',(20.,16.,-21.));
#2356 = VECTOR('',#2357,1.);
#2357 = DIRECTION('',(0.,1.,0.));
#2358 = PCURVE('',#1285,#2359);
#2359 = DEFINITIONAL_REPRESENTATION('',(#2360),#2364);
#2360 = LINE('',#2361,#2362);
#2361 = CARTESIAN_POINT('',(-20.,16.));
#2362 = VECTOR('',#2363,1.);
#2363 = DIRECTION('',(0.,1.));
#2364 = ( GEOMETRIC_REPRESENTATION_CONTEXT(2) 
PARAMETRIC_REPRESENTATION_CONTEXT() REPRESENTATION_CONTEXT('2D SPACE',''
  ) );
#2365 = PCURVE('',#1257,#2366);
#2366 = DEFINITIONAL_REPRESENTATION('',(#2367),#2371);
#2367 = LINE('',#2368,#2369);
#2368 = CARTESIAN_POINT('',(-0.899957743233,-27.97974164148));
#2369 = VECTOR('',#2370,1.);
#2370 = DIRECTION('',(0.,1.));
#2371 = ( GEOMETRIC_REPRESENTATION_CONTEXT(2) 
PARAMETRIC_REPRESENTATION_CONTEXT() REPRESENTATION_CONTEXT('2D SPACE',''
  ) );
#2372 = ORIENTED_EDGE('',*,*,#2373,.T.);
#2373 = EDGE_CURVE('',#2351,#2305,#2374,.T.);
#2374 = SURFACE_CURVE('',#2375,(#2379,#2386),.PCURVE_S1.);
#2375 = LINE('',#2376,#2377);
#2376 = CARTESIAN_POINT('',(21.,20.180797589146,-21.));
#2377 = VECTOR('',#2378,1.);
#2378 = DIRECTION('',(1.,0.,0.));
#2379 = PCURVE('',#1285,#2380);
#2380 = DEFINITIONAL_REPRESENTATION('',(#2381),#2385);
#2381 = LINE('',#2382,#2383);
#2382 = CARTESIAN_POINT('',(-21.,20.180797589146));
#2383 = VECTOR('',#2384,1.);
#2384 = DIRECTION('',(-1.,0.));
#2385 = ( GEOMETRIC_REPRESENTATION_CONTEXT(2) 
PARAMETRIC_REPRESENTATION_CONTEXT() REPRESENTATION_CONTEXT('2D SPACE',''
  ) );
#2386 = PCURVE('',#2387,#2392);
#2387 = CYLINDRICAL_SURFACE('',#2388,4.);
#2388 = AXIS2_PLACEMENT_3D('',#2389,#2390,#2391);
#2389 = CARTESIAN_POINT('',(21.,20.180797589146,-17.));
#2390 = DIRECTION('',(-1.,-0.,-0.));
#2391 = DIRECTION('',(-0.,0.,1.));
#2392 = DEFINITIONAL_REPRESENTATION('',(#2393),#2397);
#2393 = LINE('',#2394,#2395);
#2394 = CARTESIAN_POINT('',(3.14159265359,0.));
#2395 = VECTOR('',#2396,1.);
#2396 = DIRECTION('',(0.,-1.));
#2397 = ( GEOMETRIC_REPRESENTATION_CONTEXT(2) 
PARAMETRIC_REPRESENTATION_CONTEXT() REPRESENTATION_CONTEXT('2D SPACE',''
  ) );
#2398 = ADVANCED_FACE('',(#2399,#2403),#1088,.F.);
#2399 = FACE_BOUND('',#2400,.F.);
#2400 = EDGE_LOOP('',(#2401,#2402));
#2401 = ORIENTED_EDGE('',*,*,#1613,.T.);
#2402 = ORIENTED_EDGE('',*,*,#952,.T.);
#2403 = FACE_BOUND('',#2404,.F.);
#2404 = EDGE_LOOP('',(#2405,#2406,#2430,#2451));
#2405 = ORIENTED_EDGE('',*,*,#1514,.T.);
#2406 = ORIENTED_EDGE('',*,*,#2407,.T.);
#2407 = EDGE_CURVE('',#1515,#2408,#2410,.T.);
#2408 = VERTEX_POINT('',#2409);
#2409 = CARTESIAN_POINT('',(21.,15.852711735465,-17.51667370946));
#2410 = SURFACE_CURVE('',#2411,(#2416,#2423),.PCURVE_S1.);
#2411 = CIRCLE('',#2412,20.);
#2412 = AXIS2_PLACEMENT_3D('',#2413,#2414,#2415);
#2413 = CARTESIAN_POINT('',(21.,-3.979741641483,-20.10004225676));
#2414 = DIRECTION('',(-1.,-0.,-0.));
#2415 = DIRECTION('',(0.,0.,-1.));
#2416 = PCURVE('',#1088,#2417);
#2417 = DEFINITIONAL_REPRESENTATION('',(#2418),#2422);
#2418 = LINE('',#2419,#2420);
#2419 = CARTESIAN_POINT('',(6.28318530718,21.));
#2420 = VECTOR('',#2421,1.);
#2421 = DIRECTION('',(-1.,0.));
#2422 = ( GEOMETRIC_REPRESENTATION_CONTEXT(2) 
PARAMETRIC_REPRESENTATION_CONTEXT() REPRESENTATION_CONTEXT('2D SPACE',''
  ) );
#2423 = PCURVE('',#1553,#2424);
#2424 = DEFINITIONAL_REPRESENTATION('',(#2425),#2429);
#2425 = CIRCLE('',#2426,20.);
#2426 = AXIS2_PLACEMENT_2D('',#2427,#2428);
#2427 = CARTESIAN_POINT('',(0.,-47.95948328296));
#2428 = DIRECTION('',(-1.,0.));
#2429 = ( GEOMETRIC_REPRESENTATION_CONTEXT(2) 
PARAMETRIC_REPRESENTATION_CONTEXT() REPRESENTATION_CONTEXT('2D SPACE',''
  ) );
#2430 = ORIENTED_EDGE('',*,*,#2431,.F.);
#2431 = EDGE_CURVE('',#1350,#2408,#2432,.T.);
#2432 = SURFACE_CURVE('',#2433,(#2437,#2444),.PCURVE_S1.);
#2433 = LINE('',#2434,#2435);
#2434 = CARTESIAN_POINT('',(0.,15.852711735465,-17.51667370946));
#2435 = VECTOR('',#2436,1.);
#2436 = DIRECTION('',(1.,-0.,-0.));
#2437 = PCURVE('',#1088,#2438);
#2438 = DEFINITIONAL_REPRESENTATION('',(#2439),#2443);
#2439 = LINE('',#2440,#2441);
#2440 = CARTESIAN_POINT('',(1.700326662746,0.));
#2441 = VECTOR('',#2442,1.);
#2442 = DIRECTION('',(0.,1.));
#2443 = ( GEOMETRIC_REPRESENTATION_CONTEXT(2) 
PARAMETRIC_REPRESENTATION_CONTEXT() REPRESENTATION_CONTEXT('2D SPACE',''
  ) );
#2444 = PCURVE('',#1370,#2445);
#2445 = DEFINITIONAL_REPRESENTATION('',(#2446),#2450);
#2446 = LINE('',#2447,#2448);
#2447 = CARTESIAN_POINT('',(4.841919316336,0.));
#2448 = VECTOR('',#2449,1.);
#2449 = DIRECTION('',(0.,1.));
#2450 = ( GEOMETRIC_REPRESENTATION_CONTEXT(2) 
PARAMETRIC_REPRESENTATION_CONTEXT() REPRESENTATION_CONTEXT('2D SPACE',''
  ) );
#2451 = ORIENTED_EDGE('',*,*,#1382,.F.);
#2452 = ADVANCED_FACE('',(#2453),#278,.F.);
#2453 = FACE_BOUND('',#2454,.F.);
#2454 = EDGE_LOOP('',(#2455,#2456,#2457,#2479));
#2455 = ORIENTED_EDGE('',*,*,#1851,.F.);
#2456 = ORIENTED_EDGE('',*,*,#255,.F.);
#2457 = ORIENTED_EDGE('',*,*,#2458,.T.);
#2458 = EDGE_CURVE('',#256,#480,#2459,.T.);
#2459 = SURFACE_CURVE('',#2460,(#2465,#2472),.PCURVE_S1.);
#2460 = CIRCLE('',#2461,3.);
#2461 = AXIS2_PLACEMENT_3D('',#2462,#2463,#2464);
#2462 = CARTESIAN_POINT('',(10.,17.5,-6.5));
#2463 = DIRECTION('',(0.,-1.,0.));
#2464 = DIRECTION('',(0.,0.,-1.));
#2465 = PCURVE('',#278,#2466);
#2466 = DEFINITIONAL_REPRESENTATION('',(#2467),#2471);
#2467 = LINE('',#2468,#2469);
#2468 = CARTESIAN_POINT('',(0.,0.));
#2469 = VECTOR('',#2470,1.);
#2470 = DIRECTION('',(1.,0.));
#2471 = ( GEOMETRIC_REPRESENTATION_CONTEXT(2) 
PARAMETRIC_REPRESENTATION_CONTEXT() REPRESENTATION_CONTEXT('2D SPACE',''
  ) );
#2472 = PCURVE('',#190,#2473);
#2473 = DEFINITIONAL_REPRESENTATION('',(#2474),#2478);
#2474 = CIRCLE('',#2475,3.);
#2475 = AXIS2_PLACEMENT_2D('',#2476,#2477);
#2476 = CARTESIAN_POINT('',(0.,0.));
#2477 = DIRECTION('',(1.,0.));
#2478 = ( GEOMETRIC_REPRESENTATION_CONTEXT(2) 
PARAMETRIC_REPRESENTATION_CONTEXT() REPRESENTATION_CONTEXT('2D SPACE',''
  ) );
#2479 = ORIENTED_EDGE('',*,*,#479,.T.);
#2480 = ADVANCED_FACE('',(#2481,#2506),#190,.T.);
#2481 = FACE_BOUND('',#2482,.T.);
#2482 = EDGE_LOOP('',(#2483,#2505));
#2483 = ORIENTED_EDGE('',*,*,#2484,.F.);
#2484 = EDGE_CURVE('',#141,#174,#2485,.T.);
#2485 = SURFACE_CURVE('',#2486,(#2491,#2498),.PCURVE_S1.);
#2486 = CIRCLE('',#2487,1.6);
#2487 = AXIS2_PLACEMENT_3D('',#2488,#2489,#2490);
#2488 = CARTESIAN_POINT('',(10.,17.5,-6.5));
#2489 = DIRECTION('',(0.,-1.,0.));
#2490 = DIRECTION('',(0.,0.,-1.));
#2491 = PCURVE('',#190,#2492);
#2492 = DEFINITIONAL_REPRESENTATION('',(#2493),#2497);
#2493 = CIRCLE('',#2494,1.6);
#2494 = AXIS2_PLACEMENT_2D('',#2495,#2496);
#2495 = CARTESIAN_POINT('',(0.,0.));
#2496 = DIRECTION('',(1.,0.));
#2497 = ( GEOMETRIC_REPRESENTATION_CONTEXT(2) 
PARAMETRIC_REPRESENTATION_CONTEXT() REPRESENTATION_CONTEXT('2D SPACE',''
  ) );
#2498 = PCURVE('',#161,#2499);
#2499 = DEFINITIONAL_REPRESENTATION('',(#2500),#2504);
#2500 = LINE('',#2501,#2502);
#2501 = CARTESIAN_POINT('',(0.,15.));
#2502 = VECTOR('',#2503,1.);
#2503 = DIRECTION('',(1.,0.));
#2504 = ( GEOMETRIC_REPRESENTATION_CONTEXT(2) 
PARAMETRIC_REPRESENTATION_CONTEXT() REPRESENTATION_CONTEXT('2D SPACE',''
  ) );
#2505 = ORIENTED_EDGE('',*,*,#173,.F.);
#2506 = FACE_BOUND('',#2507,.T.);
#2507 = EDGE_LOOP('',(#2508,#2509));
#2508 = ORIENTED_EDGE('',*,*,#2458,.T.);
#2509 = ORIENTED_EDGE('',*,*,#502,.T.);
#2510 = ADVANCED_FACE('',(#2511),#161,.F.);
#2511 = FACE_BOUND('',#2512,.F.);
#2512 = EDGE_LOOP('',(#2513,#2514,#2515,#2516));
#2513 = ORIENTED_EDGE('',*,*,#2484,.F.);
#2514 = ORIENTED_EDGE('',*,*,#138,.F.);
#2515 = ORIENTED_EDGE('',*,*,#1191,.T.);
#2516 = ORIENTED_EDGE('',*,*,#202,.T.);
#2517 = ADVANCED_FACE('',(#2518,#2543),#123,.F.);
#2518 = FACE_BOUND('',#2519,.T.);
#2519 = EDGE_LOOP('',(#2520,#2542));
#2520 = ORIENTED_EDGE('',*,*,#2521,.T.);
#2521 = EDGE_CURVE('',#22,#86,#2522,.T.);
#2522 = SURFACE_CURVE('',#2523,(#2528,#2535),.PCURVE_S1.);
#2523 = CIRCLE('',#2524,2.25);
#2524 = AXIS2_PLACEMENT_3D('',#2525,#2526,#2527);
#2525 = CARTESIAN_POINT('',(10.,30.,0.));
#2526 = DIRECTION('',(0.,-0.,1.));
#2527 = DIRECTION('',(1.,0.,0.));
#2528 = PCURVE('',#123,#2529);
#2529 = DEFINITIONAL_REPRESENTATION('',(#2530),#2534);
#2530 = CIRCLE('',#2531,2.25);
#2531 = AXIS2_PLACEMENT_2D('',#2532,#2533);
#2532 = CARTESIAN_POINT('',(-10.,-10.));
#2533 = DIRECTION('',(1.,0.));
#2534 = ( GEOMETRIC_REPRESENTATION_CONTEXT(2) 
PARAMETRIC_REPRESENTATION_CONTEXT() REPRESENTATION_CONTEXT('2D SPACE',''
  ) );
#2535 = PCURVE('',#44,#2536);
#2536 = DEFINITIONAL_REPRESENTATION('',(#2537),#2541);
#2537 = LINE('',#2538,#2539);
#2538 = CARTESIAN_POINT('',(0.,14.5));
#2539 = VECTOR('',#2540,1.);
#2540 = DIRECTION('',(1.,0.));
#2541 = ( GEOMETRIC_REPRESENTATION_CONTEXT(2) 
PARAMETRIC_REPRESENTATION_CONTEXT() REPRESENTATION_CONTEXT('2D SPACE',''
  ) );
#2542 = ORIENTED_EDGE('',*,*,#108,.T.);
#2543 = FACE_BOUND('',#2544,.T.);
#2544 = EDGE_LOOP('',(#2545,#2546,#2547,#2570));
#2545 = ORIENTED_EDGE('',*,*,#1216,.T.);
#2546 = ORIENTED_EDGE('',*,*,#1489,.F.);
#2547 = ORIENTED_EDGE('',*,*,#2548,.F.);
#2548 = EDGE_CURVE('',#2549,#1462,#2551,.T.);
#2549 = VERTEX_POINT('',#2550);
#2550 = CARTESIAN_POINT('',(20.,40.,0.));
#2551 = SURFACE_CURVE('',#2552,(#2556,#2563),.PCURVE_S1.);
#2552 = LINE('',#2553,#2554);
#2553 = CARTESIAN_POINT('',(20.,40.,0.));
#2554 = VECTOR('',#2555,1.);
#2555 = DIRECTION('',(-1.,0.,0.));
#2556 = PCURVE('',#123,#2557);
#2557 = DEFINITIONAL_REPRESENTATION('',(#2558),#2562);
#2558 = LINE('',#2559,#2560);
#2559 = CARTESIAN_POINT('',(0.,0.));
#2560 = VECTOR('',#2561,1.);
#2561 = DIRECTION('',(-1.,0.));
#2562 = ( GEOMETRIC_REPRESENTATION_CONTEXT(2) 
PARAMETRIC_REPRESENTATION_CONTEXT() REPRESENTATION_CONTEXT('2D SPACE',''
  ) );
#2563 = PCURVE('',#1477,#2564);
#2564 = DEFINITIONAL_REPRESENTATION('',(#2565),#2569);
#2565 = LINE('',#2566,#2567);
#2566 = CARTESIAN_POINT('',(0.,20.));
#2567 = VECTOR('',#2568,1.);
#2568 = DIRECTION('',(0.,-1.));
#2569 = ( GEOMETRIC_REPRESENTATION_CONTEXT(2) 
PARAMETRIC_REPRESENTATION_CONTEXT() REPRESENTATION_CONTEXT('2D SPACE',''
  ) );
#2570 = ORIENTED_EDGE('',*,*,#2571,.T.);
#2571 = EDGE_CURVE('',#2549,#1217,#2572,.T.);
#2572 = SURFACE_CURVE('',#2573,(#2577,#2584),.PCURVE_S1.);
#2573 = LINE('',#2574,#2575);
#2574 = CARTESIAN_POINT('',(20.,40.,0.));
#2575 = VECTOR('',#2576,1.);
#2576 = DIRECTION('',(-0.,-1.,-0.));
#2577 = PCURVE('',#123,#2578);
#2578 = DEFINITIONAL_REPRESENTATION('',(#2579),#2583);
#2579 = LINE('',#2580,#2581);
#2580 = CARTESIAN_POINT('',(0.,0.));
#2581 = VECTOR('',#2582,1.);
#2582 = DIRECTION('',(-0.,-1.));
#2583 = ( GEOMETRIC_REPRESENTATION_CONTEXT(2) 
PARAMETRIC_REPRESENTATION_CONTEXT() REPRESENTATION_CONTEXT('2D SPACE',''
  ) );
#2584 = PCURVE('',#1257,#2585);
#2585 = DEFINITIONAL_REPRESENTATION('',(#2586),#2590);
#2586 = LINE('',#2587,#2588);
#2587 = CARTESIAN_POINT('',(20.100042256767,-3.979741641483));
#2588 = VECTOR('',#2589,1.);
#2589 = DIRECTION('',(0.,-1.));
#2590 = ( GEOMETRIC_REPRESENTATION_CONTEXT(2) 
PARAMETRIC_REPRESENTATION_CONTEXT() REPRESENTATION_CONTEXT('2D SPACE',''
  ) );
#2591 = ADVANCED_FACE('',(#2592),#1477,.T.);
#2592 = FACE_BOUND('',#2593,.T.);
#2593 = EDGE_LOOP('',(#2594,#2595,#2618,#2646,#2667,#2668));
#2594 = ORIENTED_EDGE('',*,*,#2178,.T.);
#2595 = ORIENTED_EDGE('',*,*,#2596,.F.);
#2596 = EDGE_CURVE('',#2597,#2156,#2599,.T.);
#2597 = VERTEX_POINT('',#2598);
#2598 = CARTESIAN_POINT('',(21.,40.,-0.5));
#2599 = SURFACE_CURVE('',#2600,(#2604,#2611),.PCURVE_S1.);
#2600 = LINE('',#2601,#2602);
#2601 = CARTESIAN_POINT('',(21.,40.,-0.5));
#2602 = VECTOR('',#2603,1.);
#2603 = DIRECTION('',(0.,0.,1.));
#2604 = PCURVE('',#1477,#2605);
#2605 = DEFINITIONAL_REPRESENTATION('',(#2606),#2610);
#2606 = LINE('',#2607,#2608);
#2607 = CARTESIAN_POINT('',(-0.5,21.));
#2608 = VECTOR('',#2609,1.);
#2609 = DIRECTION('',(1.,0.));
#2610 = ( GEOMETRIC_REPRESENTATION_CONTEXT(2) 
PARAMETRIC_REPRESENTATION_CONTEXT() REPRESENTATION_CONTEXT('2D SPACE',''
  ) );
#2611 = PCURVE('',#1553,#2612);
#2612 = DEFINITIONAL_REPRESENTATION('',(#2613),#2617);
#2613 = LINE('',#2614,#2615);
#2614 = CARTESIAN_POINT('',(19.600042256767,-3.979741641483));
#2615 = VECTOR('',#2616,1.);
#2616 = DIRECTION('',(1.,0.));
#2617 = ( GEOMETRIC_REPRESENTATION_CONTEXT(2) 
PARAMETRIC_REPRESENTATION_CONTEXT() REPRESENTATION_CONTEXT('2D SPACE',''
  ) );
#2618 = ORIENTED_EDGE('',*,*,#2619,.T.);
#2619 = EDGE_CURVE('',#2597,#2620,#2622,.T.);
#2620 = VERTEX_POINT('',#2621);
#2621 = CARTESIAN_POINT('',(20.,40.,-0.5));
#2622 = SURFACE_CURVE('',#2623,(#2627,#2634),.PCURVE_S1.);
#2623 = LINE('',#2624,#2625);
#2624 = CARTESIAN_POINT('',(21.,40.,-0.5));
#2625 = VECTOR('',#2626,1.);
#2626 = DIRECTION('',(-1.,-0.,-0.));
#2627 = PCURVE('',#1477,#2628);
#2628 = DEFINITIONAL_REPRESENTATION('',(#2629),#2633);
#2629 = LINE('',#2630,#2631);
#2630 = CARTESIAN_POINT('',(-0.5,21.));
#2631 = VECTOR('',#2632,1.);
#2632 = DIRECTION('',(0.,-1.));
#2633 = ( GEOMETRIC_REPRESENTATION_CONTEXT(2) 
PARAMETRIC_REPRESENTATION_CONTEXT() REPRESENTATION_CONTEXT('2D SPACE',''
  ) );
#2634 = PCURVE('',#2635,#2640);
#2635 = CYLINDRICAL_SURFACE('',#2636,20.);
#2636 = AXIS2_PLACEMENT_3D('',#2637,#2638,#2639);
#2637 = CARTESIAN_POINT('',(21.,43.979741641483,-20.10004225676));
#2638 = DIRECTION('',(-1.,-0.,-0.));
#2639 = DIRECTION('',(-0.,0.,1.));
#2640 = DEFINITIONAL_REPRESENTATION('',(#2641),#2645);
#2641 = LINE('',#2642,#2643);
#2642 = CARTESIAN_POINT('',(6.082861082546,0.));
#2643 = VECTOR('',#2644,1.);
#2644 = DIRECTION('',(0.,1.));
#2645 = ( GEOMETRIC_REPRESENTATION_CONTEXT(2) 
PARAMETRIC_REPRESENTATION_CONTEXT() REPRESENTATION_CONTEXT('2D SPACE',''
  ) );
#2646 = ORIENTED_EDGE('',*,*,#2647,.T.);
#2647 = EDGE_CURVE('',#2620,#2549,#2648,.T.);
#2648 = SURFACE_CURVE('',#2649,(#2653,#2660),.PCURVE_S1.);
#2649 = LINE('',#2650,#2651);
#2650 = CARTESIAN_POINT('',(20.,40.,-0.5));
#2651 = VECTOR('',#2652,1.);
#2652 = DIRECTION('',(0.,0.,1.));
#2653 = PCURVE('',#1477,#2654);
#2654 = DEFINITIONAL_REPRESENTATION('',(#2655),#2659);
#2655 = LINE('',#2656,#2657);
#2656 = CARTESIAN_POINT('',(-0.5,20.));
#2657 = VECTOR('',#2658,1.);
#2658 = DIRECTION('',(1.,0.));
#2659 = ( GEOMETRIC_REPRESENTATION_CONTEXT(2) 
PARAMETRIC_REPRESENTATION_CONTEXT() REPRESENTATION_CONTEXT('2D SPACE',''
  ) );
#2660 = PCURVE('',#1257,#2661);
#2661 = DEFINITIONAL_REPRESENTATION('',(#2662),#2666);
#2662 = LINE('',#2663,#2664);
#2663 = CARTESIAN_POINT('',(19.600042256767,-3.979741641483));
#2664 = VECTOR('',#2665,1.);
#2665 = DIRECTION('',(1.,0.));
#2666 = ( GEOMETRIC_REPRESENTATION_CONTEXT(2) 
PARAMETRIC_REPRESENTATION_CONTEXT() REPRESENTATION_CONTEXT('2D SPACE',''
  ) );
#2667 = ORIENTED_EDGE('',*,*,#2548,.T.);
#2668 = ORIENTED_EDGE('',*,*,#1461,.T.);
#2669 = ADVANCED_FACE('',(#2670),#44,.F.);
#2670 = FACE_BOUND('',#2671,.F.);
#2671 = EDGE_LOOP('',(#2672,#2673,#2674,#2675));
#2672 = ORIENTED_EDGE('',*,*,#2129,.F.);
#2673 = ORIENTED_EDGE('',*,*,#21,.F.);
#2674 = ORIENTED_EDGE('',*,*,#2521,.T.);
#2675 = ORIENTED_EDGE('',*,*,#85,.T.);
#2676 = ADVANCED_FACE('',(#2677),#1257,.T.);
#2677 = FACE_BOUND('',#2678,.T.);
#2678 = EDGE_LOOP('',(#2679,#2703,#2725,#2726,#2727,#2728));
#2679 = ORIENTED_EDGE('',*,*,#2680,.F.);
#2680 = EDGE_CURVE('',#2681,#2620,#2683,.T.);
#2681 = VERTEX_POINT('',#2682);
#2682 = CARTESIAN_POINT('',(20.,24.147288264535,-17.51667370946));
#2683 = SURFACE_CURVE('',#2684,(#2689,#2696),.PCURVE_S1.);
#2684 = CIRCLE('',#2685,20.);
#2685 = AXIS2_PLACEMENT_3D('',#2686,#2687,#2688);
#2686 = CARTESIAN_POINT('',(20.,43.979741641483,-20.10004225676));
#2687 = DIRECTION('',(-1.,-0.,0.));
#2688 = DIRECTION('',(0.,0.,1.));
#2689 = PCURVE('',#1257,#2690);
#2690 = DEFINITIONAL_REPRESENTATION('',(#2691),#2695);
#2691 = CIRCLE('',#2692,20.);
#2692 = AXIS2_PLACEMENT_2D('',#2693,#2694);
#2693 = CARTESIAN_POINT('',(0.,0.));
#2694 = DIRECTION('',(1.,0.));
#2695 = ( GEOMETRIC_REPRESENTATION_CONTEXT(2) 
PARAMETRIC_REPRESENTATION_CONTEXT() REPRESENTATION_CONTEXT('2D SPACE',''
  ) );
#2696 = PCURVE('',#2635,#2697);
#2697 = DEFINITIONAL_REPRESENTATION('',(#2698),#2702);
#2698 = LINE('',#2699,#2700);
#2699 = CARTESIAN_POINT('',(0.,1.));
#2700 = VECTOR('',#2701,1.);
#2701 = DIRECTION('',(1.,0.));
#2702 = ( GEOMETRIC_REPRESENTATION_CONTEXT(2) 
PARAMETRIC_REPRESENTATION_CONTEXT() REPRESENTATION_CONTEXT('2D SPACE',''
  ) );
#2703 = ORIENTED_EDGE('',*,*,#2704,.T.);
#2704 = EDGE_CURVE('',#2681,#2351,#2705,.T.);
#2705 = SURFACE_CURVE('',#2706,(#2711,#2718),.PCURVE_S1.);
#2706 = CIRCLE('',#2707,4.);
#2707 = AXIS2_PLACEMENT_3D('',#2708,#2709,#2710);
#2708 = CARTESIAN_POINT('',(20.,20.180797589146,-17.));
#2709 = DIRECTION('',(-1.,-0.,0.));
#2710 = DIRECTION('',(0.,0.,1.));
#2711 = PCURVE('',#1257,#2712);
#2712 = DEFINITIONAL_REPRESENTATION('',(#2713),#2717);
#2713 = CIRCLE('',#2714,4.);
#2714 = AXIS2_PLACEMENT_2D('',#2715,#2716);
#2715 = CARTESIAN_POINT('',(3.100042256767,-23.79894405233));
#2716 = DIRECTION('',(1.,0.));
#2717 = ( GEOMETRIC_REPRESENTATION_CONTEXT(2) 
PARAMETRIC_REPRESENTATION_CONTEXT() REPRESENTATION_CONTEXT('2D SPACE',''
  ) );
#2718 = PCURVE('',#2387,#2719);
#2719 = DEFINITIONAL_REPRESENTATION('',(#2720),#2724);
#2720 = LINE('',#2721,#2722);
#2721 = CARTESIAN_POINT('',(-2.22044604925E-16,1.));
#2722 = VECTOR('',#2723,1.);
#2723 = DIRECTION('',(1.,0.));
#2724 = ( GEOMETRIC_REPRESENTATION_CONTEXT(2) 
PARAMETRIC_REPRESENTATION_CONTEXT() REPRESENTATION_CONTEXT('2D SPACE',''
  ) );
#2725 = ORIENTED_EDGE('',*,*,#2350,.F.);
#2726 = ORIENTED_EDGE('',*,*,#1241,.F.);
#2727 = ORIENTED_EDGE('',*,*,#2571,.F.);
#2728 = ORIENTED_EDGE('',*,*,#2647,.F.);
#2729 = ADVANCED_FACE('',(#2730),#2635,.F.);
#2730 = FACE_BOUND('',#2731,.F.);
#2731 = EDGE_LOOP('',(#2732,#2733,#2734,#2757));
#2732 = ORIENTED_EDGE('',*,*,#2619,.T.);
#2733 = ORIENTED_EDGE('',*,*,#2680,.F.);
#2734 = ORIENTED_EDGE('',*,*,#2735,.F.);
#2735 = EDGE_CURVE('',#2736,#2681,#2738,.T.);
#2736 = VERTEX_POINT('',#2737);
#2737 = CARTESIAN_POINT('',(21.,24.147288264535,-17.51667370946));
#2738 = SURFACE_CURVE('',#2739,(#2743,#2750),.PCURVE_S1.);
#2739 = LINE('',#2740,#2741);
#2740 = CARTESIAN_POINT('',(21.,24.147288264535,-17.51667370946));
#2741 = VECTOR('',#2742,1.);
#2742 = DIRECTION('',(-1.,-0.,-0.));
#2743 = PCURVE('',#2635,#2744);
#2744 = DEFINITIONAL_REPRESENTATION('',(#2745),#2749);
#2745 = LINE('',#2746,#2747);
#2746 = CARTESIAN_POINT('',(4.841919316336,0.));
#2747 = VECTOR('',#2748,1.);
#2748 = DIRECTION('',(0.,1.));
#2749 = ( GEOMETRIC_REPRESENTATION_CONTEXT(2) 
PARAMETRIC_REPRESENTATION_CONTEXT() REPRESENTATION_CONTEXT('2D SPACE',''
  ) );
#2750 = PCURVE('',#2387,#2751);
#2751 = DEFINITIONAL_REPRESENTATION('',(#2752),#2756);
#2752 = LINE('',#2753,#2754);
#2753 = CARTESIAN_POINT('',(1.700326662746,0.));
#2754 = VECTOR('',#2755,1.);
#2755 = DIRECTION('',(0.,1.));
#2756 = ( GEOMETRIC_REPRESENTATION_CONTEXT(2) 
PARAMETRIC_REPRESENTATION_CONTEXT() REPRESENTATION_CONTEXT('2D SPACE',''
  ) );
#2757 = ORIENTED_EDGE('',*,*,#2758,.T.);
#2758 = EDGE_CURVE('',#2736,#2597,#2759,.T.);
#2759 = SURFACE_CURVE('',#2760,(#2765,#2772),.PCURVE_S1.);
#2760 = CIRCLE('',#2761,20.);
#2761 = AXIS2_PLACEMENT_3D('',#2762,#2763,#2764);
#2762 = CARTESIAN_POINT('',(21.,43.979741641483,-20.10004225676));
#2763 = DIRECTION('',(-1.,-0.,0.));
#2764 = DIRECTION('',(0.,0.,1.));
#2765 = PCURVE('',#2635,#2766);
#2766 = DEFINITIONAL_REPRESENTATION('',(#2767),#2771);
#2767 = LINE('',#2768,#2769);
#2768 = CARTESIAN_POINT('',(0.,0.));
#2769 = VECTOR('',#2770,1.);
#2770 = DIRECTION('',(1.,0.));
#2771 = ( GEOMETRIC_REPRESENTATION_CONTEXT(2) 
PARAMETRIC_REPRESENTATION_CONTEXT() REPRESENTATION_CONTEXT('2D SPACE',''
  ) );
#2772 = PCURVE('',#1553,#2773);
#2773 = DEFINITIONAL_REPRESENTATION('',(#2774),#2778);
#2774 = CIRCLE('',#2775,20.);
#2775 = AXIS2_PLACEMENT_2D('',#2776,#2777);
#2776 = CARTESIAN_POINT('',(0.,0.));
#2777 = DIRECTION('',(1.,0.));
#2778 = ( GEOMETRIC_REPRESENTATION_CONTEXT(2) 
PARAMETRIC_REPRESENTATION_CONTEXT() REPRESENTATION_CONTEXT('2D SPACE',''
  ) );
#2779 = ADVANCED_FACE('',(#2780),#1553,.F.);
#2780 = FACE_BOUND('',#2781,.T.);
#2781 = EDGE_LOOP('',(#2782,#2783,#2809,#2810,#2836,#2837,#2838,#2839));
#2782 = ORIENTED_EDGE('',*,*,#2407,.T.);
#2783 = ORIENTED_EDGE('',*,*,#2784,.T.);
#2784 = EDGE_CURVE('',#2408,#2303,#2785,.T.);
#2785 = SURFACE_CURVE('',#2786,(#2791,#2802),.PCURVE_S1.);
#2786 = CIRCLE('',#2787,4.);
#2787 = AXIS2_PLACEMENT_3D('',#2788,#2789,#2790);
#2788 = CARTESIAN_POINT('',(21.,19.819202410854,-17.));
#2789 = DIRECTION('',(1.,0.,-0.));
#2790 = DIRECTION('',(0.,1.734723475977E-15,1.));
#2791 = PCURVE('',#1553,#2792);
#2792 = DEFINITIONAL_REPRESENTATION('',(#2793),#2801);
#2793 = ( BOUNDED_CURVE() B_SPLINE_CURVE(2,(#2794,#2795,#2796,#2797,
#2798,#2799,#2800),.UNSPECIFIED.,.T.,.F.) B_SPLINE_CURVE_WITH_KNOTS((1,2
    ,2,2,2,1),(-2.094395102393,0.,2.094395102393,4.188790204786,
6.28318530718,8.377580409573),.UNSPECIFIED.) CURVE() 
GEOMETRIC_REPRESENTATION_ITEM() RATIONAL_B_SPLINE_CURVE((1.,0.5,1.,0.5,
1.,0.5,1.)) REPRESENTATION_ITEM('') );
#2794 = CARTESIAN_POINT('',(7.100042256767,-24.16053923062));
#2795 = CARTESIAN_POINT('',(7.100042256767,-31.0887424609));
#2796 = CARTESIAN_POINT('',(1.100042256767,-27.62464084576));
#2797 = CARTESIAN_POINT('',(-4.899957743233,-24.16053923062));
#2798 = CARTESIAN_POINT('',(1.100042256767,-20.69643761549));
#2799 = CARTESIAN_POINT('',(7.100042256767,-17.23233600035));
#2800 = CARTESIAN_POINT('',(7.100042256767,-24.16053923062));
#2801 = ( GEOMETRIC_REPRESENTATION_CONTEXT(2) 
PARAMETRIC_REPRESENTATION_CONTEXT() REPRESENTATION_CONTEXT('2D SPACE',''
  ) );
#2802 = PCURVE('',#1370,#2803);
#2803 = DEFINITIONAL_REPRESENTATION('',(#2804),#2808);
#2804 = LINE('',#2805,#2806);
#2805 = CARTESIAN_POINT('',(3.14159265359,21.));
#2806 = VECTOR('',#2807,1.);
#2807 = DIRECTION('',(1.,0.));
#2808 = ( GEOMETRIC_REPRESENTATION_CONTEXT(2) 
PARAMETRIC_REPRESENTATION_CONTEXT() REPRESENTATION_CONTEXT('2D SPACE',''
  ) );
#2809 = ORIENTED_EDGE('',*,*,#2302,.T.);
#2810 = ORIENTED_EDGE('',*,*,#2811,.T.);
#2811 = EDGE_CURVE('',#2305,#2736,#2812,.T.);
#2812 = SURFACE_CURVE('',#2813,(#2818,#2829),.PCURVE_S1.);
#2813 = CIRCLE('',#2814,4.);
#2814 = AXIS2_PLACEMENT_3D('',#2815,#2816,#2817);
#2815 = CARTESIAN_POINT('',(21.,20.180797589146,-17.));
#2816 = DIRECTION('',(1.,0.,-0.));
#2817 = DIRECTION('',(0.,0.,1.));
#2818 = PCURVE('',#1553,#2819);
#2819 = DEFINITIONAL_REPRESENTATION('',(#2820),#2828);
#2820 = ( BOUNDED_CURVE() B_SPLINE_CURVE(2,(#2821,#2822,#2823,#2824,
#2825,#2826,#2827),.UNSPECIFIED.,.T.,.F.) B_SPLINE_CURVE_WITH_KNOTS((1,2
    ,2,2,2,1),(-2.094395102393,0.,2.094395102393,4.188790204786,
6.28318530718,8.377580409573),.UNSPECIFIED.) CURVE() 
GEOMETRIC_REPRESENTATION_ITEM() RATIONAL_B_SPLINE_CURVE((1.,0.5,1.,0.5,
1.,0.5,1.)) REPRESENTATION_ITEM('') );
#2821 = CARTESIAN_POINT('',(7.100042256767,-23.79894405233));
#2822 = CARTESIAN_POINT('',(7.100042256767,-30.72714728261));
#2823 = CARTESIAN_POINT('',(1.100042256767,-27.26304566747));
#2824 = CARTESIAN_POINT('',(-4.899957743233,-23.79894405233));
#2825 = CARTESIAN_POINT('',(1.100042256767,-20.33484243719));
#2826 = CARTESIAN_POINT('',(7.100042256767,-16.87074082206));
#2827 = CARTESIAN_POINT('',(7.100042256767,-23.79894405233));
#2828 = ( GEOMETRIC_REPRESENTATION_CONTEXT(2) 
PARAMETRIC_REPRESENTATION_CONTEXT() REPRESENTATION_CONTEXT('2D SPACE',''
  ) );
#2829 = PCURVE('',#2387,#2830);
#2830 = DEFINITIONAL_REPRESENTATION('',(#2831),#2835);
#2831 = LINE('',#2832,#2833);
#2832 = CARTESIAN_POINT('',(6.28318530718,0.));
#2833 = VECTOR('',#2834,1.);
#2834 = DIRECTION('',(-1.,0.));
#2835 = ( GEOMETRIC_REPRESENTATION_CONTEXT(2) 
PARAMETRIC_REPRESENTATION_CONTEXT() REPRESENTATION_CONTEXT('2D SPACE',''
  ) );
#2836 = ORIENTED_EDGE('',*,*,#2758,.T.);
#2837 = ORIENTED_EDGE('',*,*,#2596,.T.);
#2838 = ORIENTED_EDGE('',*,*,#2155,.T.);
#2839 = ORIENTED_EDGE('',*,*,#1537,.T.);
#2840 = ADVANCED_FACE('',(#2841),#1370,.T.);
#2841 = FACE_BOUND('',#2842,.T.);
#2842 = EDGE_LOOP('',(#2843,#2844,#2845,#2846));
#2843 = ORIENTED_EDGE('',*,*,#1349,.F.);
#2844 = ORIENTED_EDGE('',*,*,#2327,.F.);
#2845 = ORIENTED_EDGE('',*,*,#2784,.F.);
#2846 = ORIENTED_EDGE('',*,*,#2431,.F.);
#2847 = ADVANCED_FACE('',(#2848),#2387,.T.);
#2848 = FACE_BOUND('',#2849,.T.);
#2849 = EDGE_LOOP('',(#2850,#2851,#2852,#2853));
#2850 = ORIENTED_EDGE('',*,*,#2811,.F.);
#2851 = ORIENTED_EDGE('',*,*,#2373,.F.);
#2852 = ORIENTED_EDGE('',*,*,#2704,.F.);
#2853 = ORIENTED_EDGE('',*,*,#2735,.F.);
#2854 = ( GEOMETRIC_REPRESENTATION_CONTEXT(3) 
GLOBAL_UNCERTAINTY_ASSIGNED_CONTEXT((#2858)) 
GLOBAL_UNIT_ASSIGNED_CONTEXT((#2855,#2856,#2857)) REPRESENTATION_CONTEXT
('Context #1','3D Context with UNIT and UNCERTAINTY') );
#2855 = ( LENGTH_UNIT() NAMED_UNIT(*) SI_UNIT(.MILLI.,.METRE.) );
#2856 = ( NAMED_UNIT(*) PLANE_ANGLE_UNIT() SI_UNIT($,.RADIAN.) );
#2857 = ( NAMED_UNIT(*) SI_UNIT($,.STERADIAN.) SOLID_ANGLE_UNIT() );
#2858 = UNCERTAINTY_MEASURE_WITH_UNIT(LENGTH_MEASURE(2.E-05),#2855,
  'distance_accuracy_value','confusion accuracy');
#2859 = PRODUCT_RELATED_PRODUCT_CATEGORY('part',$,(#7));
#2860 = MECHANICAL_DESIGN_GEOMETRIC_PRESENTATION_REPRESENTATION('',(
    #2861),#2854);
#2861 = STYLED_ITEM('color',(#2862),#15);
#2862 = PRESENTATION_STYLE_ASSIGNMENT((#2863));
#2863 = SURFACE_STYLE_USAGE(.BOTH.,#2864);
#2864 = SURFACE_SIDE_STYLE('',(#2865));
#2865 = SURFACE_STYLE_FILL_AREA(#2866);
#2866 = FILL_AREA_STYLE('',(#2867));
#2867 = FILL_AREA_STYLE_COLOUR('',#2868);
#2868 = COLOUR_RGB('',0.792156867455,0.819607826924,0.933333342953);
ENDSEC;
END-ISO-10303-21;
