ISO-10303-21;
HEADER;
FILE_DESCRIPTION(('Open CASCADE Model'),'2;1');
FILE_NAME('Open CASCADE Shape Model','2026-05-27T17:59:58',('Author'),(
    'Open CASCADE'),'Open CASCADE STEP processor 7.9','Open CASCADE 7.9'
  ,'Unknown');
FILE_SCHEMA((
'AP242_MANAGED_MODEL_BASED_3D_ENGINEERING_MIM_LF {1 0 10303 442 1 1 4 }'
    ));
ENDSEC;
DATA;
#1 = APPLICATION_PROTOCOL_DEFINITION('international standard',
  'ap242_managed_model_based_3d_engineering',2013,#2);
#2 = APPLICATION_CONTEXT('Managed model based 3d engineering');
#3 = SHAPE_DEFINITION_REPRESENTATION(#4,#10);
#4 = PRODUCT_DEFINITION_SHAPE('','',#5);
#5 = PRODUCT_DEFINITION('design','',#6,#9);
#6 = PRODUCT_DEFINITION_FORMATION('','',#7);
#7 = PRODUCT('xbearingholder right','xbearingholder right','',(#8));
#8 = PRODUCT_CONTEXT('',#2,'mechanical');
#9 = PRODUCT_DEFINITION_CONTEXT('part definition',#2,'design');
#10 = ADVANCED_BREP_SHAPE_REPRESENTATION('',(#11,#15),#2288);
#11 = AXIS2_PLACEMENT_3D('',#12,#13,#14);
#12 = CARTESIAN_POINT('',(0.,0.,0.));
#13 = DIRECTION('',(0.,0.,1.));
#14 = DIRECTION('',(1.,0.,-0.));
#15 = MANIFOLD_SOLID_BREP('',#16);
#16 = CLOSED_SHELL('',(#17,#134,#406,#523,#644,#759,#1075,#1210,#1310,
    #1414,#1862,#1921,#1953,#2005,#2012,#2042,#2070,#2079,#2128,#2186,
    #2214,#2244,#2251,#2281));
#17 = ADVANCED_FACE('',(#18),#32,.F.);
#18 = FACE_BOUND('',#19,.F.);
#19 = EDGE_LOOP('',(#20,#55,#84,#107));
#20 = ORIENTED_EDGE('',*,*,#21,.T.);
#21 = EDGE_CURVE('',#22,#24,#26,.T.);
#22 = VERTEX_POINT('',#23);
#23 = CARTESIAN_POINT('',(10.,20.,-8.1));
#24 = VERTEX_POINT('',#25);
#25 = CARTESIAN_POINT('',(10.,17.5,-8.1));
#26 = SURFACE_CURVE('',#27,(#31,#43),.PCURVE_S1.);
#27 = LINE('',#28,#29);
#28 = CARTESIAN_POINT('',(10.,32.5,-8.1));
#29 = VECTOR('',#30,1.);
#30 = DIRECTION('',(-0.,-1.,-0.));
#31 = PCURVE('',#32,#37);
#32 = CYLINDRICAL_SURFACE('',#33,1.6);
#33 = AXIS2_PLACEMENT_3D('',#34,#35,#36);
#34 = CARTESIAN_POINT('',(10.,32.5,-6.5));
#35 = DIRECTION('',(-0.,-1.,-0.));
#36 = DIRECTION('',(0.,0.,-1.));
#37 = DEFINITIONAL_REPRESENTATION('',(#38),#42);
#38 = LINE('',#39,#40);
#39 = CARTESIAN_POINT('',(6.28318530718,0.));
#40 = VECTOR('',#41,1.);
#41 = DIRECTION('',(0.,1.));
#42 = ( GEOMETRIC_REPRESENTATION_CONTEXT(2) 
PARAMETRIC_REPRESENTATION_CONTEXT() REPRESENTATION_CONTEXT('2D SPACE',''
  ) );
#43 = PCURVE('',#44,#49);
#44 = CYLINDRICAL_SURFACE('',#45,1.6);
#45 = AXIS2_PLACEMENT_3D('',#46,#47,#48);
#46 = CARTESIAN_POINT('',(10.,32.5,-6.5));
#47 = DIRECTION('',(-0.,-1.,-0.));
#48 = DIRECTION('',(0.,0.,-1.));
#49 = DEFINITIONAL_REPRESENTATION('',(#50),#54);
#50 = LINE('',#51,#52);
#51 = CARTESIAN_POINT('',(0.,0.));
#52 = VECTOR('',#53,1.);
#53 = DIRECTION('',(0.,1.));
#54 = ( GEOMETRIC_REPRESENTATION_CONTEXT(2) 
PARAMETRIC_REPRESENTATION_CONTEXT() REPRESENTATION_CONTEXT('2D SPACE',''
  ) );
#55 = ORIENTED_EDGE('',*,*,#56,.F.);
#56 = EDGE_CURVE('',#57,#24,#59,.T.);
#57 = VERTEX_POINT('',#58);
#58 = CARTESIAN_POINT('',(10.,17.5,-4.9));
#59 = SURFACE_CURVE('',#60,(#65,#72),.PCURVE_S1.);
#60 = CIRCLE('',#61,1.6);
#61 = AXIS2_PLACEMENT_3D('',#62,#63,#64);
#62 = CARTESIAN_POINT('',(10.,17.5,-6.5));
#63 = DIRECTION('',(0.,-1.,0.));
#64 = DIRECTION('',(0.,0.,-1.));
#65 = PCURVE('',#32,#66);
#66 = DEFINITIONAL_REPRESENTATION('',(#67),#71);
#67 = LINE('',#68,#69);
#68 = CARTESIAN_POINT('',(0.,15.));
#69 = VECTOR('',#70,1.);
#70 = DIRECTION('',(1.,0.));
#71 = ( GEOMETRIC_REPRESENTATION_CONTEXT(2) 
PARAMETRIC_REPRESENTATION_CONTEXT() REPRESENTATION_CONTEXT('2D SPACE',''
  ) );
#72 = PCURVE('',#73,#78);
#73 = PLANE('',#74);
#74 = AXIS2_PLACEMENT_3D('',#75,#76,#77);
#75 = CARTESIAN_POINT('',(10.,17.5,-6.5));
#76 = DIRECTION('',(0.,-1.,0.));
#77 = DIRECTION('',(0.,-0.,-1.));
#78 = DEFINITIONAL_REPRESENTATION('',(#79),#83);
#79 = CIRCLE('',#80,1.6);
#80 = AXIS2_PLACEMENT_2D('',#81,#82);
#81 = CARTESIAN_POINT('',(0.,0.));
#82 = DIRECTION('',(1.,0.));
#83 = ( GEOMETRIC_REPRESENTATION_CONTEXT(2) 
PARAMETRIC_REPRESENTATION_CONTEXT() REPRESENTATION_CONTEXT('2D SPACE',''
  ) );
#84 = ORIENTED_EDGE('',*,*,#85,.F.);
#85 = EDGE_CURVE('',#86,#57,#88,.T.);
#86 = VERTEX_POINT('',#87);
#87 = CARTESIAN_POINT('',(10.,20.,-4.9));
#88 = SURFACE_CURVE('',#89,(#93,#100),.PCURVE_S1.);
#89 = LINE('',#90,#91);
#90 = CARTESIAN_POINT('',(10.,32.5,-4.9));
#91 = VECTOR('',#92,1.);
#92 = DIRECTION('',(-0.,-1.,-0.));
#93 = PCURVE('',#32,#94);
#94 = DEFINITIONAL_REPRESENTATION('',(#95),#99);
#95 = LINE('',#96,#97);
#96 = CARTESIAN_POINT('',(3.14159265359,0.));
#97 = VECTOR('',#98,1.);
#98 = DIRECTION('',(0.,1.));
#99 = ( GEOMETRIC_REPRESENTATION_CONTEXT(2) 
PARAMETRIC_REPRESENTATION_CONTEXT() REPRESENTATION_CONTEXT('2D SPACE',''
  ) );
#100 = PCURVE('',#44,#101);
#101 = DEFINITIONAL_REPRESENTATION('',(#102),#106);
#102 = LINE('',#103,#104);
#103 = CARTESIAN_POINT('',(3.14159265359,0.));
#104 = VECTOR('',#105,1.);
#105 = DIRECTION('',(0.,1.));
#106 = ( GEOMETRIC_REPRESENTATION_CONTEXT(2) 
PARAMETRIC_REPRESENTATION_CONTEXT() REPRESENTATION_CONTEXT('2D SPACE',''
  ) );
#107 = ORIENTED_EDGE('',*,*,#108,.T.);
#108 = EDGE_CURVE('',#86,#22,#109,.T.);
#109 = SURFACE_CURVE('',#110,(#115,#122),.PCURVE_S1.);
#110 = CIRCLE('',#111,1.6);
#111 = AXIS2_PLACEMENT_3D('',#112,#113,#114);
#112 = CARTESIAN_POINT('',(10.,20.,-6.5));
#113 = DIRECTION('',(0.,-1.,0.));
#114 = DIRECTION('',(0.,0.,-1.));
#115 = PCURVE('',#32,#116);
#116 = DEFINITIONAL_REPRESENTATION('',(#117),#121);
#117 = LINE('',#118,#119);
#118 = CARTESIAN_POINT('',(0.,12.5));
#119 = VECTOR('',#120,1.);
#120 = DIRECTION('',(1.,0.));
#121 = ( GEOMETRIC_REPRESENTATION_CONTEXT(2) 
PARAMETRIC_REPRESENTATION_CONTEXT() REPRESENTATION_CONTEXT('2D SPACE',''
  ) );
#122 = PCURVE('',#123,#128);
#123 = PLANE('',#124);
#124 = AXIS2_PLACEMENT_3D('',#125,#126,#127);
#125 = CARTESIAN_POINT('',(0.,20.,4.));
#126 = DIRECTION('',(0.,-1.,0.));
#127 = DIRECTION('',(0.,-0.,-1.));
#128 = DEFINITIONAL_REPRESENTATION('',(#129),#133);
#129 = CIRCLE('',#130,1.6);
#130 = AXIS2_PLACEMENT_2D('',#131,#132);
#131 = CARTESIAN_POINT('',(10.5,10.));
#132 = DIRECTION('',(1.,0.));
#133 = ( GEOMETRIC_REPRESENTATION_CONTEXT(2) 
PARAMETRIC_REPRESENTATION_CONTEXT() REPRESENTATION_CONTEXT('2D SPACE',''
  ) );
#134 = ADVANCED_FACE('',(#135),#149,.F.);
#135 = FACE_BOUND('',#136,.F.);
#136 = EDGE_LOOP('',(#137,#172,#361,#384));
#137 = ORIENTED_EDGE('',*,*,#138,.T.);
#138 = EDGE_CURVE('',#139,#141,#143,.T.);
#139 = VERTEX_POINT('',#140);
#140 = CARTESIAN_POINT('',(10.,17.5,-9.5));
#141 = VERTEX_POINT('',#142);
#142 = CARTESIAN_POINT('',(10.,14.25,-9.5));
#143 = SURFACE_CURVE('',#144,(#148,#160),.PCURVE_S1.);
#144 = LINE('',#145,#146);
#145 = CARTESIAN_POINT('',(10.,17.5,-9.5));
#146 = VECTOR('',#147,1.);
#147 = DIRECTION('',(-0.,-1.,-0.));
#148 = PCURVE('',#149,#154);
#149 = CYLINDRICAL_SURFACE('',#150,3.);
#150 = AXIS2_PLACEMENT_3D('',#151,#152,#153);
#151 = CARTESIAN_POINT('',(10.,17.5,-6.5));
#152 = DIRECTION('',(-0.,-1.,-0.));
#153 = DIRECTION('',(0.,0.,-1.));
#154 = DEFINITIONAL_REPRESENTATION('',(#155),#159);
#155 = LINE('',#156,#157);
#156 = CARTESIAN_POINT('',(6.28318530718,0.));
#157 = VECTOR('',#158,1.);
#158 = DIRECTION('',(0.,1.));
#159 = ( GEOMETRIC_REPRESENTATION_CONTEXT(2) 
PARAMETRIC_REPRESENTATION_CONTEXT() REPRESENTATION_CONTEXT('2D SPACE',''
  ) );
#160 = PCURVE('',#161,#166);
#161 = CYLINDRICAL_SURFACE('',#162,3.);
#162 = AXIS2_PLACEMENT_3D('',#163,#164,#165);
#163 = CARTESIAN_POINT('',(10.,17.5,-6.5));
#164 = DIRECTION('',(-0.,-1.,-0.));
#165 = DIRECTION('',(0.,0.,-1.));
#166 = DEFINITIONAL_REPRESENTATION('',(#167),#171);
#167 = LINE('',#168,#169);
#168 = CARTESIAN_POINT('',(0.,0.));
#169 = VECTOR('',#170,1.);
#170 = DIRECTION('',(0.,1.));
#171 = ( GEOMETRIC_REPRESENTATION_CONTEXT(2) 
PARAMETRIC_REPRESENTATION_CONTEXT() REPRESENTATION_CONTEXT('2D SPACE',''
  ) );
#172 = ORIENTED_EDGE('',*,*,#173,.F.);
#173 = EDGE_CURVE('',#174,#141,#176,.T.);
#174 = VERTEX_POINT('',#175);
#175 = CARTESIAN_POINT('',(10.,14.25,-3.5));
#176 = SURFACE_CURVE('',#177,(#210,#283),.PCURVE_S1.);
#177 = B_SPLINE_CURVE_WITH_KNOTS('',3,(#178,#179,#180,#181,#182,#183,
    #184,#185,#186,#187,#188,#189,#190,#191,#192,#193,#194,#195,#196,
    #197,#198,#199,#200,#201,#202,#203,#204,#205,#206,#207,#208,#209),
  .UNSPECIFIED.,.F.,.F.,(4,2,2,2,2,2,2,2,2,2,2,2,2,2,2,4),(
    9.757895275442E-03,1.036648620695E-02,1.097507713845E-02,
    1.158366806996E-02,1.219225900146E-02,1.280084993297E-02,
    1.340944086448E-02,1.401803179598E-02,1.462662272749E-02,
    1.523521365899E-02,1.58438045905E-02,1.706098645351E-02,
    1.766957738502E-02,1.827816831652E-02,1.888675924803E-02,
    1.949535017953E-02),.UNSPECIFIED.);
#178 = CARTESIAN_POINT('',(10.,14.25,-3.5));
#179 = CARTESIAN_POINT('',(9.796373081731,14.25,-3.5));
#180 = CARTESIAN_POINT('',(9.593869049159,14.235367686783,
    -3.520619207714));
#181 = CARTESIAN_POINT('',(9.19410608767,14.177776537052,-3.603072790568
    ));
#182 = CARTESIAN_POINT('',(9.003856539074,14.135938468769,
    -3.663318879764));
#183 = CARTESIAN_POINT('',(8.640320105107,14.03107422353,-3.818520528501
    ));
#184 = CARTESIAN_POINT('',(8.467493700225,13.967845773952,
    -3.913828837875));
#185 = CARTESIAN_POINT('',(8.150346581613,13.830294750612,
    -4.130266033812));
#186 = CARTESIAN_POINT('',(8.003096085457,13.754825237118,
    -4.253139534142));
#187 = CARTESIAN_POINT('',(7.735907206045,13.600030781199,-4.52265556432
    ));
#188 = CARTESIAN_POINT('',(7.616905768734,13.521406894596,
    -4.667906820054));
#189 = CARTESIAN_POINT('',(7.405863438118,13.368961283646,-4.98139569558
    ));
#190 = CARTESIAN_POINT('',(7.31322196122,13.294479913188,-5.151409681837
    ));
#191 = CARTESIAN_POINT('',(7.162186524107,13.165310222413,
    -5.507887732184));
#192 = CARTESIAN_POINT('',(7.102956684116,13.11012174299,-5.694878198044
    ));
#193 = CARTESIAN_POINT('',(7.02098774118,13.031699719979,-6.09187373046)
  );
#194 = CARTESIAN_POINT('',(7.000084080494,13.010482434744,
    -6.293804101942));
#195 = CARTESIAN_POINT('',(6.999916421317,13.01031535473,-6.703741977507
    ));
#196 = CARTESIAN_POINT('',(7.021254238972,13.031948422493,
    -6.909010948553));
#197 = CARTESIAN_POINT('',(7.102195469344,13.109399692482,
    -7.301838616547));
#198 = CARTESIAN_POINT('',(7.162526303216,13.165608140542,
    -7.492990952196));
#199 = CARTESIAN_POINT('',(7.388605134227,13.358935005716,
    -8.026358050833));
#200 = CARTESIAN_POINT('',(7.603819011829,13.523492023657,-8.34406852912
    ));
#201 = CARTESIAN_POINT('',(8.002122720255,13.754268399741,
    -8.745897235432));
#202 = CARTESIAN_POINT('',(8.149719551577,13.830013779232,
    -8.869288539048));
#203 = CARTESIAN_POINT('',(8.467748652686,13.967965359675,
    -9.086362644281));
#204 = CARTESIAN_POINT('',(8.637276504489,14.030032187835,
    -9.179914911833));
#205 = CARTESIAN_POINT('',(9.000146503573,14.135029352482,
    -9.335357516358));
#206 = CARTESIAN_POINT('',(9.194055327581,14.177644282769,
    -9.396734016603));
#207 = CARTESIAN_POINT('',(9.588736253548,14.23475155106,-9.478502460768
    ));
#208 = CARTESIAN_POINT('',(9.79381584223,14.25,-9.5));
#209 = CARTESIAN_POINT('',(10.,14.25,-9.5));
#210 = PCURVE('',#149,#211);
#211 = DEFINITIONAL_REPRESENTATION('',(#212),#282);
#212 = B_SPLINE_CURVE_WITH_KNOTS('',3,(#213,#214,#215,#216,#217,#218,
    #219,#220,#221,#222,#223,#224,#225,#226,#227,#228,#229,#230,#231,
    #232,#233,#234,#235,#236,#237,#238,#239,#240,#241,#242,#243,#244,
    #245,#246,#247,#248,#249,#250,#251,#252,#253,#254,#255,#256,#257,
    #258,#259,#260,#261,#262,#263,#264,#265,#266,#267,#268,#269,#270,
    #271,#272,#273,#274,#275,#276,#277,#278,#279,#280,#281),
  .UNSPECIFIED.,.F.,.F.,(4,1,1,1,1,1,1,1,1,1,1,1,1,1,1,1,1,1,1,1,1,1,1,1
    ,1,1,1,1,1,1,1,1,1,1,1,1,1,1,1,1,1,1,1,1,1,1,1,1,1,1,1,1,1,1,1,1,1,1
    ,1,1,1,1,1,1,1,1,4),(9.757895275442E-03,9.905432470958E-03,
    1.005296966647E-02,1.020050686199E-02,1.034804405751E-02,
    1.049558125302E-02,1.064311844854E-02,1.079065564406E-02,
    1.093819283957E-02,1.108573003509E-02,1.123326723061E-02,
    1.138080442612E-02,1.152834162164E-02,1.167587881716E-02,
    1.182341601267E-02,1.197095320819E-02,1.211849040371E-02,
    1.226602759922E-02,1.241356479474E-02,1.256110199026E-02,
    1.270863918577E-02,1.285617638129E-02,1.300371357681E-02,
    1.315125077232E-02,1.329878796784E-02,1.344632516336E-02,
    1.359386235887E-02,1.374139955439E-02,1.388893674991E-02,
    1.403647394542E-02,1.418401114094E-02,1.433154833646E-02,
    1.447908553197E-02,1.462662272749E-02,1.4774159923E-02,
    1.492169711852E-02,1.506923431404E-02,1.521677150955E-02,
    1.536430870507E-02,1.551184590059E-02,1.56593830961E-02,
    1.580692029162E-02,1.595445748714E-02,1.610199468265E-02,
    1.624953187817E-02,1.639706907369E-02,1.65446062692E-02,
    1.669214346472E-02,1.683968066024E-02,1.698721785575E-02,
    1.713475505127E-02,1.728229224679E-02,1.74298294423E-02,
    1.757736663782E-02,1.772490383334E-02,1.787244102885E-02,
    1.801997822437E-02,1.816751541989E-02,1.83150526154E-02,
    1.846258981092E-02,1.861012700644E-02,1.875766420195E-02,
    1.890520139747E-02,1.905273859299E-02,1.92002757885E-02,
    1.934781298402E-02,1.949535017953E-02),.QUASI_UNIFORM_KNOTS.);
#213 = CARTESIAN_POINT('',(3.14159265359,3.25));
#214 = CARTESIAN_POINT('',(3.158047438319,3.25));
#215 = CARTESIAN_POINT('',(3.190911791193,3.251719488919));
#216 = CARTESIAN_POINT('',(3.240158183286,3.259420503559));
#217 = CARTESIAN_POINT('',(3.289407927794,3.272192972334));
#218 = CARTESIAN_POINT('',(3.338826594517,3.290034313842));
#219 = CARTESIAN_POINT('',(3.388166108246,3.312764605402));
#220 = CARTESIAN_POINT('',(3.436820821508,3.339844460739));
#221 = CARTESIAN_POINT('',(3.485116454622,3.371150517545));
#222 = CARTESIAN_POINT('',(3.533129806481,3.406441618253));
#223 = CARTESIAN_POINT('',(3.5810116648,3.445549956977));
#224 = CARTESIAN_POINT('',(3.628684836554,3.488151470455));
#225 = CARTESIAN_POINT('',(3.676057358455,3.53376849684));
#226 = CARTESIAN_POINT('',(3.723036959078,3.58196052596));
#227 = CARTESIAN_POINT('',(3.76951817766,3.632274925153));
#228 = CARTESIAN_POINT('',(3.815927155095,3.684754421747));
#229 = CARTESIAN_POINT('',(3.862193518219,3.738917347238));
#230 = CARTESIAN_POINT('',(3.908330670276,3.794371473033));
#231 = CARTESIAN_POINT('',(3.954337472634,3.850722764803));
#232 = CARTESIAN_POINT('',(4.000052507146,3.907321733852));
#233 = CARTESIAN_POINT('',(4.04564884783,3.963895312076));
#234 = CARTESIAN_POINT('',(4.091262336473,4.020127032679));
#235 = CARTESIAN_POINT('',(4.13700943136,4.075695172032));
#236 = CARTESIAN_POINT('',(4.183190469294,4.130420152918));
#237 = CARTESIAN_POINT('',(4.229693256177,4.183561402149));
#238 = CARTESIAN_POINT('',(4.276446631991,4.234445130004));
#239 = CARTESIAN_POINT('',(4.32333483264,4.282324342676));
#240 = CARTESIAN_POINT('',(4.370426877583,4.326713249938));
#241 = CARTESIAN_POINT('',(4.417933451705,4.367103269022));
#242 = CARTESIAN_POINT('',(4.465953165601,4.402879942452));
#243 = CARTESIAN_POINT('',(4.514880739086,4.433634251699));
#244 = CARTESIAN_POINT('',(4.564033967153,4.458208545085));
#245 = CARTESIAN_POINT('',(4.613143928972,4.476084644038));
#246 = CARTESIAN_POINT('',(4.662403101415,4.487052343692));
#247 = CARTESIAN_POINT('',(4.71194700353,4.490860133988));
#248 = CARTESIAN_POINT('',(4.761688846154,4.487113751936));
#249 = CARTESIAN_POINT('',(4.811282923105,4.476078364135));
#250 = CARTESIAN_POINT('',(4.860649968052,4.458178949935));
#251 = CARTESIAN_POINT('',(4.909580943409,4.433822084499));
#252 = CARTESIAN_POINT('',(4.958095018592,4.40332814698));
#253 = CARTESIAN_POINT('',(5.006428636427,4.367329493345));
#254 = CARTESIAN_POINT('',(5.054342055746,4.32665637152));
#255 = CARTESIAN_POINT('',(5.101688302756,4.282091986958));
#256 = CARTESIAN_POINT('',(5.148364391967,4.234417045572));
#257 = CARTESIAN_POINT('',(5.194864266847,4.183937647586));
#258 = CARTESIAN_POINT('',(5.241129186192,4.131189268119));
#259 = CARTESIAN_POINT('',(5.287223303548,4.076656705927));
#260 = CARTESIAN_POINT('',(5.333175316201,4.020838721038));
#261 = CARTESIAN_POINT('',(5.379021885766,3.964228904756));
#262 = CARTESIAN_POINT('',(5.424792772279,3.907327562013));
#263 = CARTESIAN_POINT('',(5.470527536381,3.850613311947));
#264 = CARTESIAN_POINT('',(5.516224411605,3.794644803244));
#265 = CARTESIAN_POINT('',(5.562277133009,3.7392842774));
#266 = CARTESIAN_POINT('',(5.608580121369,3.685069732113));
#267 = CARTESIAN_POINT('',(5.655089349609,3.632460247439));
#268 = CARTESIAN_POINT('',(5.701755379429,3.581948351591));
#269 = CARTESIAN_POINT('',(5.748479752561,3.533979221804));
#270 = CARTESIAN_POINT('',(5.795402670129,3.488751479217));
#271 = CARTESIAN_POINT('',(5.842646070032,3.446508147691));
#272 = CARTESIAN_POINT('',(5.890349389833,3.407442450828));
#273 = CARTESIAN_POINT('',(5.938622006819,3.371925291883));
#274 = CARTESIAN_POINT('',(5.987263263747,3.340349966673));
#275 = CARTESIAN_POINT('',(6.036140045318,3.313048015116));
#276 = CARTESIAN_POINT('',(6.084966659571,3.290442685236));
#277 = CARTESIAN_POINT('',(6.134051040311,3.272639277781));
#278 = CARTESIAN_POINT('',(6.183520468622,3.259690390548));
#279 = CARTESIAN_POINT('',(6.233243474428,3.251792595483));
#280 = CARTESIAN_POINT('',(6.266524509896,3.25));
#281 = CARTESIAN_POINT('',(6.28318530718,3.25));
#282 = ( GEOMETRIC_REPRESENTATION_CONTEXT(2) 
PARAMETRIC_REPRESENTATION_CONTEXT() REPRESENTATION_CONTEXT('2D SPACE',''
  ) );
#283 = PCURVE('',#284,#289);
#284 = CYLINDRICAL_SURFACE('',#285,4.25);
#285 = AXIS2_PLACEMENT_3D('',#286,#287,#288);
#286 = CARTESIAN_POINT('',(10.,10.,-21.));
#287 = DIRECTION('',(-0.,-0.,1.));
#288 = DIRECTION('',(1.,0.,0.));
#289 = DEFINITIONAL_REPRESENTATION('',(#290),#360);
#290 = B_SPLINE_CURVE_WITH_KNOTS('',3,(#291,#292,#293,#294,#295,#296,
    #297,#298,#299,#300,#301,#302,#303,#304,#305,#306,#307,#308,#309,
    #310,#311,#312,#313,#314,#315,#316,#317,#318,#319,#320,#321,#322,
    #323,#324,#325,#326,#327,#328,#329,#330,#331,#332,#333,#334,#335,
    #336,#337,#338,#339,#340,#341,#342,#343,#344,#345,#346,#347,#348,
    #349,#350,#351,#352,#353,#354,#355,#356,#357,#358,#359),
  .UNSPECIFIED.,.F.,.F.,(4,1,1,1,1,1,1,1,1,1,1,1,1,1,1,1,1,1,1,1,1,1,1,1
    ,1,1,1,1,1,1,1,1,1,1,1,1,1,1,1,1,1,1,1,1,1,1,1,1,1,1,1,1,1,1,1,1,1,1
    ,1,1,1,1,1,1,1,1,4),(9.757895275442E-03,9.905432470958E-03,
    1.005296966647E-02,1.020050686199E-02,1.034804405751E-02,
    1.049558125302E-02,1.064311844854E-02,1.079065564406E-02,
    1.093819283957E-02,1.108573003509E-02,1.123326723061E-02,
    1.138080442612E-02,1.152834162164E-02,1.167587881716E-02,
    1.182341601267E-02,1.197095320819E-02,1.211849040371E-02,
    1.226602759922E-02,1.241356479474E-02,1.256110199026E-02,
    1.270863918577E-02,1.285617638129E-02,1.300371357681E-02,
    1.315125077232E-02,1.329878796784E-02,1.344632516336E-02,
    1.359386235887E-02,1.374139955439E-02,1.388893674991E-02,
    1.403647394542E-02,1.418401114094E-02,1.433154833646E-02,
    1.447908553197E-02,1.462662272749E-02,1.4774159923E-02,
    1.492169711852E-02,1.506923431404E-02,1.521677150955E-02,
    1.536430870507E-02,1.551184590059E-02,1.56593830961E-02,
    1.580692029162E-02,1.595445748714E-02,1.610199468265E-02,
    1.624953187817E-02,1.639706907369E-02,1.65446062692E-02,
    1.669214346472E-02,1.683968066024E-02,1.698721785575E-02,
    1.713475505127E-02,1.728229224679E-02,1.74298294423E-02,
    1.757736663782E-02,1.772490383334E-02,1.787244102885E-02,
    1.801997822437E-02,1.816751541989E-02,1.83150526154E-02,
    1.846258981092E-02,1.861012700644E-02,1.875766420195E-02,
    1.890520139747E-02,1.905273859299E-02,1.92002757885E-02,
    1.934781298402E-02,1.949535017953E-02),.QUASI_UNIFORM_KNOTS.);
#291 = CARTESIAN_POINT('',(1.570796326795,17.5));
#292 = CARTESIAN_POINT('',(1.582411362651,17.5));
#293 = CARTESIAN_POINT('',(1.605609943197,17.497576992256));
#294 = CARTESIAN_POINT('',(1.640330082214,17.486669466316));
#295 = CARTESIAN_POINT('',(1.674967264537,17.468504873943));
#296 = CARTESIAN_POINT('',(1.709593148328,17.443029376589));
#297 = CARTESIAN_POINT('',(1.743990776344,17.410448342473));
#298 = CARTESIAN_POINT('',(1.777696135326,17.371381138184));
#299 = CARTESIAN_POINT('',(1.810893607681,17.325846030566));
#300 = CARTESIAN_POINT('',(1.843594438098,17.274030312453));
#301 = CARTESIAN_POINT('',(1.875860814125,17.216020295777));
#302 = CARTESIAN_POINT('',(1.907588784705,17.152040261879));
#303 = CARTESIAN_POINT('',(1.938675351716,17.08254368476));
#304 = CARTESIAN_POINT('',(1.969013998983,17.007925350995));
#305 = CARTESIAN_POINT('',(1.998489561222,16.928613110666));
#306 = CARTESIAN_POINT('',(2.02732588727,16.844198033269));
#307 = CARTESIAN_POINT('',(2.05541748495,16.755021268308));
#308 = CARTESIAN_POINT('',(2.082712103516,16.661297680651));
#309 = CARTESIAN_POINT('',(2.10914372923,16.563247586394));
#310 = CARTESIAN_POINT('',(2.134564876003,16.461523434272));
#311 = CARTESIAN_POINT('',(2.158990714952,16.355956783602));
#312 = CARTESIAN_POINT('',(2.182410904204,16.246464308479));
#313 = CARTESIAN_POINT('',(2.204813938564,16.133034885702));
#314 = CARTESIAN_POINT('',(2.226220387415,16.01504646132));
#315 = CARTESIAN_POINT('',(2.246457157917,15.892987000679));
#316 = CARTESIAN_POINT('',(2.265373220147,15.7672538305));
#317 = CARTESIAN_POINT('',(2.282783223104,15.638356995267));
#318 = CARTESIAN_POINT('',(2.298616125329,15.506401084879));
#319 = CARTESIAN_POINT('',(2.312781425029,15.371008252206));
#320 = CARTESIAN_POINT('',(2.325145992645,15.232139896913));
#321 = CARTESIAN_POINT('',(2.33564271331,15.088914793743));
#322 = CARTESIAN_POINT('',(2.343961182195,14.943616962274));
#323 = CARTESIAN_POINT('',(2.349966249402,14.797370232291));
#324 = CARTESIAN_POINT('',(2.353622264808,14.64995681751));
#325 = CARTESIAN_POINT('',(2.354880273462,14.501326134914));
#326 = CARTESIAN_POINT('',(2.353642438871,14.352100404488));
#327 = CARTESIAN_POINT('',(2.349963213197,14.203689318673));
#328 = CARTESIAN_POINT('',(2.34395033213,14.056675585738));
#329 = CARTESIAN_POINT('',(2.335706634228,13.912014344779));
#330 = CARTESIAN_POINT('',(2.325298757039,13.769997995754));
#331 = CARTESIAN_POINT('',(2.312856895084,13.630226591016));
#332 = CARTESIAN_POINT('',(2.298593435701,13.493657476747));
#333 = CARTESIAN_POINT('',(2.282700254629,13.36095738855));
#334 = CARTESIAN_POINT('',(2.265361095963,13.232657433642));
#335 = CARTESIAN_POINT('',(2.246581322135,13.107565045784));
#336 = CARTESIAN_POINT('',(2.226474796752,12.986095128539));
#337 = CARTESIAN_POINT('',(2.20512830621,12.868298440363));
#338 = CARTESIAN_POINT('',(2.182632789361,12.754323638954));
#339 = CARTESIAN_POINT('',(2.159073852992,12.644291930148));
#340 = CARTESIAN_POINT('',(2.134536230261,12.53833642799));
#341 = CARTESIAN_POINT('',(2.109092684806,12.436570065547));
#342 = CARTESIAN_POINT('',(2.082840742757,12.33917459159));
#343 = CARTESIAN_POINT('',(2.055599037713,12.245602989794));
#344 = CARTESIAN_POINT('',(2.027489795221,12.156326156589));
#345 = CARTESIAN_POINT('',(1.998597281027,12.071680649973));
#346 = CARTESIAN_POINT('',(1.969004433871,11.992056161545));
#347 = CARTESIAN_POINT('',(1.938837266591,11.917768023826));
#348 = CARTESIAN_POINT('',(1.90805083078,11.848853487644));
#349 = CARTESIAN_POINT('',(1.876611324418,11.785408296719));
#350 = CARTESIAN_POINT('',(1.844475018889,11.727446229123));
#351 = CARTESIAN_POINT('',(1.811601051952,11.675288814751));
#352 = CARTESIAN_POINT('',(1.778170146318,11.629355510829));
#353 = CARTESIAN_POINT('',(1.744317013799,11.589960888088));
#354 = CARTESIAN_POINT('',(1.710281391749,11.557554436812));
#355 = CARTESIAN_POINT('',(1.675892252621,11.532132241242));
#356 = CARTESIAN_POINT('',(1.641103671457,11.513715445962));
#357 = CARTESIAN_POINT('',(1.606049263883,11.502527231537));
#358 = CARTESIAN_POINT('',(1.582557009415,11.5));
#359 = CARTESIAN_POINT('',(1.570796326795,11.5));
#360 = ( GEOMETRIC_REPRESENTATION_CONTEXT(2) 
PARAMETRIC_REPRESENTATION_CONTEXT() REPRESENTATION_CONTEXT('2D SPACE',''
  ) );
#361 = ORIENTED_EDGE('',*,*,#362,.F.);
#362 = EDGE_CURVE('',#363,#174,#365,.T.);
#363 = VERTEX_POINT('',#364);
#364 = CARTESIAN_POINT('',(10.,17.5,-3.5));
#365 = SURFACE_CURVE('',#366,(#370,#377),.PCURVE_S1.);
#366 = LINE('',#367,#368);
#367 = CARTESIAN_POINT('',(10.,17.5,-3.5));
#368 = VECTOR('',#369,1.);
#369 = DIRECTION('',(-0.,-1.,-0.));
#370 = PCURVE('',#149,#371);
#371 = DEFINITIONAL_REPRESENTATION('',(#372),#376);
#372 = LINE('',#373,#374);
#373 = CARTESIAN_POINT('',(3.14159265359,0.));
#374 = VECTOR('',#375,1.);
#375 = DIRECTION('',(0.,1.));
#376 = ( GEOMETRIC_REPRESENTATION_CONTEXT(2) 
PARAMETRIC_REPRESENTATION_CONTEXT() REPRESENTATION_CONTEXT('2D SPACE',''
  ) );
#377 = PCURVE('',#161,#378);
#378 = DEFINITIONAL_REPRESENTATION('',(#379),#383);
#379 = LINE('',#380,#381);
#380 = CARTESIAN_POINT('',(3.14159265359,0.));
#381 = VECTOR('',#382,1.);
#382 = DIRECTION('',(0.,1.));
#383 = ( GEOMETRIC_REPRESENTATION_CONTEXT(2) 
PARAMETRIC_REPRESENTATION_CONTEXT() REPRESENTATION_CONTEXT('2D SPACE',''
  ) );
#384 = ORIENTED_EDGE('',*,*,#385,.T.);
#385 = EDGE_CURVE('',#363,#139,#386,.T.);
#386 = SURFACE_CURVE('',#387,(#392,#399),.PCURVE_S1.);
#387 = CIRCLE('',#388,3.);
#388 = AXIS2_PLACEMENT_3D('',#389,#390,#391);
#389 = CARTESIAN_POINT('',(10.,17.5,-6.5));
#390 = DIRECTION('',(0.,-1.,0.));
#391 = DIRECTION('',(0.,0.,-1.));
#392 = PCURVE('',#149,#393);
#393 = DEFINITIONAL_REPRESENTATION('',(#394),#398);
#394 = LINE('',#395,#396);
#395 = CARTESIAN_POINT('',(0.,0.));
#396 = VECTOR('',#397,1.);
#397 = DIRECTION('',(1.,0.));
#398 = ( GEOMETRIC_REPRESENTATION_CONTEXT(2) 
PARAMETRIC_REPRESENTATION_CONTEXT() REPRESENTATION_CONTEXT('2D SPACE',''
  ) );
#399 = PCURVE('',#73,#400);
#400 = DEFINITIONAL_REPRESENTATION('',(#401),#405);
#401 = CIRCLE('',#402,3.);
#402 = AXIS2_PLACEMENT_2D('',#403,#404);
#403 = CARTESIAN_POINT('',(0.,0.));
#404 = DIRECTION('',(1.,0.));
#405 = ( GEOMETRIC_REPRESENTATION_CONTEXT(2) 
PARAMETRIC_REPRESENTATION_CONTEXT() REPRESENTATION_CONTEXT('2D SPACE',''
  ) );
#406 = ADVANCED_FACE('',(#407),#421,.F.);
#407 = FACE_BOUND('',#408,.F.);
#408 = EDGE_LOOP('',(#409,#444,#473,#496));
#409 = ORIENTED_EDGE('',*,*,#410,.T.);
#410 = EDGE_CURVE('',#411,#413,#415,.T.);
#411 = VERTEX_POINT('',#412);
#412 = CARTESIAN_POINT('',(16.,10.,-1.));
#413 = VERTEX_POINT('',#414);
#414 = CARTESIAN_POINT('',(16.,10.,0.));
#415 = SURFACE_CURVE('',#416,(#420,#432),.PCURVE_S1.);
#416 = LINE('',#417,#418);
#417 = CARTESIAN_POINT('',(16.,10.,-1.));
#418 = VECTOR('',#419,1.);
#419 = DIRECTION('',(-0.,-0.,1.));
#420 = PCURVE('',#421,#426);
#421 = CYLINDRICAL_SURFACE('',#422,6.);
#422 = AXIS2_PLACEMENT_3D('',#423,#424,#425);
#423 = CARTESIAN_POINT('',(10.,10.,-1.));
#424 = DIRECTION('',(-0.,-0.,1.));
#425 = DIRECTION('',(1.,0.,0.));
#426 = DEFINITIONAL_REPRESENTATION('',(#427),#431);
#427 = LINE('',#428,#429);
#428 = CARTESIAN_POINT('',(6.28318530718,0.));
#429 = VECTOR('',#430,1.);
#430 = DIRECTION('',(0.,1.));
#431 = ( GEOMETRIC_REPRESENTATION_CONTEXT(2) 
PARAMETRIC_REPRESENTATION_CONTEXT() REPRESENTATION_CONTEXT('2D SPACE',''
  ) );
#432 = PCURVE('',#433,#438);
#433 = CYLINDRICAL_SURFACE('',#434,6.);
#434 = AXIS2_PLACEMENT_3D('',#435,#436,#437);
#435 = CARTESIAN_POINT('',(10.,10.,-1.));
#436 = DIRECTION('',(-0.,-0.,1.));
#437 = DIRECTION('',(1.,0.,0.));
#438 = DEFINITIONAL_REPRESENTATION('',(#439),#443);
#439 = LINE('',#440,#441);
#440 = CARTESIAN_POINT('',(0.,0.));
#441 = VECTOR('',#442,1.);
#442 = DIRECTION('',(0.,1.));
#443 = ( GEOMETRIC_REPRESENTATION_CONTEXT(2) 
PARAMETRIC_REPRESENTATION_CONTEXT() REPRESENTATION_CONTEXT('2D SPACE',''
  ) );
#444 = ORIENTED_EDGE('',*,*,#445,.T.);
#445 = EDGE_CURVE('',#413,#446,#448,.T.);
#446 = VERTEX_POINT('',#447);
#447 = CARTESIAN_POINT('',(4.,10.,0.));
#448 = SURFACE_CURVE('',#449,(#454,#461),.PCURVE_S1.);
#449 = CIRCLE('',#450,6.);
#450 = AXIS2_PLACEMENT_3D('',#451,#452,#453);
#451 = CARTESIAN_POINT('',(10.,10.,0.));
#452 = DIRECTION('',(0.,0.,-1.));
#453 = DIRECTION('',(-1.,0.,0.));
#454 = PCURVE('',#421,#455);
#455 = DEFINITIONAL_REPRESENTATION('',(#456),#460);
#456 = LINE('',#457,#458);
#457 = CARTESIAN_POINT('',(9.424777960769,1.));
#458 = VECTOR('',#459,1.);
#459 = DIRECTION('',(-1.,0.));
#460 = ( GEOMETRIC_REPRESENTATION_CONTEXT(2) 
PARAMETRIC_REPRESENTATION_CONTEXT() REPRESENTATION_CONTEXT('2D SPACE',''
  ) );
#461 = PCURVE('',#462,#467);
#462 = PLANE('',#463);
#463 = AXIS2_PLACEMENT_3D('',#464,#465,#466);
#464 = CARTESIAN_POINT('',(0.,0.,0.));
#465 = DIRECTION('',(0.,0.,-1.));
#466 = DIRECTION('',(-1.,0.,-0.));
#467 = DEFINITIONAL_REPRESENTATION('',(#468),#472);
#468 = CIRCLE('',#469,6.);
#469 = AXIS2_PLACEMENT_2D('',#470,#471);
#470 = CARTESIAN_POINT('',(-10.,10.));
#471 = DIRECTION('',(1.,0.));
#472 = ( GEOMETRIC_REPRESENTATION_CONTEXT(2) 
PARAMETRIC_REPRESENTATION_CONTEXT() REPRESENTATION_CONTEXT('2D SPACE',''
  ) );
#473 = ORIENTED_EDGE('',*,*,#474,.F.);
#474 = EDGE_CURVE('',#475,#446,#477,.T.);
#475 = VERTEX_POINT('',#476);
#476 = CARTESIAN_POINT('',(4.,10.,-1.));
#477 = SURFACE_CURVE('',#478,(#482,#489),.PCURVE_S1.);
#478 = LINE('',#479,#480);
#479 = CARTESIAN_POINT('',(4.,10.,-1.));
#480 = VECTOR('',#481,1.);
#481 = DIRECTION('',(-0.,-0.,1.));
#482 = PCURVE('',#421,#483);
#483 = DEFINITIONAL_REPRESENTATION('',(#484),#488);
#484 = LINE('',#485,#486);
#485 = CARTESIAN_POINT('',(3.14159265359,0.));
#486 = VECTOR('',#487,1.);
#487 = DIRECTION('',(0.,1.));
#488 = ( GEOMETRIC_REPRESENTATION_CONTEXT(2) 
PARAMETRIC_REPRESENTATION_CONTEXT() REPRESENTATION_CONTEXT('2D SPACE',''
  ) );
#489 = PCURVE('',#433,#490);
#490 = DEFINITIONAL_REPRESENTATION('',(#491),#495);
#491 = LINE('',#492,#493);
#492 = CARTESIAN_POINT('',(3.14159265359,0.));
#493 = VECTOR('',#494,1.);
#494 = DIRECTION('',(0.,1.));
#495 = ( GEOMETRIC_REPRESENTATION_CONTEXT(2) 
PARAMETRIC_REPRESENTATION_CONTEXT() REPRESENTATION_CONTEXT('2D SPACE',''
  ) );
#496 = ORIENTED_EDGE('',*,*,#497,.F.);
#497 = EDGE_CURVE('',#411,#475,#498,.T.);
#498 = SURFACE_CURVE('',#499,(#504,#511),.PCURVE_S1.);
#499 = CIRCLE('',#500,6.);
#500 = AXIS2_PLACEMENT_3D('',#501,#502,#503);
#501 = CARTESIAN_POINT('',(10.,10.,-1.));
#502 = DIRECTION('',(0.,0.,-1.));
#503 = DIRECTION('',(-1.,0.,0.));
#504 = PCURVE('',#421,#505);
#505 = DEFINITIONAL_REPRESENTATION('',(#506),#510);
#506 = LINE('',#507,#508);
#507 = CARTESIAN_POINT('',(9.424777960769,0.));
#508 = VECTOR('',#509,1.);
#509 = DIRECTION('',(-1.,0.));
#510 = ( GEOMETRIC_REPRESENTATION_CONTEXT(2) 
PARAMETRIC_REPRESENTATION_CONTEXT() REPRESENTATION_CONTEXT('2D SPACE',''
  ) );
#511 = PCURVE('',#512,#517);
#512 = PLANE('',#513);
#513 = AXIS2_PLACEMENT_3D('',#514,#515,#516);
#514 = CARTESIAN_POINT('',(0.,0.,-1.));
#515 = DIRECTION('',(-0.,0.,-1.));
#516 = DIRECTION('',(-1.,0.,0.));
#517 = DEFINITIONAL_REPRESENTATION('',(#518),#522);
#518 = CIRCLE('',#519,6.);
#519 = AXIS2_PLACEMENT_2D('',#520,#521);
#520 = CARTESIAN_POINT('',(-10.,10.));
#521 = DIRECTION('',(1.,0.));
#522 = ( GEOMETRIC_REPRESENTATION_CONTEXT(2) 
PARAMETRIC_REPRESENTATION_CONTEXT() REPRESENTATION_CONTEXT('2D SPACE',''
  ) );
#523 = ADVANCED_FACE('',(#524),#538,.F.);
#524 = FACE_BOUND('',#525,.F.);
#525 = EDGE_LOOP('',(#526,#561,#594,#617));
#526 = ORIENTED_EDGE('',*,*,#527,.T.);
#527 = EDGE_CURVE('',#528,#530,#532,.T.);
#528 = VERTEX_POINT('',#529);
#529 = CARTESIAN_POINT('',(1.,10.,5.5));
#530 = VERTEX_POINT('',#531);
#531 = CARTESIAN_POINT('',(1.,10.,4.));
#532 = SURFACE_CURVE('',#533,(#537,#549),.PCURVE_S1.);
#533 = LINE('',#534,#535);
#534 = CARTESIAN_POINT('',(1.,10.,5.5));
#535 = VECTOR('',#536,1.);
#536 = DIRECTION('',(-0.,-0.,-1.));
#537 = PCURVE('',#538,#543);
#538 = CYLINDRICAL_SURFACE('',#539,9.);
#539 = AXIS2_PLACEMENT_3D('',#540,#541,#542);
#540 = CARTESIAN_POINT('',(10.,10.,5.5));
#541 = DIRECTION('',(-0.,-0.,-1.));
#542 = DIRECTION('',(-1.,0.,0.));
#543 = DEFINITIONAL_REPRESENTATION('',(#544),#548);
#544 = LINE('',#545,#546);
#545 = CARTESIAN_POINT('',(6.28318530718,0.));
#546 = VECTOR('',#547,1.);
#547 = DIRECTION('',(0.,1.));
#548 = ( GEOMETRIC_REPRESENTATION_CONTEXT(2) 
PARAMETRIC_REPRESENTATION_CONTEXT() REPRESENTATION_CONTEXT('2D SPACE',''
  ) );
#549 = PCURVE('',#550,#555);
#550 = CYLINDRICAL_SURFACE('',#551,9.);
#551 = AXIS2_PLACEMENT_3D('',#552,#553,#554);
#552 = CARTESIAN_POINT('',(10.,10.,5.5));
#553 = DIRECTION('',(-0.,-0.,-1.));
#554 = DIRECTION('',(-1.,0.,0.));
#555 = DEFINITIONAL_REPRESENTATION('',(#556),#560);
#556 = LINE('',#557,#558);
#557 = CARTESIAN_POINT('',(0.,0.));
#558 = VECTOR('',#559,1.);
#559 = DIRECTION('',(0.,1.));
#560 = ( GEOMETRIC_REPRESENTATION_CONTEXT(2) 
PARAMETRIC_REPRESENTATION_CONTEXT() REPRESENTATION_CONTEXT('2D SPACE',''
  ) );
#561 = ORIENTED_EDGE('',*,*,#562,.T.);
#562 = EDGE_CURVE('',#530,#563,#565,.T.);
#563 = VERTEX_POINT('',#564);
#564 = CARTESIAN_POINT('',(19.,10.,4.));
#565 = SURFACE_CURVE('',#566,(#571,#578),.PCURVE_S1.);
#566 = CIRCLE('',#567,9.);
#567 = AXIS2_PLACEMENT_3D('',#568,#569,#570);
#568 = CARTESIAN_POINT('',(10.,10.,4.));
#569 = DIRECTION('',(0.,0.,1.));
#570 = DIRECTION('',(1.,0.,-0.));
#571 = PCURVE('',#538,#572);
#572 = DEFINITIONAL_REPRESENTATION('',(#573),#577);
#573 = LINE('',#574,#575);
#574 = CARTESIAN_POINT('',(9.424777960769,1.5));
#575 = VECTOR('',#576,1.);
#576 = DIRECTION('',(-1.,0.));
#577 = ( GEOMETRIC_REPRESENTATION_CONTEXT(2) 
PARAMETRIC_REPRESENTATION_CONTEXT() REPRESENTATION_CONTEXT('2D SPACE',''
  ) );
#578 = PCURVE('',#579,#584);
#579 = PLANE('',#580);
#580 = AXIS2_PLACEMENT_3D('',#581,#582,#583);
#581 = CARTESIAN_POINT('',(0.,0.,4.));
#582 = DIRECTION('',(0.,0.,-1.));
#583 = DIRECTION('',(-1.,0.,-0.));
#584 = DEFINITIONAL_REPRESENTATION('',(#585),#593);
#585 = ( BOUNDED_CURVE() B_SPLINE_CURVE(2,(#586,#587,#588,#589,#590,#591
,#592),.UNSPECIFIED.,.T.,.F.) B_SPLINE_CURVE_WITH_KNOTS((1,2,2,2,2,1),(
    -2.094395102393,0.,2.094395102393,4.188790204786,6.28318530718,
8.377580409573),.UNSPECIFIED.) CURVE() GEOMETRIC_REPRESENTATION_ITEM() 
RATIONAL_B_SPLINE_CURVE((1.,0.5,1.,0.5,1.,0.5,1.)) REPRESENTATION_ITEM(
  '') );
#586 = CARTESIAN_POINT('',(-19.,10.));
#587 = CARTESIAN_POINT('',(-19.,25.58845726812));
#588 = CARTESIAN_POINT('',(-5.5,17.79422863406));
#589 = CARTESIAN_POINT('',(8.,10.));
#590 = CARTESIAN_POINT('',(-5.5,2.20577136594));
#591 = CARTESIAN_POINT('',(-19.,-5.58845726812));
#592 = CARTESIAN_POINT('',(-19.,10.));
#593 = ( GEOMETRIC_REPRESENTATION_CONTEXT(2) 
PARAMETRIC_REPRESENTATION_CONTEXT() REPRESENTATION_CONTEXT('2D SPACE',''
  ) );
#594 = ORIENTED_EDGE('',*,*,#595,.F.);
#595 = EDGE_CURVE('',#596,#563,#598,.T.);
#596 = VERTEX_POINT('',#597);
#597 = CARTESIAN_POINT('',(19.,10.,5.5));
#598 = SURFACE_CURVE('',#599,(#603,#610),.PCURVE_S1.);
#599 = LINE('',#600,#601);
#600 = CARTESIAN_POINT('',(19.,10.,5.5));
#601 = VECTOR('',#602,1.);
#602 = DIRECTION('',(-0.,-0.,-1.));
#603 = PCURVE('',#538,#604);
#604 = DEFINITIONAL_REPRESENTATION('',(#605),#609);
#605 = LINE('',#606,#607);
#606 = CARTESIAN_POINT('',(3.14159265359,0.));
#607 = VECTOR('',#608,1.);
#608 = DIRECTION('',(0.,1.));
#609 = ( GEOMETRIC_REPRESENTATION_CONTEXT(2) 
PARAMETRIC_REPRESENTATION_CONTEXT() REPRESENTATION_CONTEXT('2D SPACE',''
  ) );
#610 = PCURVE('',#550,#611);
#611 = DEFINITIONAL_REPRESENTATION('',(#612),#616);
#612 = LINE('',#613,#614);
#613 = CARTESIAN_POINT('',(3.14159265359,0.));
#614 = VECTOR('',#615,1.);
#615 = DIRECTION('',(0.,1.));
#616 = ( GEOMETRIC_REPRESENTATION_CONTEXT(2) 
PARAMETRIC_REPRESENTATION_CONTEXT() REPRESENTATION_CONTEXT('2D SPACE',''
  ) );
#617 = ORIENTED_EDGE('',*,*,#618,.F.);
#618 = EDGE_CURVE('',#528,#596,#619,.T.);
#619 = SURFACE_CURVE('',#620,(#625,#632),.PCURVE_S1.);
#620 = CIRCLE('',#621,9.);
#621 = AXIS2_PLACEMENT_3D('',#622,#623,#624);
#622 = CARTESIAN_POINT('',(10.,10.,5.5));
#623 = DIRECTION('',(0.,0.,1.));
#624 = DIRECTION('',(1.,0.,-0.));
#625 = PCURVE('',#538,#626);
#626 = DEFINITIONAL_REPRESENTATION('',(#627),#631);
#627 = LINE('',#628,#629);
#628 = CARTESIAN_POINT('',(9.424777960769,0.));
#629 = VECTOR('',#630,1.);
#630 = DIRECTION('',(-1.,0.));
#631 = ( GEOMETRIC_REPRESENTATION_CONTEXT(2) 
PARAMETRIC_REPRESENTATION_CONTEXT() REPRESENTATION_CONTEXT('2D SPACE',''
  ) );
#632 = PCURVE('',#633,#638);
#633 = PLANE('',#634);
#634 = AXIS2_PLACEMENT_3D('',#635,#636,#637);
#635 = CARTESIAN_POINT('',(0.,0.,5.5));
#636 = DIRECTION('',(0.,0.,1.));
#637 = DIRECTION('',(1.,0.,-0.));
#638 = DEFINITIONAL_REPRESENTATION('',(#639),#643);
#639 = CIRCLE('',#640,9.);
#640 = AXIS2_PLACEMENT_2D('',#641,#642);
#641 = CARTESIAN_POINT('',(10.,10.));
#642 = DIRECTION('',(1.,0.));
#643 = ( GEOMETRIC_REPRESENTATION_CONTEXT(2) 
PARAMETRIC_REPRESENTATION_CONTEXT() REPRESENTATION_CONTEXT('2D SPACE',''
  ) );
#644 = ADVANCED_FACE('',(#645),#659,.F.);
#645 = FACE_BOUND('',#646,.F.);
#646 = EDGE_LOOP('',(#647,#682,#710,#733));
#647 = ORIENTED_EDGE('',*,*,#648,.T.);
#648 = EDGE_CURVE('',#649,#651,#653,.T.);
#649 = VERTEX_POINT('',#650);
#650 = CARTESIAN_POINT('',(2.,10.,4.));
#651 = VERTEX_POINT('',#652);
#652 = CARTESIAN_POINT('',(2.,10.,0.));
#653 = SURFACE_CURVE('',#654,(#658,#670),.PCURVE_S1.);
#654 = LINE('',#655,#656);
#655 = CARTESIAN_POINT('',(2.,10.,4.));
#656 = VECTOR('',#657,1.);
#657 = DIRECTION('',(-0.,-0.,-1.));
#658 = PCURVE('',#659,#664);
#659 = CYLINDRICAL_SURFACE('',#660,8.);
#660 = AXIS2_PLACEMENT_3D('',#661,#662,#663);
#661 = CARTESIAN_POINT('',(10.,10.,4.));
#662 = DIRECTION('',(-0.,-0.,-1.));
#663 = DIRECTION('',(-1.,0.,0.));
#664 = DEFINITIONAL_REPRESENTATION('',(#665),#669);
#665 = LINE('',#666,#667);
#666 = CARTESIAN_POINT('',(6.28318530718,0.));
#667 = VECTOR('',#668,1.);
#668 = DIRECTION('',(0.,1.));
#669 = ( GEOMETRIC_REPRESENTATION_CONTEXT(2) 
PARAMETRIC_REPRESENTATION_CONTEXT() REPRESENTATION_CONTEXT('2D SPACE',''
  ) );
#670 = PCURVE('',#671,#676);
#671 = CYLINDRICAL_SURFACE('',#672,8.);
#672 = AXIS2_PLACEMENT_3D('',#673,#674,#675);
#673 = CARTESIAN_POINT('',(10.,10.,4.));
#674 = DIRECTION('',(-0.,-0.,-1.));
#675 = DIRECTION('',(-1.,0.,0.));
#676 = DEFINITIONAL_REPRESENTATION('',(#677),#681);
#677 = LINE('',#678,#679);
#678 = CARTESIAN_POINT('',(0.,0.));
#679 = VECTOR('',#680,1.);
#680 = DIRECTION('',(0.,1.));
#681 = ( GEOMETRIC_REPRESENTATION_CONTEXT(2) 
PARAMETRIC_REPRESENTATION_CONTEXT() REPRESENTATION_CONTEXT('2D SPACE',''
  ) );
#682 = ORIENTED_EDGE('',*,*,#683,.T.);
#683 = EDGE_CURVE('',#651,#684,#686,.T.);
#684 = VERTEX_POINT('',#685);
#685 = CARTESIAN_POINT('',(18.,10.,0.));
#686 = SURFACE_CURVE('',#687,(#692,#699),.PCURVE_S1.);
#687 = CIRCLE('',#688,8.);
#688 = AXIS2_PLACEMENT_3D('',#689,#690,#691);
#689 = CARTESIAN_POINT('',(10.,10.,0.));
#690 = DIRECTION('',(0.,0.,1.));
#691 = DIRECTION('',(1.,0.,-0.));
#692 = PCURVE('',#659,#693);
#693 = DEFINITIONAL_REPRESENTATION('',(#694),#698);
#694 = LINE('',#695,#696);
#695 = CARTESIAN_POINT('',(9.424777960769,4.));
#696 = VECTOR('',#697,1.);
#697 = DIRECTION('',(-1.,0.));
#698 = ( GEOMETRIC_REPRESENTATION_CONTEXT(2) 
PARAMETRIC_REPRESENTATION_CONTEXT() REPRESENTATION_CONTEXT('2D SPACE',''
  ) );
#699 = PCURVE('',#462,#700);
#700 = DEFINITIONAL_REPRESENTATION('',(#701),#709);
#701 = ( BOUNDED_CURVE() B_SPLINE_CURVE(2,(#702,#703,#704,#705,#706,#707
,#708),.UNSPECIFIED.,.T.,.F.) B_SPLINE_CURVE_WITH_KNOTS((1,2,2,2,2,1),(
    -2.094395102393,0.,2.094395102393,4.188790204786,6.28318530718,
8.377580409573),.UNSPECIFIED.) CURVE() GEOMETRIC_REPRESENTATION_ITEM() 
RATIONAL_B_SPLINE_CURVE((1.,0.5,1.,0.5,1.,0.5,1.)) REPRESENTATION_ITEM(
  '') );
#702 = CARTESIAN_POINT('',(-18.,10.));
#703 = CARTESIAN_POINT('',(-18.,23.856406460551));
#704 = CARTESIAN_POINT('',(-6.,16.928203230276));
#705 = CARTESIAN_POINT('',(6.,10.));
#706 = CARTESIAN_POINT('',(-6.,3.071796769724));
#707 = CARTESIAN_POINT('',(-18.,-3.856406460551));
#708 = CARTESIAN_POINT('',(-18.,10.));
#709 = ( GEOMETRIC_REPRESENTATION_CONTEXT(2) 
PARAMETRIC_REPRESENTATION_CONTEXT() REPRESENTATION_CONTEXT('2D SPACE',''
  ) );
#710 = ORIENTED_EDGE('',*,*,#711,.F.);
#711 = EDGE_CURVE('',#712,#684,#714,.T.);
#712 = VERTEX_POINT('',#713);
#713 = CARTESIAN_POINT('',(18.,10.,4.));
#714 = SURFACE_CURVE('',#715,(#719,#726),.PCURVE_S1.);
#715 = LINE('',#716,#717);
#716 = CARTESIAN_POINT('',(18.,10.,4.));
#717 = VECTOR('',#718,1.);
#718 = DIRECTION('',(-0.,-0.,-1.));
#719 = PCURVE('',#659,#720);
#720 = DEFINITIONAL_REPRESENTATION('',(#721),#725);
#721 = LINE('',#722,#723);
#722 = CARTESIAN_POINT('',(3.14159265359,0.));
#723 = VECTOR('',#724,1.);
#724 = DIRECTION('',(0.,1.));
#725 = ( GEOMETRIC_REPRESENTATION_CONTEXT(2) 
PARAMETRIC_REPRESENTATION_CONTEXT() REPRESENTATION_CONTEXT('2D SPACE',''
  ) );
#726 = PCURVE('',#671,#727);
#727 = DEFINITIONAL_REPRESENTATION('',(#728),#732);
#728 = LINE('',#729,#730);
#729 = CARTESIAN_POINT('',(3.14159265359,0.));
#730 = VECTOR('',#731,1.);
#731 = DIRECTION('',(0.,1.));
#732 = ( GEOMETRIC_REPRESENTATION_CONTEXT(2) 
PARAMETRIC_REPRESENTATION_CONTEXT() REPRESENTATION_CONTEXT('2D SPACE',''
  ) );
#733 = ORIENTED_EDGE('',*,*,#734,.F.);
#734 = EDGE_CURVE('',#649,#712,#735,.T.);
#735 = SURFACE_CURVE('',#736,(#741,#748),.PCURVE_S1.);
#736 = CIRCLE('',#737,8.);
#737 = AXIS2_PLACEMENT_3D('',#738,#739,#740);
#738 = CARTESIAN_POINT('',(10.,10.,4.));
#739 = DIRECTION('',(0.,0.,1.));
#740 = DIRECTION('',(1.,0.,-0.));
#741 = PCURVE('',#659,#742);
#742 = DEFINITIONAL_REPRESENTATION('',(#743),#747);
#743 = LINE('',#744,#745);
#744 = CARTESIAN_POINT('',(9.424777960769,0.));
#745 = VECTOR('',#746,1.);
#746 = DIRECTION('',(-1.,0.));
#747 = ( GEOMETRIC_REPRESENTATION_CONTEXT(2) 
PARAMETRIC_REPRESENTATION_CONTEXT() REPRESENTATION_CONTEXT('2D SPACE',''
  ) );
#748 = PCURVE('',#579,#749);
#749 = DEFINITIONAL_REPRESENTATION('',(#750),#758);
#750 = ( BOUNDED_CURVE() B_SPLINE_CURVE(2,(#751,#752,#753,#754,#755,#756
,#757),.UNSPECIFIED.,.T.,.F.) B_SPLINE_CURVE_WITH_KNOTS((1,2,2,2,2,1),(
    -2.094395102393,0.,2.094395102393,4.188790204786,6.28318530718,
8.377580409573),.UNSPECIFIED.) CURVE() GEOMETRIC_REPRESENTATION_ITEM() 
RATIONAL_B_SPLINE_CURVE((1.,0.5,1.,0.5,1.,0.5,1.)) REPRESENTATION_ITEM(
  '') );
#751 = CARTESIAN_POINT('',(-18.,10.));
#752 = CARTESIAN_POINT('',(-18.,23.856406460551));
#753 = CARTESIAN_POINT('',(-6.,16.928203230276));
#754 = CARTESIAN_POINT('',(6.,10.));
#755 = CARTESIAN_POINT('',(-6.,3.071796769724));
#756 = CARTESIAN_POINT('',(-18.,-3.856406460551));
#757 = CARTESIAN_POINT('',(-18.,10.));
#758 = ( GEOMETRIC_REPRESENTATION_CONTEXT(2) 
PARAMETRIC_REPRESENTATION_CONTEXT() REPRESENTATION_CONTEXT('2D SPACE',''
  ) );
#759 = ADVANCED_FACE('',(#760),#774,.F.);
#760 = FACE_BOUND('',#761,.F.);
#761 = EDGE_LOOP('',(#762,#792,#816,#839));
#762 = ORIENTED_EDGE('',*,*,#763,.T.);
#763 = EDGE_CURVE('',#764,#766,#768,.T.);
#764 = VERTEX_POINT('',#765);
#765 = CARTESIAN_POINT('',(14.25,10.,-5.797356367837));
#766 = VERTEX_POINT('',#767);
#767 = CARTESIAN_POINT('',(14.25,10.,-1.));
#768 = SURFACE_CURVE('',#769,(#773,#785),.PCURVE_S1.);
#769 = LINE('',#770,#771);
#770 = CARTESIAN_POINT('',(14.25,10.,-21.));
#771 = VECTOR('',#772,1.);
#772 = DIRECTION('',(-0.,-0.,1.));
#773 = PCURVE('',#774,#779);
#774 = CYLINDRICAL_SURFACE('',#775,4.25);
#775 = AXIS2_PLACEMENT_3D('',#776,#777,#778);
#776 = CARTESIAN_POINT('',(10.,10.,-21.));
#777 = DIRECTION('',(-0.,-0.,1.));
#778 = DIRECTION('',(1.,0.,0.));
#779 = DEFINITIONAL_REPRESENTATION('',(#780),#784);
#780 = LINE('',#781,#782);
#781 = CARTESIAN_POINT('',(6.28318530718,0.));
#782 = VECTOR('',#783,1.);
#783 = DIRECTION('',(0.,1.));
#784 = ( GEOMETRIC_REPRESENTATION_CONTEXT(2) 
PARAMETRIC_REPRESENTATION_CONTEXT() REPRESENTATION_CONTEXT('2D SPACE',''
  ) );
#785 = PCURVE('',#284,#786);
#786 = DEFINITIONAL_REPRESENTATION('',(#787),#791);
#787 = LINE('',#788,#789);
#788 = CARTESIAN_POINT('',(0.,0.));
#789 = VECTOR('',#790,1.);
#790 = DIRECTION('',(0.,1.));
#791 = ( GEOMETRIC_REPRESENTATION_CONTEXT(2) 
PARAMETRIC_REPRESENTATION_CONTEXT() REPRESENTATION_CONTEXT('2D SPACE',''
  ) );
#792 = ORIENTED_EDGE('',*,*,#793,.T.);
#793 = EDGE_CURVE('',#766,#794,#796,.T.);
#794 = VERTEX_POINT('',#795);
#795 = CARTESIAN_POINT('',(5.75,10.,-1.));
#796 = SURFACE_CURVE('',#797,(#802,#809),.PCURVE_S1.);
#797 = CIRCLE('',#798,4.25);
#798 = AXIS2_PLACEMENT_3D('',#799,#800,#801);
#799 = CARTESIAN_POINT('',(10.,10.,-1.));
#800 = DIRECTION('',(0.,0.,-1.));
#801 = DIRECTION('',(-1.,0.,0.));
#802 = PCURVE('',#774,#803);
#803 = DEFINITIONAL_REPRESENTATION('',(#804),#808);
#804 = LINE('',#805,#806);
#805 = CARTESIAN_POINT('',(9.424777960769,20.));
#806 = VECTOR('',#807,1.);
#807 = DIRECTION('',(-1.,0.));
#808 = ( GEOMETRIC_REPRESENTATION_CONTEXT(2) 
PARAMETRIC_REPRESENTATION_CONTEXT() REPRESENTATION_CONTEXT('2D SPACE',''
  ) );
#809 = PCURVE('',#512,#810);
#810 = DEFINITIONAL_REPRESENTATION('',(#811),#815);
#811 = CIRCLE('',#812,4.25);
#812 = AXIS2_PLACEMENT_2D('',#813,#814);
#813 = CARTESIAN_POINT('',(-10.,10.));
#814 = DIRECTION('',(1.,0.));
#815 = ( GEOMETRIC_REPRESENTATION_CONTEXT(2) 
PARAMETRIC_REPRESENTATION_CONTEXT() REPRESENTATION_CONTEXT('2D SPACE',''
  ) );
#816 = ORIENTED_EDGE('',*,*,#817,.F.);
#817 = EDGE_CURVE('',#818,#794,#820,.T.);
#818 = VERTEX_POINT('',#819);
#819 = CARTESIAN_POINT('',(5.75,10.,-5.797356367837));
#820 = SURFACE_CURVE('',#821,(#825,#832),.PCURVE_S1.);
#821 = LINE('',#822,#823);
#822 = CARTESIAN_POINT('',(5.75,10.,-21.));
#823 = VECTOR('',#824,1.);
#824 = DIRECTION('',(-0.,-0.,1.));
#825 = PCURVE('',#774,#826);
#826 = DEFINITIONAL_REPRESENTATION('',(#827),#831);
#827 = LINE('',#828,#829);
#828 = CARTESIAN_POINT('',(3.14159265359,0.));
#829 = VECTOR('',#830,1.);
#830 = DIRECTION('',(0.,1.));
#831 = ( GEOMETRIC_REPRESENTATION_CONTEXT(2) 
PARAMETRIC_REPRESENTATION_CONTEXT() REPRESENTATION_CONTEXT('2D SPACE',''
  ) );
#832 = PCURVE('',#284,#833);
#833 = DEFINITIONAL_REPRESENTATION('',(#834),#838);
#834 = LINE('',#835,#836);
#835 = CARTESIAN_POINT('',(3.14159265359,0.));
#836 = VECTOR('',#837,1.);
#837 = DIRECTION('',(0.,1.));
#838 = ( GEOMETRIC_REPRESENTATION_CONTEXT(2) 
PARAMETRIC_REPRESENTATION_CONTEXT() REPRESENTATION_CONTEXT('2D SPACE',''
  ) );
#839 = ORIENTED_EDGE('',*,*,#840,.F.);
#840 = EDGE_CURVE('',#764,#818,#841,.T.);
#841 = SURFACE_CURVE('',#842,(#880,#975),.PCURVE_S1.);
#842 = B_SPLINE_CURVE_WITH_KNOTS('',3,(#843,#844,#845,#846,#847,#848,
    #849,#850,#851,#852,#853,#854,#855,#856,#857,#858,#859,#860,#861,
    #862,#863,#864,#865,#866,#867,#868,#869,#870,#871,#872,#873,#874,
    #875,#876,#877,#878,#879),.UNSPECIFIED.,.F.,.F.,(4,2,2,2,2,2,2,2,2,1
    ,2,2,2,2,2,2,2,2,4),(2.117499858743E-17,1.883718686165E-03,
    2.825578029248E-03,3.767437372331E-03,4.709296715413E-03,
    5.180226386955E-03,5.651156058496E-03,6.593015401579E-03,
    7.06394507312E-03,7.534874744661E-03,8.005804416203E-03,
    8.476734087744E-03,9.418593430827E-03,1.036045277391E-02,
    1.130231211699E-02,1.224417146007E-02,1.318603080316E-02,
    1.412789014624E-02,1.506974948932E-02),.UNSPECIFIED.);
#843 = CARTESIAN_POINT('',(14.25,10.,-5.797356367837));
#844 = CARTESIAN_POINT('',(14.25,9.545512711282,-5.353131071626));
#845 = CARTESIAN_POINT('',(14.179226877619,9.078420907083,
    -4.938987645081));
#846 = CARTESIAN_POINT('',(13.931453057437,8.366181409412,
    -4.362460468506));
#847 = CARTESIAN_POINT('',(13.824446590741,8.127474650986,-4.17844504096
    ));
#848 = CARTESIAN_POINT('',(13.562176197354,7.6668382724,-3.838458060738)
  );
#849 = CARTESIAN_POINT('',(13.406385327382,7.442752670145,
    -3.680723720818));
#850 = CARTESIAN_POINT('',(13.036296188937,7.012713546092,
    -3.389766183844));
#851 = CARTESIAN_POINT('',(12.827716012062,6.813751129587,
    -3.261247581471));
#852 = CARTESIAN_POINT('',(12.480117040434,6.545592034368,
    -3.093323758157));
#853 = CARTESIAN_POINT('',(12.358307548386,6.461137090684,
    -3.041420328872));
#854 = CARTESIAN_POINT('',(12.101993302632,6.303137906359,
    -2.945715718449));
#855 = CARTESIAN_POINT('',(11.96635848831,6.229110238705,-2.901634303724
    ));
#856 = CARTESIAN_POINT('',(11.549606592765,6.03062717886,-2.784844094335
    ));
#857 = CARTESIAN_POINT('',(11.258074822891,5.928378309874,
    -2.726623615736));
#858 = CARTESIAN_POINT('',(10.799614708647,5.822954970366,
    -2.667062930278));
#859 = CARTESIAN_POINT('',(10.641970987092,5.795771108459,
    -2.651839499052));
#860 = CARTESIAN_POINT('',(10.326754034266,5.759610970462,
    -2.631629630006));
#861 = CARTESIAN_POINT('',(10.011515427959,5.741273537842,
    -2.621436580859));
#862 = CARTESIAN_POINT('',(9.696234450081,5.757904188342,-2.630679283765
    ));
#863 = CARTESIAN_POINT('',(9.380931845637,5.792339723212,-2.649918624215
    ));
#864 = CARTESIAN_POINT('',(9.223017917528,5.818669670508,-2.664655871271
    ));
#865 = CARTESIAN_POINT('',(8.762739882796,5.921938533369,-2.722960214119
    ));
#866 = CARTESIAN_POINT('',(8.469069391857,6.023190252905,-2.78054780232)
  );
#867 = CARTESIAN_POINT('',(7.90773718353,6.287696052537,-2.93603171608)
  );
#868 = CARTESIAN_POINT('',(7.650835203775,6.445903856627,-3.031034858858
    ));
#869 = CARTESIAN_POINT('',(7.180692439935,6.805993187559,-3.256259374061
    ));
#870 = CARTESIAN_POINT('',(6.967840742059,7.00873237264,-3.38718802147)
  );
#871 = CARTESIAN_POINT('',(6.599955701465,7.434581797834,-3.675083253104
    ));
#872 = CARTESIAN_POINT('',(6.441141046139,7.661488724692,-3.83458225762)
  );
#873 = CARTESIAN_POINT('',(6.175920005137,8.126360698773,-4.17755125977)
  );
#874 = CARTESIAN_POINT('',(6.070164898341,8.362252977572,-4.359376321074
    ));
#875 = CARTESIAN_POINT('',(5.904363908601,8.837423446592,-4.743816340843
    ));
#876 = CARTESIAN_POINT('',(5.844514754156,9.077681088488,-4.947426048055
    ));
#877 = CARTESIAN_POINT('',(5.767705142985,9.545676275937,-5.363654080663
    ));
#878 = CARTESIAN_POINT('',(5.75,9.775163490891,-5.577596503618));
#879 = CARTESIAN_POINT('',(5.75,10.,-5.797356367837));
#880 = PCURVE('',#774,#881);
#881 = DEFINITIONAL_REPRESENTATION('',(#882),#974);
#882 = B_SPLINE_CURVE_WITH_KNOTS('',3,(#883,#884,#885,#886,#887,#888,
    #889,#890,#891,#892,#893,#894,#895,#896,#897,#898,#899,#900,#901,
    #902,#903,#904,#905,#906,#907,#908,#909,#910,#911,#912,#913,#914,
    #915,#916,#917,#918,#919,#920,#921,#922,#923,#924,#925,#926,#927,
    #928,#929,#930,#931,#932,#933,#934,#935,#936,#937,#938,#939,#940,
    #941,#942,#943,#944,#945,#946,#947,#948,#949,#950,#951,#952,#953,
    #954,#955,#956,#957,#958,#959,#960,#961,#962,#963,#964,#965,#966,
    #967,#968,#969,#970,#971,#972,#973),.UNSPECIFIED.,.F.,.F.,(4,1,1,1,1
    ,1,1,1,1,1,1,1,1,1,1,1,1,1,1,1,1,1,1,1,1,1,1,1,1,1,1,1,1,1,1,1,1,1,1
    ,1,1,1,1,1,1,1,1,1,1,1,1,1,1,1,1,1,1,1,1,1,1,1,1,1,1,1,1,1,1,1,1,1,1
    ,1,1,1,1,1,1,1,1,1,1,1,1,1,1,1,4),(2.117499858743E-17,
    1.712471532878E-04,3.424943065755E-04,5.137414598633E-04,
    6.84988613151E-04,8.562357664388E-04,1.027482919727E-03,
    1.198730073014E-03,1.369977226302E-03,1.54122437959E-03,
    1.712471532878E-03,1.883718686165E-03,2.054965839453E-03,
    2.226212992741E-03,2.397460146029E-03,2.568707299316E-03,
    2.739954452604E-03,2.911201605892E-03,3.08244875918E-03,
    3.253695912467E-03,3.424943065755E-03,3.596190219043E-03,
    3.767437372331E-03,3.938684525618E-03,4.109931678906E-03,
    4.281178832194E-03,4.452425985482E-03,4.623673138769E-03,
    4.794920292057E-03,4.966167445345E-03,5.137414598633E-03,
    5.30866175192E-03,5.479908905208E-03,5.651156058496E-03,
    5.822403211784E-03,5.993650365071E-03,6.164897518359E-03,
    6.336144671647E-03,6.507391824935E-03,6.678638978223E-03,
    6.84988613151E-03,7.021133284798E-03,7.192380438086E-03,
    7.363627591374E-03,7.534874744661E-03,7.706121897949E-03,
    7.877369051237E-03,8.048616204525E-03,8.219863357812E-03,
    8.3911105111E-03,8.562357664388E-03,8.733604817676E-03,
    8.904851970963E-03,9.076099124251E-03,9.247346277539E-03,
    9.418593430827E-03,9.589840584114E-03,9.761087737402E-03,
    9.93233489069E-03,1.010358204398E-02,1.027482919727E-02,
    1.044607635055E-02,1.061732350384E-02,1.078857065713E-02,
    1.095981781042E-02,1.11310649637E-02,1.130231211699E-02,
    1.147355927028E-02,1.164480642357E-02,1.181605357686E-02,
    1.198730073014E-02,1.215854788343E-02,1.232979503672E-02,
    1.250104219001E-02,1.267228934329E-02,1.284353649658E-02,
    1.301478364987E-02,1.318603080316E-02,1.335727795645E-02,
    1.352852510973E-02,1.369977226302E-02,1.387101941631E-02,
    1.40422665696E-02,1.421351372288E-02,1.438476087617E-02,
    1.455600802946E-02,1.472725518275E-02,1.489850233603E-02,
    1.506974948932E-02),.UNSPECIFIED.);
#883 = CARTESIAN_POINT('',(6.28318530718,15.202643632163));
#884 = CARTESIAN_POINT('',(6.273463481642,15.24302775));
#885 = CARTESIAN_POINT('',(6.253971465866,15.323298764713));
#886 = CARTESIAN_POINT('',(6.224567540628,15.442214930489));
#887 = CARTESIAN_POINT('',(6.194977699142,15.559642047434));
#888 = CARTESIAN_POINT('',(6.165179151959,15.675581419976));
#889 = CARTESIAN_POINT('',(6.135147402793,15.7900343638));
#890 = CARTESIAN_POINT('',(6.104856098865,15.903002152601));
#891 = CARTESIAN_POINT('',(6.074277201604,16.014486216785));
#892 = CARTESIAN_POINT('',(6.043381192401,16.124487401891));
#893 = CARTESIAN_POINT('',(6.012136933693,16.233008736222));
#894 = CARTESIAN_POINT('',(5.980513010354,16.340045101894));
#895 = CARTESIAN_POINT('',(5.948473655575,16.445621783));
#896 = CARTESIAN_POINT('',(5.915995047573,16.549650601918));
#897 = CARTESIAN_POINT('',(5.883130262708,16.651830279771));
#898 = CARTESIAN_POINT('',(5.849918195864,16.751974621368));
#899 = CARTESIAN_POINT('',(5.816401165879,16.849861352639));
#900 = CARTESIAN_POINT('',(5.782612045943,16.945297431349));
#901 = CARTESIAN_POINT('',(5.74860456368,17.038008966804));
#902 = CARTESIAN_POINT('',(5.714258120919,17.128304902873));
#903 = CARTESIAN_POINT('',(5.679538477117,17.216162971983));
#904 = CARTESIAN_POINT('',(5.644395253185,17.301599867984));
#905 = CARTESIAN_POINT('',(5.60880065059,17.384571857418));
#906 = CARTESIAN_POINT('',(5.572632712272,17.465237954634));
#907 = CARTESIAN_POINT('',(5.536105764246,17.543006610059));
#908 = CARTESIAN_POINT('',(5.499466967026,17.617300317418));
#909 = CARTESIAN_POINT('',(5.462622810818,17.688291815789));
#910 = CARTESIAN_POINT('',(5.425569509577,17.755952211433));
#911 = CARTESIAN_POINT('',(5.388274514842,17.820308896529));
#912 = CARTESIAN_POINT('',(5.350720333832,17.881365752395));
#913 = CARTESIAN_POINT('',(5.312817996039,17.939205727548));
#914 = CARTESIAN_POINT('',(5.274532376497,17.993806870335));
#915 = CARTESIAN_POINT('',(5.235730964039,18.045252140027));
#916 = CARTESIAN_POINT('',(5.196384548821,18.093471094603));
#917 = CARTESIAN_POINT('',(5.156858306115,18.137960291146));
#918 = CARTESIAN_POINT('',(5.117380808734,18.178462337245));
#919 = CARTESIAN_POINT('',(5.077866861887,18.215134166863));
#920 = CARTESIAN_POINT('',(5.038264785198,18.247984901745));
#921 = CARTESIAN_POINT('',(4.998511032013,18.277064829546));
#922 = CARTESIAN_POINT('',(4.95854566984,18.302407386488));
#923 = CARTESIAN_POINT('',(4.918299149443,18.324072248627));
#924 = CARTESIAN_POINT('',(4.877596933638,18.342007228617));
#925 = CARTESIAN_POINT('',(4.836764878785,18.3560541687));
#926 = CARTESIAN_POINT('',(4.796087176248,18.366074134246));
#927 = CARTESIAN_POINT('',(4.755558624816,18.372160667547));
#928 = CARTESIAN_POINT('',(4.715095509353,18.37434677132));
#929 = CARTESIAN_POINT('',(4.67463535996,18.372679133942));
#930 = CARTESIAN_POINT('',(4.634112592489,18.367113404078));
#931 = CARTESIAN_POINT('',(4.593453102498,18.357622361929));
#932 = CARTESIAN_POINT('',(4.552609660082,18.344102746803));
#933 = CARTESIAN_POINT('',(4.511851178203,18.326670911998));
#934 = CARTESIAN_POINT('',(4.471493130966,18.305464054702));
#935 = CARTESIAN_POINT('',(4.431378745449,18.280533243566));
#936 = CARTESIAN_POINT('',(4.391439334253,18.251809525193));
#937 = CARTESIAN_POINT('',(4.351607654243,18.219239200599));
#938 = CARTESIAN_POINT('',(4.311846665534,18.182795225277));
#939 = CARTESIAN_POINT('',(4.272001918693,18.142328682393));
#940 = CARTESIAN_POINT('',(4.232366622057,18.098151489949));
#941 = CARTESIAN_POINT('',(4.193232173951,18.050614913811));
#942 = CARTESIAN_POINT('',(4.154446363799,17.999608999854));
#943 = CARTESIAN_POINT('',(4.115978338456,17.945147014311));
#944 = CARTESIAN_POINT('',(4.077771294493,17.88721056198));
#945 = CARTESIAN_POINT('',(4.039769601708,17.82578467304));
#946 = CARTESIAN_POINT('',(4.001964758148,17.760792571737));
#947 = CARTESIAN_POINT('',(3.964424043798,17.692460526424));
#948 = CARTESIAN_POINT('',(3.927209000013,17.620975825329));
#949 = CARTESIAN_POINT('',(3.890373596205,17.546509296145));
#950 = CARTESIAN_POINT('',(3.854026558461,17.469336588827));
#951 = CARTESIAN_POINT('',(3.818076946956,17.389330524823));
#952 = CARTESIAN_POINT('',(3.782380252773,17.306301078296));
#953 = CARTESIAN_POINT('',(3.746996077229,17.220462663728));
#954 = CARTESIAN_POINT('',(3.711932544748,17.131919232003));
#955 = CARTESIAN_POINT('',(3.677216045222,17.040812148071));
#956 = CARTESIAN_POINT('',(3.64286503979,16.947243584227));
#957 = CARTESIAN_POINT('',(3.608988048217,16.851663450756));
#958 = CARTESIAN_POINT('',(3.575525097199,16.754018049112));
#959 = CARTESIAN_POINT('',(3.542442372784,16.654321515802));
#960 = CARTESIAN_POINT('',(3.509699906881,16.552559234865));
#961 = CARTESIAN_POINT('',(3.477270733254,16.448763765165));
#962 = CARTESIAN_POINT('',(3.445097990257,16.342807718727));
#963 = CARTESIAN_POINT('',(3.413190036936,16.234814673423));
#964 = CARTESIAN_POINT('',(3.381589982394,16.125065370301));
#965 = CARTESIAN_POINT('',(3.35033625805,16.013803118399));
#966 = CARTESIAN_POINT('',(3.319465568203,15.901263791611));
#967 = CARTESIAN_POINT('',(3.289037419516,15.787750436424));
#968 = CARTESIAN_POINT('',(3.258956205257,15.673076881769));
#969 = CARTESIAN_POINT('',(3.229195145811,15.557249038181));
#970 = CARTESIAN_POINT('',(3.199725548351,15.440265823205));
#971 = CARTESIAN_POINT('',(3.170520910591,15.322128028799));
#972 = CARTESIAN_POINT('',(3.151211470541,15.242599971112));
#973 = CARTESIAN_POINT('',(3.14159265359,15.202643632163));
#974 = ( GEOMETRIC_REPRESENTATION_CONTEXT(2) 
PARAMETRIC_REPRESENTATION_CONTEXT() REPRESENTATION_CONTEXT('2D SPACE',''
  ) );
#975 = PCURVE('',#976,#981);
#976 = CYLINDRICAL_SURFACE('',#977,20.);
#977 = AXIS2_PLACEMENT_3D('',#978,#979,#980);
#978 = CARTESIAN_POINT('',(0.,-3.979741641483,-20.10004225676));
#979 = DIRECTION('',(1.,-0.,-0.));
#980 = DIRECTION('',(0.,0.,-1.));
#981 = DEFINITIONAL_REPRESENTATION('',(#982),#1074);
#982 = B_SPLINE_CURVE_WITH_KNOTS('',3,(#983,#984,#985,#986,#987,#988,
    #989,#990,#991,#992,#993,#994,#995,#996,#997,#998,#999,#1000,#1001,
    #1002,#1003,#1004,#1005,#1006,#1007,#1008,#1009,#1010,#1011,#1012,
    #1013,#1014,#1015,#1016,#1017,#1018,#1019,#1020,#1021,#1022,#1023,
    #1024,#1025,#1026,#1027,#1028,#1029,#1030,#1031,#1032,#1033,#1034,
    #1035,#1036,#1037,#1038,#1039,#1040,#1041,#1042,#1043,#1044,#1045,
    #1046,#1047,#1048,#1049,#1050,#1051,#1052,#1053,#1054,#1055,#1056,
    #1057,#1058,#1059,#1060,#1061,#1062,#1063,#1064,#1065,#1066,#1067,
    #1068,#1069,#1070,#1071,#1072,#1073),.UNSPECIFIED.,.F.,.F.,(4,1,1,1,
    1,1,1,1,1,1,1,1,1,1,1,1,1,1,1,1,1,1,1,1,1,1,1,1,1,1,1,1,1,1,1,1,1,1,
    1,1,1,1,1,1,1,1,1,1,1,1,1,1,1,1,1,1,1,1,1,1,1,1,1,1,1,1,1,1,1,1,1,1,
    1,1,1,1,1,1,1,1,1,1,1,1,1,1,1,1,4),(2.117499858743E-17,
    1.712471532878E-04,3.424943065755E-04,5.137414598633E-04,
    6.84988613151E-04,8.562357664388E-04,1.027482919727E-03,
    1.198730073014E-03,1.369977226302E-03,1.54122437959E-03,
    1.712471532878E-03,1.883718686165E-03,2.054965839453E-03,
    2.226212992741E-03,2.397460146029E-03,2.568707299316E-03,
    2.739954452604E-03,2.911201605892E-03,3.08244875918E-03,
    3.253695912467E-03,3.424943065755E-03,3.596190219043E-03,
    3.767437372331E-03,3.938684525618E-03,4.109931678906E-03,
    4.281178832194E-03,4.452425985482E-03,4.623673138769E-03,
    4.794920292057E-03,4.966167445345E-03,5.137414598633E-03,
    5.30866175192E-03,5.479908905208E-03,5.651156058496E-03,
    5.822403211784E-03,5.993650365071E-03,6.164897518359E-03,
    6.336144671647E-03,6.507391824935E-03,6.678638978223E-03,
    6.84988613151E-03,7.021133284798E-03,7.192380438086E-03,
    7.363627591374E-03,7.534874744661E-03,7.706121897949E-03,
    7.877369051237E-03,8.048616204525E-03,8.219863357812E-03,
    8.3911105111E-03,8.562357664388E-03,8.733604817676E-03,
    8.904851970963E-03,9.076099124251E-03,9.247346277539E-03,
    9.418593430827E-03,9.589840584114E-03,9.761087737402E-03,
    9.93233489069E-03,1.010358204398E-02,1.027482919727E-02,
    1.044607635055E-02,1.061732350384E-02,1.078857065713E-02,
    1.095981781042E-02,1.11310649637E-02,1.130231211699E-02,
    1.147355927028E-02,1.164480642357E-02,1.181605357686E-02,
    1.198730073014E-02,1.215854788343E-02,1.232979503672E-02,
    1.250104219001E-02,1.267228934329E-02,1.284353649658E-02,
    1.301478364987E-02,1.318603080316E-02,1.335727795645E-02,
    1.352852510973E-02,1.369977226302E-02,1.387101941631E-02,
    1.40422665696E-02,1.421351372288E-02,1.438476087617E-02,
    1.455600802946E-02,1.472725518275E-02,1.489850233603E-02,
    1.506974948932E-02),.UNSPECIFIED.);
#983 = CARTESIAN_POINT('',(2.367612541655,14.25));
#984 = CARTESIAN_POINT('',(2.370501300404,14.25));
#985 = CARTESIAN_POINT('',(2.376268894461,14.248830196352));
#986 = CARTESIAN_POINT('',(2.384890405497,14.243459529866));
#987 = CARTESIAN_POINT('',(2.393481932426,14.234366353288));
#988 = CARTESIAN_POINT('',(2.402043351338,14.221444114075));
#989 = CARTESIAN_POINT('',(2.410574526548,14.204586272547));
#990 = CARTESIAN_POINT('',(2.419075305518,14.183686241039));
#991 = CARTESIAN_POINT('',(2.427545532823,14.158637610964));
#992 = CARTESIAN_POINT('',(2.435985001123,14.129333305407));
#993 = CARTESIAN_POINT('',(2.444393635079,14.095668741687));
#994 = CARTESIAN_POINT('',(2.452770806504,14.057530028516));
#995 = CARTESIAN_POINT('',(2.46111789165,14.014838014797));
#996 = CARTESIAN_POINT('',(2.469428728746,13.967383897282));
#997 = CARTESIAN_POINT('',(2.477677711872,13.915075949987));
#998 = CARTESIAN_POINT('',(2.485846826164,13.85795131234));
#999 = CARTESIAN_POINT('',(2.493915549633,13.796015137161));
#1000 = CARTESIAN_POINT('',(2.501865513948,13.729271658286));
#1001 = CARTESIAN_POINT('',(2.509672040467,13.6577607721));
#1002 = CARTESIAN_POINT('',(2.517356121459,13.581280236783));
#1003 = CARTESIAN_POINT('',(2.524912231381,13.499662328609));
#1004 = CARTESIAN_POINT('',(2.532338088423,13.41272890007));
#1005 = CARTESIAN_POINT('',(2.539626007976,13.320365350206));
#1006 = CARTESIAN_POINT('',(2.546786405883,13.222213315662));
#1007 = CARTESIAN_POINT('',(2.553762444825,13.118825936105));
#1008 = CARTESIAN_POINT('',(2.560495687148,13.010936238515));
#1009 = CARTESIAN_POINT('',(2.566994822038,12.898364742498));
#1010 = CARTESIAN_POINT('',(2.573250410897,12.781179245268));
#1011 = CARTESIAN_POINT('',(2.579258029724,12.659370940991));
#1012 = CARTESIAN_POINT('',(2.585010968412,12.532990158408));
#1013 = CARTESIAN_POINT('',(2.590510315163,12.401818716269));
#1014 = CARTESIAN_POINT('',(2.595747283532,12.265816825227));
#1015 = CARTESIAN_POINT('',(2.600723363871,12.124585739106));
#1016 = CARTESIAN_POINT('',(2.605425099467,11.97810696114));
#1017 = CARTESIAN_POINT('',(2.609796470606,11.827887225392));
#1018 = CARTESIAN_POINT('',(2.613804042016,11.674991276062));
#1019 = CARTESIAN_POINT('',(2.617456072334,11.519352735531));
#1020 = CARTESIAN_POINT('',(2.620747941864,11.3609710452));
#1021 = CARTESIAN_POINT('',(2.623678577408,11.199825856576));
#1022 = CARTESIAN_POINT('',(2.626245461906,11.035910161727));
#1023 = CARTESIAN_POINT('',(2.628448170216,10.869183380369));
#1024 = CARTESIAN_POINT('',(2.630278102706,10.699131427807));
#1025 = CARTESIAN_POINT('',(2.631715813502,10.527383008638));
#1026 = CARTESIAN_POINT('',(2.632743361243,10.355399720872));
#1027 = CARTESIAN_POINT('',(2.633368467302,10.183464366352));
#1028 = CARTESIAN_POINT('',(2.63359343292,10.011505863394));
#1029 = CARTESIAN_POINT('',(2.633421755231,9.839541190471));
#1030 = CARTESIAN_POINT('',(2.632850060494,9.667573789125));
#1031 = CARTESIAN_POINT('',(2.63187652941,9.495572664264));
#1032 = CARTESIAN_POINT('',(2.630492308116,9.323641929397));
#1033 = CARTESIAN_POINT('',(2.628712961018,9.153184371175));
#1034 = CARTESIAN_POINT('',(2.626555716968,8.985792690496));
#1035 = CARTESIAN_POINT('',(2.624028959216,8.82103490065));
#1036 = CARTESIAN_POINT('',(2.621132283863,8.658881106211));
#1037 = CARTESIAN_POINT('',(2.617866276978,8.49930705629));
#1038 = CARTESIAN_POINT('',(2.614234320459,8.342401319376));
#1039 = CARTESIAN_POINT('',(2.610227484651,8.18779554191));
#1040 = CARTESIAN_POINT('',(2.605883153675,8.036836239143));
#1041 = CARTESIAN_POINT('',(2.601243893154,7.890806521081));
#1042 = CARTESIAN_POINT('',(2.596305868402,7.749274887627));
#1043 = CARTESIAN_POINT('',(2.591077575447,7.612265855273));
#1044 = CARTESIAN_POINT('',(2.585564330577,7.479694484252));
#1045 = CARTESIAN_POINT('',(2.579771571995,7.351457643245));
#1046 = CARTESIAN_POINT('',(2.57370123293,7.22773117561));
#1047 = CARTESIAN_POINT('',(2.567380214815,7.10877666768));
#1048 = CARTESIAN_POINT('',(2.56083213219,6.994838403403));
#1049 = CARTESIAN_POINT('',(2.554078992534,6.88612512432));
#1050 = CARTESIAN_POINT('',(2.547152206658,6.783005043987));
#1051 = CARTESIAN_POINT('',(2.540046804199,6.685244030302));
#1052 = CARTESIAN_POINT('',(2.532749923237,6.592405394223));
#1053 = CARTESIAN_POINT('',(2.525285095643,6.504655298903));
#1054 = CARTESIAN_POINT('',(2.517665903242,6.421998662604));
#1055 = CARTESIAN_POINT('',(2.509909058232,6.344482530953));
#1056 = CARTESIAN_POINT('',(2.502028373032,6.272146685013));
#1057 = CARTESIAN_POINT('',(2.494063718299,6.205091834326));
#1058 = CARTESIAN_POINT('',(2.486012611297,6.143140263274));
#1059 = CARTESIAN_POINT('',(2.477878351545,6.08615620799));
#1060 = CARTESIAN_POINT('',(2.469661910767,6.033994751415));
#1061 = CARTESIAN_POINT('',(2.461367595111,5.986505637516));
#1062 = CARTESIAN_POINT('',(2.452988497814,5.943569119344));
#1063 = CARTESIAN_POINT('',(2.444535643222,5.905152142422));
#1064 = CARTESIAN_POINT('',(2.436031008421,5.871189686262));
#1065 = CARTESIAN_POINT('',(2.427494015764,5.841627168607));
#1066 = CARTESIAN_POINT('',(2.418943322675,5.816400220286));
#1067 = CARTESIAN_POINT('',(2.410403083394,5.79547318156));
#1068 = CARTESIAN_POINT('',(2.401857250457,5.778588307266));
#1069 = CARTESIAN_POINT('',(2.393305900058,5.765649724737));
#1070 = CARTESIAN_POINT('',(2.384748472319,5.756546194701));
#1071 = CARTESIAN_POINT('',(2.376184574579,5.751170596767));
#1072 = CARTESIAN_POINT('',(2.370470701488,5.75));
#1073 = CARTESIAN_POINT('',(2.367612541655,5.75));
#1074 = ( GEOMETRIC_REPRESENTATION_CONTEXT(2) 
PARAMETRIC_REPRESENTATION_CONTEXT() REPRESENTATION_CONTEXT('2D SPACE',''
  ) );
#1075 = ADVANCED_FACE('',(#1076,#1101),#123,.F.);
#1076 = FACE_BOUND('',#1077,.T.);
#1077 = EDGE_LOOP('',(#1078,#1100));
#1078 = ORIENTED_EDGE('',*,*,#1079,.T.);
#1079 = EDGE_CURVE('',#22,#86,#1080,.T.);
#1080 = SURFACE_CURVE('',#1081,(#1086,#1093),.PCURVE_S1.);
#1081 = CIRCLE('',#1082,1.6);
#1082 = AXIS2_PLACEMENT_3D('',#1083,#1084,#1085);
#1083 = CARTESIAN_POINT('',(10.,20.,-6.5));
#1084 = DIRECTION('',(0.,-1.,0.));
#1085 = DIRECTION('',(0.,0.,-1.));
#1086 = PCURVE('',#123,#1087);
#1087 = DEFINITIONAL_REPRESENTATION('',(#1088),#1092);
#1088 = CIRCLE('',#1089,1.6);
#1089 = AXIS2_PLACEMENT_2D('',#1090,#1091);
#1090 = CARTESIAN_POINT('',(10.5,10.));
#1091 = DIRECTION('',(1.,0.));
#1092 = ( GEOMETRIC_REPRESENTATION_CONTEXT(2) 
PARAMETRIC_REPRESENTATION_CONTEXT() REPRESENTATION_CONTEXT('2D SPACE',''
  ) );
#1093 = PCURVE('',#44,#1094);
#1094 = DEFINITIONAL_REPRESENTATION('',(#1095),#1099);
#1095 = LINE('',#1096,#1097);
#1096 = CARTESIAN_POINT('',(0.,12.5));
#1097 = VECTOR('',#1098,1.);
#1098 = DIRECTION('',(1.,0.));
#1099 = ( GEOMETRIC_REPRESENTATION_CONTEXT(2) 
PARAMETRIC_REPRESENTATION_CONTEXT() REPRESENTATION_CONTEXT('2D SPACE',''
  ) );
#1100 = ORIENTED_EDGE('',*,*,#108,.T.);
#1101 = FACE_BOUND('',#1102,.T.);
#1102 = EDGE_LOOP('',(#1103,#1128,#1156,#1184));
#1103 = ORIENTED_EDGE('',*,*,#1104,.T.);
#1104 = EDGE_CURVE('',#1105,#1107,#1109,.T.);
#1105 = VERTEX_POINT('',#1106);
#1106 = CARTESIAN_POINT('',(-1.,20.,5.5));
#1107 = VERTEX_POINT('',#1108);
#1108 = CARTESIAN_POINT('',(20.,20.,5.5));
#1109 = SURFACE_CURVE('',#1110,(#1114,#1121),.PCURVE_S1.);
#1110 = LINE('',#1111,#1112);
#1111 = CARTESIAN_POINT('',(-1.,20.,5.5));
#1112 = VECTOR('',#1113,1.);
#1113 = DIRECTION('',(1.,-0.,-0.));
#1114 = PCURVE('',#123,#1115);
#1115 = DEFINITIONAL_REPRESENTATION('',(#1116),#1120);
#1116 = LINE('',#1117,#1118);
#1117 = CARTESIAN_POINT('',(-1.5,-1.));
#1118 = VECTOR('',#1119,1.);
#1119 = DIRECTION('',(0.,1.));
#1120 = ( GEOMETRIC_REPRESENTATION_CONTEXT(2) 
PARAMETRIC_REPRESENTATION_CONTEXT() REPRESENTATION_CONTEXT('2D SPACE',''
  ) );
#1121 = PCURVE('',#633,#1122);
#1122 = DEFINITIONAL_REPRESENTATION('',(#1123),#1127);
#1123 = LINE('',#1124,#1125);
#1124 = CARTESIAN_POINT('',(-1.,20.));
#1125 = VECTOR('',#1126,1.);
#1126 = DIRECTION('',(1.,-0.));
#1127 = ( GEOMETRIC_REPRESENTATION_CONTEXT(2) 
PARAMETRIC_REPRESENTATION_CONTEXT() REPRESENTATION_CONTEXT('2D SPACE',''
  ) );
#1128 = ORIENTED_EDGE('',*,*,#1129,.T.);
#1129 = EDGE_CURVE('',#1107,#1130,#1132,.T.);
#1130 = VERTEX_POINT('',#1131);
#1131 = CARTESIAN_POINT('',(20.,20.,-21.));
#1132 = SURFACE_CURVE('',#1133,(#1137,#1144),.PCURVE_S1.);
#1133 = LINE('',#1134,#1135);
#1134 = CARTESIAN_POINT('',(20.,20.,4.));
#1135 = VECTOR('',#1136,1.);
#1136 = DIRECTION('',(-0.,-0.,-1.));
#1137 = PCURVE('',#123,#1138);
#1138 = DEFINITIONAL_REPRESENTATION('',(#1139),#1143);
#1139 = LINE('',#1140,#1141);
#1140 = CARTESIAN_POINT('',(0.,20.));
#1141 = VECTOR('',#1142,1.);
#1142 = DIRECTION('',(1.,0.));
#1143 = ( GEOMETRIC_REPRESENTATION_CONTEXT(2) 
PARAMETRIC_REPRESENTATION_CONTEXT() REPRESENTATION_CONTEXT('2D SPACE',''
  ) );
#1144 = PCURVE('',#1145,#1150);
#1145 = PLANE('',#1146);
#1146 = AXIS2_PLACEMENT_3D('',#1147,#1148,#1149);
#1147 = CARTESIAN_POINT('',(20.,0.,4.));
#1148 = DIRECTION('',(-1.,0.,0.));
#1149 = DIRECTION('',(0.,0.,1.));
#1150 = DEFINITIONAL_REPRESENTATION('',(#1151),#1155);
#1151 = LINE('',#1152,#1153);
#1152 = CARTESIAN_POINT('',(0.,20.));
#1153 = VECTOR('',#1154,1.);
#1154 = DIRECTION('',(-1.,0.));
#1155 = ( GEOMETRIC_REPRESENTATION_CONTEXT(2) 
PARAMETRIC_REPRESENTATION_CONTEXT() REPRESENTATION_CONTEXT('2D SPACE',''
  ) );
#1156 = ORIENTED_EDGE('',*,*,#1157,.F.);
#1157 = EDGE_CURVE('',#1158,#1130,#1160,.T.);
#1158 = VERTEX_POINT('',#1159);
#1159 = CARTESIAN_POINT('',(-1.,20.,-21.));
#1160 = SURFACE_CURVE('',#1161,(#1165,#1172),.PCURVE_S1.);
#1161 = LINE('',#1162,#1163);
#1162 = CARTESIAN_POINT('',(0.,20.,-21.));
#1163 = VECTOR('',#1164,1.);
#1164 = DIRECTION('',(1.,0.,0.));
#1165 = PCURVE('',#123,#1166);
#1166 = DEFINITIONAL_REPRESENTATION('',(#1167),#1171);
#1167 = LINE('',#1168,#1169);
#1168 = CARTESIAN_POINT('',(25.,0.));
#1169 = VECTOR('',#1170,1.);
#1170 = DIRECTION('',(0.,1.));
#1171 = ( GEOMETRIC_REPRESENTATION_CONTEXT(2) 
PARAMETRIC_REPRESENTATION_CONTEXT() REPRESENTATION_CONTEXT('2D SPACE',''
  ) );
#1172 = PCURVE('',#1173,#1178);
#1173 = PLANE('',#1174);
#1174 = AXIS2_PLACEMENT_3D('',#1175,#1176,#1177);
#1175 = CARTESIAN_POINT('',(0.,0.,-21.));
#1176 = DIRECTION('',(-0.,0.,-1.));
#1177 = DIRECTION('',(-1.,0.,0.));
#1178 = DEFINITIONAL_REPRESENTATION('',(#1179),#1183);
#1179 = LINE('',#1180,#1181);
#1180 = CARTESIAN_POINT('',(0.,20.));
#1181 = VECTOR('',#1182,1.);
#1182 = DIRECTION('',(-1.,0.));
#1183 = ( GEOMETRIC_REPRESENTATION_CONTEXT(2) 
PARAMETRIC_REPRESENTATION_CONTEXT() REPRESENTATION_CONTEXT('2D SPACE',''
  ) );
#1184 = ORIENTED_EDGE('',*,*,#1185,.F.);
#1185 = EDGE_CURVE('',#1105,#1158,#1186,.T.);
#1186 = SURFACE_CURVE('',#1187,(#1191,#1198),.PCURVE_S1.);
#1187 = LINE('',#1188,#1189);
#1188 = CARTESIAN_POINT('',(-1.,20.,-21.));
#1189 = VECTOR('',#1190,1.);
#1190 = DIRECTION('',(-0.,-0.,-1.));
#1191 = PCURVE('',#123,#1192);
#1192 = DEFINITIONAL_REPRESENTATION('',(#1193),#1197);
#1193 = LINE('',#1194,#1195);
#1194 = CARTESIAN_POINT('',(25.,-1.));
#1195 = VECTOR('',#1196,1.);
#1196 = DIRECTION('',(1.,0.));
#1197 = ( GEOMETRIC_REPRESENTATION_CONTEXT(2) 
PARAMETRIC_REPRESENTATION_CONTEXT() REPRESENTATION_CONTEXT('2D SPACE',''
  ) );
#1198 = PCURVE('',#1199,#1204);
#1199 = PLANE('',#1200);
#1200 = AXIS2_PLACEMENT_3D('',#1201,#1202,#1203);
#1201 = CARTESIAN_POINT('',(-1.,-3.979741641483,-20.10004225676));
#1202 = DIRECTION('',(-1.,0.,0.));
#1203 = DIRECTION('',(0.,0.,1.));
#1204 = DEFINITIONAL_REPRESENTATION('',(#1205),#1209);
#1205 = LINE('',#1206,#1207);
#1206 = CARTESIAN_POINT('',(-0.899957743233,23.979741641483));
#1207 = VECTOR('',#1208,1.);
#1208 = DIRECTION('',(-1.,0.));
#1209 = ( GEOMETRIC_REPRESENTATION_CONTEXT(2) 
PARAMETRIC_REPRESENTATION_CONTEXT() REPRESENTATION_CONTEXT('2D SPACE',''
  ) );
#1210 = ADVANCED_FACE('',(#1211),#1225,.F.);
#1211 = FACE_BOUND('',#1212,.T.);
#1212 = EDGE_LOOP('',(#1213,#1243,#1266,#1289));
#1213 = ORIENTED_EDGE('',*,*,#1214,.T.);
#1214 = EDGE_CURVE('',#1215,#1217,#1219,.T.);
#1215 = VERTEX_POINT('',#1216);
#1216 = CARTESIAN_POINT('',(-1.,0.,-0.5));
#1217 = VERTEX_POINT('',#1218);
#1218 = CARTESIAN_POINT('',(20.,0.,-0.5));
#1219 = SURFACE_CURVE('',#1220,(#1224,#1236),.PCURVE_S1.);
#1220 = LINE('',#1221,#1222);
#1221 = CARTESIAN_POINT('',(0.,0.,-0.5));
#1222 = VECTOR('',#1223,1.);
#1223 = DIRECTION('',(1.,-0.,-0.));
#1224 = PCURVE('',#1225,#1230);
#1225 = PLANE('',#1226);
#1226 = AXIS2_PLACEMENT_3D('',#1227,#1228,#1229);
#1227 = CARTESIAN_POINT('',(0.,0.,4.));
#1228 = DIRECTION('',(0.,1.,0.));
#1229 = DIRECTION('',(0.,-0.,1.));
#1230 = DEFINITIONAL_REPRESENTATION('',(#1231),#1235);
#1231 = LINE('',#1232,#1233);
#1232 = CARTESIAN_POINT('',(-4.5,0.));
#1233 = VECTOR('',#1234,1.);
#1234 = DIRECTION('',(0.,1.));
#1235 = ( GEOMETRIC_REPRESENTATION_CONTEXT(2) 
PARAMETRIC_REPRESENTATION_CONTEXT() REPRESENTATION_CONTEXT('2D SPACE',''
  ) );
#1236 = PCURVE('',#976,#1237);
#1237 = DEFINITIONAL_REPRESENTATION('',(#1238),#1242);
#1238 = LINE('',#1239,#1240);
#1239 = CARTESIAN_POINT('',(2.941268428956,0.));
#1240 = VECTOR('',#1241,1.);
#1241 = DIRECTION('',(0.,1.));
#1242 = ( GEOMETRIC_REPRESENTATION_CONTEXT(2) 
PARAMETRIC_REPRESENTATION_CONTEXT() REPRESENTATION_CONTEXT('2D SPACE',''
  ) );
#1243 = ORIENTED_EDGE('',*,*,#1244,.F.);
#1244 = EDGE_CURVE('',#1245,#1217,#1247,.T.);
#1245 = VERTEX_POINT('',#1246);
#1246 = CARTESIAN_POINT('',(20.,0.,5.5));
#1247 = SURFACE_CURVE('',#1248,(#1252,#1259),.PCURVE_S1.);
#1248 = LINE('',#1249,#1250);
#1249 = CARTESIAN_POINT('',(20.,0.,4.));
#1250 = VECTOR('',#1251,1.);
#1251 = DIRECTION('',(-0.,-0.,-1.));
#1252 = PCURVE('',#1225,#1253);
#1253 = DEFINITIONAL_REPRESENTATION('',(#1254),#1258);
#1254 = LINE('',#1255,#1256);
#1255 = CARTESIAN_POINT('',(0.,20.));
#1256 = VECTOR('',#1257,1.);
#1257 = DIRECTION('',(-1.,0.));
#1258 = ( GEOMETRIC_REPRESENTATION_CONTEXT(2) 
PARAMETRIC_REPRESENTATION_CONTEXT() REPRESENTATION_CONTEXT('2D SPACE',''
  ) );
#1259 = PCURVE('',#1145,#1260);
#1260 = DEFINITIONAL_REPRESENTATION('',(#1261),#1265);
#1261 = LINE('',#1262,#1263);
#1262 = CARTESIAN_POINT('',(0.,0.));
#1263 = VECTOR('',#1264,1.);
#1264 = DIRECTION('',(-1.,0.));
#1265 = ( GEOMETRIC_REPRESENTATION_CONTEXT(2) 
PARAMETRIC_REPRESENTATION_CONTEXT() REPRESENTATION_CONTEXT('2D SPACE',''
  ) );
#1266 = ORIENTED_EDGE('',*,*,#1267,.F.);
#1267 = EDGE_CURVE('',#1268,#1245,#1270,.T.);
#1268 = VERTEX_POINT('',#1269);
#1269 = CARTESIAN_POINT('',(-1.,0.,5.5));
#1270 = SURFACE_CURVE('',#1271,(#1275,#1282),.PCURVE_S1.);
#1271 = LINE('',#1272,#1273);
#1272 = CARTESIAN_POINT('',(0.,0.,5.5));
#1273 = VECTOR('',#1274,1.);
#1274 = DIRECTION('',(1.,0.,0.));
#1275 = PCURVE('',#1225,#1276);
#1276 = DEFINITIONAL_REPRESENTATION('',(#1277),#1281);
#1277 = LINE('',#1278,#1279);
#1278 = CARTESIAN_POINT('',(1.5,0.));
#1279 = VECTOR('',#1280,1.);
#1280 = DIRECTION('',(0.,1.));
#1281 = ( GEOMETRIC_REPRESENTATION_CONTEXT(2) 
PARAMETRIC_REPRESENTATION_CONTEXT() REPRESENTATION_CONTEXT('2D SPACE',''
  ) );
#1282 = PCURVE('',#633,#1283);
#1283 = DEFINITIONAL_REPRESENTATION('',(#1284),#1288);
#1284 = LINE('',#1285,#1286);
#1285 = CARTESIAN_POINT('',(0.,0.));
#1286 = VECTOR('',#1287,1.);
#1287 = DIRECTION('',(1.,0.));
#1288 = ( GEOMETRIC_REPRESENTATION_CONTEXT(2) 
PARAMETRIC_REPRESENTATION_CONTEXT() REPRESENTATION_CONTEXT('2D SPACE',''
  ) );
#1289 = ORIENTED_EDGE('',*,*,#1290,.F.);
#1290 = EDGE_CURVE('',#1215,#1268,#1291,.T.);
#1291 = SURFACE_CURVE('',#1292,(#1296,#1303),.PCURVE_S1.);
#1292 = LINE('',#1293,#1294);
#1293 = CARTESIAN_POINT('',(-1.,0.,-0.5));
#1294 = VECTOR('',#1295,1.);
#1295 = DIRECTION('',(0.,0.,1.));
#1296 = PCURVE('',#1225,#1297);
#1297 = DEFINITIONAL_REPRESENTATION('',(#1298),#1302);
#1298 = LINE('',#1299,#1300);
#1299 = CARTESIAN_POINT('',(-4.5,-1.));
#1300 = VECTOR('',#1301,1.);
#1301 = DIRECTION('',(1.,0.));
#1302 = ( GEOMETRIC_REPRESENTATION_CONTEXT(2) 
PARAMETRIC_REPRESENTATION_CONTEXT() REPRESENTATION_CONTEXT('2D SPACE',''
  ) );
#1303 = PCURVE('',#1199,#1304);
#1304 = DEFINITIONAL_REPRESENTATION('',(#1305),#1309);
#1305 = LINE('',#1306,#1307);
#1306 = CARTESIAN_POINT('',(19.600042256767,3.979741641483));
#1307 = VECTOR('',#1308,1.);
#1308 = DIRECTION('',(1.,0.));
#1309 = ( GEOMETRIC_REPRESENTATION_CONTEXT(2) 
PARAMETRIC_REPRESENTATION_CONTEXT() REPRESENTATION_CONTEXT('2D SPACE',''
  ) );
#1310 = ADVANCED_FACE('',(#1311),#1145,.F.);
#1311 = FACE_BOUND('',#1312,.T.);
#1312 = EDGE_LOOP('',(#1313,#1314,#1335,#1336,#1360,#1393));
#1313 = ORIENTED_EDGE('',*,*,#1129,.F.);
#1314 = ORIENTED_EDGE('',*,*,#1315,.F.);
#1315 = EDGE_CURVE('',#1245,#1107,#1316,.T.);
#1316 = SURFACE_CURVE('',#1317,(#1321,#1328),.PCURVE_S1.);
#1317 = LINE('',#1318,#1319);
#1318 = CARTESIAN_POINT('',(20.,0.,5.5));
#1319 = VECTOR('',#1320,1.);
#1320 = DIRECTION('',(0.,1.,0.));
#1321 = PCURVE('',#1145,#1322);
#1322 = DEFINITIONAL_REPRESENTATION('',(#1323),#1327);
#1323 = LINE('',#1324,#1325);
#1324 = CARTESIAN_POINT('',(1.5,0.));
#1325 = VECTOR('',#1326,1.);
#1326 = DIRECTION('',(0.,1.));
#1327 = ( GEOMETRIC_REPRESENTATION_CONTEXT(2) 
PARAMETRIC_REPRESENTATION_CONTEXT() REPRESENTATION_CONTEXT('2D SPACE',''
  ) );
#1328 = PCURVE('',#633,#1329);
#1329 = DEFINITIONAL_REPRESENTATION('',(#1330),#1334);
#1330 = LINE('',#1331,#1332);
#1331 = CARTESIAN_POINT('',(20.,0.));
#1332 = VECTOR('',#1333,1.);
#1333 = DIRECTION('',(0.,1.));
#1334 = ( GEOMETRIC_REPRESENTATION_CONTEXT(2) 
PARAMETRIC_REPRESENTATION_CONTEXT() REPRESENTATION_CONTEXT('2D SPACE',''
  ) );
#1335 = ORIENTED_EDGE('',*,*,#1244,.T.);
#1336 = ORIENTED_EDGE('',*,*,#1337,.T.);
#1337 = EDGE_CURVE('',#1217,#1338,#1340,.T.);
#1338 = VERTEX_POINT('',#1339);
#1339 = CARTESIAN_POINT('',(20.,15.852711735465,-17.51667370946));
#1340 = SURFACE_CURVE('',#1341,(#1346,#1353),.PCURVE_S1.);
#1341 = CIRCLE('',#1342,20.);
#1342 = AXIS2_PLACEMENT_3D('',#1343,#1344,#1345);
#1343 = CARTESIAN_POINT('',(20.,-3.979741641483,-20.10004225676));
#1344 = DIRECTION('',(-1.,0.,-0.));
#1345 = DIRECTION('',(0.,8.673617379884E-16,-1.));
#1346 = PCURVE('',#1145,#1347);
#1347 = DEFINITIONAL_REPRESENTATION('',(#1348),#1352);
#1348 = CIRCLE('',#1349,20.);
#1349 = AXIS2_PLACEMENT_2D('',#1350,#1351);
#1350 = CARTESIAN_POINT('',(-24.10004225676,-3.979741641483));
#1351 = DIRECTION('',(-1.,8.673617379884E-16));
#1352 = ( GEOMETRIC_REPRESENTATION_CONTEXT(2) 
PARAMETRIC_REPRESENTATION_CONTEXT() REPRESENTATION_CONTEXT('2D SPACE',''
  ) );
#1353 = PCURVE('',#976,#1354);
#1354 = DEFINITIONAL_REPRESENTATION('',(#1355),#1359);
#1355 = LINE('',#1356,#1357);
#1356 = CARTESIAN_POINT('',(6.28318530718,20.));
#1357 = VECTOR('',#1358,1.);
#1358 = DIRECTION('',(-1.,0.));
#1359 = ( GEOMETRIC_REPRESENTATION_CONTEXT(2) 
PARAMETRIC_REPRESENTATION_CONTEXT() REPRESENTATION_CONTEXT('2D SPACE',''
  ) );
#1360 = ORIENTED_EDGE('',*,*,#1361,.T.);
#1361 = EDGE_CURVE('',#1338,#1362,#1364,.T.);
#1362 = VERTEX_POINT('',#1363);
#1363 = CARTESIAN_POINT('',(20.,19.819202410854,-21.));
#1364 = SURFACE_CURVE('',#1365,(#1370,#1381),.PCURVE_S1.);
#1365 = CIRCLE('',#1366,4.);
#1366 = AXIS2_PLACEMENT_3D('',#1367,#1368,#1369);
#1367 = CARTESIAN_POINT('',(20.,19.819202410854,-17.));
#1368 = DIRECTION('',(1.,0.,-0.));
#1369 = DIRECTION('',(0.,1.734723475977E-15,1.));
#1370 = PCURVE('',#1145,#1371);
#1371 = DEFINITIONAL_REPRESENTATION('',(#1372),#1380);
#1372 = ( BOUNDED_CURVE() B_SPLINE_CURVE(2,(#1373,#1374,#1375,#1376,
#1377,#1378,#1379),.UNSPECIFIED.,.T.,.F.) B_SPLINE_CURVE_WITH_KNOTS((1,2
    ,2,2,2,1),(-2.094395102393,0.,2.094395102393,4.188790204786,
6.28318530718,8.377580409573),.UNSPECIFIED.) CURVE() 
GEOMETRIC_REPRESENTATION_ITEM() RATIONAL_B_SPLINE_CURVE((1.,0.5,1.,0.5,
1.,0.5,1.)) REPRESENTATION_ITEM('') );
#1373 = CARTESIAN_POINT('',(-17.,19.819202410854));
#1374 = CARTESIAN_POINT('',(-17.,12.890999180579));
#1375 = CARTESIAN_POINT('',(-23.,16.355100795716));
#1376 = CARTESIAN_POINT('',(-29.,19.819202410854));
#1377 = CARTESIAN_POINT('',(-23.,23.283304025992));
#1378 = CARTESIAN_POINT('',(-17.,26.74740564113));
#1379 = CARTESIAN_POINT('',(-17.,19.819202410854));
#1380 = ( GEOMETRIC_REPRESENTATION_CONTEXT(2) 
PARAMETRIC_REPRESENTATION_CONTEXT() REPRESENTATION_CONTEXT('2D SPACE',''
  ) );
#1381 = PCURVE('',#1382,#1387);
#1382 = CYLINDRICAL_SURFACE('',#1383,4.);
#1383 = AXIS2_PLACEMENT_3D('',#1384,#1385,#1386);
#1384 = CARTESIAN_POINT('',(0.,19.819202410854,-17.));
#1385 = DIRECTION('',(1.,-0.,-0.));
#1386 = DIRECTION('',(0.,0.,-1.));
#1387 = DEFINITIONAL_REPRESENTATION('',(#1388),#1392);
#1388 = LINE('',#1389,#1390);
#1389 = CARTESIAN_POINT('',(3.14159265359,20.));
#1390 = VECTOR('',#1391,1.);
#1391 = DIRECTION('',(1.,0.));
#1392 = ( GEOMETRIC_REPRESENTATION_CONTEXT(2) 
PARAMETRIC_REPRESENTATION_CONTEXT() REPRESENTATION_CONTEXT('2D SPACE',''
  ) );
#1393 = ORIENTED_EDGE('',*,*,#1394,.F.);
#1394 = EDGE_CURVE('',#1130,#1362,#1395,.T.);
#1395 = SURFACE_CURVE('',#1396,(#1400,#1407),.PCURVE_S1.);
#1396 = LINE('',#1397,#1398);
#1397 = CARTESIAN_POINT('',(20.,20.,-21.));
#1398 = VECTOR('',#1399,1.);
#1399 = DIRECTION('',(0.,-1.,0.));
#1400 = PCURVE('',#1145,#1401);
#1401 = DEFINITIONAL_REPRESENTATION('',(#1402),#1406);
#1402 = LINE('',#1403,#1404);
#1403 = CARTESIAN_POINT('',(-25.,20.));
#1404 = VECTOR('',#1405,1.);
#1405 = DIRECTION('',(0.,-1.));
#1406 = ( GEOMETRIC_REPRESENTATION_CONTEXT(2) 
PARAMETRIC_REPRESENTATION_CONTEXT() REPRESENTATION_CONTEXT('2D SPACE',''
  ) );
#1407 = PCURVE('',#1173,#1408);
#1408 = DEFINITIONAL_REPRESENTATION('',(#1409),#1413);
#1409 = LINE('',#1410,#1411);
#1410 = CARTESIAN_POINT('',(-20.,20.));
#1411 = VECTOR('',#1412,1.);
#1412 = DIRECTION('',(0.,-1.));
#1413 = ( GEOMETRIC_REPRESENTATION_CONTEXT(2) 
PARAMETRIC_REPRESENTATION_CONTEXT() REPRESENTATION_CONTEXT('2D SPACE',''
  ) );
#1414 = ADVANCED_FACE('',(#1415,#1675),#284,.F.);
#1415 = FACE_BOUND('',#1416,.F.);
#1416 = EDGE_LOOP('',(#1417,#1439,#1440,#1674));
#1417 = ORIENTED_EDGE('',*,*,#1418,.T.);
#1418 = EDGE_CURVE('',#794,#766,#1419,.T.);
#1419 = SURFACE_CURVE('',#1420,(#1425,#1432),.PCURVE_S1.);
#1420 = CIRCLE('',#1421,4.25);
#1421 = AXIS2_PLACEMENT_3D('',#1422,#1423,#1424);
#1422 = CARTESIAN_POINT('',(10.,10.,-1.));
#1423 = DIRECTION('',(0.,0.,-1.));
#1424 = DIRECTION('',(-1.,0.,0.));
#1425 = PCURVE('',#284,#1426);
#1426 = DEFINITIONAL_REPRESENTATION('',(#1427),#1431);
#1427 = LINE('',#1428,#1429);
#1428 = CARTESIAN_POINT('',(3.14159265359,20.));
#1429 = VECTOR('',#1430,1.);
#1430 = DIRECTION('',(-1.,0.));
#1431 = ( GEOMETRIC_REPRESENTATION_CONTEXT(2) 
PARAMETRIC_REPRESENTATION_CONTEXT() REPRESENTATION_CONTEXT('2D SPACE',''
  ) );
#1432 = PCURVE('',#512,#1433);
#1433 = DEFINITIONAL_REPRESENTATION('',(#1434),#1438);
#1434 = CIRCLE('',#1435,4.25);
#1435 = AXIS2_PLACEMENT_2D('',#1436,#1437);
#1436 = CARTESIAN_POINT('',(-10.,10.));
#1437 = DIRECTION('',(1.,0.));
#1438 = ( GEOMETRIC_REPRESENTATION_CONTEXT(2) 
PARAMETRIC_REPRESENTATION_CONTEXT() REPRESENTATION_CONTEXT('2D SPACE',''
  ) );
#1439 = ORIENTED_EDGE('',*,*,#763,.F.);
#1440 = ORIENTED_EDGE('',*,*,#1441,.F.);
#1441 = EDGE_CURVE('',#818,#764,#1442,.T.);
#1442 = SURFACE_CURVE('',#1443,(#1484,#1579),.PCURVE_S1.);
#1443 = B_SPLINE_CURVE_WITH_KNOTS('',3,(#1444,#1445,#1446,#1447,#1448,
    #1449,#1450,#1451,#1452,#1453,#1454,#1455,#1456,#1457,#1458,#1459,
    #1460,#1461,#1462,#1463,#1464,#1465,#1466,#1467,#1468,#1469,#1470,
    #1471,#1472,#1473,#1474,#1475,#1476,#1477,#1478,#1479,#1480,#1481,
    #1482,#1483),.UNSPECIFIED.,.F.,.F.,(4,2,2,2,2,2,2,2,2,2,2,2,2,2,2,2,
    2,2,2,4),(1.506974948932E-02,1.62142227122E-02,1.735869593509E-02,
    1.850316915797E-02,1.964764238085E-02,2.079211560373E-02,
    2.193658882661E-02,2.250882543806E-02,2.30810620495E-02,
    2.365329866094E-02,2.422553527238E-02,2.479777188382E-02,
    2.537000849526E-02,2.59422451067E-02,2.651448171814E-02,
    2.765895494102E-02,2.880342816391E-02,2.994790138679E-02,
    3.109237460967E-02,3.338132105543E-02),.UNSPECIFIED.);
#1444 = CARTESIAN_POINT('',(5.75,10.,-5.797356367837));
#1445 = CARTESIAN_POINT('',(5.75,10.273203601038,-6.064391230219));
#1446 = CARTESIAN_POINT('',(5.77644809764,10.54101324928,-6.341648106124
    ));
#1447 = CARTESIAN_POINT('',(5.874825028147,11.055470255112,
    -6.905795956711));
#1448 = CARTESIAN_POINT('',(5.946029963779,11.300197963776,
    -7.190343326537));
#1449 = CARTESIAN_POINT('',(6.126736366431,11.76720588061,
    -7.764300505823));
#1450 = CARTESIAN_POINT('',(6.236256331866,11.989471976171,
    -8.053715268669));
#1451 = CARTESIAN_POINT('',(6.492650521203,12.412936960837,
    -8.636628031002));
#1452 = CARTESIAN_POINT('',(6.640486270935,12.615145458986,
    -8.931798087758));
#1453 = CARTESIAN_POINT('',(6.971150432185,12.991887124036,
    -9.513079862326));
#1454 = CARTESIAN_POINT('',(7.153835954333,13.166985012027,
    -9.799830362614));
#1455 = CARTESIAN_POINT('',(7.56218629493,13.491061182595,-10.3596290891
    ));
#1456 = CARTESIAN_POINT('',(7.789120272054,13.641140727655,
    -10.63496495318));
#1457 = CARTESIAN_POINT('',(8.173771886283,13.840343685033,-11.018998544
    ));
#1458 = CARTESIAN_POINT('',(8.308983463119,13.902198224651,
    -11.14166073736));
#1459 = CARTESIAN_POINT('',(8.598718764577,14.01535786845,
    -11.37119545717));
#1460 = CARTESIAN_POINT('',(8.752766677244,14.066356645057,
    -11.4774858244));
#1461 = CARTESIAN_POINT('',(9.078353493266,14.152278295444,
    -11.65966336695));
#1462 = CARTESIAN_POINT('',(9.251898956603,14.187809095957,
    -11.73681036589));
#1463 = CARTESIAN_POINT('',(9.622238803722,14.237298275304,
    -11.84516466056));
#1464 = CARTESIAN_POINT('',(9.812491760039,14.250351302957,
    -11.87424673313));
#1465 = CARTESIAN_POINT('',(10.203108759692,14.249634380783,
    -11.87265806747));
#1466 = CARTESIAN_POINT('',(10.392777846959,14.235924665317,
    -11.84212329507));
#1467 = CARTESIAN_POINT('',(10.762581388376,14.185188386847,
    -11.73110913214));
#1468 = CARTESIAN_POINT('',(10.935662580329,14.149163915606,
    -11.65295740795));
#1469 = CARTESIAN_POINT('',(11.261968283348,14.061829848063,
    -11.46799977954));
#1470 = CARTESIAN_POINT('',(11.416554666982,14.009951216152,
    -11.36005725105));
#1471 = CARTESIAN_POINT('',(11.703774050645,13.896599782479,
    -11.13049353311));
#1472 = CARTESIAN_POINT('',(11.837760812626,13.834795380891,
    -11.00812772579));
#1473 = CARTESIAN_POINT('',(12.218828486303,13.636121810294,
    -10.6256604042));
#1474 = CARTESIAN_POINT('',(12.44641315873,13.485048103509,
    -10.3488259084));
#1475 = CARTESIAN_POINT('',(12.854117036421,13.159828091747,
    -9.787901331183));
#1476 = CARTESIAN_POINT('',(13.035667529962,12.984829502595,
    -9.501840463072));
#1477 = CARTESIAN_POINT('',(13.363413284452,12.609968503641,
    -8.924172149113));
#1478 = CARTESIAN_POINT('',(13.509432201406,12.410086551808,
    -8.632470458988));
#1479 = CARTESIAN_POINT('',(13.76710492638,11.983318440673,
    -8.045483618795));
#1480 = CARTESIAN_POINT('',(13.876782426213,11.759431739562,
    -7.754395903806));
#1481 = CARTESIAN_POINT('',(14.146171506478,11.059211944959,
    -6.894886998736));
#1482 = CARTESIAN_POINT('',(14.25,10.552257124058,-6.337143927597));
#1483 = CARTESIAN_POINT('',(14.25,10.,-5.797356367837));
#1484 = PCURVE('',#284,#1485);
#1485 = DEFINITIONAL_REPRESENTATION('',(#1486),#1578);
#1486 = B_SPLINE_CURVE_WITH_KNOTS('',3,(#1487,#1488,#1489,#1490,#1491,
    #1492,#1493,#1494,#1495,#1496,#1497,#1498,#1499,#1500,#1501,#1502,
    #1503,#1504,#1505,#1506,#1507,#1508,#1509,#1510,#1511,#1512,#1513,
    #1514,#1515,#1516,#1517,#1518,#1519,#1520,#1521,#1522,#1523,#1524,
    #1525,#1526,#1527,#1528,#1529,#1530,#1531,#1532,#1533,#1534,#1535,
    #1536,#1537,#1538,#1539,#1540,#1541,#1542,#1543,#1544,#1545,#1546,
    #1547,#1548,#1549,#1550,#1551,#1552,#1553,#1554,#1555,#1556,#1557,
    #1558,#1559,#1560,#1561,#1562,#1563,#1564,#1565,#1566,#1567,#1568,
    #1569,#1570,#1571,#1572,#1573,#1574,#1575,#1576,#1577),
  .UNSPECIFIED.,.F.,.F.,(4,1,1,1,1,1,1,1,1,1,1,1,1,1,1,1,1,1,1,1,1,1,1,1
    ,1,1,1,1,1,1,1,1,1,1,1,1,1,1,1,1,1,1,1,1,1,1,1,1,1,1,1,1,1,1,1,1,1,1
    ,1,1,1,1,1,1,1,1,1,1,1,1,1,1,1,1,1,1,1,1,1,1,1,1,1,1,1,1,1,1,4),(
    1.506974948932E-02,1.527783552985E-02,1.548592157037E-02,
    1.569400761089E-02,1.590209365142E-02,1.611017969194E-02,
    1.631826573247E-02,1.652635177299E-02,1.673443781351E-02,
    1.694252385404E-02,1.715060989456E-02,1.735869593509E-02,
    1.756678197561E-02,1.777486801613E-02,1.798295405666E-02,
    1.819104009718E-02,1.839912613771E-02,1.860721217823E-02,
    1.881529821875E-02,1.902338425928E-02,1.92314702998E-02,
    1.943955634033E-02,1.964764238085E-02,1.985572842137E-02,
    2.00638144619E-02,2.027190050242E-02,2.047998654295E-02,
    2.068807258347E-02,2.089615862399E-02,2.110424466452E-02,
    2.131233070504E-02,2.152041674557E-02,2.172850278609E-02,
    2.193658882661E-02,2.214467486714E-02,2.235276090766E-02,
    2.256084694819E-02,2.276893298871E-02,2.297701902923E-02,
    2.318510506976E-02,2.339319111028E-02,2.360127715081E-02,
    2.380936319133E-02,2.401744923185E-02,2.422553527238E-02,
    2.44336213129E-02,2.464170735343E-02,2.484979339395E-02,
    2.505787943447E-02,2.5265965475E-02,2.547405151552E-02,
    2.568213755605E-02,2.589022359657E-02,2.609830963709E-02,
    2.630639567762E-02,2.651448171814E-02,2.672256775867E-02,
    2.693065379919E-02,2.713873983971E-02,2.734682588024E-02,
    2.755491192076E-02,2.776299796129E-02,2.797108400181E-02,
    2.817917004233E-02,2.838725608286E-02,2.859534212338E-02,
    2.880342816391E-02,2.901151420443E-02,2.921960024495E-02,
    2.942768628548E-02,2.9635772326E-02,2.984385836653E-02,
    3.005194440705E-02,3.026003044757E-02,3.04681164881E-02,
    3.067620252862E-02,3.088428856915E-02,3.109237460967E-02,
    3.130046065019E-02,3.150854669072E-02,3.171663273124E-02,
    3.192471877177E-02,3.213280481229E-02,3.234089085281E-02,
    3.254897689334E-02,3.275706293386E-02,3.296514897439E-02,
    3.317323501491E-02,3.338132105543E-02),.QUASI_UNIFORM_KNOTS.);
#1487 = CARTESIAN_POINT('',(3.14159265359,15.202643632163));
#1488 = CARTESIAN_POINT('',(3.129904988227,15.154091839003));
#1489 = CARTESIAN_POINT('',(3.106612848086,15.056312442133));
#1490 = CARTESIAN_POINT('',(3.071928316655,14.907810609498));
#1491 = CARTESIAN_POINT('',(3.037500884028,14.757671635857));
#1492 = CARTESIAN_POINT('',(3.003336374737,14.606087960504));
#1493 = CARTESIAN_POINT('',(2.969444078691,14.453263748851));
#1494 = CARTESIAN_POINT('',(2.935827831272,14.299359418867));
#1495 = CARTESIAN_POINT('',(2.902583060037,14.145023112977));
#1496 = CARTESIAN_POINT('',(2.869651548082,13.990182983828));
#1497 = CARTESIAN_POINT('',(2.83699716862,13.834860225004));
#1498 = CARTESIAN_POINT('',(2.804579959943,13.679051046046));
#1499 = CARTESIAN_POINT('',(2.772363275523,13.522758551735));
#1500 = CARTESIAN_POINT('',(2.74031265553,13.365983249935));
#1501 = CARTESIAN_POINT('',(2.708391981367,13.208738899585));
#1502 = CARTESIAN_POINT('',(2.676564600192,13.051039676731));
#1503 = CARTESIAN_POINT('',(2.644794498597,12.892900491513));
#1504 = CARTESIAN_POINT('',(2.613045037767,12.734332900581));
#1505 = CARTESIAN_POINT('',(2.581284241105,12.575361140452));
#1506 = CARTESIAN_POINT('',(2.549423895426,12.415748725095));
#1507 = CARTESIAN_POINT('',(2.517483816851,12.255859421883));
#1508 = CARTESIAN_POINT('',(2.485469115025,12.09597410814));
#1509 = CARTESIAN_POINT('',(2.453387579317,11.936389082987));
#1510 = CARTESIAN_POINT('',(2.42124862752,11.777421848405));
#1511 = CARTESIAN_POINT('',(2.38904885625,11.619289673142));
#1512 = CARTESIAN_POINT('',(2.35672114353,11.46201896527));
#1513 = CARTESIAN_POINT('',(2.324208097626,11.305737853697));
#1514 = CARTESIAN_POINT('',(2.291447875325,11.150548057854));
#1515 = CARTESIAN_POINT('',(2.258375418264,10.996555214242));
#1516 = CARTESIAN_POINT('',(2.224934656343,10.843875700567));
#1517 = CARTESIAN_POINT('',(2.190974333907,10.692291847364));
#1518 = CARTESIAN_POINT('',(2.156447080049,10.542432207261));
#1519 = CARTESIAN_POINT('',(2.121285543321,10.39479836395));
#1520 = CARTESIAN_POINT('',(2.085425395458,10.249947009039));
#1521 = CARTESIAN_POINT('',(2.048779866185,10.108341371415));
#1522 = CARTESIAN_POINT('',(2.011322398082,9.97076342293));
#1523 = CARTESIAN_POINT('',(1.972923432235,9.838255380609));
#1524 = CARTESIAN_POINT('',(1.933328628607,9.711309955908));
#1525 = CARTESIAN_POINT('',(1.892494521747,9.591426431746));
#1526 = CARTESIAN_POINT('',(1.850463705991,9.480725287843));
#1527 = CARTESIAN_POINT('',(1.807277699997,9.381136616453));
#1528 = CARTESIAN_POINT('',(1.762445452046,9.293793477556));
#1529 = CARTESIAN_POINT('',(1.715855177312,9.221369833835));
#1530 = CARTESIAN_POINT('',(1.667558381189,9.166831926696));
#1531 = CARTESIAN_POINT('',(1.61883156933,9.133597153172));
#1532 = CARTESIAN_POINT('',(1.568952840746,9.122597135205));
#1533 = CARTESIAN_POINT('',(1.519122890697,9.135299904187));
#1534 = CARTESIAN_POINT('',(1.470489329308,9.170099648689));
#1535 = CARTESIAN_POINT('',(1.422248078088,9.226129254434));
#1536 = CARTESIAN_POINT('',(1.375713208175,9.299846951542));
#1537 = CARTESIAN_POINT('',(1.330890007588,9.388463294201));
#1538 = CARTESIAN_POINT('',(1.287555549503,9.489595539172));
#1539 = CARTESIAN_POINT('',(1.24539279484,9.601831450891));
#1540 = CARTESIAN_POINT('',(1.204611481545,9.722597251053));
#1541 = CARTESIAN_POINT('',(1.165355684572,9.849358631068));
#1542 = CARTESIAN_POINT('',(1.12723049295,9.98164467563));
#1543 = CARTESIAN_POINT('',(1.090085259322,10.11866100825));
#1544 = CARTESIAN_POINT('',(1.053669493109,10.259879579775));
#1545 = CARTESIAN_POINT('',(1.017897463106,10.404811131856));
#1546 = CARTESIAN_POINT('',(0.982746052105,10.552755047993));
#1547 = CARTESIAN_POINT('',(0.948181973755,10.703058796552));
#1548 = CARTESIAN_POINT('',(0.914175929197,10.855088864587));
#1549 = CARTESIAN_POINT('',(0.880719766259,11.008087579538));
#1550 = CARTESIAN_POINT('',(0.847680288352,11.162137499392));
#1551 = CARTESIAN_POINT('',(0.814995505437,11.317147319737));
#1552 = CARTESIAN_POINT('',(0.782599346885,11.473012106599));
#1553 = CARTESIAN_POINT('',(0.750429051086,11.629631567677));
#1554 = CARTESIAN_POINT('',(0.718422542754,11.786900473539));
#1555 = CARTESIAN_POINT('',(0.686524579336,11.94472870161));
#1556 = CARTESIAN_POINT('',(0.654695823016,12.103089810211));
#1557 = CARTESIAN_POINT('',(0.622892825754,12.261939895062));
#1558 = CARTESIAN_POINT('',(0.591071004282,12.421248234108));
#1559 = CARTESIAN_POINT('',(0.559192809815,12.580948838999));
#1560 = CARTESIAN_POINT('',(0.527193891152,12.741103604333));
#1561 = CARTESIAN_POINT('',(0.495240246638,12.900668774113));
#1562 = CARTESIAN_POINT('',(0.463292041089,13.059658867279));
#1563 = CARTESIAN_POINT('',(0.431331829507,13.217968627423));
#1564 = CARTESIAN_POINT('',(0.399333928634,13.375533063143));
#1565 = CARTESIAN_POINT('',(0.367282363915,13.532245898367));
#1566 = CARTESIAN_POINT('',(0.33513029146,13.688125730695));
#1567 = CARTESIAN_POINT('',(0.302828241498,13.843256997341));
#1568 = CARTESIAN_POINT('',(0.270354288398,13.997601682866));
#1569 = CARTESIAN_POINT('',(0.237675564205,14.151154582923));
#1570 = CARTESIAN_POINT('',(0.20475877207,14.303901701458));
#1571 = CARTESIAN_POINT('',(0.171567595748,14.455831398146));
#1572 = CARTESIAN_POINT('',(0.138063648122,14.606931401448));
#1573 = CARTESIAN_POINT('',(0.104206515086,14.757189608959));
#1574 = CARTESIAN_POINT('',(6.995405809038E-02,14.906593872953));
#1575 = CARTESIAN_POINT('',(3.526280461952E-02,15.055132057851));
#1576 = CARTESIAN_POINT('',(1.181292964401E-02,15.153572035821));
#1577 = CARTESIAN_POINT('',(0.,15.202643632163));
#1578 = ( GEOMETRIC_REPRESENTATION_CONTEXT(2) 
PARAMETRIC_REPRESENTATION_CONTEXT() REPRESENTATION_CONTEXT('2D SPACE',''
  ) );
#1579 = PCURVE('',#976,#1580);
#1580 = DEFINITIONAL_REPRESENTATION('',(#1581),#1673);
#1581 = B_SPLINE_CURVE_WITH_KNOTS('',3,(#1582,#1583,#1584,#1585,#1586,
    #1587,#1588,#1589,#1590,#1591,#1592,#1593,#1594,#1595,#1596,#1597,
    #1598,#1599,#1600,#1601,#1602,#1603,#1604,#1605,#1606,#1607,#1608,
    #1609,#1610,#1611,#1612,#1613,#1614,#1615,#1616,#1617,#1618,#1619,
    #1620,#1621,#1622,#1623,#1624,#1625,#1626,#1627,#1628,#1629,#1630,
    #1631,#1632,#1633,#1634,#1635,#1636,#1637,#1638,#1639,#1640,#1641,
    #1642,#1643,#1644,#1645,#1646,#1647,#1648,#1649,#1650,#1651,#1652,
    #1653,#1654,#1655,#1656,#1657,#1658,#1659,#1660,#1661,#1662,#1663,
    #1664,#1665,#1666,#1667,#1668,#1669,#1670,#1671,#1672),
  .UNSPECIFIED.,.F.,.F.,(4,1,1,1,1,1,1,1,1,1,1,1,1,1,1,1,1,1,1,1,1,1,1,1
    ,1,1,1,1,1,1,1,1,1,1,1,1,1,1,1,1,1,1,1,1,1,1,1,1,1,1,1,1,1,1,1,1,1,1
    ,1,1,1,1,1,1,1,1,1,1,1,1,1,1,1,1,1,1,1,1,1,1,1,1,1,1,1,1,1,1,4),(
    1.506974948932E-02,1.527783552985E-02,1.548592157037E-02,
    1.569400761089E-02,1.590209365142E-02,1.611017969194E-02,
    1.631826573247E-02,1.652635177299E-02,1.673443781351E-02,
    1.694252385404E-02,1.715060989456E-02,1.735869593509E-02,
    1.756678197561E-02,1.777486801613E-02,1.798295405666E-02,
    1.819104009718E-02,1.839912613771E-02,1.860721217823E-02,
    1.881529821875E-02,1.902338425928E-02,1.92314702998E-02,
    1.943955634033E-02,1.964764238085E-02,1.985572842137E-02,
    2.00638144619E-02,2.027190050242E-02,2.047998654295E-02,
    2.068807258347E-02,2.089615862399E-02,2.110424466452E-02,
    2.131233070504E-02,2.152041674557E-02,2.172850278609E-02,
    2.193658882661E-02,2.214467486714E-02,2.235276090766E-02,
    2.256084694819E-02,2.276893298871E-02,2.297701902923E-02,
    2.318510506976E-02,2.339319111028E-02,2.360127715081E-02,
    2.380936319133E-02,2.401744923185E-02,2.422553527238E-02,
    2.44336213129E-02,2.464170735343E-02,2.484979339395E-02,
    2.505787943447E-02,2.5265965475E-02,2.547405151552E-02,
    2.568213755605E-02,2.589022359657E-02,2.609830963709E-02,
    2.630639567762E-02,2.651448171814E-02,2.672256775867E-02,
    2.693065379919E-02,2.713873983971E-02,2.734682588024E-02,
    2.755491192076E-02,2.776299796129E-02,2.797108400181E-02,
    2.817917004233E-02,2.838725608286E-02,2.859534212338E-02,
    2.880342816391E-02,2.901151420443E-02,2.921960024495E-02,
    2.942768628548E-02,2.9635772326E-02,2.984385836653E-02,
    3.005194440705E-02,3.026003044757E-02,3.04681164881E-02,
    3.067620252862E-02,3.088428856915E-02,3.109237460967E-02,
    3.130046065019E-02,3.150854669072E-02,3.171663273124E-02,
    3.192471877177E-02,3.213280481229E-02,3.234089085281E-02,
    3.254897689334E-02,3.275706293386E-02,3.296514897439E-02,
    3.317323501491E-02,3.338132105543E-02),.QUASI_UNIFORM_KNOTS.);
#1582 = CARTESIAN_POINT('',(2.367612541655,5.75));
#1583 = CARTESIAN_POINT('',(2.36413953278,5.75));
#1584 = CARTESIAN_POINT('',(2.357182640656,5.751748624665));
#1585 = CARTESIAN_POINT('',(2.346727037824,5.759483812387));
#1586 = CARTESIAN_POINT('',(2.336263574908,5.772197271536));
#1587 = CARTESIAN_POINT('',(2.32580449515,5.78975626891));
#1588 = CARTESIAN_POINT('',(2.315362709737,5.812023442944));
#1589 = CARTESIAN_POINT('',(2.304948603743,5.838878699442));
#1590 = CARTESIAN_POINT('',(2.294602532824,5.870033600382));
#1591 = CARTESIAN_POINT('',(2.28431692896,5.905404422913));
#1592 = CARTESIAN_POINT('',(2.274090576807,5.944882406492));
#1593 = CARTESIAN_POINT('',(2.263920606932,5.988365697845));
#1594 = CARTESIAN_POINT('',(2.253804631221,6.035749852319));
#1595 = CARTESIAN_POINT('',(2.243740220989,6.086933883509));
#1596 = CARTESIAN_POINT('',(2.233726158469,6.141902349338));
#1597 = CARTESIAN_POINT('',(2.22376118938,6.200637286671));
#1598 = CARTESIAN_POINT('',(2.213844151675,6.263120043592));
#1599 = CARTESIAN_POINT('',(2.203973719446,6.329337244357));
#1600 = CARTESIAN_POINT('',(2.194149303387,6.399255097321));
#1601 = CARTESIAN_POINT('',(2.184355324596,6.47305178503));
#1602 = CARTESIAN_POINT('',(2.174611351625,6.550621840454));
#1603 = CARTESIAN_POINT('',(2.164932171286,6.631895882967));
#1604 = CARTESIAN_POINT('',(2.155333460863,6.71679334887));
#1605 = CARTESIAN_POINT('',(2.145832370508,6.805242320339));
#1606 = CARTESIAN_POINT('',(2.136439431224,6.897147479133));
#1607 = CARTESIAN_POINT('',(2.127152789659,6.992639861075));
#1608 = CARTESIAN_POINT('',(2.11797737443,7.091874179537));
#1609 = CARTESIAN_POINT('',(2.1089164214,7.19499553207));
#1610 = CARTESIAN_POINT('',(2.099973511857,7.302163801954));
#1611 = CARTESIAN_POINT('',(2.091152874727,7.41348934538));
#1612 = CARTESIAN_POINT('',(2.082440210293,7.529466386563));
#1613 = CARTESIAN_POINT('',(2.073868045652,7.650317340626));
#1614 = CARTESIAN_POINT('',(2.065462011403,7.776294122307));
#1615 = CARTESIAN_POINT('',(2.057250835451,7.907625401442));
#1616 = CARTESIAN_POINT('',(2.049258217299,8.044603327872));
#1617 = CARTESIAN_POINT('',(2.041525222027,8.187289376311));
#1618 = CARTESIAN_POINT('',(2.034105648316,8.336222817358));
#1619 = CARTESIAN_POINT('',(2.027023266345,8.492361573123));
#1620 = CARTESIAN_POINT('',(2.020357801719,8.655857427897));
#1621 = CARTESIAN_POINT('',(2.014221575417,8.826492662153));
#1622 = CARTESIAN_POINT('',(2.008716777509,9.003973618951));
#1623 = CARTESIAN_POINT('',(2.003900585349,9.190181178644));
#1624 = CARTESIAN_POINT('',(1.999915268253,9.385428175749));
#1625 = CARTESIAN_POINT('',(1.996918834809,9.589239395715));
#1626 = CARTESIAN_POINT('',(1.995094817782,9.795845547649));
#1627 = CARTESIAN_POINT('',(1.994492000192,10.007838024891));
#1628 = CARTESIAN_POINT('',(1.995188228796,10.219603911983));
#1629 = CARTESIAN_POINT('',(1.997098243937,10.425759664255));
#1630 = CARTESIAN_POINT('',(2.000176941651,10.629246701639));
#1631 = CARTESIAN_POINT('',(2.004234009865,10.824147865879));
#1632 = CARTESIAN_POINT('',(2.009121249873,11.01017763019));
#1633 = CARTESIAN_POINT('',(2.014712553539,11.188103404809));
#1634 = CARTESIAN_POINT('',(2.020935542363,11.359071805819));
#1635 = CARTESIAN_POINT('',(2.027651989792,11.522142857235));
#1636 = CARTESIAN_POINT('',(2.034726341446,11.676723209298));
#1637 = CARTESIAN_POINT('',(2.042135796227,11.824383500534));
#1638 = CARTESIAN_POINT('',(2.04983957178,11.965679620542));
#1639 = CARTESIAN_POINT('',(2.057812808206,12.10159824041));
#1640 = CARTESIAN_POINT('',(2.066031166467,12.232401332353));
#1641 = CARTESIAN_POINT('',(2.074457551425,12.358144139922));
#1642 = CARTESIAN_POINT('',(2.083057888066,12.478933934894));
#1643 = CARTESIAN_POINT('',(2.091799126579,12.594876604797));
#1644 = CARTESIAN_POINT('',(2.100641590855,12.706031545936));
#1645 = CARTESIAN_POINT('',(2.109591401398,12.812866970171));
#1646 = CARTESIAN_POINT('',(2.118645541389,12.915523505327));
#1647 = CARTESIAN_POINT('',(2.127800256192,13.0141752976));
#1648 = CARTESIAN_POINT('',(2.137052097052,13.108985632323));
#1649 = CARTESIAN_POINT('',(2.146397423313,13.200127719898));
#1650 = CARTESIAN_POINT('',(2.155833369276,13.287745931329));
#1651 = CARTESIAN_POINT('',(2.165360786521,13.371842601492));
#1652 = CARTESIAN_POINT('',(2.174979709365,13.452446902484));
#1653 = CARTESIAN_POINT('',(2.18469098985,13.529585088938));
#1654 = CARTESIAN_POINT('',(2.194493334296,13.603268248116));
#1655 = CARTESIAN_POINT('',(2.204393522163,13.673571054235));
#1656 = CARTESIAN_POINT('',(2.214329652553,13.74002872223));
#1657 = CARTESIAN_POINT('',(2.224304085975,13.802656236861));
#1658 = CARTESIAN_POINT('',(2.234312007519,13.861414445109));
#1659 = CARTESIAN_POINT('',(2.244351037679,13.91628868894));
#1660 = CARTESIAN_POINT('',(2.254416344256,13.967220468159));
#1661 = CARTESIAN_POINT('',(2.264510605597,14.014302156231));
#1662 = CARTESIAN_POINT('',(2.274640897603,14.057525399381));
#1663 = CARTESIAN_POINT('',(2.284806987745,14.096732026991));
#1664 = CARTESIAN_POINT('',(2.295010639536,14.131804011744));
#1665 = CARTESIAN_POINT('',(2.305253118277,14.162612569958));
#1666 = CARTESIAN_POINT('',(2.31553585819,14.189031800111));
#1667 = CARTESIAN_POINT('',(2.325860282466,14.210935028408));
#1668 = CARTESIAN_POINT('',(2.336227849992,14.228195787984));
#1669 = CARTESIAN_POINT('',(2.346640042129,14.240687556527));
#1670 = CARTESIAN_POINT('',(2.357098362305,14.248283826585));
#1671 = CARTESIAN_POINT('',(2.36410235006,14.25));
#1672 = CARTESIAN_POINT('',(2.367612541655,14.25));
#1673 = ( GEOMETRIC_REPRESENTATION_CONTEXT(2) 
PARAMETRIC_REPRESENTATION_CONTEXT() REPRESENTATION_CONTEXT('2D SPACE',''
  ) );
#1674 = ORIENTED_EDGE('',*,*,#817,.T.);
#1675 = FACE_BOUND('',#1676,.F.);
#1676 = EDGE_LOOP('',(#1677,#1678));
#1677 = ORIENTED_EDGE('',*,*,#173,.T.);
#1678 = ORIENTED_EDGE('',*,*,#1679,.T.);
#1679 = EDGE_CURVE('',#141,#174,#1680,.T.);
#1680 = SURFACE_CURVE('',#1681,(#1716,#1789),.PCURVE_S1.);
#1681 = B_SPLINE_CURVE_WITH_KNOTS('',3,(#1682,#1683,#1684,#1685,#1686,
    #1687,#1688,#1689,#1690,#1691,#1692,#1693,#1694,#1695,#1696,#1697,
    #1698,#1699,#1700,#1701,#1702,#1703,#1704,#1705,#1706,#1707,#1708,
    #1709,#1710,#1711,#1712,#1713,#1714,#1715),.UNSPECIFIED.,.F.,.F.,(4,
    2,2,2,2,2,2,2,2,2,2,2,2,2,2,2,4),(1.734723475977E-18,
    6.098684547151E-04,1.21973690943E-03,1.829605364145E-03,
    2.43947381886E-03,3.049342273576E-03,3.659210728291E-03,
    4.269079183006E-03,4.878947637721E-03,5.488816092436E-03,
    6.098684547151E-03,6.708553001866E-03,7.318421456581E-03,
    7.928289911296E-03,8.538158366011E-03,9.148026820727E-03,
    9.757895275442E-03),.UNSPECIFIED.);
#1682 = CARTESIAN_POINT('',(10.,14.25,-9.5));
#1683 = CARTESIAN_POINT('',(10.206616969095,14.25,-9.5));
#1684 = CARTESIAN_POINT('',(10.408532640769,14.235026713289,
    -9.47889277206));
#1685 = CARTESIAN_POINT('',(10.803701755314,14.178087321892,
    -9.397372008305));
#1686 = CARTESIAN_POINT('',(10.998171847059,14.135427006952,
    -9.335934133776));
#1687 = CARTESIAN_POINT('',(11.36072679964,14.030697972167,
    -9.180912535709));
#1688 = CARTESIAN_POINT('',(11.532021190328,13.968094875499,
    -9.086577370015));
#1689 = CARTESIAN_POINT('',(11.851731391555,13.829354609083,
    -8.868240332444));
#1690 = CARTESIAN_POINT('',(11.997358381443,13.754563356584,
    -8.746405755419));
#1691 = CARTESIAN_POINT('',(12.263696738483,13.600258821072,
    -8.477740225125));
#1692 = CARTESIAN_POINT('',(12.38489167517,13.520183213636,
    -8.329747389403));
#1693 = CARTESIAN_POINT('',(12.595572920275,13.367847884836,
    -8.016141493019));
#1694 = CARTESIAN_POINT('',(12.686229718132,13.294932023541,
    -7.84970842048));
#1695 = CARTESIAN_POINT('',(12.837533986757,13.165565986097,
    -7.492947024213));
#1696 = CARTESIAN_POINT('',(12.897810070016,13.109393706804,
    -7.30176720387));
#1697 = CARTESIAN_POINT('',(12.978685919619,13.032006368407,
    -6.909345872519));
#1698 = CARTESIAN_POINT('',(13.000116555047,13.010282492298,
    -6.702379423593));
#1699 = CARTESIAN_POINT('',(12.999882458295,13.010515780347,
    -6.29417966239));
#1700 = CARTESIAN_POINT('',(12.978808649317,13.031898341803,
    -6.090640916278));
#1701 = CARTESIAN_POINT('',(12.896946862435,13.110210185904,
    -5.694658640762));
#1702 = CARTESIAN_POINT('',(12.837749320301,13.165375570811,
    -5.507626617436));
#1703 = CARTESIAN_POINT('',(12.686324788793,13.294857028503,
    -5.150449977064));
#1704 = CARTESIAN_POINT('',(12.593596264619,13.36937316723,
    -4.980499564607));
#1705 = CARTESIAN_POINT('',(12.38270475932,13.521666530751,
    -4.667422256242));
#1706 = CARTESIAN_POINT('',(12.263776263806,13.600227171169,
    -4.522302065886));
#1707 = CARTESIAN_POINT('',(11.996683423792,13.754939941164,
    -4.252951403213));
#1708 = CARTESIAN_POINT('',(11.849077761394,13.830532817171,
    -4.129895702832));
#1709 = CARTESIAN_POINT('',(11.533564343369,13.967398472029,
    -3.914528408224));
#1710 = CARTESIAN_POINT('',(11.364456277913,14.029498431445,
    -3.820879702355));
#1711 = CARTESIAN_POINT('',(10.999454621847,14.135177021872,
    -3.664419466413));
#1712 = CARTESIAN_POINT('',(10.806863077621,14.177487224147,
    -3.603491612462));
#1713 = CARTESIAN_POINT('',(10.411351230985,14.234763003842,
    -3.521480396259));
#1714 = CARTESIAN_POINT('',(10.204054361566,14.25,-3.5));
#1715 = CARTESIAN_POINT('',(10.,14.25,-3.5));
#1716 = PCURVE('',#284,#1717);
#1717 = DEFINITIONAL_REPRESENTATION('',(#1718),#1788);
#1718 = B_SPLINE_CURVE_WITH_KNOTS('',3,(#1719,#1720,#1721,#1722,#1723,
    #1724,#1725,#1726,#1727,#1728,#1729,#1730,#1731,#1732,#1733,#1734,
    #1735,#1736,#1737,#1738,#1739,#1740,#1741,#1742,#1743,#1744,#1745,
    #1746,#1747,#1748,#1749,#1750,#1751,#1752,#1753,#1754,#1755,#1756,
    #1757,#1758,#1759,#1760,#1761,#1762,#1763,#1764,#1765,#1766,#1767,
    #1768,#1769,#1770,#1771,#1772,#1773,#1774,#1775,#1776,#1777,#1778,
    #1779,#1780,#1781,#1782,#1783,#1784,#1785,#1786,#1787),
  .UNSPECIFIED.,.F.,.F.,(4,1,1,1,1,1,1,1,1,1,1,1,1,1,1,1,1,1,1,1,1,1,1,1
    ,1,1,1,1,1,1,1,1,1,1,1,1,1,1,1,1,1,1,1,1,1,1,1,1,1,1,1,1,1,1,1,1,1,1
    ,1,1,1,1,1,1,1,1,4),(1.734723475977E-18,1.478468981128E-04,
    2.956937962255E-04,4.435406943383E-04,5.91387592451E-04,
    7.392344905638E-04,8.870813886765E-04,1.034928286789E-03,
    1.182775184902E-03,1.330622083015E-03,1.478468981128E-03,
    1.62631587924E-03,1.774162777353E-03,1.922009675466E-03,
    2.069856573579E-03,2.217703471691E-03,2.365550369804E-03,
    2.513397267917E-03,2.66124416603E-03,2.809091064142E-03,
    2.956937962255E-03,3.104784860368E-03,3.252631758481E-03,
    3.400478656593E-03,3.548325554706E-03,3.696172452819E-03,
    3.844019350932E-03,3.991866249044E-03,4.139713147157E-03,
    4.28756004527E-03,4.435406943383E-03,4.583253841495E-03,
    4.731100739608E-03,4.878947637721E-03,5.026794535834E-03,
    5.174641433946E-03,5.322488332059E-03,5.470335230172E-03,
    5.618182128285E-03,5.766029026397E-03,5.91387592451E-03,
    6.061722822623E-03,6.209569720736E-03,6.357416618848E-03,
    6.505263516961E-03,6.653110415074E-03,6.800957313187E-03,
    6.948804211299E-03,7.096651109412E-03,7.244498007525E-03,
    7.392344905638E-03,7.54019180375E-03,7.688038701863E-03,
    7.835885599976E-03,7.983732498089E-03,8.131579396201E-03,
    8.279426294314E-03,8.427273192427E-03,8.57512009054E-03,
    8.722966988652E-03,8.870813886765E-03,9.018660784878E-03,
    9.166507682991E-03,9.314354581103E-03,9.462201479216E-03,
    9.610048377329E-03,9.757895275442E-03),.QUASI_UNIFORM_KNOTS.);
#1719 = CARTESIAN_POINT('',(1.570796326795,11.5));
#1720 = CARTESIAN_POINT('',(1.559010836429,11.5));
#1721 = CARTESIAN_POINT('',(1.535569176951,11.502481342529));
#1722 = CARTESIAN_POINT('',(1.500747800296,11.513519309886));
#1723 = CARTESIAN_POINT('',(1.466214535656,11.531760258864));
#1724 = CARTESIAN_POINT('',(1.431937905205,11.557038360234));
#1725 = CARTESIAN_POINT('',(1.397818962734,11.589384111826));
#1726 = CARTESIAN_POINT('',(1.363916174163,11.628744771249));
#1727 = CARTESIAN_POINT('',(1.330435260461,11.674641651535));
#1728 = CARTESIAN_POINT('',(1.297558293614,11.726698028349));
#1729 = CARTESIAN_POINT('',(1.26544072,11.784537814188));
#1730 = CARTESIAN_POINT('',(1.2338523605,11.848221803617));
#1731 = CARTESIAN_POINT('',(1.20286502348,11.917528843122));
#1732 = CARTESIAN_POINT('',(1.172484378693,11.992307757447));
#1733 = CARTESIAN_POINT('',(1.142747686831,12.072363215113));
#1734 = CARTESIAN_POINT('',(1.113937210243,12.156749003624));
#1735 = CARTESIAN_POINT('',(1.085967845576,12.245611349649));
#1736 = CARTESIAN_POINT('',(1.058830081902,12.338894832809));
#1737 = CARTESIAN_POINT('',(1.032491424833,12.436588807776));
#1738 = CARTESIAN_POINT('',(1.006933379421,12.538962420935));
#1739 = CARTESIAN_POINT('',(0.982299886985,12.64550656432));
#1740 = CARTESIAN_POINT('',(0.958704056818,12.755858296195));
#1741 = CARTESIAN_POINT('',(0.936304236991,12.869490959742));
#1742 = CARTESIAN_POINT('',(0.915076982593,12.986540887584));
#1743 = CARTESIAN_POINT('',(0.895067948259,13.107271780779));
#1744 = CARTESIAN_POINT('',(0.876342539345,13.231870407268));
#1745 = CARTESIAN_POINT('',(0.858947017937,13.36051463499));
#1746 = CARTESIAN_POINT('',(0.843010672683,13.493537691027));
#1747 = CARTESIAN_POINT('',(0.828735065442,13.630212484374));
#1748 = CARTESIAN_POINT('',(0.81629484474,13.770000221837));
#1749 = CARTESIAN_POINT('',(0.805897509616,13.911798836852));
#1750 = CARTESIAN_POINT('',(0.797653663023,14.056664708217));
#1751 = CARTESIAN_POINT('',(0.791633225953,14.204161383849));
#1752 = CARTESIAN_POINT('',(0.787947194577,14.352963393445));
#1753 = CARTESIAN_POINT('',(0.786709913568,14.501822199265));
#1754 = CARTESIAN_POINT('',(0.787983758336,14.650070551546));
#1755 = CARTESIAN_POINT('',(0.791661247808,14.797816142205));
#1756 = CARTESIAN_POINT('',(0.797683827346,14.944438488926));
#1757 = CARTESIAN_POINT('',(0.806003036433,15.089754278728));
#1758 = CARTESIAN_POINT('',(0.816483702776,15.232559695519));
#1759 = CARTESIAN_POINT('',(0.828844616434,15.37134250321));
#1760 = CARTESIAN_POINT('',(0.843017202111,15.506759473423));
#1761 = CARTESIAN_POINT('',(0.858876600123,15.638895205215));
#1762 = CARTESIAN_POINT('',(0.87633110163,15.768044679074));
#1763 = CARTESIAN_POINT('',(0.895271391762,15.893855089119));
#1764 = CARTESIAN_POINT('',(0.915519654431,16.015899501215));
#1765 = CARTESIAN_POINT('',(0.936921935802,16.133786857512));
#1766 = CARTESIAN_POINT('',(0.959304950366,16.247059827197));
#1767 = CARTESIAN_POINT('',(0.982708784632,16.356433918979));
#1768 = CARTESIAN_POINT('',(1.007119180842,16.461901322221));
#1769 = CARTESIAN_POINT('',(1.032527214552,16.563547744551));
#1770 = CARTESIAN_POINT('',(1.058947933828,16.661537525635));
#1771 = CARTESIAN_POINT('',(1.086256278812,16.755265775906));
#1772 = CARTESIAN_POINT('',(1.114346022791,16.844410988719));
#1773 = CARTESIAN_POINT('',(1.143129097899,16.928679287868));
#1774 = CARTESIAN_POINT('',(1.172478294114,17.007643076633));
#1775 = CARTESIAN_POINT('',(1.202484400601,17.081591597258));
#1776 = CARTESIAN_POINT('',(1.233210295203,17.150442725128));
#1777 = CARTESIAN_POINT('',(1.264679894374,17.214029137018));
#1778 = CARTESIAN_POINT('',(1.297020064775,17.272392581529));
#1779 = CARTESIAN_POINT('',(1.329953080564,17.324697526666));
#1780 = CARTESIAN_POINT('',(1.363334234355,17.370593327248));
#1781 = CARTESIAN_POINT('',(1.397126782603,17.40989803464));
#1782 = CARTESIAN_POINT('',(1.431178138897,17.442346306254));
#1783 = CARTESIAN_POINT('',(1.465725271977,17.4678443523));
#1784 = CARTESIAN_POINT('',(1.500679691572,17.486281352263));
#1785 = CARTESIAN_POINT('',(1.535787583377,17.497475062519));
#1786 = CARTESIAN_POINT('',(1.559157174919,17.5));
#1787 = CARTESIAN_POINT('',(1.570796326795,17.5));
#1788 = ( GEOMETRIC_REPRESENTATION_CONTEXT(2) 
PARAMETRIC_REPRESENTATION_CONTEXT() REPRESENTATION_CONTEXT('2D SPACE',''
  ) );
#1789 = PCURVE('',#161,#1790);
#1790 = DEFINITIONAL_REPRESENTATION('',(#1791),#1861);
#1791 = B_SPLINE_CURVE_WITH_KNOTS('',3,(#1792,#1793,#1794,#1795,#1796,
    #1797,#1798,#1799,#1800,#1801,#1802,#1803,#1804,#1805,#1806,#1807,
    #1808,#1809,#1810,#1811,#1812,#1813,#1814,#1815,#1816,#1817,#1818,
    #1819,#1820,#1821,#1822,#1823,#1824,#1825,#1826,#1827,#1828,#1829,
    #1830,#1831,#1832,#1833,#1834,#1835,#1836,#1837,#1838,#1839,#1840,
    #1841,#1842,#1843,#1844,#1845,#1846,#1847,#1848,#1849,#1850,#1851,
    #1852,#1853,#1854,#1855,#1856,#1857,#1858,#1859,#1860),
  .UNSPECIFIED.,.F.,.F.,(4,1,1,1,1,1,1,1,1,1,1,1,1,1,1,1,1,1,1,1,1,1,1,1
    ,1,1,1,1,1,1,1,1,1,1,1,1,1,1,1,1,1,1,1,1,1,1,1,1,1,1,1,1,1,1,1,1,1,1
    ,1,1,1,1,1,1,1,1,4),(1.734723475977E-18,1.478468981128E-04,
    2.956937962255E-04,4.435406943383E-04,5.91387592451E-04,
    7.392344905638E-04,8.870813886765E-04,1.034928286789E-03,
    1.182775184902E-03,1.330622083015E-03,1.478468981128E-03,
    1.62631587924E-03,1.774162777353E-03,1.922009675466E-03,
    2.069856573579E-03,2.217703471691E-03,2.365550369804E-03,
    2.513397267917E-03,2.66124416603E-03,2.809091064142E-03,
    2.956937962255E-03,3.104784860368E-03,3.252631758481E-03,
    3.400478656593E-03,3.548325554706E-03,3.696172452819E-03,
    3.844019350932E-03,3.991866249044E-03,4.139713147157E-03,
    4.28756004527E-03,4.435406943383E-03,4.583253841495E-03,
    4.731100739608E-03,4.878947637721E-03,5.026794535834E-03,
    5.174641433946E-03,5.322488332059E-03,5.470335230172E-03,
    5.618182128285E-03,5.766029026397E-03,5.91387592451E-03,
    6.061722822623E-03,6.209569720736E-03,6.357416618848E-03,
    6.505263516961E-03,6.653110415074E-03,6.800957313187E-03,
    6.948804211299E-03,7.096651109412E-03,7.244498007525E-03,
    7.392344905638E-03,7.54019180375E-03,7.688038701863E-03,
    7.835885599976E-03,7.983732498089E-03,8.131579396201E-03,
    8.279426294314E-03,8.427273192427E-03,8.57512009054E-03,
    8.722966988652E-03,8.870813886765E-03,9.018660784878E-03,
    9.166507682991E-03,9.314354581103E-03,9.462201479216E-03,
    9.610048377329E-03,9.757895275442E-03),.QUASI_UNIFORM_KNOTS.);
#1792 = CARTESIAN_POINT('',(0.,3.25));
#1793 = CARTESIAN_POINT('',(1.669611124332E-02,3.25));
#1794 = CARTESIAN_POINT('',(4.990509862097E-02,3.25176024272));
#1795 = CARTESIAN_POINT('',(9.929592604449E-02,3.259552412556));
#1796 = CARTESIAN_POINT('',(0.14840059177,3.272378164032));
#1797 = CARTESIAN_POINT('',(0.197322546829,3.290081829015));
#1798 = CARTESIAN_POINT('',(0.246263448936,3.312646817156));
#1799 = CARTESIAN_POINT('',(0.295207494076,3.339927577001));
#1800 = CARTESIAN_POINT('',(0.34391564884,3.371481639928));
#1801 = CARTESIAN_POINT('',(0.39218544066,3.406935336623));
#1802 = CARTESIAN_POINT('',(0.439853794326,3.445924740694));
#1803 = CARTESIAN_POINT('',(0.487315441133,3.488332730557));
#1804 = CARTESIAN_POINT('',(0.534539111195,3.533823072895));
#1805 = CARTESIAN_POINT('',(0.581590248752,3.582111251888));
#1806 = CARTESIAN_POINT('',(0.628488778544,3.632891018298));
#1807 = CARTESIAN_POINT('',(0.6748624835,3.685343761571));
#1808 = CARTESIAN_POINT('',(0.720938212785,3.73930360936));
#1809 = CARTESIAN_POINT('',(0.766826737471,3.794481067865));
#1810 = CARTESIAN_POINT('',(0.812669487894,3.850630464713));
#1811 = CARTESIAN_POINT('',(0.858652265611,3.907562880743));
#1812 = CARTESIAN_POINT('',(0.904655969899,3.964635314232));
#1813 = CARTESIAN_POINT('',(0.950621413488,4.021293953248));
#1814 = CARTESIAN_POINT('',(0.996417211088,4.076893298929));
#1815 = CARTESIAN_POINT('',(1.042223961296,4.131171358634));
#1816 = CARTESIAN_POINT('',(1.088213503725,4.183723453649));
#1817 = CARTESIAN_POINT('',(1.134532968186,4.234108046325));
#1818 = CARTESIAN_POINT('',(1.181338198498,4.281941202926));
#1819 = CARTESIAN_POINT('',(1.228801847295,4.326621734566));
#1820 = CARTESIAN_POINT('',(1.276752481611,4.367329692426));
#1821 = CARTESIAN_POINT('',(1.325090862725,4.403324879007));
#1822 = CARTESIAN_POINT('',(1.373531540513,4.433788434042));
#1823 = CARTESIAN_POINT('',(1.422529784271,4.458145491278));
#1824 = CARTESIAN_POINT('',(1.472058513449,4.476067395857));
#1825 = CARTESIAN_POINT('',(1.521784140773,4.487122918471));
#1826 = CARTESIAN_POINT('',(1.571403584692,4.490867447142));
#1827 = CARTESIAN_POINT('',(1.620820395437,4.487012475024));
#1828 = CARTESIAN_POINT('',(1.670192730201,4.475981219588));
#1829 = CARTESIAN_POINT('',(1.71943020076,4.458053567895));
#1830 = CARTESIAN_POINT('',(1.7685895935,4.433478078146));
#1831 = CARTESIAN_POINT('',(1.817377016254,4.402771954396));
#1832 = CARTESIAN_POINT('',(1.865368491897,4.367006211627));
#1833 = CARTESIAN_POINT('',(1.91288525049,4.326597192926));
#1834 = CARTESIAN_POINT('',(1.960043671321,4.282137219142));
#1835 = CARTESIAN_POINT('',(2.007028787761,4.234140707761));
#1836 = CARTESIAN_POINT('',(2.05381799753,4.183200359335));
#1837 = CARTESIAN_POINT('',(2.100323775295,4.130038662074));
#1838 = CARTESIAN_POINT('',(2.146475065917,4.075334932512));
#1839 = CARTESIAN_POINT('',(2.192167555595,4.019826898724));
#1840 = CARTESIAN_POINT('',(2.237739295665,3.963643618241));
#1841 = CARTESIAN_POINT('',(2.283299652704,3.907114404223));
#1842 = CARTESIAN_POINT('',(2.328985991118,3.85055258419));
#1843 = CARTESIAN_POINT('',(2.374969978963,3.794231308114));
#1844 = CARTESIAN_POINT('',(2.421123252039,3.738767325628));
#1845 = CARTESIAN_POINT('',(2.467383003992,3.684619721481));
#1846 = CARTESIAN_POINT('',(2.51370755882,3.632232178801));
#1847 = CARTESIAN_POINT('',(2.559988838285,3.582138752368));
#1848 = CARTESIAN_POINT('',(2.60647020423,3.534393231507));
#1849 = CARTESIAN_POINT('',(2.653308309575,3.489213846833));
#1850 = CARTESIAN_POINT('',(2.700604355865,3.44688525828));
#1851 = CARTESIAN_POINT('',(2.748613127189,3.407552255051));
#1852 = CARTESIAN_POINT('',(2.796975971893,3.371936830742));
#1853 = CARTESIAN_POINT('',(2.845545900964,3.340387972197));
#1854 = CARTESIAN_POINT('',(2.894333859133,3.313146886763));
#1855 = CARTESIAN_POINT('',(2.943183924432,3.290511907846));
#1856 = CARTESIAN_POINT('',(2.992492650145,3.272655939624));
#1857 = CARTESIAN_POINT('',(3.042197211539,3.259692814896));
#1858 = CARTESIAN_POINT('',(3.091996663482,3.251791058561));
#1859 = CARTESIAN_POINT('',(3.125104087566,3.25));
#1860 = CARTESIAN_POINT('',(3.14159265359,3.25));
#1861 = ( GEOMETRIC_REPRESENTATION_CONTEXT(2) 
PARAMETRIC_REPRESENTATION_CONTEXT() REPRESENTATION_CONTEXT('2D SPACE',''
  ) );
#1862 = ADVANCED_FACE('',(#1863,#1892),#579,.F.);
#1863 = FACE_BOUND('',#1864,.T.);
#1864 = EDGE_LOOP('',(#1865,#1866));
#1865 = ORIENTED_EDGE('',*,*,#734,.F.);
#1866 = ORIENTED_EDGE('',*,*,#1867,.F.);
#1867 = EDGE_CURVE('',#712,#649,#1868,.T.);
#1868 = SURFACE_CURVE('',#1869,(#1874,#1885),.PCURVE_S1.);
#1869 = CIRCLE('',#1870,8.);
#1870 = AXIS2_PLACEMENT_3D('',#1871,#1872,#1873);
#1871 = CARTESIAN_POINT('',(10.,10.,4.));
#1872 = DIRECTION('',(0.,0.,1.));
#1873 = DIRECTION('',(1.,0.,-0.));
#1874 = PCURVE('',#579,#1875);
#1875 = DEFINITIONAL_REPRESENTATION('',(#1876),#1884);
#1876 = ( BOUNDED_CURVE() B_SPLINE_CURVE(2,(#1877,#1878,#1879,#1880,
#1881,#1882,#1883),.UNSPECIFIED.,.T.,.F.) B_SPLINE_CURVE_WITH_KNOTS((1,2
    ,2,2,2,1),(-2.094395102393,0.,2.094395102393,4.188790204786,
6.28318530718,8.377580409573),.UNSPECIFIED.) CURVE() 
GEOMETRIC_REPRESENTATION_ITEM() RATIONAL_B_SPLINE_CURVE((1.,0.5,1.,0.5,
1.,0.5,1.)) REPRESENTATION_ITEM('') );
#1877 = CARTESIAN_POINT('',(-18.,10.));
#1878 = CARTESIAN_POINT('',(-18.,23.856406460551));
#1879 = CARTESIAN_POINT('',(-6.,16.928203230276));
#1880 = CARTESIAN_POINT('',(6.,10.));
#1881 = CARTESIAN_POINT('',(-6.,3.071796769724));
#1882 = CARTESIAN_POINT('',(-18.,-3.856406460551));
#1883 = CARTESIAN_POINT('',(-18.,10.));
#1884 = ( GEOMETRIC_REPRESENTATION_CONTEXT(2) 
PARAMETRIC_REPRESENTATION_CONTEXT() REPRESENTATION_CONTEXT('2D SPACE',''
  ) );
#1885 = PCURVE('',#671,#1886);
#1886 = DEFINITIONAL_REPRESENTATION('',(#1887),#1891);
#1887 = LINE('',#1888,#1889);
#1888 = CARTESIAN_POINT('',(3.14159265359,0.));
#1889 = VECTOR('',#1890,1.);
#1890 = DIRECTION('',(-1.,0.));
#1891 = ( GEOMETRIC_REPRESENTATION_CONTEXT(2) 
PARAMETRIC_REPRESENTATION_CONTEXT() REPRESENTATION_CONTEXT('2D SPACE',''
  ) );
#1892 = FACE_BOUND('',#1893,.T.);
#1893 = EDGE_LOOP('',(#1894,#1895));
#1894 = ORIENTED_EDGE('',*,*,#562,.T.);
#1895 = ORIENTED_EDGE('',*,*,#1896,.T.);
#1896 = EDGE_CURVE('',#563,#530,#1897,.T.);
#1897 = SURFACE_CURVE('',#1898,(#1903,#1914),.PCURVE_S1.);
#1898 = CIRCLE('',#1899,9.);
#1899 = AXIS2_PLACEMENT_3D('',#1900,#1901,#1902);
#1900 = CARTESIAN_POINT('',(10.,10.,4.));
#1901 = DIRECTION('',(0.,0.,1.));
#1902 = DIRECTION('',(1.,0.,-0.));
#1903 = PCURVE('',#579,#1904);
#1904 = DEFINITIONAL_REPRESENTATION('',(#1905),#1913);
#1905 = ( BOUNDED_CURVE() B_SPLINE_CURVE(2,(#1906,#1907,#1908,#1909,
#1910,#1911,#1912),.UNSPECIFIED.,.T.,.F.) B_SPLINE_CURVE_WITH_KNOTS((1,2
    ,2,2,2,1),(-2.094395102393,0.,2.094395102393,4.188790204786,
6.28318530718,8.377580409573),.UNSPECIFIED.) CURVE() 
GEOMETRIC_REPRESENTATION_ITEM() RATIONAL_B_SPLINE_CURVE((1.,0.5,1.,0.5,
1.,0.5,1.)) REPRESENTATION_ITEM('') );
#1906 = CARTESIAN_POINT('',(-19.,10.));
#1907 = CARTESIAN_POINT('',(-19.,25.58845726812));
#1908 = CARTESIAN_POINT('',(-5.5,17.79422863406));
#1909 = CARTESIAN_POINT('',(8.,10.));
#1910 = CARTESIAN_POINT('',(-5.5,2.20577136594));
#1911 = CARTESIAN_POINT('',(-19.,-5.58845726812));
#1912 = CARTESIAN_POINT('',(-19.,10.));
#1913 = ( GEOMETRIC_REPRESENTATION_CONTEXT(2) 
PARAMETRIC_REPRESENTATION_CONTEXT() REPRESENTATION_CONTEXT('2D SPACE',''
  ) );
#1914 = PCURVE('',#550,#1915);
#1915 = DEFINITIONAL_REPRESENTATION('',(#1916),#1920);
#1916 = LINE('',#1917,#1918);
#1917 = CARTESIAN_POINT('',(3.14159265359,1.5));
#1918 = VECTOR('',#1919,1.);
#1919 = DIRECTION('',(-1.,0.));
#1920 = ( GEOMETRIC_REPRESENTATION_CONTEXT(2) 
PARAMETRIC_REPRESENTATION_CONTEXT() REPRESENTATION_CONTEXT('2D SPACE',''
  ) );
#1921 = ADVANCED_FACE('',(#1922),#671,.F.);
#1922 = FACE_BOUND('',#1923,.F.);
#1923 = EDGE_LOOP('',(#1924,#1950,#1951,#1952));
#1924 = ORIENTED_EDGE('',*,*,#1925,.T.);
#1925 = EDGE_CURVE('',#684,#651,#1926,.T.);
#1926 = SURFACE_CURVE('',#1927,(#1932,#1939),.PCURVE_S1.);
#1927 = CIRCLE('',#1928,8.);
#1928 = AXIS2_PLACEMENT_3D('',#1929,#1930,#1931);
#1929 = CARTESIAN_POINT('',(10.,10.,0.));
#1930 = DIRECTION('',(0.,0.,1.));
#1931 = DIRECTION('',(1.,0.,-0.));
#1932 = PCURVE('',#671,#1933);
#1933 = DEFINITIONAL_REPRESENTATION('',(#1934),#1938);
#1934 = LINE('',#1935,#1936);
#1935 = CARTESIAN_POINT('',(3.14159265359,4.));
#1936 = VECTOR('',#1937,1.);
#1937 = DIRECTION('',(-1.,0.));
#1938 = ( GEOMETRIC_REPRESENTATION_CONTEXT(2) 
PARAMETRIC_REPRESENTATION_CONTEXT() REPRESENTATION_CONTEXT('2D SPACE',''
  ) );
#1939 = PCURVE('',#462,#1940);
#1940 = DEFINITIONAL_REPRESENTATION('',(#1941),#1949);
#1941 = ( BOUNDED_CURVE() B_SPLINE_CURVE(2,(#1942,#1943,#1944,#1945,
#1946,#1947,#1948),.UNSPECIFIED.,.T.,.F.) B_SPLINE_CURVE_WITH_KNOTS((1,2
    ,2,2,2,1),(-2.094395102393,0.,2.094395102393,4.188790204786,
6.28318530718,8.377580409573),.UNSPECIFIED.) CURVE() 
GEOMETRIC_REPRESENTATION_ITEM() RATIONAL_B_SPLINE_CURVE((1.,0.5,1.,0.5,
1.,0.5,1.)) REPRESENTATION_ITEM('') );
#1942 = CARTESIAN_POINT('',(-18.,10.));
#1943 = CARTESIAN_POINT('',(-18.,23.856406460551));
#1944 = CARTESIAN_POINT('',(-6.,16.928203230276));
#1945 = CARTESIAN_POINT('',(6.,10.));
#1946 = CARTESIAN_POINT('',(-6.,3.071796769724));
#1947 = CARTESIAN_POINT('',(-18.,-3.856406460551));
#1948 = CARTESIAN_POINT('',(-18.,10.));
#1949 = ( GEOMETRIC_REPRESENTATION_CONTEXT(2) 
PARAMETRIC_REPRESENTATION_CONTEXT() REPRESENTATION_CONTEXT('2D SPACE',''
  ) );
#1950 = ORIENTED_EDGE('',*,*,#648,.F.);
#1951 = ORIENTED_EDGE('',*,*,#1867,.F.);
#1952 = ORIENTED_EDGE('',*,*,#711,.T.);
#1953 = ADVANCED_FACE('',(#1954,#1980),#633,.T.);
#1954 = FACE_BOUND('',#1955,.T.);
#1955 = EDGE_LOOP('',(#1956,#1957,#1978,#1979));
#1956 = ORIENTED_EDGE('',*,*,#1104,.F.);
#1957 = ORIENTED_EDGE('',*,*,#1958,.F.);
#1958 = EDGE_CURVE('',#1268,#1105,#1959,.T.);
#1959 = SURFACE_CURVE('',#1960,(#1964,#1971),.PCURVE_S1.);
#1960 = LINE('',#1961,#1962);
#1961 = CARTESIAN_POINT('',(-1.,0.,5.5));
#1962 = VECTOR('',#1963,1.);
#1963 = DIRECTION('',(0.,1.,0.));
#1964 = PCURVE('',#633,#1965);
#1965 = DEFINITIONAL_REPRESENTATION('',(#1966),#1970);
#1966 = LINE('',#1967,#1968);
#1967 = CARTESIAN_POINT('',(-1.,0.));
#1968 = VECTOR('',#1969,1.);
#1969 = DIRECTION('',(0.,1.));
#1970 = ( GEOMETRIC_REPRESENTATION_CONTEXT(2) 
PARAMETRIC_REPRESENTATION_CONTEXT() REPRESENTATION_CONTEXT('2D SPACE',''
  ) );
#1971 = PCURVE('',#1199,#1972);
#1972 = DEFINITIONAL_REPRESENTATION('',(#1973),#1977);
#1973 = LINE('',#1974,#1975);
#1974 = CARTESIAN_POINT('',(25.600042256767,3.979741641483));
#1975 = VECTOR('',#1976,1.);
#1976 = DIRECTION('',(0.,1.));
#1977 = ( GEOMETRIC_REPRESENTATION_CONTEXT(2) 
PARAMETRIC_REPRESENTATION_CONTEXT() REPRESENTATION_CONTEXT('2D SPACE',''
  ) );
#1978 = ORIENTED_EDGE('',*,*,#1267,.T.);
#1979 = ORIENTED_EDGE('',*,*,#1315,.T.);
#1980 = FACE_BOUND('',#1981,.T.);
#1981 = EDGE_LOOP('',(#1982,#1983));
#1982 = ORIENTED_EDGE('',*,*,#618,.F.);
#1983 = ORIENTED_EDGE('',*,*,#1984,.F.);
#1984 = EDGE_CURVE('',#596,#528,#1985,.T.);
#1985 = SURFACE_CURVE('',#1986,(#1991,#1998),.PCURVE_S1.);
#1986 = CIRCLE('',#1987,9.);
#1987 = AXIS2_PLACEMENT_3D('',#1988,#1989,#1990);
#1988 = CARTESIAN_POINT('',(10.,10.,5.5));
#1989 = DIRECTION('',(0.,0.,1.));
#1990 = DIRECTION('',(1.,0.,-0.));
#1991 = PCURVE('',#633,#1992);
#1992 = DEFINITIONAL_REPRESENTATION('',(#1993),#1997);
#1993 = CIRCLE('',#1994,9.);
#1994 = AXIS2_PLACEMENT_2D('',#1995,#1996);
#1995 = CARTESIAN_POINT('',(10.,10.));
#1996 = DIRECTION('',(1.,0.));
#1997 = ( GEOMETRIC_REPRESENTATION_CONTEXT(2) 
PARAMETRIC_REPRESENTATION_CONTEXT() REPRESENTATION_CONTEXT('2D SPACE',''
  ) );
#1998 = PCURVE('',#550,#1999);
#1999 = DEFINITIONAL_REPRESENTATION('',(#2000),#2004);
#2000 = LINE('',#2001,#2002);
#2001 = CARTESIAN_POINT('',(3.14159265359,0.));
#2002 = VECTOR('',#2003,1.);
#2003 = DIRECTION('',(-1.,0.));
#2004 = ( GEOMETRIC_REPRESENTATION_CONTEXT(2) 
PARAMETRIC_REPRESENTATION_CONTEXT() REPRESENTATION_CONTEXT('2D SPACE',''
  ) );
#2005 = ADVANCED_FACE('',(#2006),#550,.F.);
#2006 = FACE_BOUND('',#2007,.F.);
#2007 = EDGE_LOOP('',(#2008,#2009,#2010,#2011));
#2008 = ORIENTED_EDGE('',*,*,#1896,.T.);
#2009 = ORIENTED_EDGE('',*,*,#527,.F.);
#2010 = ORIENTED_EDGE('',*,*,#1984,.F.);
#2011 = ORIENTED_EDGE('',*,*,#595,.T.);
#2012 = ADVANCED_FACE('',(#2013,#2038),#462,.F.);
#2013 = FACE_BOUND('',#2014,.T.);
#2014 = EDGE_LOOP('',(#2015,#2016));
#2015 = ORIENTED_EDGE('',*,*,#445,.T.);
#2016 = ORIENTED_EDGE('',*,*,#2017,.T.);
#2017 = EDGE_CURVE('',#446,#413,#2018,.T.);
#2018 = SURFACE_CURVE('',#2019,(#2024,#2031),.PCURVE_S1.);
#2019 = CIRCLE('',#2020,6.);
#2020 = AXIS2_PLACEMENT_3D('',#2021,#2022,#2023);
#2021 = CARTESIAN_POINT('',(10.,10.,0.));
#2022 = DIRECTION('',(0.,0.,-1.));
#2023 = DIRECTION('',(-1.,0.,0.));
#2024 = PCURVE('',#462,#2025);
#2025 = DEFINITIONAL_REPRESENTATION('',(#2026),#2030);
#2026 = CIRCLE('',#2027,6.);
#2027 = AXIS2_PLACEMENT_2D('',#2028,#2029);
#2028 = CARTESIAN_POINT('',(-10.,10.));
#2029 = DIRECTION('',(1.,0.));
#2030 = ( GEOMETRIC_REPRESENTATION_CONTEXT(2) 
PARAMETRIC_REPRESENTATION_CONTEXT() REPRESENTATION_CONTEXT('2D SPACE',''
  ) );
#2031 = PCURVE('',#433,#2032);
#2032 = DEFINITIONAL_REPRESENTATION('',(#2033),#2037);
#2033 = LINE('',#2034,#2035);
#2034 = CARTESIAN_POINT('',(3.14159265359,1.));
#2035 = VECTOR('',#2036,1.);
#2036 = DIRECTION('',(-1.,0.));
#2037 = ( GEOMETRIC_REPRESENTATION_CONTEXT(2) 
PARAMETRIC_REPRESENTATION_CONTEXT() REPRESENTATION_CONTEXT('2D SPACE',''
  ) );
#2038 = FACE_BOUND('',#2039,.T.);
#2039 = EDGE_LOOP('',(#2040,#2041));
#2040 = ORIENTED_EDGE('',*,*,#683,.T.);
#2041 = ORIENTED_EDGE('',*,*,#1925,.T.);
#2042 = ADVANCED_FACE('',(#2043),#433,.F.);
#2043 = FACE_BOUND('',#2044,.F.);
#2044 = EDGE_LOOP('',(#2045,#2046,#2047,#2069));
#2045 = ORIENTED_EDGE('',*,*,#2017,.T.);
#2046 = ORIENTED_EDGE('',*,*,#410,.F.);
#2047 = ORIENTED_EDGE('',*,*,#2048,.F.);
#2048 = EDGE_CURVE('',#475,#411,#2049,.T.);
#2049 = SURFACE_CURVE('',#2050,(#2055,#2062),.PCURVE_S1.);
#2050 = CIRCLE('',#2051,6.);
#2051 = AXIS2_PLACEMENT_3D('',#2052,#2053,#2054);
#2052 = CARTESIAN_POINT('',(10.,10.,-1.));
#2053 = DIRECTION('',(0.,0.,-1.));
#2054 = DIRECTION('',(-1.,0.,0.));
#2055 = PCURVE('',#433,#2056);
#2056 = DEFINITIONAL_REPRESENTATION('',(#2057),#2061);
#2057 = LINE('',#2058,#2059);
#2058 = CARTESIAN_POINT('',(3.14159265359,0.));
#2059 = VECTOR('',#2060,1.);
#2060 = DIRECTION('',(-1.,0.));
#2061 = ( GEOMETRIC_REPRESENTATION_CONTEXT(2) 
PARAMETRIC_REPRESENTATION_CONTEXT() REPRESENTATION_CONTEXT('2D SPACE',''
  ) );
#2062 = PCURVE('',#512,#2063);
#2063 = DEFINITIONAL_REPRESENTATION('',(#2064),#2068);
#2064 = CIRCLE('',#2065,6.);
#2065 = AXIS2_PLACEMENT_2D('',#2066,#2067);
#2066 = CARTESIAN_POINT('',(-10.,10.));
#2067 = DIRECTION('',(1.,0.));
#2068 = ( GEOMETRIC_REPRESENTATION_CONTEXT(2) 
PARAMETRIC_REPRESENTATION_CONTEXT() REPRESENTATION_CONTEXT('2D SPACE',''
  ) );
#2069 = ORIENTED_EDGE('',*,*,#474,.T.);
#2070 = ADVANCED_FACE('',(#2071,#2075),#512,.F.);
#2071 = FACE_BOUND('',#2072,.T.);
#2072 = EDGE_LOOP('',(#2073,#2074));
#2073 = ORIENTED_EDGE('',*,*,#793,.T.);
#2074 = ORIENTED_EDGE('',*,*,#1418,.T.);
#2075 = FACE_BOUND('',#2076,.T.);
#2076 = EDGE_LOOP('',(#2077,#2078));
#2077 = ORIENTED_EDGE('',*,*,#497,.F.);
#2078 = ORIENTED_EDGE('',*,*,#2048,.F.);
#2079 = ADVANCED_FACE('',(#2080),#1173,.T.);
#2080 = FACE_BOUND('',#2081,.T.);
#2081 = EDGE_LOOP('',(#2082,#2105,#2106,#2107));
#2082 = ORIENTED_EDGE('',*,*,#2083,.F.);
#2083 = EDGE_CURVE('',#1158,#2084,#2086,.T.);
#2084 = VERTEX_POINT('',#2085);
#2085 = CARTESIAN_POINT('',(-1.,19.819202410854,-21.));
#2086 = SURFACE_CURVE('',#2087,(#2091,#2098),.PCURVE_S1.);
#2087 = LINE('',#2088,#2089);
#2088 = CARTESIAN_POINT('',(-1.,24.,-21.));
#2089 = VECTOR('',#2090,1.);
#2090 = DIRECTION('',(0.,-1.,-1.734723475977E-15));
#2091 = PCURVE('',#1173,#2092);
#2092 = DEFINITIONAL_REPRESENTATION('',(#2093),#2097);
#2093 = LINE('',#2094,#2095);
#2094 = CARTESIAN_POINT('',(1.,24.));
#2095 = VECTOR('',#2096,1.);
#2096 = DIRECTION('',(0.,-1.));
#2097 = ( GEOMETRIC_REPRESENTATION_CONTEXT(2) 
PARAMETRIC_REPRESENTATION_CONTEXT() REPRESENTATION_CONTEXT('2D SPACE',''
  ) );
#2098 = PCURVE('',#1199,#2099);
#2099 = DEFINITIONAL_REPRESENTATION('',(#2100),#2104);
#2100 = LINE('',#2101,#2102);
#2101 = CARTESIAN_POINT('',(-0.899957743233,27.979741641483));
#2102 = VECTOR('',#2103,1.);
#2103 = DIRECTION('',(-1.734723475977E-15,-1.));
#2104 = ( GEOMETRIC_REPRESENTATION_CONTEXT(2) 
PARAMETRIC_REPRESENTATION_CONTEXT() REPRESENTATION_CONTEXT('2D SPACE',''
  ) );
#2105 = ORIENTED_EDGE('',*,*,#1157,.T.);
#2106 = ORIENTED_EDGE('',*,*,#1394,.T.);
#2107 = ORIENTED_EDGE('',*,*,#2108,.T.);
#2108 = EDGE_CURVE('',#1362,#2084,#2109,.T.);
#2109 = SURFACE_CURVE('',#2110,(#2114,#2121),.PCURVE_S1.);
#2110 = LINE('',#2111,#2112);
#2111 = CARTESIAN_POINT('',(0.,19.819202410854,-21.));
#2112 = VECTOR('',#2113,1.);
#2113 = DIRECTION('',(-1.,-0.,-0.));
#2114 = PCURVE('',#1173,#2115);
#2115 = DEFINITIONAL_REPRESENTATION('',(#2116),#2120);
#2116 = LINE('',#2117,#2118);
#2117 = CARTESIAN_POINT('',(0.,19.819202410854));
#2118 = VECTOR('',#2119,1.);
#2119 = DIRECTION('',(1.,0.));
#2120 = ( GEOMETRIC_REPRESENTATION_CONTEXT(2) 
PARAMETRIC_REPRESENTATION_CONTEXT() REPRESENTATION_CONTEXT('2D SPACE',''
  ) );
#2121 = PCURVE('',#1382,#2122);
#2122 = DEFINITIONAL_REPRESENTATION('',(#2123),#2127);
#2123 = LINE('',#2124,#2125);
#2124 = CARTESIAN_POINT('',(6.28318530718,0.));
#2125 = VECTOR('',#2126,1.);
#2126 = DIRECTION('',(0.,-1.));
#2127 = ( GEOMETRIC_REPRESENTATION_CONTEXT(2) 
PARAMETRIC_REPRESENTATION_CONTEXT() REPRESENTATION_CONTEXT('2D SPACE',''
  ) );
#2128 = ADVANCED_FACE('',(#2129,#2133),#976,.F.);
#2129 = FACE_BOUND('',#2130,.F.);
#2130 = EDGE_LOOP('',(#2131,#2132));
#2131 = ORIENTED_EDGE('',*,*,#1441,.T.);
#2132 = ORIENTED_EDGE('',*,*,#840,.T.);
#2133 = FACE_BOUND('',#2134,.F.);
#2134 = EDGE_LOOP('',(#2135,#2136,#2137,#2160));
#2135 = ORIENTED_EDGE('',*,*,#1214,.T.);
#2136 = ORIENTED_EDGE('',*,*,#1337,.T.);
#2137 = ORIENTED_EDGE('',*,*,#2138,.F.);
#2138 = EDGE_CURVE('',#2139,#1338,#2141,.T.);
#2139 = VERTEX_POINT('',#2140);
#2140 = CARTESIAN_POINT('',(-1.,15.852711735465,-17.51667370946));
#2141 = SURFACE_CURVE('',#2142,(#2146,#2153),.PCURVE_S1.);
#2142 = LINE('',#2143,#2144);
#2143 = CARTESIAN_POINT('',(0.,15.852711735465,-17.51667370946));
#2144 = VECTOR('',#2145,1.);
#2145 = DIRECTION('',(1.,-0.,-0.));
#2146 = PCURVE('',#976,#2147);
#2147 = DEFINITIONAL_REPRESENTATION('',(#2148),#2152);
#2148 = LINE('',#2149,#2150);
#2149 = CARTESIAN_POINT('',(1.700326662746,0.));
#2150 = VECTOR('',#2151,1.);
#2151 = DIRECTION('',(0.,1.));
#2152 = ( GEOMETRIC_REPRESENTATION_CONTEXT(2) 
PARAMETRIC_REPRESENTATION_CONTEXT() REPRESENTATION_CONTEXT('2D SPACE',''
  ) );
#2153 = PCURVE('',#1382,#2154);
#2154 = DEFINITIONAL_REPRESENTATION('',(#2155),#2159);
#2155 = LINE('',#2156,#2157);
#2156 = CARTESIAN_POINT('',(4.841919316336,0.));
#2157 = VECTOR('',#2158,1.);
#2158 = DIRECTION('',(0.,1.));
#2159 = ( GEOMETRIC_REPRESENTATION_CONTEXT(2) 
PARAMETRIC_REPRESENTATION_CONTEXT() REPRESENTATION_CONTEXT('2D SPACE',''
  ) );
#2160 = ORIENTED_EDGE('',*,*,#2161,.T.);
#2161 = EDGE_CURVE('',#2139,#1215,#2162,.T.);
#2162 = SURFACE_CURVE('',#2163,(#2168,#2175),.PCURVE_S1.);
#2163 = CIRCLE('',#2164,20.);
#2164 = AXIS2_PLACEMENT_3D('',#2165,#2166,#2167);
#2165 = CARTESIAN_POINT('',(-1.,-3.979741641483,-20.10004225676));
#2166 = DIRECTION('',(1.,0.,-0.));
#2167 = DIRECTION('',(0.,0.,1.));
#2168 = PCURVE('',#976,#2169);
#2169 = DEFINITIONAL_REPRESENTATION('',(#2170),#2174);
#2170 = LINE('',#2171,#2172);
#2171 = CARTESIAN_POINT('',(-3.14159265359,-1.));
#2172 = VECTOR('',#2173,1.);
#2173 = DIRECTION('',(1.,0.));
#2174 = ( GEOMETRIC_REPRESENTATION_CONTEXT(2) 
PARAMETRIC_REPRESENTATION_CONTEXT() REPRESENTATION_CONTEXT('2D SPACE',''
  ) );
#2175 = PCURVE('',#1199,#2176);
#2176 = DEFINITIONAL_REPRESENTATION('',(#2177),#2185);
#2177 = ( BOUNDED_CURVE() B_SPLINE_CURVE(2,(#2178,#2179,#2180,#2181,
#2182,#2183,#2184),.UNSPECIFIED.,.T.,.F.) B_SPLINE_CURVE_WITH_KNOTS((1,2
    ,2,2,2,1),(-2.094395102393,0.,2.094395102393,4.188790204786,
6.28318530718,8.377580409573),.UNSPECIFIED.) CURVE() 
GEOMETRIC_REPRESENTATION_ITEM() RATIONAL_B_SPLINE_CURVE((1.,0.5,1.,0.5,
1.,0.5,1.)) REPRESENTATION_ITEM('') );
#2178 = CARTESIAN_POINT('',(20.,0.));
#2179 = CARTESIAN_POINT('',(20.,-34.64101615137));
#2180 = CARTESIAN_POINT('',(-10.,-17.32050807568));
#2181 = CARTESIAN_POINT('',(-40.,-4.898587196589E-15));
#2182 = CARTESIAN_POINT('',(-10.,17.320508075689));
#2183 = CARTESIAN_POINT('',(20.,34.641016151378));
#2184 = CARTESIAN_POINT('',(20.,0.));
#2185 = ( GEOMETRIC_REPRESENTATION_CONTEXT(2) 
PARAMETRIC_REPRESENTATION_CONTEXT() REPRESENTATION_CONTEXT('2D SPACE',''
  ) );
#2186 = ADVANCED_FACE('',(#2187),#161,.F.);
#2187 = FACE_BOUND('',#2188,.F.);
#2188 = EDGE_LOOP('',(#2189,#2190,#2191,#2213));
#2189 = ORIENTED_EDGE('',*,*,#1679,.F.);
#2190 = ORIENTED_EDGE('',*,*,#138,.F.);
#2191 = ORIENTED_EDGE('',*,*,#2192,.T.);
#2192 = EDGE_CURVE('',#139,#363,#2193,.T.);
#2193 = SURFACE_CURVE('',#2194,(#2199,#2206),.PCURVE_S1.);
#2194 = CIRCLE('',#2195,3.);
#2195 = AXIS2_PLACEMENT_3D('',#2196,#2197,#2198);
#2196 = CARTESIAN_POINT('',(10.,17.5,-6.5));
#2197 = DIRECTION('',(0.,-1.,0.));
#2198 = DIRECTION('',(0.,0.,-1.));
#2199 = PCURVE('',#161,#2200);
#2200 = DEFINITIONAL_REPRESENTATION('',(#2201),#2205);
#2201 = LINE('',#2202,#2203);
#2202 = CARTESIAN_POINT('',(0.,0.));
#2203 = VECTOR('',#2204,1.);
#2204 = DIRECTION('',(1.,0.));
#2205 = ( GEOMETRIC_REPRESENTATION_CONTEXT(2) 
PARAMETRIC_REPRESENTATION_CONTEXT() REPRESENTATION_CONTEXT('2D SPACE',''
  ) );
#2206 = PCURVE('',#73,#2207);
#2207 = DEFINITIONAL_REPRESENTATION('',(#2208),#2212);
#2208 = CIRCLE('',#2209,3.);
#2209 = AXIS2_PLACEMENT_2D('',#2210,#2211);
#2210 = CARTESIAN_POINT('',(0.,0.));
#2211 = DIRECTION('',(1.,0.));
#2212 = ( GEOMETRIC_REPRESENTATION_CONTEXT(2) 
PARAMETRIC_REPRESENTATION_CONTEXT() REPRESENTATION_CONTEXT('2D SPACE',''
  ) );
#2213 = ORIENTED_EDGE('',*,*,#362,.T.);
#2214 = ADVANCED_FACE('',(#2215,#2240),#73,.T.);
#2215 = FACE_BOUND('',#2216,.T.);
#2216 = EDGE_LOOP('',(#2217,#2239));
#2217 = ORIENTED_EDGE('',*,*,#2218,.F.);
#2218 = EDGE_CURVE('',#24,#57,#2219,.T.);
#2219 = SURFACE_CURVE('',#2220,(#2225,#2232),.PCURVE_S1.);
#2220 = CIRCLE('',#2221,1.6);
#2221 = AXIS2_PLACEMENT_3D('',#2222,#2223,#2224);
#2222 = CARTESIAN_POINT('',(10.,17.5,-6.5));
#2223 = DIRECTION('',(0.,-1.,0.));
#2224 = DIRECTION('',(0.,0.,-1.));
#2225 = PCURVE('',#73,#2226);
#2226 = DEFINITIONAL_REPRESENTATION('',(#2227),#2231);
#2227 = CIRCLE('',#2228,1.6);
#2228 = AXIS2_PLACEMENT_2D('',#2229,#2230);
#2229 = CARTESIAN_POINT('',(0.,0.));
#2230 = DIRECTION('',(1.,0.));
#2231 = ( GEOMETRIC_REPRESENTATION_CONTEXT(2) 
PARAMETRIC_REPRESENTATION_CONTEXT() REPRESENTATION_CONTEXT('2D SPACE',''
  ) );
#2232 = PCURVE('',#44,#2233);
#2233 = DEFINITIONAL_REPRESENTATION('',(#2234),#2238);
#2234 = LINE('',#2235,#2236);
#2235 = CARTESIAN_POINT('',(0.,15.));
#2236 = VECTOR('',#2237,1.);
#2237 = DIRECTION('',(1.,0.));
#2238 = ( GEOMETRIC_REPRESENTATION_CONTEXT(2) 
PARAMETRIC_REPRESENTATION_CONTEXT() REPRESENTATION_CONTEXT('2D SPACE',''
  ) );
#2239 = ORIENTED_EDGE('',*,*,#56,.F.);
#2240 = FACE_BOUND('',#2241,.T.);
#2241 = EDGE_LOOP('',(#2242,#2243));
#2242 = ORIENTED_EDGE('',*,*,#2192,.T.);
#2243 = ORIENTED_EDGE('',*,*,#385,.T.);
#2244 = ADVANCED_FACE('',(#2245),#44,.F.);
#2245 = FACE_BOUND('',#2246,.F.);
#2246 = EDGE_LOOP('',(#2247,#2248,#2249,#2250));
#2247 = ORIENTED_EDGE('',*,*,#2218,.F.);
#2248 = ORIENTED_EDGE('',*,*,#21,.F.);
#2249 = ORIENTED_EDGE('',*,*,#1079,.T.);
#2250 = ORIENTED_EDGE('',*,*,#85,.T.);
#2251 = ADVANCED_FACE('',(#2252),#1199,.T.);
#2252 = FACE_BOUND('',#2253,.T.);
#2253 = EDGE_LOOP('',(#2254,#2255,#2256,#2278,#2279,#2280));
#2254 = ORIENTED_EDGE('',*,*,#1185,.T.);
#2255 = ORIENTED_EDGE('',*,*,#2083,.T.);
#2256 = ORIENTED_EDGE('',*,*,#2257,.T.);
#2257 = EDGE_CURVE('',#2084,#2139,#2258,.T.);
#2258 = SURFACE_CURVE('',#2259,(#2264,#2271),.PCURVE_S1.);
#2259 = CIRCLE('',#2260,4.);
#2260 = AXIS2_PLACEMENT_3D('',#2261,#2262,#2263);
#2261 = CARTESIAN_POINT('',(-1.,19.819202410854,-17.));
#2262 = DIRECTION('',(-1.,0.,0.));
#2263 = DIRECTION('',(0.,0.,1.));
#2264 = PCURVE('',#1199,#2265);
#2265 = DEFINITIONAL_REPRESENTATION('',(#2266),#2270);
#2266 = CIRCLE('',#2267,4.);
#2267 = AXIS2_PLACEMENT_2D('',#2268,#2269);
#2268 = CARTESIAN_POINT('',(3.100042256767,23.798944052337));
#2269 = DIRECTION('',(1.,0.));
#2270 = ( GEOMETRIC_REPRESENTATION_CONTEXT(2) 
PARAMETRIC_REPRESENTATION_CONTEXT() REPRESENTATION_CONTEXT('2D SPACE',''
  ) );
#2271 = PCURVE('',#1382,#2272);
#2272 = DEFINITIONAL_REPRESENTATION('',(#2273),#2277);
#2273 = LINE('',#2274,#2275);
#2274 = CARTESIAN_POINT('',(9.424777960769,-1.));
#2275 = VECTOR('',#2276,1.);
#2276 = DIRECTION('',(-1.,0.));
#2277 = ( GEOMETRIC_REPRESENTATION_CONTEXT(2) 
PARAMETRIC_REPRESENTATION_CONTEXT() REPRESENTATION_CONTEXT('2D SPACE',''
  ) );
#2278 = ORIENTED_EDGE('',*,*,#2161,.T.);
#2279 = ORIENTED_EDGE('',*,*,#1290,.T.);
#2280 = ORIENTED_EDGE('',*,*,#1958,.T.);
#2281 = ADVANCED_FACE('',(#2282),#1382,.T.);
#2282 = FACE_BOUND('',#2283,.T.);
#2283 = EDGE_LOOP('',(#2284,#2285,#2286,#2287));
#2284 = ORIENTED_EDGE('',*,*,#2257,.F.);
#2285 = ORIENTED_EDGE('',*,*,#2108,.F.);
#2286 = ORIENTED_EDGE('',*,*,#1361,.F.);
#2287 = ORIENTED_EDGE('',*,*,#2138,.F.);
#2288 = ( GEOMETRIC_REPRESENTATION_CONTEXT(3) 
GLOBAL_UNCERTAINTY_ASSIGNED_CONTEXT((#2292)) 
GLOBAL_UNIT_ASSIGNED_CONTEXT((#2289,#2290,#2291)) REPRESENTATION_CONTEXT
('Context #1','3D Context with UNIT and UNCERTAINTY') );
#2289 = ( LENGTH_UNIT() NAMED_UNIT(*) SI_UNIT(.MILLI.,.METRE.) );
#2290 = ( NAMED_UNIT(*) PLANE_ANGLE_UNIT() SI_UNIT($,.RADIAN.) );
#2291 = ( NAMED_UNIT(*) SI_UNIT($,.STERADIAN.) SOLID_ANGLE_UNIT() );
#2292 = UNCERTAINTY_MEASURE_WITH_UNIT(LENGTH_MEASURE(5.E-05),#2289,
  'distance_accuracy_value','confusion accuracy');
#2293 = PRODUCT_RELATED_PRODUCT_CATEGORY('part',$,(#7));
#2294 = MECHANICAL_DESIGN_GEOMETRIC_PRESENTATION_REPRESENTATION('',(
    #2295),#2288);
#2295 = STYLED_ITEM('color',(#2296),#15);
#2296 = PRESENTATION_STYLE_ASSIGNMENT((#2297));
#2297 = SURFACE_STYLE_USAGE(.BOTH.,#2298);
#2298 = SURFACE_SIDE_STYLE('',(#2299));
#2299 = SURFACE_STYLE_FILL_AREA(#2300);
#2300 = FILL_AREA_STYLE('',(#2301));
#2301 = FILL_AREA_STYLE_COLOUR('',#2302);
#2302 = COLOUR_RGB('',0.792156867455,0.819607826924,0.933333342953);
ENDSEC;
END-ISO-10303-21;
